id_assegnazione,id_sinistro,id_perito,data_assegnazione,data_sopralluogo,compenso_perito
1,1,174,2024-02-29,2024-03-07,257.22
2,2,164,2026-08-15,2026-08-24,331.83
3,3,194,2024-03-06,2024-03-09,189.34
4,4,125,2025-03-22,2025-03-28,
5,5,48,2023-03-12,2023-03-18,227.27
6,6,53,2025-08-27,2025-09-02,282.08
7,7,99,2026-05-31,2026-06-01,80.43
8,8,20,2024-02-23,2024-02-27,192.37
9,9,193,2024-05-15,2024-05-16,229.37
10,10,29,2023-07-17,2023-07-27,84.53
11,11,66,2024-12-09,2024-12-13,114.81
12,12,71,2026-08-19,2026-08-22,283.74
13,13,125,2026-08-25,2026-08-26,157.56
14,14,124,2025-09-13,2025-09-17,115.79
15,15,32,2026-03-19,2026-03-28,87.08
16,16,159,2025-06-29,2025-07-04,415.03
17,18,120,2023-09-27,2023-09-28,344.77
18,19,74,2025-08-15,2025-08-19,275.8
19,21,59,2026-06-23,2026-06-26,251.98
20,22,169,2023-03-25,2023-04-04,150.31
21,23,105,2023-11-17,2023-11-27,164.8
22,24,151,2025-06-07,2025-06-17,190.07
23,26,68,2026-08-22,2026-08-23,380.75
24,28,147,2023-06-12,2023-06-22,272.29
25,29,128,2025-08-09,2025-08-11,91.01
26,30,100,2024-06-26,2024-07-01,201.85
27,31,164,2025-12-19,2025-12-25,379.52
28,33,16,2024-01-05,2024-01-09,315.35
29,35,58,2026-08-28,2026-08-31,354.94
30,36,61,2025-07-26,2025-08-03,364.85
31,37,32,2024-11-11,2024-11-15,141.41
32,39,10,2026-05-17,2026-05-20,222.87
33,40,41,2025-07-04,2025-07-07,386.14
34,41,113,2024-10-02,2024-10-05,152.45
35,42,1,2024-04-12,2024-04-19,133.11
36,43,46,2025-05-26,2025-05-29,147.66
37,44,35,2025-05-28,2025-05-29,255.62
38,45,164,2023-11-25,2023-12-04,396.65
39,46,90,2024-01-16,2024-01-26,153.4
40,47,148,2023-09-27,2023-10-02,351.01
41,48,79,2026-04-12,2026-04-22,338.86
42,49,167,2026-07-27,2026-08-06,128.49
43,50,90,2024-02-02,2024-02-04,335.45
44,51,83,2024-05-14,2024-05-24,103.71
45,52,21,2024-01-26,2024-01-27,112.89
46,53,68,2026-08-12,2026-08-13,429.86
47,54,66,2024-11-03,2024-11-11,271.47
48,55,129,2024-01-27,2024-02-01,268.77
49,57,146,2026-07-09,2026-07-12,103.42
50,58,111,2024-06-08,2024-06-10,269.9
51,59,51,2024-07-23,2024-07-31,390.33
52,60,151,2025-10-18,2025-10-22,187.82
53,61,67,2023-10-01,2023-10-07,366.43
54,62,79,2026-06-23,2026-06-27,284.04
55,63,114,2026-05-06,2026-05-11,440.24
56,64,86,2024-07-25,2024-08-03,130.91
57,65,90,2025-03-27,2025-04-02,86.65
58,66,83,2026-06-13,2026-06-21,318.93
59,68,174,2025-02-28,2025-03-07,253.23
60,69,163,2025-08-09,2025-08-19,438.97
61,70,213,2025-02-23,2025-02-24,201.91
62,72,114,2026-04-05,2026-04-14,437.25
63,73,67,2024-07-12,2024-07-17,262.81
64,74,187,2025-08-21,2025-08-31,259.24
65,75,114,2023-09-16,2023-09-25,151.86
66,77,81,2025-07-23,2025-07-31,144.69
67,78,60,2025-10-22,2025-10-28,178.28
68,79,139,2024-03-09,2024-03-13,164.94
69,80,90,2026-03-25,2026-04-01,153.09
70,81,43,2025-09-05,2025-09-11,216.29
71,83,167,2024-12-06,2024-12-11,213.19
72,84,203,2024-03-01,2024-03-05,309.49
73,85,181,2026-06-01,2026-06-06,219.23
74,86,155,2024-02-27,2024-03-04,142.78
75,87,185,2024-02-01,2024-02-03,163.18
76,88,186,2025-02-27,2025-03-06,186.86
77,89,142,2026-06-13,2026-06-15,245.59
78,90,164,2026-07-24,2026-07-25,81.97
79,91,191,2023-08-15,2023-08-17,196.37
80,92,11,2024-03-21,2024-03-26,115.36
81,93,76,2023-04-25,2023-04-26,
82,94,151,2024-11-10,2024-11-19,325.17
83,95,112,2026-04-24,2026-05-03,195.66
84,96,189,2024-02-17,2024-02-24,150.33
85,97,46,2025-11-07,2025-11-16,139.01
86,98,12,2025-05-31,2025-06-02,230.51
87,99,150,2023-08-28,2023-08-29,266.9
88,100,194,2025-11-22,2025-12-01,178.38
89,101,147,2023-08-20,2023-08-27,136.77
90,102,52,2026-07-13,2026-07-21,144.34
91,103,84,2024-03-24,2024-03-31,398.59
92,104,71,2024-10-27,2024-11-04,312.17
93,105,82,2024-10-31,2024-11-07,145.07
94,106,201,2025-05-07,2025-05-09,220.46
95,107,116,2024-08-16,2024-08-26,172.36
96,108,100,2026-06-03,2026-06-06,191.68
97,109,147,2026-08-13,2026-08-16,140.04
98,110,8,2023-10-19,2023-10-22,156.78
99,111,132,2024-01-09,2024-01-11,393.76
100,112,32,2026-05-04,2026-05-10,270.61
101,113,7,2026-08-12,2026-08-14,351.19
102,114,101,2024-10-06,2024-10-15,85.98
103,115,104,2024-08-05,2024-08-12,195.87
104,117,193,2026-07-19,2026-07-28,412.09
105,118,2,2024-03-11,2024-03-18,345.71
106,120,63,2024-01-18,2024-01-24,99.17
107,121,160,2025-02-06,2025-02-14,270.03
108,122,22,2026-04-16,2026-04-24,191.15
109,123,8,2026-01-20,2026-01-26,399.76
110,124,129,2025-05-01,2025-05-09,262.99
111,125,50,2026-08-07,2026-08-16,334.46
112,126,119,2024-02-27,2024-03-05,243.57
113,127,3,2024-12-18,2024-12-20,414.53
114,128,70,2024-08-09,2024-08-16,424.1
115,129,208,2024-05-25,2024-05-28,103.65
116,130,123,2025-11-27,2025-11-29,180.02
117,131,138,2026-02-11,2026-02-17,235.63
118,132,97,2026-06-07,2026-06-16,279.57
119,133,81,2026-07-18,2026-07-20,146.68
120,134,218,2024-06-07,2024-06-17,173.35
121,135,192,2026-08-06,2026-08-11,321.08
122,136,1,2025-08-30,2025-08-31,299.88
123,138,129,2024-03-20,2024-03-25,437.79
124,139,55,2025-01-01,2025-01-09,386.36
125,140,65,2023-04-06,2023-04-10,448.85
126,141,182,2023-07-09,2023-07-14,103.71
127,142,53,2026-08-10,2026-08-12,432.77
128,143,102,2024-02-08,2024-02-16,344.69
129,144,59,2026-01-19,2026-01-28,92.35
130,145,204,2024-01-10,2024-01-13,230.74
131,147,2,2026-06-04,2026-06-08,308.26
132,150,84,2026-01-26,2026-01-28,170.37
133,151,75,2025-02-16,2025-02-23,207.09
134,152,205,2026-07-26,2026-07-27,140.63
135,153,101,2024-06-08,2024-06-15,305.73
136,154,216,2024-09-18,2024-09-25,177.09
137,155,55,2026-07-25,2026-07-26,179.39
138,156,56,2026-08-28,2026-09-02,208.64
139,157,142,2026-07-09,2026-07-19,315.32
140,158,66,2025-10-31,2025-11-02,386.04
141,159,219,2025-11-23,2025-11-30,139.74
142,160,103,2024-08-24,2024-08-25,231.56
143,161,117,2023-12-22,2023-12-28,349.28
144,162,126,2024-02-19,2024-02-22,210.01
145,163,59,2026-07-19,2026-07-28,296.99
146,164,13,2024-08-18,2024-08-23,105.08
147,165,63,2024-10-24,2024-10-30,258.81
148,166,20,2026-08-27,2026-08-28,239.44
149,167,16,2024-09-11,2024-09-18,379.26
150,168,139,2025-11-14,2025-11-19,430.74
151,169,177,2025-06-21,2025-06-27,358.77
152,170,188,2026-02-23,2026-03-02,177.24
153,172,19,2026-06-04,2026-06-08,435.32
154,173,209,2026-07-16,2026-07-26,143.02
155,174,23,2026-03-06,2026-03-08,116.55
156,175,89,2026-02-10,2026-02-13,386.68
157,177,165,2025-02-18,2025-02-24,397.23
158,178,215,2026-04-11,2026-04-15,194.01
159,180,122,2023-12-19,2023-12-27,313.6
160,181,32,2026-02-22,2026-02-25,358.24
161,182,143,2026-08-25,2026-08-26,396.56
162,183,33,2026-04-12,2026-04-16,312.17
163,185,15,2024-10-27,2024-11-04,385.27
164,186,205,2023-02-15,2023-02-17,319.76
165,187,124,2024-10-07,2024-10-09,270.5
166,188,4,2025-02-19,2025-02-22,435.98
167,189,98,2023-11-12,2023-11-21,250.39
168,190,202,2026-06-25,2026-06-28,200.09
169,191,104,2026-04-12,2026-04-22,340.54
170,192,121,2026-01-22,2026-01-24,242.05
171,193,25,2024-10-18,2024-10-20,139.35
172,194,40,2025-05-19,2025-05-21,408.94
173,195,25,2025-07-18,2025-07-27,259.7
174,196,67,2024-07-31,2024-08-04,116.33
175,197,94,2024-04-02,2024-04-06,228.76
176,198,215,2024-06-05,2024-06-07,308.4
177,199,124,2026-07-31,2026-08-04,125.58
178,200,64,2024-05-10,2024-05-12,387.81
179,201,198,2026-07-29,2026-08-07,329.25
180,202,50,2023-05-18,2023-05-25,134.49
181,203,102,2026-01-03,2026-01-04,134.85
182,204,87,2025-12-24,2026-01-03,398.45
183,205,128,2024-09-15,2024-09-20,297.96
184,207,9,2023-10-14,2023-10-15,316.7
185,208,110,2026-01-19,2026-01-23,269.74
186,209,10,2026-07-12,2026-07-18,191.81
187,210,194,2026-06-12,2026-06-14,447.98
188,212,77,2025-12-24,2026-01-01,226.14
189,213,138,2025-12-03,2025-12-11,418.53
190,214,80,2024-08-29,2024-09-04,235.56
191,216,81,2026-08-18,2026-08-23,86.86
192,217,145,2026-08-17,2026-08-23,250.75
193,218,11,2023-10-19,2023-10-26,352.72
194,219,26,2023-03-06,2023-03-14,381.71
195,220,181,2026-06-08,2026-06-17,241.94
196,221,101,2024-06-09,2024-06-11,98.34
197,222,97,2024-07-20,2024-07-24,439.09
198,224,27,2024-12-03,2024-12-10,202.98
199,225,151,2025-12-22,2025-12-31,148.07
200,226,190,2024-02-20,2024-02-26,115.32
201,227,147,2025-10-15,2025-10-20,426.04
202,228,189,2026-02-06,2026-02-11,229.55
203,229,148,2025-07-20,2025-07-27,300.12
204,230,78,2025-10-20,2025-10-27,143.85
205,231,127,2025-05-14,2025-05-22,282.06
206,232,134,2026-02-21,2026-03-02,105.83
207,233,199,2026-06-25,2026-06-27,383.7
208,234,81,2024-04-07,2024-04-16,218.24
209,235,7,2023-05-26,2023-05-28,313.66
210,236,50,2023-07-24,2023-07-28,334.1
211,237,174,2026-05-02,2026-05-04,347.72
212,238,140,2026-07-14,2026-07-23,116.94
213,240,146,2024-05-22,2024-05-27,289.95
214,241,128,2024-02-03,2024-02-05,133.59
215,243,81,2026-02-09,2026-02-19,119.35
216,244,179,2024-03-15,2024-03-21,184.91
217,245,102,2025-04-04,2025-04-11,324.41
218,246,198,2024-09-01,2024-09-11,399.1
219,247,144,2023-07-05,2023-07-15,279.37
220,248,97,2026-08-16,2026-08-26,340.53
221,249,173,2026-08-03,2026-08-05,214.7
222,250,13,2024-04-21,2024-04-23,195.27
223,251,174,2023-11-17,2023-11-25,119.77
224,252,28,2025-12-22,2025-12-29,238.84
225,254,95,2024-03-05,2024-03-06,176.44
226,255,118,2023-12-20,2023-12-26,391.93
227,256,121,2025-08-29,2025-09-06,193.13
228,257,122,2024-01-06,2024-01-14,109.83
229,258,140,2024-01-14,2024-01-16,122.54
230,259,111,2025-01-31,2025-02-03,179.92
231,260,45,2023-10-18,2023-10-24,329.31
232,261,49,2025-12-07,2025-12-09,208.53
233,262,108,2023-06-21,2023-06-25,366.83
234,263,144,2025-12-09,2025-12-19,131.52
235,264,11,2026-05-24,2026-06-02,103.0
236,265,138,2025-04-23,2025-04-29,103.23
237,266,126,2025-06-08,2025-06-11,270.23
238,267,159,2026-06-01,2026-06-11,268.13
239,268,119,2025-01-10,2025-01-15,160.73
240,269,155,2023-12-09,2023-12-12,132.08
241,270,123,2025-10-30,2025-11-07,146.27
242,271,68,2025-07-19,2025-07-27,128.99
243,272,30,2026-01-16,2026-01-23,382.46
244,273,20,2023-06-28,2023-07-04,259.09
245,274,220,2026-07-08,2026-07-15,129.44
246,275,26,2025-10-02,2025-10-09,375.26
247,276,179,2024-05-12,2024-05-22,425.9
248,277,68,2025-07-25,2025-07-31,165.83
249,278,203,2025-09-28,2025-09-29,359.05
250,279,209,2024-03-03,2024-03-05,241.07
251,280,215,2025-04-09,2025-04-13,88.6
252,281,195,2025-02-09,2025-02-13,97.54
253,282,205,2025-02-21,2025-02-24,90.69
254,283,153,2025-10-01,2025-10-03,208.31
255,285,215,2024-01-23,2024-01-29,129.75
256,286,111,2024-07-06,2024-07-11,227.29
257,287,130,2023-09-16,2023-09-21,427.82
258,289,95,2026-01-17,2026-01-26,414.81
259,290,69,2023-04-06,2023-04-10,230.87
260,291,108,2026-04-13,2026-04-18,283.79
261,292,85,2025-03-09,2025-03-10,387.51
262,294,20,2025-07-06,2025-07-11,84.19
263,295,198,2023-12-12,2023-12-18,270.15
264,296,94,2026-02-12,2026-02-22,80.2
265,297,74,2024-10-22,2024-10-26,251.25
266,298,126,2024-12-16,2024-12-24,100.52
267,299,3,2024-02-26,2024-03-02,400.01
268,300,157,2026-01-10,2026-01-16,295.6
269,301,105,2026-07-18,2026-07-19,252.87
270,302,42,2025-10-26,2025-11-04,121.99
271,303,59,2025-03-13,2025-03-22,228.63
272,304,118,2025-05-16,2025-05-23,89.98
273,305,209,2024-02-13,2024-02-20,365.99
274,306,199,2025-12-28,2026-01-05,448.47
275,307,158,2025-01-26,2025-02-04,386.33
276,308,132,2026-02-04,2026-02-11,423.18
277,309,84,2023-08-14,2023-08-23,149.21
278,310,23,2024-08-23,2024-09-02,424.72
279,311,105,2024-10-28,2024-10-30,
280,312,214,2024-07-26,2024-07-27,159.1
281,313,79,2024-10-10,2024-10-17,386.33
282,314,81,2023-06-23,2023-06-29,279.89
283,315,177,2026-02-02,2026-02-09,254.53
284,316,61,2026-01-26,2026-01-28,413.99
285,317,113,2026-07-10,2026-07-20,101.97
286,318,18,2026-06-01,2026-06-06,
287,319,67,2026-08-10,2026-08-16,159.28
288,321,77,2026-08-20,2026-08-22,331.54
289,322,128,2023-08-15,2023-08-19,130.68
290,323,187,2024-07-22,2024-07-31,84.07
291,324,70,2025-08-19,2025-08-26,226.39
292,325,96,2024-02-08,2024-02-17,118.01
293,326,38,2026-04-25,2026-04-30,293.82
294,327,114,2025-10-31,2025-11-02,341.35
295,328,212,2023-05-28,2023-05-30,94.49
296,329,120,2025-12-23,2025-12-28,367.96
297,330,77,2025-11-23,2025-11-24,387.05
298,331,87,2025-11-05,2025-11-07,439.72
299,332,194,2026-06-27,2026-07-02,104.67
300,334,125,2026-01-29,2026-02-06,279.41
301,335,126,2024-09-10,2024-09-16,147.72
302,336,39,2026-07-26,2026-07-30,445.55
303,338,142,2026-01-16,2026-01-25,251.07
304,339,90,2025-04-26,2025-05-05,440.75
305,340,113,2026-08-09,2026-08-11,186.12
306,341,170,2023-04-23,2023-05-01,229.32
307,342,82,2024-12-21,2024-12-29,241.08
308,344,56,2026-08-18,2026-08-23,229.64
309,345,53,2023-02-23,2023-03-05,247.44
310,346,74,2024-02-20,2024-02-29,364.15
311,347,5,2025-03-06,2025-03-14,392.55
312,348,130,2024-08-20,2024-08-27,230.18
313,350,128,2024-05-31,2024-06-04,105.49
314,351,61,2026-04-24,2026-04-27,332.43
315,352,210,2026-04-13,2026-04-22,397.3
316,353,149,2024-11-26,2024-11-28,364.79
317,354,35,2026-05-05,2026-05-06,242.71
318,355,211,2023-11-20,2023-11-21,250.7
319,356,116,2025-07-24,2025-07-29,
320,357,204,2025-06-19,2025-06-24,313.83
321,358,220,2026-07-14,2026-07-20,116.61
322,359,1,2026-08-08,2026-08-10,196.4
323,360,158,2024-04-09,2024-04-19,387.56
324,362,117,2024-11-24,2024-12-04,231.56
325,363,111,2024-11-25,2024-11-28,82.21
326,364,29,2025-09-19,2025-09-21,259.82
327,365,89,2023-08-25,2023-09-04,311.11
328,366,4,2024-07-25,2024-08-01,90.71
329,368,200,2026-05-31,2026-06-09,214.38
330,369,7,2024-01-13,2024-01-16,334.83
331,371,61,2026-04-19,2026-04-29,284.99
332,372,172,2026-02-17,2026-02-19,97.77
333,373,81,2024-01-16,2024-01-26,425.77
334,374,171,2024-05-03,2024-05-11,136.17
335,376,174,2026-07-04,2026-07-14,397.1
336,377,63,2025-04-02,2025-04-11,282.09
337,378,206,2025-07-09,2025-07-19,241.88
338,379,93,2026-05-15,2026-05-22,430.4
339,381,103,2026-01-29,2026-02-02,365.63
340,382,125,2026-06-09,2026-06-10,245.51
341,383,43,2023-06-15,2023-06-18,419.16
342,384,24,2023-09-01,2023-09-02,318.6
343,385,71,2025-10-18,2025-10-22,191.71
344,387,58,2025-04-27,2025-04-28,250.6
345,388,94,2026-08-05,2026-08-12,336.36
346,389,49,2023-11-30,2023-12-08,225.6
347,390,120,2024-07-01,2024-07-06,302.07
348,392,61,2026-07-02,2026-07-07,320.6
349,393,101,2025-01-01,2025-01-05,226.98
350,394,153,2024-08-24,2024-08-28,168.76
351,395,52,2025-11-07,2025-11-14,90.45
352,396,68,2026-01-08,2026-01-17,436.23
353,398,32,2025-12-14,2025-12-21,264.56
354,399,210,2025-05-27,2025-05-28,168.32
355,400,103,2023-08-06,2023-08-11,184.5
356,401,15,2023-09-17,2023-09-23,141.43
357,403,56,2025-06-24,2025-06-26,135.92
358,404,96,2023-11-07,2023-11-12,390.12
359,405,9,2024-03-04,2024-03-05,
360,406,149,2026-05-01,2026-05-11,212.81
361,407,83,2026-08-12,2026-08-22,304.87
362,408,35,2023-11-24,2023-11-29,299.65
363,409,80,2025-09-27,2025-09-29,397.05
364,410,58,2024-09-10,2024-09-19,389.21
365,411,178,2024-12-29,2025-01-04,230.02
366,412,83,2025-02-11,2025-02-14,119.73
367,413,126,2025-11-22,2025-11-27,
368,414,85,2024-12-22,2024-12-29,195.77
369,415,123,2026-01-16,2026-01-22,154.35
370,416,154,2025-10-21,2025-10-24,255.46
371,417,90,2024-06-28,2024-07-07,265.43
372,418,169,2024-05-19,2024-05-29,99.54
373,419,40,2026-05-29,2026-05-30,317.04
374,420,146,2025-12-03,2025-12-08,132.35
375,421,190,2024-12-30,2025-01-06,289.76
376,422,136,2026-06-28,2026-07-02,253.83
377,423,186,2024-04-02,2024-04-03,87.4
378,424,78,2024-01-03,2024-01-13,424.76
379,425,149,2025-06-07,2025-06-12,331.23
380,426,193,2025-11-07,2025-11-17,182.53
381,427,190,2023-11-15,2023-11-18,363.53
382,428,4,2026-07-18,2026-07-26,421.53
383,429,166,2026-01-23,2026-01-30,245.97
384,430,3,2025-12-20,2025-12-30,153.29
385,431,138,2025-06-24,2025-06-26,144.51
386,432,120,2023-10-26,2023-10-30,315.85
387,433,99,2025-02-25,2025-02-26,129.67
388,434,217,2024-04-17,2024-04-18,432.4
389,436,18,2024-02-23,2024-02-24,437.47
390,437,211,2024-12-19,2024-12-29,406.6
391,438,58,2026-08-11,2026-08-21,288.42
392,439,209,2024-06-21,2024-06-25,183.17
393,440,129,2026-08-22,2026-08-26,298.24
394,441,196,2025-07-17,2025-07-22,221.78
395,442,199,2025-06-10,2025-06-14,244.35
396,443,84,2025-10-25,2025-11-01,303.87
397,444,64,2024-12-16,2024-12-20,205.11
398,445,219,2025-09-15,2025-09-20,360.63
399,446,62,2024-04-13,2024-04-20,318.86
400,448,32,2026-08-23,2026-08-30,97.29
401,449,149,2025-10-05,2025-10-15,191.73
402,450,60,2024-11-29,2024-12-06,203.08
403,451,37,2026-08-13,2026-08-20,90.22
404,452,122,2024-11-15,2024-11-19,232.17
405,453,58,2026-06-04,2026-06-09,358.1
406,454,114,2025-05-26,2025-06-01,170.6
407,455,138,2026-02-25,2026-02-28,218.6
408,456,189,2025-09-02,2025-09-07,240.94
409,457,217,2024-03-20,2024-03-28,
410,458,169,2025-07-13,2025-07-17,320.55
411,459,46,2026-03-24,2026-03-30,143.82
412,460,4,2025-01-21,2025-01-25,443.03
413,461,82,2024-11-24,2024-12-02,231.54
414,462,38,2024-09-05,2024-09-07,224.66
415,463,85,2025-08-19,2025-08-23,374.54
416,464,205,2024-01-21,2024-01-28,246.97
417,465,11,2024-10-30,2024-11-02,84.38
418,466,42,2026-06-18,2026-06-26,388.8
419,467,155,2025-11-27,2025-11-30,162.46
420,468,160,2025-12-22,2025-12-30,204.8
421,469,123,2026-07-28,2026-08-07,211.16
422,470,112,2025-07-04,2025-07-14,232.88
423,472,23,2024-07-11,2024-07-21,319.0
424,473,28,2025-01-10,2025-01-16,
425,474,10,2025-07-19,2025-07-29,164.79
426,475,76,2026-05-01,2026-05-04,246.08
427,477,113,2025-05-08,2025-05-14,159.49
428,478,167,2026-05-30,2026-06-04,225.13
429,480,146,2026-08-23,2026-08-24,255.45
430,481,174,2023-10-25,2023-11-03,383.6
431,482,79,2025-01-13,2025-01-18,406.71
432,483,179,2026-04-07,2026-04-13,225.03
433,484,151,2025-01-02,2025-01-04,418.79
434,485,147,2025-06-17,2025-06-22,356.58
435,486,156,2026-05-25,2026-05-31,403.26
436,489,54,2025-12-26,2026-01-04,122.03
437,490,32,2025-11-04,2025-11-13,364.55
438,491,115,2023-12-09,2023-12-18,236.69
439,492,78,2025-06-13,2025-06-21,
440,493,138,2024-09-24,2024-10-01,311.04
441,494,151,2026-06-14,2026-06-18,329.53
442,495,47,2023-08-31,2023-09-09,135.36
443,496,115,2024-03-19,2024-03-28,449.12
444,497,3,2026-08-07,2026-08-10,256.88
445,498,73,2023-07-16,2023-07-25,438.95
446,499,147,2025-01-10,2025-01-15,369.5
447,500,77,2026-06-11,2026-06-17,330.46
448,501,183,2025-11-23,2025-11-27,153.9
449,502,111,2025-09-12,2025-09-18,285.61
450,503,104,2023-05-13,2023-05-19,288.07
451,504,65,2026-02-18,2026-02-26,349.02
452,505,129,2024-03-04,2024-03-10,86.1
453,506,180,2026-08-16,2026-08-21,260.13
454,508,162,2024-09-04,2024-09-10,320.41
455,509,86,2026-07-09,2026-07-15,415.87
456,510,121,2025-09-09,2025-09-16,112.99
457,511,204,2025-08-16,2025-08-17,203.21
458,512,64,2024-10-26,2024-11-01,86.28
459,513,116,2025-08-02,2025-08-11,349.79
460,514,150,2026-06-18,2026-06-22,393.07
461,515,192,2024-02-27,2024-03-05,167.71
462,516,149,2024-12-17,2024-12-19,381.34
463,517,104,2025-03-14,2025-03-19,353.51
464,518,169,2024-11-13,2024-11-22,146.21
465,519,26,2024-03-10,2024-03-15,169.86
466,520,199,2026-08-15,2026-08-25,248.09
467,521,175,2025-01-30,2025-02-04,305.86
468,522,205,2024-03-29,2024-04-02,134.71
469,523,141,2026-07-05,2026-07-15,157.38
470,524,67,2025-01-04,2025-01-11,337.97
471,525,175,2026-04-30,2026-05-02,313.97
472,526,209,2024-05-28,2024-06-01,319.82
473,527,51,2024-05-26,2024-05-27,414.69
474,528,149,2025-04-29,2025-05-05,142.57
475,529,126,2024-10-25,2024-10-28,212.86
476,531,86,2024-04-10,2024-04-11,192.59
477,532,193,2025-01-15,2025-01-25,100.24
478,533,82,2025-07-22,2025-07-26,335.23
479,535,1,2025-12-06,2025-12-09,372.37
480,536,5,2024-06-08,2024-06-17,340.41
481,537,164,2024-04-28,2024-04-29,162.89
482,538,187,2026-08-20,2026-08-22,223.48
483,539,213,2025-05-24,2025-05-26,311.99
484,540,72,2026-04-18,2026-04-27,355.68
485,541,109,2025-02-05,2025-02-10,193.73
486,542,140,2026-06-13,2026-06-18,108.77
487,543,126,2024-02-07,2024-02-15,395.1
488,544,97,2026-04-14,2026-04-18,80.73
489,545,16,2024-12-04,2024-12-13,405.24
490,546,26,2025-03-26,2025-04-02,226.39
491,547,179,2023-10-20,2023-10-30,99.96
492,548,110,2025-01-23,2025-01-25,158.69
493,549,22,2024-07-27,2024-08-04,120.11
494,550,74,2025-06-03,2025-06-05,342.37
495,551,75,2026-08-13,2026-08-20,360.32
496,552,118,2026-02-11,2026-02-18,350.39
497,554,184,2026-08-17,2026-08-24,358.58
498,555,130,2026-02-22,2026-03-03,207.83
499,556,81,2024-03-02,2024-03-12,357.9
500,557,16,2025-07-22,2025-07-28,325.59
501,558,61,2023-11-04,2023-11-08,445.38
502,559,57,2024-04-29,2024-05-07,390.5
503,560,130,2025-10-15,2025-10-20,433.74
504,561,154,2025-12-31,2026-01-07,
505,562,155,2025-08-15,2025-08-19,108.04
506,563,191,2023-09-17,2023-09-19,334.23
507,564,15,2024-12-25,2024-12-30,126.53
508,565,25,2025-01-15,2025-01-18,300.75
509,566,32,2025-11-06,2025-11-10,362.03
510,567,78,2024-08-27,2024-09-05,146.61
511,568,140,2026-06-13,2026-06-22,173.01
512,569,28,2026-08-21,2026-08-30,439.57
513,570,31,2025-09-20,2025-09-21,293.35
514,571,111,2026-08-01,2026-08-06,251.86
515,572,70,2024-02-17,2024-02-24,354.77
516,573,129,2025-07-10,2025-07-15,118.89
517,574,163,2023-06-22,2023-06-28,433.53
518,575,129,2026-01-10,2026-01-11,330.51
519,576,214,2026-01-26,2026-01-27,144.52
520,577,145,2024-11-19,2024-11-23,257.42
521,578,49,2025-08-01,2025-08-06,350.55
522,579,1,2025-11-08,2025-11-15,302.83
523,580,86,2024-08-17,2024-08-18,422.75
524,581,27,2024-06-27,2024-06-28,128.2
525,582,155,2025-05-21,2025-05-22,109.62
526,583,135,2025-06-03,2025-06-11,291.79
527,584,139,2026-06-04,2026-06-10,428.09
528,585,109,2023-12-13,2023-12-17,331.28
529,586,32,2025-09-27,2025-09-28,122.67
530,587,74,2026-02-02,2026-02-12,309.29
531,588,168,2024-05-12,2024-05-13,414.01
532,589,130,2024-07-22,2024-07-28,401.83
533,590,123,2023-09-18,2023-09-25,192.75
534,591,41,2025-12-04,2025-12-06,168.09
535,592,143,2025-05-06,2025-05-11,296.8
536,593,185,2026-03-09,2026-03-11,239.02
537,594,43,2026-02-10,2026-02-11,145.88
538,595,130,2025-07-06,2025-07-10,237.21
539,596,189,2024-05-29,2024-06-04,161.53
540,597,195,2026-06-18,2026-06-26,220.93
541,598,159,2024-10-10,2024-10-17,363.67
542,599,153,2026-04-01,2026-04-07,239.19
543,600,167,2024-11-12,2024-11-22,436.75
544,601,105,2026-05-10,2026-05-12,110.09
545,603,198,2024-05-21,2024-05-27,214.72
546,604,169,2026-01-19,2026-01-22,200.36
547,605,127,2025-06-06,2025-06-15,257.01
548,606,47,2026-08-29,2026-09-07,390.44
549,607,219,2023-03-09,2023-03-16,272.12
550,609,210,2024-06-06,2024-06-15,360.41
551,610,128,2024-01-03,2024-01-11,300.48
552,611,35,2024-05-10,2024-05-18,446.44
553,612,168,2023-11-09,2023-11-12,
554,613,141,2026-03-20,2026-03-29,375.15
555,614,21,2026-01-14,2026-01-21,239.64
556,615,173,2026-06-29,2026-07-01,162.06
557,616,102,2025-07-03,2025-07-07,400.32
558,617,177,2024-02-11,2024-02-21,136.45
559,618,174,2025-03-08,2025-03-12,389.17
560,619,197,2025-10-10,2025-10-11,214.33
561,620,215,2025-09-01,2025-09-03,306.42
562,621,64,2023-08-17,2023-08-21,374.11
563,624,213,2024-03-07,2024-03-13,286.64
564,625,80,2025-10-17,2025-10-21,144.17
565,627,61,2025-04-03,2025-04-08,357.34
566,628,7,2025-03-22,2025-03-23,381.05
567,629,57,2024-10-14,2024-10-15,377.17
568,630,111,2026-08-11,2026-08-19,127.47
569,631,126,2026-04-06,2026-04-09,128.48
570,632,124,2025-02-25,2025-03-04,108.7
571,633,45,2023-09-19,2023-09-27,103.9
572,634,62,2024-03-20,2024-03-30,400.79
573,635,38,2025-05-14,2025-05-21,167.22
574,636,118,2025-11-07,2025-11-15,132.35
575,638,156,2025-03-10,2025-03-12,83.19
576,639,111,2025-02-10,2025-02-19,221.16
577,640,139,2025-12-12,2025-12-14,356.81
578,641,6,2024-09-06,2024-09-13,233.3
579,642,199,2026-05-10,2026-05-19,174.86
580,643,100,2023-03-30,2023-04-06,367.16
581,644,131,2026-04-30,2026-05-03,250.27
582,645,117,2025-04-10,2025-04-16,256.55
583,646,140,2025-08-12,2025-08-16,378.91
584,647,27,2025-06-22,2025-06-24,266.18
585,648,157,2025-10-01,2025-10-04,
586,649,215,2025-08-14,2025-08-21,374.53
587,650,141,2026-07-03,2026-07-11,426.32
588,651,15,2025-09-14,2025-09-15,167.87
589,652,52,2024-09-23,2024-09-30,299.31
590,653,88,2025-07-16,2025-07-23,187.97
591,654,194,2025-01-05,2025-01-08,340.13
592,655,94,2023-09-08,2023-09-12,312.41
593,656,184,2024-05-01,2024-05-11,139.4
594,658,72,2024-10-07,2024-10-08,
595,659,120,2023-07-17,2023-07-23,295.62
596,660,99,2026-07-26,2026-08-02,373.39
597,661,199,2024-02-17,2024-02-24,169.06
598,662,187,2024-06-11,2024-06-17,119.62
599,663,85,2024-12-14,2024-12-16,139.7
600,664,138,2024-04-10,2024-04-19,146.75
601,665,32,2026-02-28,2026-03-02,151.71
602,666,171,2026-07-16,2026-07-21,337.46
603,667,154,2024-10-11,2024-10-19,283.66
604,668,58,2025-11-26,2025-11-30,154.84
605,669,7,2024-02-04,2024-02-07,241.8
606,670,112,2025-06-15,2025-06-22,130.52
607,671,170,2025-06-07,2025-06-15,420.95
608,672,106,2024-11-18,2024-11-27,88.12
609,673,39,2023-05-12,2023-05-13,110.51
610,674,122,2026-03-17,2026-03-20,412.42
611,675,156,2026-04-10,2026-04-16,260.11
612,676,208,2026-05-24,2026-05-28,241.13
613,677,47,2026-08-18,2026-08-28,446.55
614,678,110,2024-07-12,2024-07-17,341.56
615,679,83,2024-04-13,2024-04-20,108.3
616,680,199,2026-04-16,2026-04-21,420.31
617,681,183,2023-02-12,2023-02-17,156.04
618,682,159,2026-03-17,2026-03-26,92.9
619,683,215,2024-09-08,2024-09-11,119.48
620,685,30,2025-02-02,2025-02-03,206.48
621,687,56,2024-08-29,2024-09-03,216.81
622,689,171,2026-03-01,2026-03-09,159.46
623,690,126,2025-01-19,2025-01-21,318.76
624,691,37,2026-07-27,2026-08-05,162.83
625,692,68,2026-07-26,2026-08-05,351.1
626,693,108,2024-01-20,2024-01-24,139.83
627,694,153,2025-05-05,2025-05-08,117.81
628,695,167,2023-07-22,2023-07-27,318.84
629,696,142,2024-01-04,2024-01-10,247.81
630,697,2,2026-08-06,2026-08-10,346.59
631,698,107,2025-04-25,2025-05-04,216.35
632,699,11,2024-12-09,2024-12-11,385.53
633,700,13,2024-08-21,2024-08-23,150.77
634,701,48,2026-04-29,2026-05-01,412.95
635,702,113,2024-09-11,2024-09-21,254.22
636,703,142,2023-09-08,2023-09-18,118.95
637,704,77,2026-08-19,2026-08-29,143.53
638,705,140,2023-08-15,2023-08-21,107.9
639,706,218,2025-12-08,2025-12-16,97.21
640,707,181,2026-05-28,2026-06-05,180.96
641,708,75,2026-07-24,2026-07-30,89.45
642,709,175,2025-11-22,2025-11-28,
643,710,142,2025-02-04,2025-02-11,414.47
644,711,147,2024-04-29,2024-05-02,432.47
645,712,50,2025-03-13,2025-03-17,177.42
646,713,162,2026-06-09,2026-06-17,329.71
647,714,197,2024-05-09,2024-05-11,245.97
648,715,220,2024-07-09,2024-07-12,306.59
649,718,73,2024-06-16,2024-06-19,103.82
650,719,109,2026-06-16,2026-06-23,356.52
651,720,184,2025-10-18,2025-10-23,350.32
652,721,201,2024-09-11,2024-09-21,132.4
653,722,113,2025-10-06,2025-10-11,90.67
654,723,187,2025-12-27,2026-01-03,181.92
655,724,30,2023-12-27,2024-01-05,195.71
656,725,115,2025-06-23,2025-06-26,383.26
657,726,11,2026-07-02,2026-07-12,340.53
658,727,220,2023-11-02,2023-11-11,168.59
659,728,217,2026-06-28,2026-06-29,209.75
660,729,202,2026-03-14,2026-03-18,101.92
661,730,163,2024-09-08,2024-09-16,144.86
662,731,109,2026-08-21,2026-08-30,90.68
663,732,16,2023-10-21,2023-10-27,287.26
664,733,37,2025-01-20,2025-01-28,434.32
665,734,48,2026-08-02,2026-08-07,137.49
666,735,80,2025-09-04,2025-09-07,227.36
667,736,2,2024-05-23,2024-06-02,375.91
668,737,13,2025-05-17,2025-05-26,161.63
669,738,91,2024-09-08,2024-09-10,144.41
670,740,24,2024-11-16,2024-11-18,
671,741,200,2025-03-21,2025-03-25,254.99
672,742,8,2025-07-30,2025-08-01,
673,743,197,2024-06-24,2024-07-04,304.77
674,744,85,2025-09-25,2025-10-02,230.66
675,745,142,2026-02-19,2026-02-28,212.45
676,746,62,2026-04-26,2026-05-04,411.23
677,747,196,2026-04-14,2026-04-22,164.36
678,748,84,2025-07-09,2025-07-18,317.16
679,749,159,2026-08-23,2026-09-01,280.12
680,750,50,2026-08-03,2026-08-05,109.05
681,751,4,2024-11-14,2024-11-19,101.04
682,752,157,2025-11-18,2025-11-19,220.59
683,753,219,2025-03-20,2025-03-28,304.4
684,754,164,2025-08-24,2025-08-29,169.49
685,755,81,2025-07-13,2025-07-22,183.58
686,756,180,2023-09-27,2023-10-01,270.38
687,757,198,2026-01-27,2026-01-29,383.35
688,759,120,2025-02-12,2025-02-17,356.13
689,760,216,2025-11-21,2025-12-01,253.45
690,761,98,2026-02-17,2026-02-20,248.19
691,762,140,2023-12-16,2023-12-23,339.57
692,763,46,2024-05-11,2024-05-20,417.71
693,765,185,2024-10-18,2024-10-21,94.49
694,766,131,2025-02-10,2025-02-11,128.54
695,767,82,2025-02-23,2025-02-25,151.61
696,768,94,2026-07-04,2026-07-13,357.6
697,769,12,2024-08-31,2024-09-02,341.14
698,771,48,2024-06-26,2024-06-30,354.77
699,772,115,2024-02-18,2024-02-28,268.58
700,773,160,2026-03-29,2026-04-04,138.71
701,774,85,2026-05-31,2026-06-07,118.28
702,775,201,2026-08-10,2026-08-14,199.71
703,778,167,2026-05-18,2026-05-22,195.41
704,780,108,2025-03-17,2025-03-20,151.46
705,781,167,2025-05-20,2025-05-30,434.3
706,782,140,2025-06-20,2025-06-29,261.55
707,783,161,2026-08-08,2026-08-09,274.13
708,784,105,2026-03-21,2026-03-31,384.46
709,785,94,2024-06-05,2024-06-14,144.16
710,786,209,2025-01-01,2025-01-06,223.53
711,787,17,2023-11-12,2023-11-15,210.03
712,788,177,2026-06-16,2026-06-20,98.96
713,789,76,2026-05-19,2026-05-26,290.41
714,790,147,2023-10-17,2023-10-27,410.67
715,791,212,2024-09-25,2024-10-02,318.54
716,793,108,2024-11-05,2024-11-06,156.85
717,795,202,2025-02-07,2025-02-17,156.09
718,796,51,2023-12-10,2023-12-14,354.15
719,797,212,2024-01-30,2024-02-08,194.1
720,798,199,2025-08-26,2025-08-29,85.22
721,799,210,2024-07-31,2024-08-02,357.29
722,800,133,2025-10-07,2025-10-16,331.32
723,801,43,2024-12-15,2024-12-16,378.98
724,802,131,2025-02-08,2025-02-13,82.33
725,803,164,2023-07-20,2023-07-21,262.76
726,804,153,2024-07-28,2024-08-01,378.38
727,805,156,2024-10-26,2024-11-01,216.08
728,806,112,2024-12-26,2024-12-27,
729,807,218,2025-04-27,2025-05-02,286.83
730,808,72,2026-07-06,2026-07-11,155.07
731,809,23,2023-11-05,2023-11-10,190.64
732,810,86,2025-04-11,2025-04-19,210.44
733,811,118,2026-07-29,2026-08-04,147.56
734,812,11,2025-02-14,2025-02-18,362.49
735,813,157,2024-07-11,2024-07-14,84.14
736,814,204,2026-03-22,2026-03-24,328.05
737,815,98,2023-08-28,2023-09-01,126.24
738,816,26,2026-08-24,2026-08-25,341.19
739,818,30,2024-12-25,2024-12-31,437.79
740,819,188,2026-05-18,2026-05-28,145.84
741,821,202,2024-02-08,2024-02-09,326.64
742,822,43,2024-12-21,2024-12-23,135.22
743,824,29,2023-12-16,2023-12-17,84.9
744,825,162,2024-12-01,2024-12-03,151.02
745,826,149,2024-08-05,2024-08-06,161.47
746,827,205,2026-04-13,2026-04-16,384.98
747,828,27,2024-03-24,2024-03-28,243.64
748,830,172,2025-06-05,2025-06-10,315.25
749,831,207,2026-07-20,2026-07-25,300.14
750,832,110,2025-04-20,2025-04-27,393.47
751,833,195,2026-04-27,2026-05-02,217.77
752,834,191,2024-12-25,2024-12-30,273.4
753,835,130,2026-07-04,2026-07-10,260.15
754,836,5,2024-08-17,2024-08-24,285.83
755,837,27,2023-11-03,2023-11-04,95.01
756,838,134,2025-01-21,2025-01-30,101.71
757,839,141,2026-04-26,2026-05-04,379.68
758,840,18,2024-05-12,2024-05-18,132.73
759,841,172,2025-10-27,2025-11-03,337.49
760,842,169,2024-07-04,2024-07-11,417.7
761,843,84,2024-02-16,2024-02-19,166.51
762,844,155,2025-07-12,2025-07-15,186.63
763,845,68,2026-08-18,2026-08-27,369.65
764,846,69,2024-10-08,2024-10-13,133.11
765,847,137,2025-06-09,2025-06-15,409.1
766,849,30,2024-06-27,2024-06-28,422.16
767,851,174,2023-07-06,2023-07-16,110.07
768,853,74,2026-04-21,2026-04-24,294.06
769,855,111,2025-10-01,2025-10-08,261.0
770,856,62,2024-07-15,2024-07-21,123.43
771,857,93,2025-06-29,2025-07-07,376.3
772,859,217,2024-06-29,2024-07-09,398.07
773,861,179,2024-10-21,2024-10-27,389.45
774,862,54,2025-07-01,2025-07-08,184.91
775,863,128,2026-03-24,2026-03-28,442.9
776,864,95,2023-12-28,2023-12-31,118.31
777,865,212,2024-06-07,2024-06-16,211.39
778,867,154,2024-02-28,2024-03-07,155.74
779,868,43,2026-07-24,2026-07-26,368.35
780,869,162,2025-04-25,2025-04-26,121.24
781,870,179,2025-03-07,2025-03-15,412.08
782,871,75,2026-04-04,2026-04-08,223.76
783,872,130,2024-08-17,2024-08-26,252.71
784,874,13,2023-04-01,2023-04-03,330.19
785,875,130,2025-05-03,2025-05-04,326.47
786,876,134,2024-02-02,2024-02-06,138.4
787,877,188,2024-03-25,2024-03-27,174.44
788,878,220,2024-11-17,2024-11-23,100.51
789,879,26,2026-08-01,2026-08-11,218.98
790,880,210,2026-03-15,2026-03-22,352.81
791,881,93,2026-04-19,2026-04-29,185.91
792,882,173,2024-03-10,2024-03-17,221.69
793,883,186,2024-03-07,2024-03-08,289.15
794,884,167,2026-08-22,2026-08-29,268.65
795,885,6,2023-05-24,2023-05-27,342.21
796,886,146,2024-08-04,2024-08-08,393.17
797,887,6,2026-03-09,2026-03-14,262.42
798,888,167,2026-04-22,2026-04-29,191.76
799,889,143,2025-12-26,2025-12-31,148.89
800,890,108,2024-04-08,2024-04-14,84.38
801,891,56,2026-04-20,2026-04-26,226.73
802,892,27,2025-10-13,2025-10-18,253.78
803,893,74,2026-05-23,2026-06-01,410.96
804,894,124,2026-06-26,2026-06-28,249.1
805,895,92,2025-10-23,2025-10-27,130.31
806,896,155,2024-06-14,2024-06-16,208.46
807,897,164,2023-02-08,2023-02-15,290.35
808,898,49,2023-12-23,2023-12-29,268.13
809,899,180,2024-08-20,2024-08-27,369.43
810,901,181,2024-01-10,2024-01-16,174.53
811,902,69,2026-08-24,2026-08-27,433.05
812,903,145,2026-08-20,2026-08-21,435.24
813,904,93,2024-05-11,2024-05-19,297.01
814,905,126,2025-06-06,2025-06-13,314.12
815,906,63,2024-10-26,2024-10-28,194.7
816,907,52,2025-02-10,2025-02-14,300.1
817,908,174,2025-12-16,2025-12-19,111.35
818,910,2,2023-10-25,2023-10-29,376.51
819,911,139,2026-03-03,2026-03-06,250.08
820,912,12,2026-02-25,2026-03-02,433.73
821,913,187,2026-07-22,2026-07-23,337.56
822,914,17,2025-09-26,2025-09-30,400.9
823,915,117,2023-12-16,2023-12-17,84.06
824,916,43,2025-05-16,2025-05-17,89.62
825,917,187,2025-08-11,2025-08-20,95.8
826,918,134,2024-01-16,2024-01-17,428.44
827,919,158,2024-09-21,2024-09-30,242.08
828,920,209,2026-08-26,2026-09-02,148.9
829,921,172,2023-07-01,2023-07-04,276.59
830,922,24,2026-03-19,2026-03-23,
831,923,51,2023-08-09,2023-08-12,351.03
832,924,170,2024-09-13,2024-09-16,356.94
833,926,3,2026-08-04,2026-08-08,385.93
834,927,129,2023-12-30,2023-12-31,405.41
835,928,207,2026-08-12,2026-08-18,118.59
836,929,20,2025-04-07,2025-04-11,108.49
837,930,162,2024-08-15,2024-08-17,302.81
838,931,120,2023-11-05,2023-11-14,135.17
839,932,85,2024-05-14,2024-05-24,313.84
840,933,11,2026-07-06,2026-07-13,201.83
841,934,11,2023-10-02,2023-10-03,364.31
842,935,40,2025-12-09,2025-12-15,147.9
843,936,74,2025-06-08,2025-06-11,264.26
844,937,191,2026-08-22,2026-09-01,387.78
845,938,138,2024-04-16,2024-04-19,359.66
846,939,120,2026-01-05,2026-01-12,137.44
847,940,162,2025-11-19,2025-11-29,304.14
848,941,66,2025-02-24,2025-03-03,324.26
849,943,120,2026-08-02,2026-08-11,374.0
850,944,204,2026-02-03,2026-02-07,321.76
851,945,220,2026-03-24,2026-03-29,259.44
852,946,29,2024-06-15,2024-06-18,311.48
853,947,79,2025-09-09,2025-09-10,229.02
854,948,128,2025-11-18,2025-11-26,155.78
855,950,50,2025-02-24,2025-03-02,148.9
856,951,188,2026-02-16,2026-02-25,416.87
857,952,83,2026-07-13,2026-07-19,362.66
858,953,140,2026-08-12,2026-08-20,102.23
859,954,81,2026-05-13,2026-05-18,130.07
860,955,169,2025-11-19,2025-11-27,154.25
861,956,151,2026-03-29,2026-04-07,145.84
862,957,167,2024-05-07,2024-05-13,216.31
863,958,70,2024-02-29,2024-03-10,142.18
864,959,115,2024-04-27,2024-05-04,227.21
865,960,147,2025-11-13,2025-11-17,378.68
866,961,38,2023-09-18,2023-09-26,376.08
867,962,127,2023-12-31,2024-01-02,217.76
868,963,12,2025-07-12,2025-07-17,367.58
869,964,47,2026-03-09,2026-03-13,168.5
870,965,173,2026-07-13,2026-07-19,381.9
871,966,28,2025-05-02,2025-05-09,143.11
872,967,79,2024-03-08,2024-03-14,225.3
873,969,197,2023-06-24,2023-06-25,83.54
874,970,108,2024-03-16,2024-03-21,109.67
875,971,138,2025-08-06,2025-08-11,167.46
876,972,40,2025-08-27,2025-09-01,352.12
877,973,204,2026-07-18,2026-07-28,413.27
878,974,16,2024-10-11,2024-10-19,327.79
879,975,215,2026-08-05,2026-08-15,424.79
880,976,33,2024-02-27,2024-03-07,319.63
881,977,213,2025-12-17,2025-12-18,241.01
882,978,60,2026-03-20,2026-03-27,222.78
883,979,64,2026-06-20,2026-06-28,397.94
884,980,142,2025-05-07,2025-05-10,191.86
885,981,71,2025-12-30,2026-01-02,210.02
886,982,218,2024-10-03,2024-10-04,335.73
887,983,140,2025-07-02,2025-07-10,84.06
888,984,132,2024-01-31,2024-02-07,137.48
889,985,21,2025-08-22,2025-08-31,431.6
890,986,61,2023-08-31,2023-09-04,154.21
891,987,164,2025-05-20,2025-05-24,392.86
892,988,140,2024-03-01,2024-03-06,302.87
893,989,171,2023-11-26,2023-12-01,93.91
894,990,70,2025-03-05,2025-03-08,92.11
895,991,158,2026-03-08,2026-03-11,160.46
896,992,126,2025-10-12,2025-10-16,236.84
897,993,12,2023-07-18,2023-07-25,437.38
898,996,120,2025-04-05,2025-04-13,241.14
899,997,120,2023-12-16,2023-12-20,315.51
900,998,181,2024-12-08,2024-12-17,411.7
901,999,35,2024-06-19,2024-06-24,278.3
902,1000,143,2026-03-10,2026-03-14,217.94
903,1001,101,2026-02-03,2026-02-12,243.19
904,1004,32,2023-09-28,2023-10-08,181.35
905,1005,64,2025-06-25,2025-06-27,393.29
906,1006,81,2025-07-16,2025-07-22,266.16
907,1007,108,2025-01-16,2025-01-25,123.52
908,1009,33,2025-02-24,2025-02-28,368.65
909,1010,114,2024-03-07,2024-03-08,339.42
910,1011,176,2025-03-23,2025-03-29,345.72
911,1012,23,2024-06-21,2024-07-01,
912,1013,121,2025-06-15,2025-06-18,130.61
913,1014,122,2024-06-23,2024-07-03,157.62
914,1015,107,2024-04-07,2024-04-14,428.93
915,1016,134,2023-09-26,2023-09-29,320.5
916,1017,65,2024-05-21,2024-05-24,166.92
917,1018,216,2026-06-24,2026-06-30,379.06
918,1019,113,2023-11-12,2023-11-19,234.77
919,1020,88,2024-12-28,2025-01-06,349.63
920,1021,101,2025-10-28,2025-11-05,174.76
921,1022,37,2026-02-07,2026-02-16,402.35
922,1024,16,2025-06-26,2025-07-04,415.07
923,1025,109,2025-02-20,2025-02-25,
924,1026,187,2026-05-09,2026-05-14,379.86
925,1027,139,2024-07-19,2024-07-26,100.58
926,1029,108,2023-06-17,2023-06-25,93.6
927,1030,28,2024-12-18,2024-12-28,434.38
928,1031,212,2024-06-06,2024-06-16,443.55
929,1033,162,2024-01-10,2024-01-12,102.05
930,1034,117,2026-08-24,2026-08-26,407.36
931,1035,135,2026-07-22,2026-07-24,85.61
932,1036,197,2025-12-20,2025-12-21,397.9
933,1037,8,2026-07-25,2026-07-29,103.19
934,1038,3,2024-12-07,2024-12-11,
935,1039,42,2025-02-08,2025-02-16,313.44
936,1041,139,2026-01-23,2026-01-30,151.8
937,1042,25,2024-12-07,2024-12-14,156.01
938,1043,26,2026-08-07,2026-08-12,325.83
939,1044,189,2025-08-24,2025-08-29,176.62
940,1045,101,2026-08-25,2026-09-03,302.17
941,1046,103,2025-03-27,2025-04-06,396.36
942,1047,119,2025-05-14,2025-05-24,433.25
943,1048,176,2025-01-21,2025-01-24,164.52
944,1049,93,2026-03-10,2026-03-20,246.85
945,1050,83,2024-06-19,2024-06-28,231.2
946,1051,92,2024-05-24,2024-05-26,130.8
947,1052,143,2026-08-12,2026-08-14,174.81
948,1053,5,2024-09-18,2024-09-28,392.51
949,1055,178,2024-03-24,2024-03-27,153.46
950,1056,19,2026-04-01,2026-04-04,409.08
951,1057,26,2026-04-22,2026-04-25,438.05
952,1058,118,2024-01-21,2024-01-31,93.31
953,1059,174,2024-02-03,2024-02-07,91.85
954,1060,124,2023-12-24,2023-12-25,
955,1061,111,2025-04-27,2025-04-29,220.86
956,1062,69,2024-06-08,2024-06-09,288.6
957,1063,66,2026-05-09,2026-05-10,438.56
958,1064,55,2026-03-22,2026-03-24,224.47
959,1065,138,2025-01-23,2025-01-28,225.93
960,1066,120,2024-04-16,2024-04-19,273.42
961,1067,113,2026-05-25,2026-06-04,344.05
962,1068,161,2026-06-18,2026-06-23,216.55
963,1069,115,2026-05-25,2026-06-01,369.06
964,1070,74,2026-04-06,2026-04-16,212.85
965,1071,8,2026-04-03,2026-04-08,275.69
966,1072,173,2024-07-04,2024-07-08,157.37
967,1073,192,2026-01-05,2026-01-15,379.15
968,1074,120,2024-11-20,2024-11-30,259.64
969,1075,14,2026-06-25,2026-06-27,162.78
970,1077,140,2025-03-15,2025-03-17,297.37
971,1078,61,2025-07-26,2025-08-05,438.18
972,1079,125,2025-04-27,2025-05-06,168.14
973,1082,66,2024-11-07,2024-11-15,376.12
974,1083,99,2026-05-27,2026-05-28,253.92
975,1084,21,2026-06-12,2026-06-15,409.1
976,1085,220,2024-12-17,2024-12-27,
977,1086,155,2026-05-03,2026-05-13,170.75
978,1087,83,2026-01-23,2026-01-30,344.28
979,1088,7,2023-05-09,2023-05-11,349.21
980,1089,109,2025-12-27,2026-01-05,416.71
981,1090,12,2025-04-07,2025-04-09,416.38
982,1091,93,2023-05-17,2023-05-27,225.52
983,1092,33,2024-07-06,2024-07-10,155.27
984,1093,16,2026-04-20,2026-04-23,375.11
985,1094,180,2026-08-03,2026-08-10,87.01
986,1096,81,2024-05-27,2024-06-03,447.78
987,1097,94,2025-08-21,2025-08-24,263.98
988,1098,169,2025-10-14,2025-10-16,265.01
989,1099,81,2026-08-27,2026-09-06,179.04
990,1100,201,2024-11-02,2024-11-09,215.11
991,1101,212,2024-12-20,2024-12-28,333.04
992,1102,46,2026-02-06,2026-02-14,282.3
993,1103,10,2026-03-01,2026-03-09,363.78
994,1104,141,2025-06-08,2025-06-12,159.42
995,1105,205,2024-10-03,2024-10-07,402.4
996,1106,28,2025-01-30,2025-02-04,409.81
997,1107,137,2024-12-22,2025-01-01,328.78
998,1109,117,2025-08-13,2025-08-15,85.19
999,1110,109,2026-07-05,2026-07-11,152.74
1000,1111,44,2026-06-09,2026-06-14,360.21
1001,1113,143,2026-04-12,2026-04-18,
1002,1116,210,2026-04-04,2026-04-09,372.64
1003,1117,177,2023-11-23,2023-11-27,435.76
1004,1118,199,2025-07-22,2025-07-23,304.4
1005,1119,162,2024-10-24,2024-10-28,170.55
1006,1120,41,2025-10-03,2025-10-11,289.57
1007,1121,74,2024-03-07,2024-03-11,313.41
1008,1122,18,2025-11-15,2025-11-16,276.81
1009,1123,83,2025-01-29,2025-02-01,429.9
1010,1124,19,2023-07-22,2023-07-27,415.18
1011,1125,129,2025-02-13,2025-02-18,261.03
1012,1126,159,2024-04-18,2024-04-21,380.1
1013,1127,111,2026-04-12,2026-04-15,414.15
1014,1128,124,2024-08-16,2024-08-24,392.11
1015,1129,173,2026-07-30,2026-08-05,272.42
1016,1130,183,2024-04-15,2024-04-17,253.96
1017,1131,219,2025-09-11,2025-09-17,109.81
1018,1133,103,2024-02-02,2024-02-05,364.97
1019,1135,215,2023-04-30,2023-05-01,245.96
1020,1136,158,2024-07-13,2024-07-15,431.54
1021,1137,117,2025-02-03,2025-02-08,376.78
1022,1139,132,2023-06-21,2023-06-26,209.86
1023,1140,217,2026-08-08,2026-08-09,352.27
1024,1141,58,2026-05-08,2026-05-16,330.99
1025,1142,10,2024-10-12,2024-10-22,98.81
1026,1143,117,2024-05-07,2024-05-13,184.43
1027,1144,194,2025-07-27,2025-07-30,130.54
1028,1145,98,2023-12-29,2024-01-07,226.24
1029,1146,130,2024-12-22,2025-01-01,387.45
1030,1147,220,2023-12-25,2024-01-02,217.9
1031,1148,123,2026-04-03,2026-04-04,243.38
1032,1150,219,2024-01-07,2024-01-16,175.75
1033,1151,48,2023-12-09,2023-12-14,129.89
1034,1152,110,2026-07-09,2026-07-17,90.0
1035,1153,15,2026-08-20,2026-08-26,419.89
1036,1154,51,2026-05-29,2026-06-03,343.41
1037,1155,173,2024-07-26,2024-07-28,177.68
1038,1157,118,2025-01-06,2025-01-13,146.31
1039,1158,201,2025-11-20,2025-11-28,340.84
1040,1159,93,2026-03-27,2026-03-29,232.53
1041,1160,181,2023-04-26,2023-04-28,307.43
1042,1161,204,2026-08-14,2026-08-19,154.16
1043,1162,185,2023-11-12,2023-11-21,165.95
1044,1163,113,2026-08-02,2026-08-04,403.85
1045,1164,211,2023-08-28,2023-08-29,134.53
1046,1166,206,2024-01-01,2024-01-08,212.06
1047,1167,96,2026-07-26,2026-08-02,220.25
1048,1168,92,2023-04-24,2023-04-29,152.25
1049,1169,25,2025-01-28,2025-01-31,415.94
1050,1170,106,2026-01-12,2026-01-21,140.05
1051,1171,205,2025-12-07,2025-12-08,297.68
1052,1172,119,2026-05-22,2026-05-31,88.84
1053,1173,126,2026-07-30,2026-08-09,126.3
1054,1174,6,2026-03-26,2026-03-28,
1055,1175,220,2025-11-02,2025-11-07,126.29
1056,1176,170,2025-02-12,2025-02-19,448.09
1057,1177,29,2026-03-22,2026-03-26,286.58
1058,1178,130,2023-11-26,2023-11-27,266.14
1059,1179,63,2026-04-26,2026-04-29,420.93
1060,1180,201,2024-04-21,2024-04-28,153.61
1061,1182,5,2023-09-08,2023-09-11,385.4
1062,1183,185,2024-12-03,2024-12-10,224.72
1063,1184,114,2025-10-29,2025-10-30,123.87
1064,1185,118,2025-10-26,2025-11-03,326.71
1065,1186,204,2024-03-27,2024-04-01,367.08
1066,1187,45,2025-04-13,2025-04-16,302.88
1067,1188,87,2025-02-08,2025-02-12,205.62
1068,1189,164,2025-01-20,2025-01-29,378.19
1069,1190,130,2026-05-17,2026-05-21,209.67
1070,1191,180,2023-05-15,2023-05-24,371.77
1071,1192,80,2023-09-12,2023-09-13,96.24
1072,1193,76,2025-09-07,2025-09-16,240.74
1073,1195,45,2023-10-26,2023-11-05,424.9
1074,1196,186,2025-09-07,2025-09-14,234.7
1075,1197,139,2026-08-06,2026-08-07,347.41
1076,1198,69,2026-05-20,2026-05-27,240.92
1077,1200,98,2024-05-30,2024-06-04,285.98
1078,1201,192,2024-11-16,2024-11-20,80.29
1079,1202,108,2024-06-13,2024-06-19,391.08
1080,1203,199,2023-06-02,2023-06-10,364.87
1081,1204,16,2024-09-24,2024-10-03,129.14
1082,1205,190,2026-06-04,2026-06-09,167.8
1083,1206,220,2024-04-12,2024-04-16,132.14
1084,1207,31,2024-11-22,2024-11-30,214.22
1085,1208,170,2024-12-10,2024-12-19,279.98
1086,1209,71,2026-07-26,2026-08-05,405.84
1087,1210,20,2026-05-19,2026-05-22,235.68
1088,1211,175,2025-09-30,2025-10-10,110.66
1089,1212,13,2026-01-16,2026-01-18,394.07
1090,1213,111,2025-08-15,2025-08-21,220.59
1091,1214,13,2026-03-12,2026-03-15,263.34
1092,1215,220,2026-03-03,2026-03-11,418.14
1093,1216,153,2024-02-10,2024-02-14,385.62
1094,1217,3,2024-06-17,2024-06-25,200.64
1095,1218,160,2025-10-28,2025-11-03,281.9
1096,1219,136,2026-08-08,2026-08-13,155.94
1097,1221,109,2024-04-28,2024-05-07,274.13
1098,1223,151,2026-07-22,2026-07-27,385.42
1099,1224,38,2023-02-23,2023-03-01,352.2
1100,1225,172,2025-02-17,2025-02-22,
1101,1226,73,2024-10-09,2024-10-18,405.26
1102,1227,183,2025-12-09,2025-12-13,266.33
1103,1228,60,2026-06-28,2026-07-02,139.52
1104,1229,135,2026-05-26,2026-05-30,371.48
1105,1230,219,2026-03-20,2026-03-30,81.48
1106,1231,47,2026-08-07,2026-08-16,
1107,1232,49,2024-01-16,2024-01-22,181.49
1108,1233,107,2023-07-05,2023-07-07,205.17
1109,1235,1,2024-04-10,2024-04-14,377.39
1110,1236,61,2024-03-04,2024-03-06,234.66
1111,1237,180,2026-05-03,2026-05-10,435.88
1112,1238,46,2024-10-24,2024-11-02,302.13
1113,1239,118,2025-11-09,2025-11-14,364.42
1114,1240,62,2025-03-03,2025-03-12,102.25
1115,1241,25,2024-03-12,2024-03-19,309.89
1116,1242,145,2024-12-08,2024-12-14,375.39
1117,1243,122,2025-07-18,2025-07-23,131.19
1118,1244,15,2024-10-09,2024-10-15,292.64
1119,1245,49,2024-09-15,2024-09-22,217.86
1120,1246,64,2024-03-01,2024-03-03,279.12
1121,1247,69,2024-07-13,2024-07-14,262.01
1122,1248,39,2026-07-01,2026-07-09,323.69
1123,1249,28,2025-04-03,2025-04-12,321.03
1124,1250,13,2026-01-20,2026-01-25,268.49
1125,1252,5,2026-07-09,2026-07-11,426.17
1126,1253,77,2024-11-23,2024-12-01,262.23
1127,1254,174,2024-07-15,2024-07-22,194.28
1128,1255,217,2024-04-04,2024-04-14,371.84
1129,1256,5,2026-03-07,2026-03-17,87.59
1130,1257,196,2026-05-21,2026-05-24,127.05
1131,1258,129,2024-11-27,2024-11-28,388.68
1132,1259,19,2024-05-17,2024-05-23,
1133,1260,170,2023-05-10,2023-05-15,134.82
1134,1262,153,2025-03-30,2025-04-05,166.83
1135,1263,136,2025-05-19,2025-05-24,336.46
1136,1264,15,2024-05-17,2024-05-25,384.59
1137,1265,114,2025-04-06,2025-04-07,189.58
1138,1266,46,2024-11-03,2024-11-06,169.38
1139,1267,196,2025-12-29,2026-01-05,138.21
1140,1268,141,2026-08-17,2026-08-22,383.12
1141,1270,68,2025-05-26,2025-05-27,129.84
1142,1271,144,2024-09-05,2024-09-07,361.34
1143,1272,66,2026-06-19,2026-06-23,351.06
1144,1273,76,2025-04-29,2025-05-08,406.26
1145,1274,72,2025-09-01,2025-09-10,273.21
1146,1275,5,2024-07-24,2024-07-31,385.78
1147,1276,212,2026-04-22,2026-04-28,345.73
1148,1277,93,2026-08-29,2026-08-31,229.8
1149,1278,120,2025-12-25,2026-01-01,280.2
1150,1279,146,2024-06-13,2024-06-16,326.19
1151,1280,157,2024-10-09,2024-10-18,82.67
1152,1281,218,2026-04-07,2026-04-11,399.4
1153,1282,115,2024-09-16,2024-09-19,409.59
1154,1283,114,2024-04-10,2024-04-14,294.77
1155,1284,148,2025-04-19,2025-04-27,395.61
1156,1285,180,2023-06-29,2023-07-03,189.04
1157,1286,189,2023-11-06,2023-11-16,232.01
1158,1287,193,2024-11-26,2024-12-01,175.81
1159,1288,120,2024-10-14,2024-10-22,133.69
1160,1289,22,2025-04-25,2025-04-29,385.79
1161,1290,166,2025-11-19,2025-11-21,371.52
1162,1291,210,2026-02-08,2026-02-12,132.6
1163,1292,75,2025-04-28,2025-05-07,193.38
1164,1293,88,2024-02-23,2024-03-04,189.18
1165,1294,140,2023-05-07,2023-05-08,241.2
1166,1295,73,2026-08-17,2026-08-26,347.95
1167,1296,187,2024-04-16,2024-04-18,441.12
1168,1297,13,2026-08-23,2026-08-27,238.6
1169,1298,8,2025-08-18,2025-08-22,173.03
1170,1300,90,2024-07-01,2024-07-09,439.69
1171,1301,148,2024-04-30,2024-05-07,199.33
1172,1302,85,2025-03-23,2025-03-27,399.85
1173,1303,15,2024-08-25,2024-08-29,240.66
1174,1304,189,2024-04-19,2024-04-27,335.62
1175,1305,10,2025-12-10,2025-12-19,281.15
1176,1306,92,2023-09-13,2023-09-19,214.68
1177,1307,120,2024-02-22,2024-02-23,296.97
1178,1308,9,2025-08-06,2025-08-15,314.79
1179,1309,199,2024-01-02,2024-01-10,424.64
1180,1310,201,2026-01-26,2026-01-29,374.32
1181,1311,31,2024-03-28,2024-04-01,295.65
1182,1313,47,2024-08-23,2024-08-26,334.5
1183,1314,47,2024-09-22,2024-10-01,410.08
1184,1315,175,2023-12-04,2023-12-09,295.22
1185,1316,54,2025-12-30,2026-01-02,230.56
1186,1317,180,2026-08-06,2026-08-09,401.17
1187,1318,13,2024-03-03,2024-03-06,231.54
1188,1319,219,2025-12-10,2025-12-14,444.34
1189,1320,50,2026-05-16,2026-05-21,230.09
1190,1321,42,2025-05-18,2025-05-21,385.9
1191,1322,4,2024-07-27,2024-07-30,328.29
1192,1324,115,2026-05-17,2026-05-23,278.25
1193,1325,3,2024-12-31,2025-01-10,389.59
1194,1326,213,2024-07-13,2024-07-17,174.02
1195,1327,22,2024-03-21,2024-03-30,108.8
1196,1328,35,2026-05-09,2026-05-15,127.97
1197,1329,81,2025-06-22,2025-06-28,398.46
1198,1330,81,2025-02-06,2025-02-15,273.99
1199,1331,47,2024-12-21,2024-12-29,346.1
1200,1332,169,2024-09-03,2024-09-07,154.23
1201,1333,69,2024-08-09,2024-08-16,112.26
1202,1334,47,2023-12-18,2023-12-25,359.13
1203,1335,54,2024-07-24,2024-08-01,425.15
1204,1336,18,2023-09-03,2023-09-13,173.69
1205,1338,111,2025-06-24,2025-06-30,261.61
1206,1339,85,2024-07-17,2024-07-24,103.96
1207,1340,20,2024-07-21,2024-07-29,161.27
1208,1341,186,2024-08-01,2024-08-04,145.42
1209,1342,109,2026-08-06,2026-08-15,123.71
1210,1344,145,2026-08-24,2026-09-01,297.8
1211,1345,216,2025-11-26,2025-12-03,287.33
1212,1347,136,2026-01-14,2026-01-22,258.97
1213,1348,12,2023-09-29,2023-10-06,429.02
1214,1349,118,2023-11-08,2023-11-16,
1215,1350,93,2025-02-17,2025-02-22,155.12
1216,1351,177,2025-08-17,2025-08-21,254.38
1217,1352,139,2024-08-31,2024-09-06,172.89
1218,1353,175,2026-08-25,2026-09-04,439.94
1219,1354,22,2025-09-23,2025-09-26,117.19
1220,1355,54,2026-06-11,2026-06-16,221.59
1221,1356,2,2025-05-30,2025-06-03,
1222,1357,172,2026-06-03,2026-06-12,412.31
1223,1358,3,2026-01-24,2026-01-26,175.07
1224,1359,56,2024-04-18,2024-04-27,235.87
1225,1360,220,2023-11-16,2023-11-19,403.42
1226,1361,188,2026-04-29,2026-05-08,296.98
1227,1362,3,2024-05-30,2024-05-31,161.09
1228,1363,153,2026-08-09,2026-08-15,284.93
1229,1364,12,2024-08-05,2024-08-09,406.47
1230,1365,49,2024-02-19,2024-02-21,447.58
1231,1366,169,2025-12-14,2025-12-21,236.44
1232,1367,12,2026-07-21,2026-07-28,266.0
1233,1368,13,2025-10-18,2025-10-19,220.91
1234,1369,170,2025-03-16,2025-03-26,219.06
1235,1370,118,2024-03-18,2024-03-24,410.82
1236,1371,215,2025-06-19,2025-06-25,125.21
1237,1372,151,2023-10-13,2023-10-14,300.52
1238,1373,179,2024-02-07,2024-02-14,134.36
1239,1375,172,2025-10-25,2025-10-30,151.21
1240,1376,112,2025-04-29,2025-05-07,117.13
1241,1377,63,2024-02-16,2024-02-17,183.18
1242,1378,62,2026-07-13,2026-07-18,372.1
1243,1379,128,2024-12-13,2024-12-15,373.49
1244,1380,185,2025-01-27,2025-02-01,207.25
1245,1381,206,2024-08-03,2024-08-09,162.6
1246,1382,97,2026-05-16,2026-05-21,245.77
1247,1383,190,2024-08-31,2024-09-08,131.13
1248,1384,44,2024-05-28,2024-05-30,207.44
1249,1385,41,2023-10-18,2023-10-19,314.06
1250,1386,176,2025-06-11,2025-06-20,346.33
1251,1387,220,2024-12-14,2024-12-20,204.6
1252,1388,141,2024-11-15,2024-11-19,
1253,1389,4,2025-06-18,2025-06-27,396.78
1254,1390,187,2026-08-21,2026-08-22,421.56
1255,1391,191,2025-11-23,2025-11-28,230.08
1256,1392,62,2023-03-14,2023-03-23,154.76
1257,1393,217,2024-11-26,2024-12-03,419.0
1258,1394,107,2025-01-14,2025-01-17,326.77
1259,1395,23,2026-07-28,2026-07-31,170.87
1260,1396,132,2025-09-06,2025-09-09,259.16
1261,1397,163,2023-11-20,2023-11-24,228.42
1262,1398,93,2026-07-23,2026-07-24,329.11
1263,1399,115,2024-09-23,2024-09-25,191.7
1264,1400,173,2024-04-27,2024-04-29,377.75
1265,1401,128,2023-11-21,2023-11-25,
1266,1402,43,2026-06-21,2026-06-30,136.91
1267,1403,71,2026-08-12,2026-08-13,205.52
1268,1404,26,2025-06-24,2025-07-04,200.1
1269,1405,81,2024-05-07,2024-05-10,334.14
1270,1406,102,2025-01-13,2025-01-22,84.5
1271,1407,155,2025-04-19,2025-04-27,386.31
1272,1408,48,2024-11-06,2024-11-15,287.82
1273,1409,212,2026-05-09,2026-05-15,
1274,1410,153,2024-05-14,2024-05-20,101.74
1275,1411,209,2026-06-12,2026-06-14,418.89
1276,1412,101,2023-02-15,2023-02-20,206.62
1277,1413,63,2026-03-27,2026-03-30,110.46
1278,1414,187,2025-03-09,2025-03-14,261.69
1279,1416,91,2026-07-06,2026-07-14,316.08
1280,1417,29,2024-09-19,2024-09-28,308.64
1281,1418,171,2024-05-22,2024-06-01,132.33
1282,1419,2,2025-09-21,2025-09-23,247.32
1283,1420,151,2026-07-28,2026-07-29,87.06
1284,1421,125,2023-06-10,2023-06-16,88.17
1285,1422,18,2026-06-02,2026-06-10,141.91
1286,1423,56,2026-01-01,2026-01-08,206.14
1287,1424,155,2023-09-09,2023-09-18,111.17
1288,1425,155,2023-11-21,2023-11-30,185.47
1289,1427,146,2026-03-31,2026-04-03,198.46
1290,1429,71,2024-02-12,2024-02-21,166.51
1291,1430,188,2024-09-05,2024-09-12,235.49
1292,1431,160,2024-10-12,2024-10-21,133.87
1293,1432,74,2026-07-05,2026-07-14,355.35
1294,1433,106,2025-04-23,2025-05-01,291.88
1295,1434,156,2024-10-16,2024-10-23,341.08
1296,1435,86,2025-08-12,2025-08-14,386.14
1297,1436,123,2025-05-20,2025-05-25,263.17
1298,1437,163,2026-06-06,2026-06-09,391.76
1299,1438,14,2024-02-21,2024-02-22,394.14
1300,1440,61,2026-06-03,2026-06-05,122.97
1301,1441,159,2023-12-09,2023-12-11,106.97
1302,1442,19,2026-08-07,2026-08-10,
1303,1443,138,2024-02-11,2024-02-15,136.28
1304,1445,119,2023-11-27,2023-12-04,203.24
1305,1446,159,2023-10-17,2023-10-26,102.14
1306,1447,27,2025-11-26,2025-12-05,236.29
1307,1448,164,2025-09-27,2025-09-28,139.49
1308,1449,108,2026-06-02,2026-06-11,131.89
1309,1450,127,2025-06-10,2025-06-16,343.48
1310,1451,166,2025-12-01,2025-12-06,292.15
1311,1452,108,2026-07-07,2026-07-10,217.85
1312,1453,16,2023-08-01,2023-08-10,188.77
1313,1455,198,2024-01-01,2024-01-05,372.94
1314,1456,44,2026-07-05,2026-07-07,204.42
1315,1457,20,2024-12-18,2024-12-28,417.77
1316,1458,60,2023-09-04,2023-09-05,106.69
1317,1459,113,2025-10-20,2025-10-21,404.08
1318,1460,128,2025-12-26,2026-01-02,91.49
1319,1461,169,2024-04-17,2024-04-27,355.0
1320,1462,162,2024-04-01,2024-04-03,209.6
1321,1463,24,2025-06-30,2025-07-06,278.35
1322,1465,211,2026-07-12,2026-07-14,114.21
1323,1466,82,2025-06-06,2025-06-10,264.48
1324,1467,124,2025-01-24,2025-02-01,148.26
1325,1468,122,2026-04-08,2026-04-18,393.5
1326,1469,146,2025-10-24,2025-10-26,331.1
1327,1470,208,2026-03-13,2026-03-20,219.23
1328,1471,203,2025-06-08,2025-06-10,438.45
1329,1472,39,2026-01-02,2026-01-04,243.38
1330,1473,116,2026-07-29,2026-08-06,200.97
1331,1474,161,2024-05-13,2024-05-14,138.43
1332,1475,146,2025-06-14,2025-06-19,272.65
1333,1476,23,2026-08-06,2026-08-13,161.99
1334,1477,141,2023-11-17,2023-11-27,155.04
1335,1478,164,2024-01-18,2024-01-24,374.34
1336,1479,124,2025-01-06,2025-01-11,172.53
1337,1480,192,2026-08-25,2026-08-28,222.39
1338,1481,7,2024-05-07,2024-05-11,198.97
1339,1482,15,2026-07-14,2026-07-17,397.13
1340,1483,62,2023-12-11,2023-12-21,192.69
1341,1484,1,2025-01-04,2025-01-13,98.32
1342,1485,37,2024-03-26,2024-03-28,339.67
1343,1486,165,2024-07-30,2024-08-05,120.01
1344,1487,174,2025-10-08,2025-10-13,291.29
1345,1488,193,2026-04-19,2026-04-29,277.86
1346,1489,46,2024-01-18,2024-01-26,244.82
1347,1490,34,2023-12-19,2023-12-28,283.93
1348,1491,127,2026-06-03,2026-06-05,354.7
1349,1492,205,2026-04-26,2026-04-29,209.33
1350,1493,144,2025-06-17,2025-06-22,202.64
1351,1494,187,2023-12-26,2024-01-02,357.95
1352,1495,99,2024-01-27,2024-01-31,427.43
1353,1496,188,2025-07-18,2025-07-21,165.32
1354,1497,208,2024-05-18,2024-05-26,390.68
1355,1498,87,2026-05-28,2026-05-30,262.13
1356,1499,186,2025-06-24,2025-07-01,399.51
1357,1500,37,2024-05-16,2024-05-23,391.87
1358,1501,161,2024-05-20,2024-05-24,262.24
1359,1502,10,2023-10-07,2023-10-17,156.94
1360,1505,139,2024-03-13,2024-03-21,302.85
1361,1506,158,2024-03-21,2024-03-24,139.35
1362,1508,220,2026-08-07,2026-08-12,373.93
1363,1509,66,2024-12-26,2025-01-03,178.79
1364,1510,213,2025-07-06,2025-07-15,230.21
1365,1511,130,2025-01-24,2025-01-28,244.64
1366,1512,43,2025-06-10,2025-06-19,87.74
1367,1513,2,2024-02-23,2024-03-01,208.74
1368,1514,9,2025-01-18,2025-01-23,243.33
1369,1515,43,2024-02-14,2024-02-23,386.47
1370,1516,119,2023-10-14,2023-10-24,270.89
1371,1517,116,2023-09-28,2023-09-30,400.71
1372,1518,93,2024-02-04,2024-02-08,104.52
1373,1519,117,2024-08-12,2024-08-13,276.43
1374,1520,15,2024-07-16,2024-07-26,341.85
1375,1521,74,2026-08-22,2026-09-01,235.81
1376,1522,15,2026-04-09,2026-04-11,88.97
1377,1523,110,2025-06-01,2025-06-11,117.06
1378,1524,118,2023-04-23,2023-04-28,146.51
1379,1525,192,2023-12-09,2023-12-18,391.09
1380,1526,85,2025-04-14,2025-04-17,83.63
1381,1527,21,2026-08-12,2026-08-22,162.14
1382,1528,62,2024-12-14,2024-12-20,251.13
1383,1529,170,2023-02-24,2023-02-27,341.95
1384,1530,58,2026-06-25,2026-06-26,179.02
1385,1532,177,2024-08-06,2024-08-15,404.24
1386,1533,114,2025-09-16,2025-09-22,298.28
1387,1536,191,2026-08-27,2026-09-05,385.55
1388,1538,9,2025-06-30,2025-07-04,111.6
1389,1539,83,2024-12-26,2024-12-28,229.55
1390,1540,29,2026-06-02,2026-06-11,181.75
1391,1542,47,2025-02-03,2025-02-11,259.24
1392,1544,54,2024-09-16,2024-09-22,120.05
1393,1545,3,2026-06-30,2026-07-05,431.86
1394,1546,33,2026-04-30,2026-05-03,194.56
1395,1547,90,2025-03-20,2025-03-22,341.2
1396,1549,99,2024-04-29,2024-05-02,149.1
1397,1550,34,2025-12-12,2025-12-17,348.31
1398,1551,73,2025-01-19,2025-01-29,320.73
1399,1554,75,2025-02-27,2025-03-02,397.79
1400,1555,86,2023-09-21,2023-09-24,431.46
1401,1556,215,2025-05-07,2025-05-13,308.12
1402,1557,103,2023-03-07,2023-03-12,239.99
1403,1559,4,2024-10-25,2024-11-01,385.55
1404,1560,138,2023-08-08,2023-08-18,352.18
1405,1561,207,2025-01-27,2025-01-31,89.73
1406,1562,208,2026-08-16,2026-08-25,425.94
1407,1563,131,2023-12-05,2023-12-06,305.93
1408,1564,108,2023-09-02,2023-09-04,93.47
1409,1565,23,2024-11-23,2024-12-03,149.15
1410,1566,28,2026-08-26,2026-08-27,177.44
1411,1567,108,2025-12-14,2025-12-16,250.1
1412,1568,68,2026-07-21,2026-07-23,137.28
1413,1569,147,2025-12-13,2025-12-14,263.24
1414,1571,109,2026-02-20,2026-02-28,208.53
1415,1572,115,2026-05-24,2026-05-30,176.55
1416,1575,153,2025-07-16,2025-07-20,366.83
1417,1576,18,2025-05-26,2025-05-31,295.07
1418,1577,193,2025-03-25,2025-04-02,184.19
1419,1578,133,2026-06-13,2026-06-19,365.45
1420,1579,169,2025-12-10,2025-12-19,351.12
1421,1581,66,2023-12-16,2023-12-25,448.84
1422,1582,111,2024-12-26,2025-01-02,232.04
1423,1583,7,2025-07-22,2025-07-26,224.6
1424,1584,15,2026-05-31,2026-06-04,221.34
1425,1585,44,2024-07-22,2024-08-01,141.85
1426,1586,217,2023-11-27,2023-12-07,85.03
1427,1587,40,2024-02-03,2024-02-13,304.17
1428,1588,203,2026-03-13,2026-03-20,177.89
1429,1589,30,2025-08-31,2025-09-09,195.69
1430,1590,172,2026-03-27,2026-03-30,266.16
1431,1591,106,2026-07-12,2026-07-21,155.1
1432,1592,111,2024-06-17,2024-06-23,372.04
1433,1593,218,2024-08-10,2024-08-17,340.91
1434,1594,188,2025-12-16,2025-12-19,242.31
1435,1595,128,2023-06-25,2023-06-26,402.59
1436,1597,197,2025-04-18,2025-04-19,303.03
1437,1598,39,2023-09-18,2023-09-27,310.24
1438,1599,164,2023-11-14,2023-11-16,309.68
1439,1600,154,2026-08-11,2026-08-20,444.79
1440,1601,67,2023-11-03,2023-11-09,367.29
1441,1602,117,2024-04-21,2024-05-01,209.68
1442,1603,210,2026-06-23,2026-06-25,107.08
1443,1604,16,2025-03-12,2025-03-17,91.03
1444,1605,134,2026-03-10,2026-03-20,107.98
1445,1606,4,2024-04-24,2024-05-02,202.93
1446,1607,92,2025-02-12,2025-02-21,134.85
1447,1608,74,2024-03-22,2024-03-30,345.23
1448,1609,169,2024-09-06,2024-09-16,331.73
1449,1610,132,2025-09-18,2025-09-25,368.98
1450,1611,32,2026-04-06,2026-04-08,208.4
1451,1614,215,2025-02-02,2025-02-06,88.93
1452,1615,205,2026-05-30,2026-06-06,282.85
1453,1616,67,2024-06-19,2024-06-21,246.94
1454,1617,25,2026-08-18,2026-08-27,147.75
1455,1618,49,2025-04-16,2025-04-19,212.25
1456,1619,79,2023-06-21,2023-06-27,405.37
1457,1620,194,2025-05-25,2025-05-29,412.28
1458,1622,13,2026-03-27,2026-03-28,290.94
1459,1623,178,2026-07-11,2026-07-21,246.02
1460,1624,87,2024-06-03,2024-06-13,382.57
1461,1625,220,2025-04-20,2025-04-23,344.81
1462,1626,7,2024-11-20,2024-11-22,327.93
1463,1627,97,2023-08-14,2023-08-22,227.8
1464,1628,179,2026-08-18,2026-08-22,85.07
1465,1629,82,2026-06-01,2026-06-03,111.5
1466,1630,138,2026-04-09,2026-04-17,385.75
1467,1631,27,2024-08-12,2024-08-13,236.7
1468,1632,49,2023-11-28,2023-12-01,175.64
1469,1633,1,2023-09-24,2023-10-03,294.87
1470,1634,164,2024-11-26,2024-11-27,247.38
1471,1635,74,2026-08-06,2026-08-09,373.59
1472,1636,25,2026-06-01,2026-06-11,251.96
1473,1638,40,2026-01-10,2026-01-17,397.95
1474,1639,167,2025-02-01,2025-02-06,294.78
1475,1640,119,2025-12-08,2025-12-11,239.14
1476,1641,76,2024-08-09,2024-08-12,324.09
1477,1642,201,2026-03-15,2026-03-20,217.43
1478,1643,98,2026-08-22,2026-08-26,367.65
1479,1644,159,2026-06-12,2026-06-22,324.18
1480,1645,45,2026-08-20,2026-08-30,231.53
1481,1646,205,2025-07-09,2025-07-15,137.2
1482,1648,157,2026-05-15,2026-05-22,337.51
1483,1649,187,2025-01-23,2025-02-01,362.42
1484,1650,71,2025-09-06,2025-09-16,119.53
1485,1651,195,2024-01-07,2024-01-09,95.38
1486,1652,138,2023-11-07,2023-11-11,337.79
1487,1653,130,2026-02-28,2026-03-08,181.87
1488,1654,122,2026-01-13,2026-01-19,276.5
1489,1655,120,2025-05-22,2025-05-24,168.51
1490,1656,53,2026-08-23,2026-08-25,357.01
1491,1657,109,2024-02-27,2024-03-06,128.47
1492,1658,5,2026-06-24,2026-06-25,309.1
1493,1659,21,2024-08-21,2024-08-31,130.96
1494,1660,88,2024-03-03,2024-03-04,150.37
1495,1661,15,2026-06-25,2026-06-30,228.73
1496,1662,194,2025-04-05,2025-04-15,364.31
1497,1663,181,2023-10-05,2023-10-09,435.7
1498,1664,198,2024-07-21,2024-07-25,294.36
1499,1665,114,2023-07-25,2023-07-28,333.85
1500,1666,194,2024-06-21,2024-06-22,276.29
1501,1668,112,2024-01-06,2024-01-14,195.02
1502,1669,48,2025-10-13,2025-10-15,81.44
1503,1670,79,2025-07-05,2025-07-13,199.06
1504,1671,87,2026-05-31,2026-06-03,95.47
1505,1672,97,2024-07-26,2024-08-04,337.2
1506,1673,32,2025-04-08,2025-04-15,254.99
1507,1675,122,2026-06-26,2026-07-05,305.06
1508,1676,140,2023-12-12,2023-12-18,357.23
1509,1677,124,2026-01-13,2026-01-14,265.46
1510,1678,29,2024-11-09,2024-11-15,312.75
1511,1679,49,2024-10-18,2024-10-22,147.28
1512,1680,178,2023-12-19,2023-12-25,361.47
1513,1681,66,2026-07-22,2026-07-29,423.93
1514,1682,203,2025-12-12,2025-12-17,416.54
1515,1683,15,2026-01-08,2026-01-15,427.42
1516,1684,109,2024-01-11,2024-01-14,329.46
1517,1685,101,2024-03-17,2024-03-19,167.66
1518,1686,29,2026-04-11,2026-04-16,428.49
1519,1687,177,2024-05-18,2024-05-22,277.44
1520,1688,111,2026-08-23,2026-08-30,106.45
1521,1689,8,2024-10-09,2024-10-14,142.36
1522,1690,108,2024-08-09,2024-08-11,449.07
1523,1691,170,2025-05-05,2025-05-14,229.76
1524,1692,72,2025-12-27,2025-12-30,151.78
1525,1693,88,2025-11-21,2025-11-22,268.92
1526,1694,10,2026-06-14,2026-06-15,425.69
1527,1695,19,2026-01-17,2026-01-18,389.69
1528,1696,119,2026-08-19,2026-08-23,96.18
1529,1697,5,2026-08-23,2026-08-26,156.31
1530,1698,213,2023-10-24,2023-11-02,432.7
1531,1699,146,2026-03-29,2026-04-08,124.94
1532,1700,32,2026-08-01,2026-08-04,139.95
1533,1701,157,2025-11-29,2025-11-30,97.57
1534,1702,44,2024-05-02,2024-05-09,262.56
1535,1703,104,2026-07-17,2026-07-22,276.09
1536,1704,96,2024-05-18,2024-05-21,286.91
1537,1705,209,2024-07-20,2024-07-21,241.29
1538,1706,11,2023-11-04,2023-11-06,255.02
1539,1707,49,2024-09-09,2024-09-16,400.14
1540,1708,38,2025-03-25,2025-03-27,419.93
1541,1709,60,2026-04-05,2026-04-11,158.7
1542,1711,219,2026-03-20,2026-03-24,354.81
1543,1712,41,2025-05-16,2025-05-18,191.59
1544,1713,67,2025-02-09,2025-02-12,218.69
1545,1714,48,2026-02-15,2026-02-21,118.05
1546,1715,157,2023-09-17,2023-09-26,140.48
1547,1716,193,2024-12-29,2025-01-04,240.35
1548,1717,90,2026-01-05,2026-01-12,177.17
1549,1718,173,2024-02-03,2024-02-08,239.49
1550,1719,19,2023-06-08,2023-06-11,218.17
1551,1720,212,2026-08-07,2026-08-17,107.89
1552,1721,198,2026-01-31,2026-02-09,139.1
1553,1724,199,2024-11-23,2024-11-30,125.38
1554,1725,201,2025-10-11,2025-10-16,201.01
1555,1726,5,2025-11-13,2025-11-16,187.03
1556,1727,193,2024-01-01,2024-01-06,203.01
1557,1729,12,2023-12-05,2023-12-07,138.58
1558,1730,67,2025-09-26,2025-09-29,140.83
1559,1731,44,2023-06-13,2023-06-15,296.22
1560,1732,58,2025-02-20,2025-02-22,352.42
1561,1733,71,2024-06-12,2024-06-19,351.15
1562,1734,212,2025-07-11,2025-07-19,124.89
1563,1735,174,2026-01-29,2026-02-01,256.51
1564,1736,148,2026-05-03,2026-05-07,244.11
1565,1737,131,2026-04-25,2026-05-04,195.09
1566,1738,205,2026-07-28,2026-08-07,156.53
1567,1739,84,2023-10-15,2023-10-16,299.31
1568,1740,181,2026-08-15,2026-08-21,265.57
1569,1741,173,2024-04-06,2024-04-08,169.71
1570,1742,114,2025-08-06,2025-08-07,
1571,1744,216,2024-04-13,2024-04-14,204.85
1572,1745,205,2025-10-04,2025-10-10,94.05
1573,1746,191,2026-06-10,2026-06-11,280.25
1574,1747,121,2026-07-25,2026-08-04,86.73
1575,1748,11,2023-12-03,2023-12-10,96.96
1576,1749,218,2026-05-04,2026-05-13,402.71
1577,1750,177,2026-08-03,2026-08-13,182.62
1578,1751,163,2024-06-23,2024-06-29,158.67
1579,1752,18,2024-09-24,2024-09-28,160.22
1580,1754,46,2026-07-29,2026-07-31,144.93
1581,1755,183,2023-11-04,2023-11-11,150.6
1582,1756,42,2026-06-22,2026-06-30,426.1
1583,1757,187,2025-11-07,2025-11-15,436.69
1584,1760,118,2023-08-30,2023-09-02,174.71
1585,1761,155,2024-08-16,2024-08-21,234.23
1586,1762,94,2024-01-19,2024-01-21,153.34
1587,1763,99,2026-08-07,2026-08-16,111.74
1588,1764,183,2026-03-07,2026-03-15,415.66
1589,1765,164,2026-05-30,2026-06-05,390.5
1590,1766,107,2024-08-15,2024-08-19,399.83
1591,1767,61,2025-10-09,2025-10-13,308.6
1592,1768,142,2026-06-10,2026-06-17,135.52
1593,1769,113,2023-03-10,2023-03-20,106.03
1594,1770,131,2024-07-19,2024-07-28,326.7
1595,1771,61,2026-08-14,2026-08-19,119.7
1596,1772,26,2024-06-27,2024-06-30,231.05
1597,1773,63,2024-08-17,2024-08-26,
1598,1775,21,2024-03-25,2024-03-29,378.34
1599,1776,35,2025-12-20,2025-12-30,404.69
1600,1777,19,2026-05-10,2026-05-19,143.04
1601,1778,13,2024-02-20,2024-02-22,102.29
1602,1779,49,2024-04-14,2024-04-20,255.07
1603,1780,135,2025-02-25,2025-03-05,99.96
1604,1781,210,2024-12-27,2024-12-30,157.21
1605,1782,7,2024-10-17,2024-10-23,102.24
1606,1784,61,2025-01-11,2025-01-13,385.58
1607,1785,189,2025-08-22,2025-08-28,289.42
1608,1786,64,2024-08-23,2024-08-24,272.08
1609,1787,90,2024-08-20,2024-08-21,224.33
1610,1788,140,2026-01-08,2026-01-16,356.0
1611,1790,46,2026-05-22,2026-05-30,121.35
1612,1791,7,2026-07-19,2026-07-28,180.59
1613,1792,56,2023-07-11,2023-07-12,241.26
1614,1793,133,2023-07-28,2023-08-07,152.65
1615,1794,25,2024-12-22,2024-12-27,337.16
1616,1795,41,2024-05-15,2024-05-16,141.86
1617,1796,31,2023-11-18,2023-11-21,276.61
1618,1797,71,2026-06-15,2026-06-20,219.75
1619,1798,73,2025-01-12,2025-01-16,384.23
1620,1800,27,2025-10-14,2025-10-18,95.3
1621,1801,10,2024-02-23,2024-02-26,275.66
1622,1802,144,2025-07-17,2025-07-19,137.73
1623,1803,29,2024-10-27,2024-10-29,144.74
1624,1804,22,2026-07-08,2026-07-10,159.84
1625,1805,101,2025-07-29,2025-08-06,186.27
1626,1806,173,2026-05-25,2026-05-27,381.84
1627,1807,185,2024-08-10,2024-08-17,111.5
1628,1808,154,2024-02-09,2024-02-15,335.01
1629,1809,28,2025-07-10,2025-07-13,250.67
1630,1810,24,2026-04-10,2026-04-20,370.5
1631,1811,50,2025-09-18,2025-09-22,313.76
1632,1812,173,2024-08-21,2024-08-24,151.42
1633,1813,167,2024-04-25,2024-05-02,243.62
1634,1814,54,2025-05-30,2025-06-07,302.12
1635,1817,108,2024-03-26,2024-04-05,153.63
1636,1818,44,2026-05-21,2026-05-27,110.18
1637,1820,17,2026-02-11,2026-02-15,194.91
1638,1821,68,2025-08-11,2025-08-14,377.86
1639,1822,147,2026-07-17,2026-07-26,301.21
1640,1823,138,2026-05-15,2026-05-21,82.06
1641,1825,66,2024-03-27,2024-04-05,322.18
1642,1826,126,2026-04-05,2026-04-11,356.96
1643,1827,165,2026-02-09,2026-02-14,435.37
1644,1828,5,2026-07-05,2026-07-09,124.9
1645,1829,83,2024-03-24,2024-04-03,92.02
1646,1830,187,2025-04-17,2025-04-18,316.44
1647,1831,160,2025-02-22,2025-02-28,195.78
1648,1832,216,2024-07-01,2024-07-03,239.88
1649,1834,95,2025-12-06,2025-12-13,427.16
1650,1835,51,2024-12-16,2024-12-19,328.46
1651,1836,180,2023-05-16,2023-05-26,141.15
1652,1837,15,2023-05-03,2023-05-08,231.38
1653,1838,71,2026-08-04,2026-08-13,312.76
1654,1839,151,2026-03-04,2026-03-06,213.68
1655,1841,42,2023-06-20,2023-06-23,344.14
1656,1842,140,2024-09-24,2024-09-30,82.94
1657,1843,182,2025-03-05,2025-03-09,117.52
1658,1844,148,2026-08-24,2026-09-01,167.45
1659,1845,147,2024-11-17,2024-11-27,410.67
1660,1847,4,2024-02-19,2024-02-24,80.72
1661,1849,78,2023-10-23,2023-10-31,360.04
1662,1850,17,2025-12-23,2025-12-24,418.24
1663,1851,138,2025-01-26,2025-01-29,356.53
1664,1852,14,2024-11-13,2024-11-17,125.18
1665,1853,107,2026-05-21,2026-05-27,433.49
1666,1854,10,2024-12-21,2024-12-25,110.87
1667,1855,199,2024-03-05,2024-03-07,449.56
1668,1856,73,2025-10-20,2025-10-21,399.42
1669,1858,104,2025-09-14,2025-09-22,363.3
1670,1860,179,2025-11-10,2025-11-16,385.44
1671,1861,36,2026-06-29,2026-07-04,318.56
1672,1862,213,2025-11-05,2025-11-09,348.98
1673,1863,62,2024-06-15,2024-06-23,147.18
1674,1864,93,2026-08-26,2026-09-03,215.02
1675,1865,130,2026-06-23,2026-06-29,198.35
1676,1866,66,2025-09-09,2025-09-19,371.15
1677,1867,107,2023-11-22,2023-11-23,437.91
1678,1869,29,2025-02-19,2025-02-21,291.66
1679,1870,47,2026-04-30,2026-05-03,351.42
1680,1871,102,2024-08-11,2024-08-19,377.89
1681,1872,95,2026-07-31,2026-08-10,320.42
1682,1873,160,2024-08-12,2024-08-20,232.61
1683,1874,201,2026-02-07,2026-02-16,420.06
1684,1875,208,2023-09-30,2023-10-03,234.13
1685,1876,10,2026-08-07,2026-08-16,306.77
1686,1877,52,2025-08-03,2025-08-11,308.31
1687,1878,24,2024-04-25,2024-05-03,421.59
1688,1879,82,2024-01-29,2024-02-08,321.75
1689,1880,89,2023-11-27,2023-11-29,258.62
1690,1881,134,2026-08-12,2026-08-13,252.46
1691,1882,190,2025-02-14,2025-02-16,331.07
1692,1883,95,2024-10-28,2024-11-06,87.95
1693,1884,79,2024-03-20,2024-03-29,414.22
1694,1885,197,2026-06-19,2026-06-26,251.88
1695,1886,130,2026-07-02,2026-07-04,304.94
1696,1887,39,2026-07-22,2026-08-01,363.69
1697,1888,104,2026-07-10,2026-07-11,309.83
1698,1889,117,2024-04-07,2024-04-08,225.33
1699,1890,207,2023-08-27,2023-09-04,165.24
1700,1891,199,2025-07-12,2025-07-16,163.23
1701,1892,183,2025-03-01,2025-03-05,240.95
1702,1893,76,2024-01-15,2024-01-24,146.15
1703,1894,74,2026-05-16,2026-05-17,179.5
1704,1896,163,2026-07-09,2026-07-17,186.5
1705,1897,210,2024-05-04,2024-05-14,421.17
1706,1898,109,2026-02-01,2026-02-05,386.23
1707,1899,132,2026-06-01,2026-06-06,181.45
1708,1900,46,2024-03-28,2024-04-06,298.26
1709,1901,140,2025-06-26,2025-07-06,87.72
1710,1902,3,2026-05-31,2026-06-08,141.33
1711,1903,219,2026-08-21,2026-08-25,107.85
1712,1904,126,2026-08-24,2026-08-30,264.67
1713,1905,30,2024-04-19,2024-04-20,160.2
1714,1906,4,2024-07-02,2024-07-04,363.61
1715,1907,71,2026-06-13,2026-06-23,365.54
1716,1908,169,2026-07-25,2026-07-28,355.34
1717,1909,13,2026-08-11,2026-08-15,127.5
1718,1910,94,2026-07-26,2026-08-03,291.94
1719,1912,11,2025-09-18,2025-09-24,207.13
1720,1913,74,2026-04-18,2026-04-24,324.03
1721,1914,14,2026-04-18,2026-04-19,339.84
1722,1915,176,2026-04-14,2026-04-23,287.08
1723,1916,203,2024-12-10,2024-12-19,244.19
1724,1917,184,2024-10-14,2024-10-18,257.45
1725,1918,31,2024-06-29,2024-06-30,343.96
1726,1919,118,2024-11-09,2024-11-19,216.01
1727,1920,70,2025-11-17,2025-11-23,313.88
1728,1921,144,2026-05-18,2026-05-28,104.56
1729,1922,121,2025-05-26,2025-05-27,258.68
1730,1923,8,2023-12-10,2023-12-17,265.66
1731,1924,67,2026-03-16,2026-03-21,352.38
1732,1925,220,2026-08-07,2026-08-15,384.29
1733,1926,213,2026-04-06,2026-04-08,287.19
1734,1927,138,2025-01-18,2025-01-25,208.84
1735,1928,9,2026-03-27,2026-03-30,
1736,1929,46,2024-12-07,2024-12-08,265.54
1737,1930,216,2026-08-20,2026-08-28,109.89
1738,1931,88,2024-07-09,2024-07-11,249.45
1739,1932,131,2025-11-28,2025-12-08,315.17
1740,1933,25,2024-09-13,2024-09-20,90.52
1741,1934,54,2026-02-14,2026-02-17,112.25
1742,1935,91,2026-05-03,2026-05-11,182.9
1743,1936,81,2024-09-02,2024-09-11,254.88
1744,1937,196,2026-07-22,2026-07-25,241.07
1745,1938,58,2025-02-13,2025-02-23,386.38
1746,1939,90,2026-05-02,2026-05-04,348.62
1747,1940,18,2025-05-22,2025-05-23,370.21
1748,1941,46,2026-07-08,2026-07-17,370.34
1749,1942,99,2025-10-31,2025-11-07,260.44
1750,1943,186,2025-12-22,2025-12-31,85.45
1751,1944,64,2024-03-13,2024-03-17,177.01
1752,1946,104,2024-08-18,2024-08-23,214.76
1753,1947,220,2025-07-13,2025-07-18,147.13
1754,1950,66,2026-07-30,2026-08-08,89.65
1755,1951,44,2024-11-09,2024-11-19,99.96
1756,1952,42,2026-05-19,2026-05-23,98.67
1757,1953,75,2023-12-08,2023-12-18,296.1
1758,1954,49,2025-04-04,2025-04-06,138.38
1759,1955,151,2025-10-19,2025-10-20,321.05
1760,1956,38,2026-08-24,2026-08-30,186.13
1761,1957,213,2024-07-14,2024-07-16,152.94
1762,1959,125,2025-11-05,2025-11-14,301.58
1763,1960,112,2026-03-15,2026-03-19,359.15
1764,1961,86,2025-08-09,2025-08-13,449.34
1765,1962,13,2023-10-09,2023-10-13,291.03
1766,1963,84,2025-06-12,2025-06-21,87.49
1767,1964,58,2026-07-23,2026-07-29,440.21
1768,1965,217,2023-08-16,2023-08-21,250.08
1769,1966,29,2026-08-21,2026-08-30,340.91
1770,1967,120,2024-03-22,2024-03-24,368.81
1771,1968,75,2026-08-24,2026-08-27,414.63
1772,1969,87,2025-09-17,2025-09-22,137.57
1773,1970,181,2025-10-11,2025-10-13,402.77
1774,1971,107,2026-02-21,2026-02-22,348.25
1775,1972,94,2023-12-17,2023-12-20,179.22
1776,1973,177,2023-10-26,2023-10-28,271.18
1777,1974,151,2024-12-14,2024-12-24,257.68
1778,1975,173,2025-12-26,2025-12-29,128.37
1779,1976,189,2025-11-04,2025-11-07,377.05
1780,1977,113,2026-01-17,2026-01-25,306.28
1781,1979,135,2025-10-23,2025-10-27,176.97
1782,1980,39,2023-07-02,2023-07-07,253.01
1783,1981,109,2023-08-08,2023-08-17,138.58
1784,1982,96,2026-02-14,2026-02-24,143.03
1785,1983,84,2026-05-02,2026-05-11,220.68
1786,1984,92,2026-07-27,2026-07-30,140.04
1787,1985,88,2025-05-29,2025-05-31,279.81
1788,1987,154,2025-04-07,2025-04-12,229.84
1789,1988,61,2024-12-03,2024-12-13,209.29
1790,1990,166,2026-04-12,2026-04-13,249.76
1791,1991,115,2023-09-22,2023-09-30,350.47
1792,1992,163,2026-08-21,2026-08-30,371.21
1793,1993,205,2024-06-03,2024-06-07,136.16
1794,1994,79,2023-11-27,2023-12-04,326.95
1795,1995,212,2026-06-02,2026-06-03,161.96
1796,1996,94,2023-11-10,2023-11-15,302.02
1797,1997,71,2024-12-31,2025-01-09,372.69
1798,1998,73,2023-10-14,2023-10-22,368.74
1799,1999,103,2024-03-10,2024-03-14,265.13
1800,2000,172,2025-09-23,2025-09-29,206.23
1801,2001,130,2026-04-29,2026-05-03,317.47
1802,2002,187,2025-08-28,2025-09-06,337.19
1803,2003,118,2025-02-03,2025-02-12,319.78
1804,2004,71,2025-04-30,2025-05-09,397.82
1805,2005,87,2024-05-20,2024-05-26,298.82
1806,2006,31,2025-11-20,2025-11-28,431.56
1807,2007,46,2024-12-11,2024-12-18,125.12
1808,2009,125,2024-07-08,2024-07-14,263.37
1809,2010,126,2025-05-20,2025-05-28,
1810,2011,22,2026-08-23,2026-08-29,206.38
1811,2012,69,2025-08-13,2025-08-17,187.6
1812,2013,73,2026-03-19,2026-03-25,239.0
1813,2014,48,2024-02-02,2024-02-04,343.42
1814,2015,201,2026-08-06,2026-08-11,434.89
1815,2016,219,2024-08-25,2024-09-01,259.64
1816,2017,106,2025-06-11,2025-06-15,333.05
1817,2018,104,2025-11-19,2025-11-20,252.3
1818,2019,187,2024-08-01,2024-08-03,411.31
1819,2020,13,2026-08-11,2026-08-18,188.6
1820,2021,58,2026-08-13,2026-08-15,304.82
1821,2022,81,2025-07-05,2025-07-10,423.7
1822,2023,79,2025-05-28,2025-06-04,253.21
1823,2024,124,2024-08-03,2024-08-04,358.49
1824,2025,86,2025-12-09,2025-12-14,417.34
1825,2026,157,2025-01-02,2025-01-10,162.04
1826,2027,189,2026-05-07,2026-05-16,429.45
1827,2028,57,2026-03-18,2026-03-25,268.89
1828,2029,112,2026-06-07,2026-06-08,227.3
1829,2030,159,2025-09-07,2025-09-10,
1830,2031,114,2026-08-09,2026-08-17,409.66
1831,2032,90,2023-05-15,2023-05-24,313.91
1832,2033,25,2026-04-18,2026-04-26,432.13
1833,2034,1,2026-02-05,2026-02-14,95.72
1834,2035,199,2025-07-25,2025-08-04,362.67
1835,2036,62,2023-08-09,2023-08-15,147.68
1836,2037,192,2024-05-12,2024-05-15,114.28
1837,2038,67,2023-09-17,2023-09-26,317.21
1838,2039,146,2026-08-01,2026-08-03,383.07
1839,2040,96,2026-03-14,2026-03-24,122.91
1840,2041,104,2023-11-26,2023-12-06,351.1
1841,2042,42,2025-04-28,2025-04-29,349.41
1842,2043,23,2025-02-12,2025-02-16,449.94
1843,2044,49,2025-11-10,2025-11-15,308.4
1844,2045,85,2025-06-28,2025-07-07,439.72
1845,2046,171,2026-07-14,2026-07-22,264.22
1846,2047,171,2025-10-26,2025-11-05,249.13
1847,2048,11,2024-08-27,2024-09-04,340.59
1848,2049,116,2026-07-09,2026-07-19,128.16
1849,2051,162,2025-09-16,2025-09-23,160.48
1850,2052,138,2026-08-14,2026-08-24,438.38
1851,2053,217,2025-05-28,2025-06-06,355.95
1852,2054,125,2023-11-14,2023-11-18,385.61
1853,2055,105,2026-08-25,2026-08-29,285.98
1854,2056,134,2024-07-10,2024-07-11,287.55
1855,2057,220,2024-01-01,2024-01-09,289.07
1856,2058,133,2024-08-17,2024-08-19,380.46
1857,2059,21,2026-01-17,2026-01-25,221.85
1858,2060,157,2024-12-26,2024-12-27,170.31
1859,2063,83,2026-04-10,2026-04-11,398.26
1860,2064,106,2025-11-04,2025-11-12,392.47
1861,2065,7,2026-07-01,2026-07-06,412.11
1862,2066,163,2024-07-23,2024-08-02,239.97
1863,2067,56,2025-10-23,2025-10-27,412.27
1864,2068,15,2024-03-08,2024-03-16,371.15
1865,2069,35,2025-07-07,2025-07-13,179.71
1866,2070,98,2026-07-04,2026-07-14,345.26
1867,2071,113,2025-12-08,2025-12-09,
1868,2072,14,2026-06-01,2026-06-05,149.75
1869,2073,164,2024-11-21,2024-11-28,95.09
1870,2074,21,2023-08-01,2023-08-04,148.5
1871,2075,43,2024-03-28,2024-04-07,205.03
1872,2076,115,2026-07-03,2026-07-08,275.0
1873,2077,38,2024-04-26,2024-05-05,265.14
1874,2078,105,2026-02-14,2026-02-16,328.39
1875,2079,119,2024-01-14,2024-01-17,290.03
1876,2080,56,2026-03-21,2026-03-30,119.35
1877,2081,167,2025-07-04,2025-07-05,333.73
1878,2082,186,2024-09-11,2024-09-20,81.4
1879,2083,84,2026-08-07,2026-08-16,238.42
1880,2084,67,2026-07-13,2026-07-18,406.05
1881,2085,101,2023-11-24,2023-11-29,147.44
1882,2086,29,2025-11-01,2025-11-09,99.54
1883,2088,215,2023-10-27,2023-11-01,145.57
1884,2090,24,2024-05-30,2024-06-05,142.74
1885,2091,12,2026-06-17,2026-06-22,249.63
1886,2092,119,2024-02-15,2024-02-22,428.05
1887,2093,141,2026-08-25,2026-08-30,211.49
1888,2094,51,2026-08-26,2026-08-29,383.57
1889,2095,103,2024-03-14,2024-03-23,371.4
1890,2096,123,2026-08-28,2026-09-06,150.92
1891,2097,16,2024-06-28,2024-07-05,252.56
1892,2098,32,2025-06-22,2025-07-01,329.88
1893,2100,104,2024-11-27,2024-12-07,101.17
1894,2101,106,2024-03-03,2024-03-11,83.15
1895,2102,38,2026-03-19,2026-03-20,203.69
1896,2103,125,2023-12-03,2023-12-08,424.42
1897,2104,117,2026-04-29,2026-05-08,392.84
1898,2105,95,2023-11-09,2023-11-10,271.88
1899,2106,166,2026-02-07,2026-02-09,165.36
1900,2107,174,2025-07-01,2025-07-07,140.06
1901,2108,164,2024-05-06,2024-05-16,277.73
1902,2109,7,2024-01-23,2024-01-24,105.72
1903,2110,32,2026-07-22,2026-07-31,182.64
1904,2111,112,2026-08-17,2026-08-24,413.81
1905,2112,114,2024-10-19,2024-10-23,383.62
1906,2113,44,2026-08-05,2026-08-13,118.74
1907,2114,96,2026-06-16,2026-06-26,141.82
1908,2115,1,2025-07-26,2025-08-05,189.66
1909,2116,197,2026-07-28,2026-07-31,241.98
1910,2117,183,2025-05-15,2025-05-23,322.3
1911,2118,108,2026-06-05,2026-06-11,338.43
1912,2119,72,2026-06-05,2026-06-12,128.39
1913,2120,195,2026-08-05,2026-08-14,152.45
1914,2121,158,2024-12-15,2024-12-18,168.59
1915,2122,177,2025-05-15,2025-05-21,100.52
1916,2123,200,2026-02-08,2026-02-18,371.77
1917,2125,104,2024-12-13,2024-12-18,278.94
1918,2127,137,2025-10-31,2025-11-07,127.86
1919,2128,166,2025-03-29,2025-04-08,161.92
1920,2129,125,2025-04-11,2025-04-17,303.02
1921,2130,135,2024-08-10,2024-08-17,334.14
1922,2131,131,2026-08-11,2026-08-20,112.05
1923,2132,118,2024-02-07,2024-02-14,190.37
1924,2133,134,2024-06-09,2024-06-12,95.84
1925,2134,137,2026-07-03,2026-07-09,264.32
1926,2135,4,2025-03-10,2025-03-14,288.23
1927,2136,171,2026-05-17,2026-05-23,
1928,2137,139,2023-11-18,2023-11-28,447.57
1929,2138,82,2023-09-09,2023-09-13,320.63
1930,2139,103,2026-04-25,2026-04-28,408.57
1931,2140,162,2023-12-18,2023-12-21,140.12
1932,2141,174,2024-09-23,2024-09-30,400.93
1933,2142,101,2024-01-30,2024-01-31,351.05
1934,2143,220,2023-10-12,2023-10-15,403.34
1935,2144,163,2025-08-29,2025-09-05,151.0
1936,2145,97,2026-02-16,2026-02-19,108.92
1937,2146,171,2025-07-06,2025-07-14,373.59
1938,2147,218,2025-11-14,2025-11-15,166.78
1939,2148,62,2024-03-01,2024-03-04,373.84
1940,2149,83,2024-09-08,2024-09-16,444.56
1941,2150,192,2023-07-17,2023-07-26,227.06
1942,2151,164,2026-03-29,2026-04-03,319.49
1943,2152,46,2025-09-07,2025-09-09,114.91
1944,2154,13,2025-10-09,2025-10-19,
1945,2155,202,2026-06-10,2026-06-19,192.33
1946,2156,83,2025-03-17,2025-03-19,235.0
1947,2157,26,2026-01-23,2026-01-29,173.56
1948,2159,65,2026-07-01,2026-07-07,177.33
1949,2160,6,2025-08-11,2025-08-14,239.52
1950,2162,1,2025-07-12,2025-07-20,390.72
1951,2163,78,2024-06-06,2024-06-14,123.46
1952,2164,40,2024-01-22,2024-01-28,336.33
1953,2165,85,2026-04-27,2026-05-02,185.73
1954,2166,43,2025-01-06,2025-01-13,117.28
1955,2167,74,2025-10-06,2025-10-12,320.77
1956,2168,82,2026-04-27,2026-05-01,89.84
1957,2169,4,2024-03-04,2024-03-11,251.02
1958,2170,55,2025-03-11,2025-03-16,375.83
1959,2171,61,2023-11-13,2023-11-16,299.56
1960,2172,102,2026-08-10,2026-08-20,104.99
1961,2173,122,2026-06-22,2026-06-28,389.8
1962,2174,87,2025-07-16,2025-07-21,191.35
1963,2175,118,2024-12-02,2024-12-09,140.5
1964,2176,151,2025-10-30,2025-11-07,
1965,2177,114,2024-07-25,2024-07-26,167.04
1966,2179,105,2025-11-20,2025-11-22,
1967,2180,106,2025-06-12,2025-06-16,129.96
1968,2181,2,2025-06-09,2025-06-15,137.15
1969,2183,10,2025-01-10,2025-01-13,193.23
1970,2184,7,2026-06-16,2026-06-26,148.78
1971,2185,195,2024-09-28,2024-10-01,346.47
1972,2186,24,2024-08-24,2024-08-26,381.49
1973,2187,75,2025-11-14,2025-11-23,430.09
1974,2188,92,2026-05-27,2026-06-05,310.92
1975,2189,76,2025-01-15,2025-01-17,381.26
1976,2190,86,2024-09-03,2024-09-07,345.46
1977,2191,153,2026-08-09,2026-08-16,154.58
1978,2192,120,2024-01-14,2024-01-21,311.5
1979,2193,15,2024-05-19,2024-05-28,359.07
1980,2194,128,2026-01-09,2026-01-12,217.25
1981,2195,125,2025-01-07,2025-01-11,326.18
1982,2197,47,2026-03-23,2026-03-25,250.29
1983,2198,9,2024-04-27,2024-05-05,105.92
1984,2199,28,2025-04-25,2025-04-26,392.28
1985,2200,214,2026-06-23,2026-06-26,346.03
1986,2201,216,2024-10-27,2024-10-30,331.89
1987,2202,10,2025-04-20,2025-04-30,199.66
1988,2203,43,2024-04-16,2024-04-21,429.79
1989,2205,216,2026-06-20,2026-06-29,296.08
1990,2206,215,2023-10-01,2023-10-04,155.09
1991,2207,46,2025-12-31,2026-01-02,93.98
1992,2208,88,2026-06-10,2026-06-20,170.38
1993,2209,200,2026-06-18,2026-06-24,248.97
1994,2210,31,2024-01-10,2024-01-15,258.46
1995,2211,151,2026-08-02,2026-08-09,347.51
1996,2212,67,2023-06-11,2023-06-14,259.26
1997,2213,139,2026-06-15,2026-06-16,265.26
1998,2215,158,2023-11-27,2023-11-29,214.4
1999,2216,55,2026-04-29,2026-05-05,156.87
2000,2217,155,2024-05-04,2024-05-12,327.02
2001,2218,32,2025-06-06,2025-06-14,148.37
2002,2219,207,2025-11-15,2025-11-18,430.86
2003,2221,126,2025-05-05,2025-05-08,226.0
2004,2222,107,2026-07-08,2026-07-12,241.42
2005,2223,193,2024-03-30,2024-04-01,168.1
2006,2224,49,2026-04-17,2026-04-21,132.62
2007,2225,50,2026-07-30,2026-08-06,395.06
2008,2227,118,2026-08-27,2026-09-06,413.32
2009,2229,7,2026-08-29,2026-09-06,442.79
2010,2230,98,2024-09-30,2024-10-07,257.07
2011,2232,12,2026-08-01,2026-08-07,405.26
2012,2234,110,2025-04-21,2025-04-29,439.63
2013,2235,78,2026-01-13,2026-01-20,185.12
2014,2236,95,2026-08-24,2026-08-29,81.48
2015,2237,27,2026-08-16,2026-08-23,144.76
2016,2238,5,2025-12-28,2025-12-29,105.22
2017,2239,155,2024-02-10,2024-02-17,213.94
2018,2240,8,2026-02-01,2026-02-11,352.55
2019,2241,130,2025-07-23,2025-07-31,185.23
2020,2242,99,2023-06-20,2023-06-28,161.28
2021,2243,111,2024-03-01,2024-03-05,209.93
2022,2244,185,2023-10-12,2023-10-13,85.16
2023,2245,19,2023-12-19,2023-12-28,94.02
2024,2246,116,2026-08-22,2026-09-01,368.3
2025,2247,38,2024-11-26,2024-12-02,376.5
2026,2248,151,2025-05-14,2025-05-15,91.34
2027,2249,199,2026-07-24,2026-07-28,295.79
2028,2250,218,2023-12-07,2023-12-12,251.15
2029,2251,28,2024-01-12,2024-01-22,337.48
2030,2252,7,2024-08-20,2024-08-28,255.17
2031,2253,68,2026-07-20,2026-07-26,348.23
2032,2254,68,2025-05-27,2025-05-28,279.44
2033,2255,139,2026-08-22,2026-08-26,167.93
2034,2256,12,2023-11-01,2023-11-02,419.41
2035,2257,128,2025-02-28,2025-03-04,291.61
2036,2258,210,2023-10-06,2023-10-14,180.68
2037,2259,25,2025-01-25,2025-02-01,373.02
2038,2260,48,2025-05-23,2025-05-31,104.41
2039,2261,137,2023-05-13,2023-05-16,313.64
2040,2262,102,2024-01-22,2024-01-23,220.75
2041,2263,25,2026-08-23,2026-08-24,449.86
2042,2264,193,2024-08-09,2024-08-16,271.73
2043,2265,116,2025-10-30,2025-11-09,412.4
2044,2266,118,2025-10-01,2025-10-02,148.29
2045,2267,30,2024-07-27,2024-08-05,380.97
2046,2268,154,2026-04-22,2026-04-29,176.11
2047,2269,119,2023-05-26,2023-06-03,423.29
2048,2270,18,2026-07-04,2026-07-12,168.71
2049,2271,137,2025-03-23,2025-03-27,397.52
2050,2272,183,2026-06-19,2026-06-28,325.59
2051,2273,180,2025-11-16,2025-11-23,439.1
2052,2274,186,2025-06-23,2025-06-28,267.05
2053,2275,39,2025-06-29,2025-07-09,391.89
2054,2276,189,2025-07-30,2025-08-05,351.97
2055,2277,128,2025-01-18,2025-01-22,366.01
2056,2278,207,2025-03-19,2025-03-23,93.95
2057,2279,168,2025-04-08,2025-04-13,354.3
2058,2280,29,2024-03-15,2024-03-16,190.38
2059,2281,205,2024-07-14,2024-07-16,171.81
2060,2282,185,2024-08-22,2024-08-29,202.1
2061,2283,108,2026-03-19,2026-03-20,221.84
2062,2284,113,2024-11-27,2024-12-04,390.57
2063,2285,125,2023-12-21,2023-12-29,256.65
2064,2286,204,2025-01-11,2025-01-16,287.0
2065,2287,195,2023-04-17,2023-04-27,217.0
2066,2288,182,2024-01-29,2024-02-08,97.3
2067,2289,164,2025-05-05,2025-05-12,
2068,2290,136,2025-05-20,2025-05-28,439.6
2069,2291,101,2026-08-05,2026-08-06,298.34
2070,2292,81,2025-04-07,2025-04-15,318.25
2071,2293,1,2025-07-30,2025-08-07,284.18
2072,2294,93,2024-02-11,2024-02-20,231.15
2073,2295,31,2025-09-02,2025-09-03,206.66
2074,2296,62,2024-08-15,2024-08-20,106.33
2075,2297,69,2024-09-23,2024-09-30,233.64
2076,2298,96,2024-04-26,2024-04-29,397.94
2077,2299,212,2024-12-18,2024-12-28,256.2
2078,2301,104,2025-07-15,2025-07-18,169.61
2079,2302,115,2025-01-15,2025-01-21,168.56
2080,2304,97,2024-03-17,2024-03-26,200.78
2081,2305,64,2025-06-19,2025-06-27,233.22
2082,2306,156,2025-08-04,2025-08-13,333.34
2083,2307,15,2024-07-17,2024-07-19,442.4
2084,2308,193,2026-03-07,2026-03-09,176.76
2085,2309,181,2025-08-10,2025-08-15,192.24
2086,2310,118,2024-11-30,2024-12-09,223.19
2087,2311,52,2024-11-03,2024-11-13,285.49
2088,2312,197,2024-12-27,2024-12-31,416.73
2089,2313,173,2025-05-23,2025-06-01,347.98
2090,2314,12,2025-03-22,2025-03-25,215.65
2091,2315,128,2026-05-16,2026-05-22,307.4
2092,2316,206,2023-10-27,2023-11-02,119.42
2093,2317,45,2025-10-07,2025-10-09,115.51
2094,2318,6,2025-06-22,2025-07-01,189.55
2095,2319,113,2025-11-10,2025-11-12,294.06
2096,2320,127,2025-03-09,2025-03-15,108.48
2097,2321,53,2026-05-16,2026-05-26,102.78
2098,2322,109,2024-11-04,2024-11-14,367.22
2099,2323,7,2024-05-29,2024-06-02,152.1
2100,2324,163,2023-04-22,2023-05-01,313.86
2101,2325,138,2025-02-09,2025-02-12,266.53
2102,2326,30,2025-03-17,2025-03-20,349.32
2103,2327,120,2024-06-08,2024-06-17,416.31
2104,2328,103,2023-12-22,2023-12-29,374.76
2105,2329,72,2024-05-12,2024-05-20,176.59
2106,2330,108,2026-07-26,2026-07-29,390.73
2107,2331,130,2024-03-06,2024-03-14,382.13
2108,2332,17,2026-07-06,2026-07-12,172.0
2109,2333,151,2023-06-24,2023-06-27,92.8
2110,2335,57,2025-07-03,2025-07-09,252.12
2111,2336,162,2024-11-18,2024-11-26,119.22
2112,2337,45,2023-11-06,2023-11-08,358.18
2113,2338,201,2024-01-13,2024-01-19,96.04
2114,2339,206,2026-07-24,2026-07-25,317.53
2115,2340,156,2025-03-10,2025-03-19,
2116,2341,51,2026-08-03,2026-08-05,382.46
2117,2342,135,2026-07-05,2026-07-08,128.59
2118,2343,114,2024-02-20,2024-02-22,431.1
2119,2344,76,2025-07-21,2025-07-23,314.01
2120,2345,31,2024-03-14,2024-03-18,393.41
2121,2348,117,2026-07-26,2026-07-30,417.34
2122,2349,194,2025-04-14,2025-04-20,166.03
2123,2350,11,2025-06-15,2025-06-23,308.18
2124,2351,125,2026-03-26,2026-04-03,422.88
2125,2352,147,2024-01-08,2024-01-16,230.46
2126,2353,8,2023-05-21,2023-05-30,163.63
2127,2354,29,2025-08-18,2025-08-19,159.96
2128,2355,119,2025-09-05,2025-09-06,415.38
2129,2356,181,2026-02-08,2026-02-15,321.39
2130,2357,133,2024-12-09,2024-12-17,428.86
2131,2359,167,2026-08-16,2026-08-24,371.44
2132,2360,12,2026-04-07,2026-04-16,401.98
2133,2361,66,2024-09-24,2024-09-25,249.66
2134,2362,27,2025-04-17,2025-04-20,371.27
2135,2363,116,2024-08-08,2024-08-18,442.26
2136,2364,140,2023-11-05,2023-11-07,165.08
2137,2365,29,2024-04-04,2024-04-05,215.53
2138,2366,53,2025-09-01,2025-09-11,316.24
2139,2367,220,2024-03-03,2024-03-04,437.52
2140,2368,195,2026-08-26,2026-08-29,157.44
2141,2369,117,2026-07-07,2026-07-15,298.88
2142,2370,17,2024-11-29,2024-12-09,330.72
2143,2371,169,2024-07-16,2024-07-25,145.95
2144,2373,189,2026-01-30,2026-02-02,183.98
2145,2374,213,2024-09-28,2024-10-03,179.43
2146,2375,210,2024-08-07,2024-08-08,142.56
2147,2376,1,2024-01-06,2024-01-09,85.65
2148,2377,138,2025-06-19,2025-06-27,387.45
2149,2378,89,2025-10-02,2025-10-12,419.24
2150,2379,73,2023-11-21,2023-12-01,448.49
2151,2380,81,2025-10-10,2025-10-13,95.5
2152,2381,95,2025-04-14,2025-04-16,90.48
2153,2382,180,2025-06-18,2025-06-22,221.2
2154,2383,204,2024-03-27,2024-04-03,122.05
2155,2384,132,2024-08-29,2024-09-01,340.51
2156,2385,177,2026-08-21,2026-08-31,370.07
2157,2386,132,2026-06-01,2026-06-07,370.72
2158,2387,20,2025-04-06,2025-04-15,138.45
2159,2388,16,2026-05-15,2026-05-23,201.34
2160,2389,4,2026-01-22,2026-01-23,
2161,2390,123,2026-05-07,2026-05-12,350.7
2162,2391,110,2026-06-15,2026-06-25,253.83
2163,2392,93,2025-03-20,2025-03-30,207.41
2164,2393,31,2024-03-10,2024-03-16,399.57
2165,2394,104,2025-11-28,2025-12-01,351.34
2166,2395,38,2024-11-16,2024-11-19,390.78
2167,2396,135,2025-09-11,2025-09-20,293.54
2168,2397,194,2026-03-21,2026-03-23,177.11
2169,2398,170,2023-03-15,2023-03-25,137.22
2170,2399,76,2026-07-22,2026-08-01,361.01
2171,2400,73,2024-01-12,2024-01-16,341.17
2172,2401,95,2025-09-18,2025-09-27,445.82
2173,2402,73,2026-06-28,2026-06-29,320.1
2174,2403,104,2023-12-17,2023-12-23,104.46
2175,2404,47,2024-02-10,2024-02-20,129.38
2176,2405,25,2026-02-13,2026-02-23,96.95
2177,2407,29,2024-10-05,2024-10-14,244.23
2178,2408,149,2026-06-20,2026-06-29,157.86
2179,2409,77,2025-07-13,2025-07-20,126.83
2180,2410,119,2024-02-23,2024-02-24,182.06
2181,2411,3,2024-12-16,2024-12-21,169.71
2182,2412,200,2025-02-12,2025-02-20,416.37
2183,2413,108,2025-09-30,2025-10-03,127.76
2184,2414,203,2024-07-29,2024-08-06,445.14
2185,2415,71,2023-11-18,2023-11-21,326.6
2186,2417,11,2024-04-08,2024-04-16,111.51
2187,2418,215,2025-07-18,2025-07-24,312.39
2188,2420,18,2023-10-07,2023-10-11,360.87
2189,2421,90,2024-10-23,2024-10-25,105.17
2190,2422,208,2024-02-20,2024-03-01,425.08
2191,2423,47,2023-08-19,2023-08-29,196.84
2192,2424,75,2024-03-18,2024-03-21,165.27
2193,2425,185,2025-03-22,2025-03-28,256.05
2194,2427,144,2024-09-29,2024-09-30,374.3
2195,2428,125,2026-07-06,2026-07-12,116.92
2196,2430,31,2024-01-03,2024-01-06,380.91
2197,2431,70,2024-07-21,2024-07-25,365.83
2198,2433,77,2026-06-10,2026-06-16,187.82
2199,2434,114,2025-12-27,2026-01-01,158.01
2200,2436,45,2026-08-20,2026-08-26,84.2
2201,2437,111,2026-08-02,2026-08-11,98.34
2202,2438,175,2026-06-26,2026-06-29,367.82
2203,2439,118,2026-07-06,2026-07-13,154.54
2204,2440,38,2026-05-21,2026-05-29,129.62
2205,2441,48,2024-12-21,2024-12-30,174.99
2206,2444,110,2025-04-22,2025-04-30,166.32
2207,2446,12,2026-05-21,2026-05-25,99.89
2208,2447,138,2025-09-14,2025-09-18,347.6
2209,2448,167,2026-07-22,2026-08-01,103.75
2210,2449,193,2024-02-15,2024-02-16,298.05
2211,2451,43,2025-03-28,2025-04-05,319.27
2212,2453,41,2026-01-31,2026-02-05,410.51
2213,2455,196,2024-03-31,2024-04-04,197.51
2214,2456,30,2024-07-03,2024-07-05,217.58
2215,2457,140,2025-02-28,2025-03-05,323.8
2216,2458,48,2025-02-03,2025-02-13,236.63
2217,2459,172,2025-01-27,2025-01-29,449.72
2218,2460,10,2025-09-15,2025-09-18,372.91
2219,2461,158,2024-01-18,2024-01-20,147.9
2220,2462,105,2026-02-17,2026-02-23,109.42
2221,2463,139,2025-10-27,2025-11-02,444.8
2222,2464,154,2025-11-23,2025-11-25,332.0
2223,2465,110,2024-10-14,2024-10-17,270.53
2224,2466,151,2025-01-06,2025-01-14,107.57
2225,2467,101,2023-11-30,2023-12-02,272.68
2226,2468,12,2026-03-24,2026-03-25,208.96
2227,2469,51,2025-02-17,2025-02-24,186.4
2228,2470,47,2026-02-17,2026-02-23,175.91
2229,2471,15,2026-02-12,2026-02-13,125.61
2230,2472,195,2023-06-02,2023-06-09,138.45
2231,2473,176,2023-08-13,2023-08-22,348.91
2232,2474,48,2026-08-27,2026-09-01,436.42
2233,2475,82,2026-06-05,2026-06-15,146.47
2234,2476,164,2024-05-04,2024-05-13,255.34
2235,2477,178,2023-08-20,2023-08-21,403.78
2236,2478,125,2023-09-22,2023-09-23,389.62
2237,2480,138,2025-09-28,2025-10-01,333.75
2238,2481,136,2023-10-22,2023-10-23,94.8
2239,2482,147,2024-06-23,2024-07-03,367.52
2240,2483,210,2023-05-04,2023-05-06,168.78
2241,2484,76,2023-12-31,2024-01-05,176.45
2242,2485,202,2026-03-31,2026-04-10,180.74
2243,2486,153,2024-05-08,2024-05-17,92.53
2244,2487,136,2023-06-25,2023-07-01,388.61
2245,2488,45,2025-11-22,2025-12-02,355.31
2246,2489,158,2026-08-26,2026-08-30,235.06
2247,2490,112,2026-08-28,2026-08-29,125.63
2248,2493,82,2026-06-22,2026-06-29,203.36
2249,2494,159,2025-09-14,2025-09-24,248.15
2250,2495,215,2025-12-31,2026-01-05,402.46
2251,2496,118,2025-09-12,2025-09-14,105.12
2252,2497,154,2025-10-28,2025-11-04,162.06
2253,2498,142,2026-05-02,2026-05-07,362.46
2254,2499,162,2024-08-04,2024-08-13,449.24
2255,2500,163,2026-04-10,2026-04-20,344.19
2256,2501,110,2026-07-30,2026-08-09,120.6
2257,2502,159,2026-07-18,2026-07-25,265.35
2258,2504,175,2025-04-20,2025-04-27,416.39
2259,2505,135,2024-05-02,2024-05-07,351.95
2260,2506,78,2026-08-26,2026-08-28,243.69
2261,2507,190,2025-11-08,2025-11-14,301.5
2262,2508,79,2024-04-04,2024-04-10,269.53
2263,2509,84,2026-07-13,2026-07-20,372.88
2264,2510,7,2025-01-01,2025-01-04,421.99
2265,2511,163,2026-04-24,2026-04-25,265.47
2266,2512,31,2024-02-28,2024-03-08,95.14
2267,2514,213,2026-04-28,2026-05-06,235.57
2268,2516,133,2023-12-08,2023-12-12,155.41
2269,2517,117,2024-01-17,2024-01-18,87.43
2270,2518,61,2023-04-27,2023-05-05,341.67
2271,2520,27,2026-08-05,2026-08-14,363.75
2272,2521,41,2026-03-28,2026-03-29,230.68
2273,2522,44,2024-09-10,2024-09-12,417.71
2274,2523,28,2026-03-04,2026-03-05,163.82
2275,2525,135,2026-08-26,2026-08-30,196.44
2276,2526,121,2024-12-24,2024-12-26,421.1
2277,2527,162,2024-09-12,2024-09-22,403.8
2278,2528,112,2024-11-29,2024-12-02,303.84
2279,2529,125,2026-05-24,2026-05-29,431.74
2280,2530,87,2026-07-17,2026-07-22,325.33
2281,2532,49,2024-06-13,2024-06-22,268.73
2282,2534,4,2023-11-26,2023-12-06,365.01
2283,2535,41,2025-05-17,2025-05-23,189.95
2284,2536,22,2026-08-03,2026-08-09,216.74
2285,2537,11,2026-03-31,2026-04-05,261.4
2286,2538,138,2024-08-08,2024-08-13,442.33
2287,2539,66,2026-06-24,2026-06-29,198.05
2288,2541,43,2026-02-05,2026-02-10,304.16
2289,2542,56,2025-01-05,2025-01-07,129.9
2290,2543,26,2025-01-24,2025-01-28,227.26
2291,2544,213,2026-04-12,2026-04-18,370.48
2292,2545,166,2026-07-28,2026-08-01,375.36
2293,2546,49,2024-04-16,2024-04-20,328.86
2294,2547,111,2025-07-20,2025-07-29,332.43
2295,2548,199,2025-03-19,2025-03-26,193.33
2296,2550,135,2024-07-12,2024-07-21,378.76
2297,2551,126,2024-05-29,2024-06-06,316.23
2298,2552,63,2024-08-08,2024-08-18,96.7
2299,2553,136,2023-10-10,2023-10-16,280.96
2300,2554,116,2024-09-30,2024-10-03,340.94
2301,2555,93,2025-03-07,2025-03-16,179.86
2302,2556,11,2023-10-13,2023-10-18,250.14
2303,2557,107,2025-08-28,2025-08-31,313.79
2304,2558,167,2026-08-26,2026-08-27,98.41
2305,2560,202,2024-09-29,2024-09-30,260.01
2306,2561,218,2026-03-02,2026-03-08,156.84
2307,2562,162,2025-08-07,2025-08-15,420.64
2308,2563,30,2025-02-01,2025-02-07,273.58
2309,2564,125,2024-04-24,2024-04-29,203.18
2310,2565,142,2023-12-11,2023-12-18,220.28
2311,2566,162,2023-12-22,2023-12-26,81.97
2312,2567,201,2026-08-11,2026-08-15,246.8
2313,2568,182,2026-04-27,2026-05-05,420.44
2314,2569,184,2026-04-27,2026-05-01,187.3
2315,2570,80,2025-08-25,2025-09-04,195.09
2316,2571,205,2024-01-03,2024-01-12,308.69
2317,2572,7,2024-12-30,2025-01-04,185.04
2318,2573,74,2026-08-09,2026-08-10,320.45
2319,2574,7,2025-10-03,2025-10-07,
2320,2575,4,2026-05-31,2026-06-08,169.74
2321,2576,130,2024-07-28,2024-08-07,441.05
2322,2577,185,2025-06-28,2025-07-08,282.61
2323,2578,218,2025-03-28,2025-03-29,446.62
2324,2579,113,2026-03-10,2026-03-18,95.21
2325,2580,133,2025-01-27,2025-01-29,224.07
2326,2583,220,2024-12-26,2025-01-01,411.39
2327,2584,29,2025-05-11,2025-05-20,289.46
2328,2587,102,2026-08-21,2026-08-27,153.27
2329,2588,12,2023-10-08,2023-10-18,322.83
2330,2589,101,2026-08-12,2026-08-14,242.93
2331,2590,197,2024-08-30,2024-09-07,198.69
2332,2591,5,2026-01-21,2026-01-31,291.81
2333,2592,166,2025-01-08,2025-01-15,143.5
2334,2593,219,2024-02-25,2024-03-06,431.35
2335,2594,1,2024-02-08,2024-02-11,381.55
2336,2595,120,2023-06-22,2023-06-25,164.29
2337,2596,81,2025-09-11,2025-09-12,171.15
2338,2597,202,2026-08-23,2026-08-30,370.02
2339,2598,79,2025-04-06,2025-04-11,131.35
2340,2599,56,2023-10-10,2023-10-20,355.15
2341,2600,123,2025-04-04,2025-04-05,280.06
2342,2601,8,2024-04-09,2024-04-16,393.9
2343,2602,162,2026-03-12,2026-03-16,218.3
2344,2603,89,2024-01-02,2024-01-10,238.38
2345,2604,138,2024-10-22,2024-10-29,135.69
2346,2605,197,2025-03-08,2025-03-11,161.95
2347,2606,218,2026-08-14,2026-08-17,289.59
2348,2607,84,2026-06-30,2026-07-06,98.19
2349,2608,44,2024-05-03,2024-05-05,92.12
2350,2609,49,2024-03-11,2024-03-21,423.95
2351,2610,31,2025-12-29,2026-01-01,396.15
2352,2611,44,2024-04-14,2024-04-24,120.53
2353,2612,188,2025-04-13,2025-04-18,322.99
2354,2613,100,2025-02-08,2025-02-16,251.05
2355,2615,181,2024-02-14,2024-02-17,424.99
2356,2616,161,2025-06-03,2025-06-10,247.6
2357,2617,139,2026-08-20,2026-08-21,114.01
2358,2618,117,2025-07-10,2025-07-15,396.13
2359,2619,170,2026-07-10,2026-07-19,214.98
2360,2620,80,2024-05-09,2024-05-14,373.89
2361,2621,62,2025-01-24,2025-01-25,144.7
2362,2622,214,2025-12-11,2025-12-21,443.59
2363,2624,179,2026-05-02,2026-05-07,439.06
2364,2625,75,2025-03-15,2025-03-25,424.93
2365,2626,119,2025-08-27,2025-09-01,416.57
2366,2627,89,2023-02-25,2023-02-26,369.77
2367,2628,7,2025-03-28,2025-04-03,295.34
2368,2629,58,2024-02-20,2024-02-29,285.98
2369,2630,38,2026-05-10,2026-05-17,197.68
2370,2631,132,2024-03-13,2024-03-18,259.68
2371,2632,57,2026-04-19,2026-04-26,382.92
2372,2633,110,2024-09-14,2024-09-17,309.43
2373,2634,56,2024-12-13,2024-12-16,260.49
2374,2635,13,2025-01-01,2025-01-04,340.79
2375,2636,166,2025-10-03,2025-10-09,402.89
2376,2637,136,2023-10-19,2023-10-28,336.58
2377,2638,2,2026-06-27,2026-06-30,155.37
2378,2639,28,2026-05-19,2026-05-25,159.4
2379,2640,65,2026-06-03,2026-06-08,354.55
2380,2641,93,2026-07-13,2026-07-21,301.22
2381,2642,103,2024-12-30,2025-01-07,196.26
2382,2643,83,2023-06-05,2023-06-12,294.59
2383,2644,159,2026-07-28,2026-08-03,119.91
2384,2645,213,2026-08-18,2026-08-21,367.13
2385,2646,47,2023-11-01,2023-11-07,213.4
2386,2647,39,2023-07-02,2023-07-07,170.49
2387,2648,201,2024-05-25,2024-06-03,432.37
2388,2649,39,2024-12-31,2025-01-07,300.36
2389,2650,171,2026-06-17,2026-06-26,179.85
2390,2651,198,2025-04-04,2025-04-14,261.39
2391,2652,1,2024-08-07,2024-08-11,413.99
2392,2653,15,2026-08-18,2026-08-19,436.08
2393,2654,69,2025-11-20,2025-11-30,396.07
2394,2655,72,2025-01-05,2025-01-08,376.25
2395,2656,199,2023-07-29,2023-08-03,425.43
2396,2657,99,2024-01-19,2024-01-27,193.85
2397,2658,172,2023-11-15,2023-11-23,393.99
2398,2659,199,2026-01-11,2026-01-13,101.26
2399,2660,76,2024-06-22,2024-06-30,375.32
2400,2661,167,2023-07-06,2023-07-07,355.78
2401,2662,186,2026-04-11,2026-04-13,115.85
2402,2663,121,2025-11-19,2025-11-27,437.63
2403,2664,15,2025-11-16,2025-11-26,172.02
2404,2665,167,2023-07-03,2023-07-13,191.89
2405,2666,211,2024-11-03,2024-11-05,326.82
2406,2667,82,2024-01-10,2024-01-19,159.34
2407,2668,20,2024-12-19,2024-12-24,168.84
2408,2670,118,2025-10-10,2025-10-20,141.31
2409,2671,7,2025-01-12,2025-01-21,428.04
2410,2672,103,2025-06-08,2025-06-12,290.34
2411,2673,178,2024-07-19,2024-07-24,430.62
2412,2674,136,2025-02-09,2025-02-14,369.15
2413,2675,206,2024-01-09,2024-01-16,115.45
2414,2676,159,2026-05-11,2026-05-12,381.69
2415,2677,75,2024-03-14,2024-03-23,304.42
2416,2679,164,2024-07-02,2024-07-08,412.69
2417,2680,147,2025-07-28,2025-08-01,434.83
2418,2681,12,2025-10-15,2025-10-18,136.56
2419,2682,129,2024-05-04,2024-05-06,191.34
2420,2683,200,2025-05-31,2025-06-05,292.01
2421,2684,151,2026-06-12,2026-06-18,158.0
2422,2685,57,2023-12-13,2023-12-18,224.79
2423,2686,44,2024-04-13,2024-04-16,183.12
2424,2687,15,2026-02-20,2026-02-26,231.17
2425,2688,209,2025-05-03,2025-05-11,83.88
2426,2689,187,2026-08-18,2026-08-25,372.97
2427,2690,93,2024-09-23,2024-10-03,416.65
2428,2691,10,2024-01-08,2024-01-10,84.59
2429,2692,108,2023-08-11,2023-08-12,221.87
2430,2693,58,2025-07-08,2025-07-09,181.84
2431,2694,28,2026-05-28,2026-06-02,250.28
2432,2695,156,2024-09-06,2024-09-07,373.1
2433,2696,147,2024-04-27,2024-04-29,160.85
2434,2697,1,2026-06-08,2026-06-12,318.95
2435,2698,46,2026-02-07,2026-02-15,244.82
2436,2699,153,2023-10-16,2023-10-24,131.84
2437,2700,188,2025-09-08,2025-09-18,205.25
2438,2701,103,2023-06-25,2023-06-28,154.71
2439,2702,200,2024-02-13,2024-02-18,167.0
2440,2703,154,2026-08-18,2026-08-23,215.33
2441,2704,109,2026-07-23,2026-07-26,188.34
2442,2705,196,2024-08-28,2024-09-05,196.33
2443,2706,26,2026-03-14,2026-03-24,416.26
2444,2707,55,2025-08-18,2025-08-21,144.35
2445,2708,158,2024-06-14,2024-06-20,267.9
2446,2709,51,2026-01-13,2026-01-23,409.8
2447,2710,193,2023-11-28,2023-12-07,125.27
2448,2711,129,2025-08-27,2025-09-05,80.54
2449,2712,12,2025-01-19,2025-01-27,146.41
2450,2714,68,2025-11-27,2025-11-29,169.74
2451,2715,120,2025-08-09,2025-08-13,132.28
2452,2716,189,2025-08-15,2025-08-21,294.56
2453,2717,151,2024-10-26,2024-11-02,386.8
2454,2718,49,2025-03-24,2025-03-27,348.46
2455,2719,130,2023-04-06,2023-04-14,316.76
2456,2720,130,2025-07-26,2025-08-04,430.39
2457,2721,136,2025-10-07,2025-10-15,95.54
2458,2722,45,2023-11-30,2023-12-01,173.49
2459,2723,106,2024-07-15,2024-07-17,
2460,2724,213,2025-03-11,2025-03-20,329.1
2461,2725,111,2023-08-30,2023-09-06,307.15
2462,2726,69,2026-05-17,2026-05-26,
2463,2727,67,2026-04-14,2026-04-18,107.54
2464,2728,113,2024-01-27,2024-01-31,358.53
2465,2729,119,2023-06-14,2023-06-18,230.48
2466,2730,215,2026-02-06,2026-02-13,98.53
2467,2731,21,2025-09-17,2025-09-18,181.16
2468,2732,113,2026-08-03,2026-08-07,161.66
2469,2733,47,2025-07-03,2025-07-06,404.59
2470,2734,144,2024-07-01,2024-07-10,127.03
2471,2736,213,2026-04-07,2026-04-15,386.03
2472,2737,220,2026-02-21,2026-02-24,130.86
2473,2738,49,2025-05-06,2025-05-16,253.8
2474,2739,115,2026-07-22,2026-07-27,355.7
2475,2740,47,2025-12-10,2025-12-11,226.58
2476,2741,82,2024-10-20,2024-10-30,432.83
2477,2743,1,2024-03-09,2024-03-17,273.39
2478,2744,64,2023-11-03,2023-11-04,291.79
2479,2745,18,2025-12-28,2026-01-07,
2480,2746,17,2024-04-13,2024-04-19,297.18
2481,2747,35,2024-05-21,2024-05-26,381.54
2482,2748,215,2026-04-10,2026-04-15,277.91
2483,2749,12,2026-08-19,2026-08-24,207.78
2484,2750,126,2025-04-15,2025-04-25,195.61
2485,2751,112,2025-06-12,2025-06-16,105.44
2486,2752,173,2024-07-06,2024-07-16,373.66
2487,2753,120,2025-10-01,2025-10-10,416.9
2488,2755,71,2023-12-27,2024-01-03,244.13
2489,2756,69,2025-05-16,2025-05-18,118.54
2490,2757,194,2026-01-12,2026-01-14,96.7
2491,2758,166,2024-01-09,2024-01-10,434.91
2492,2759,81,2025-04-30,2025-05-09,265.58
2493,2760,158,2025-01-17,2025-01-21,125.75
2494,2761,165,2024-10-17,2024-10-22,341.93
2495,2762,96,2024-12-11,2024-12-12,438.46
2496,2763,140,2024-04-24,2024-05-04,134.33
2497,2765,102,2023-07-20,2023-07-27,388.63
2498,2766,216,2026-02-15,2026-02-20,155.59
2499,2767,102,2026-06-09,2026-06-18,331.91
2500,2768,99,2026-01-06,2026-01-07,
2501,2769,47,2024-11-26,2024-12-06,
2502,2770,95,2025-06-11,2025-06-19,372.97
2503,2773,32,2025-10-30,2025-11-01,176.32
2504,2774,219,2026-06-07,2026-06-17,364.03
2505,2775,128,2025-01-24,2025-01-25,89.23
2506,2776,141,2026-08-13,2026-08-21,424.65
2507,2777,12,2024-06-27,2024-06-30,223.12
2508,2778,79,2024-07-03,2024-07-04,224.36
2509,2780,56,2026-08-05,2026-08-12,363.69
2510,2781,99,2024-03-21,2024-03-24,419.41
2511,2782,71,2026-04-22,2026-04-29,162.38
2512,2784,200,2024-05-27,2024-06-05,187.89
2513,2785,175,2025-05-12,2025-05-18,230.75
2514,2787,156,2024-07-10,2024-07-17,376.78
2515,2788,178,2025-01-31,2025-02-01,325.06
2516,2789,58,2026-08-28,2026-08-31,443.62
2517,2790,137,2024-03-30,2024-04-09,436.29
2518,2791,30,2025-11-20,2025-11-22,80.51
2519,2792,114,2024-01-27,2024-02-03,250.96
2520,2793,96,2025-09-06,2025-09-10,136.29
2521,2794,45,2026-05-01,2026-05-03,199.6
2522,2795,145,2023-10-23,2023-10-26,379.63
2523,2796,6,2026-04-25,2026-04-29,294.18
2524,2797,44,2023-07-25,2023-07-27,143.07
2525,2798,49,2025-08-16,2025-08-20,176.95
2526,2799,130,2025-02-20,2025-02-25,208.31
2527,2800,86,2025-09-25,2025-09-26,342.3
2528,2802,137,2023-06-22,2023-06-26,109.5
2529,2803,87,2024-12-07,2024-12-14,354.0
2530,2804,153,2025-01-03,2025-01-13,144.66
2531,2805,19,2025-10-27,2025-10-29,432.82
2532,2806,201,2024-11-09,2024-11-16,243.6
2533,2808,63,2025-02-09,2025-02-13,347.85
2534,2809,3,2023-07-14,2023-07-20,316.09
2535,2810,181,2026-06-30,2026-07-08,204.7
2536,2811,76,2025-07-06,2025-07-16,429.65
2537,2812,133,2025-12-22,2025-12-30,171.96
2538,2813,141,2026-07-29,2026-08-05,87.23
2539,2814,7,2026-07-07,2026-07-08,100.59
2540,2816,184,2023-07-04,2023-07-11,203.07
2541,2817,135,2026-06-05,2026-06-15,407.77
2542,2818,105,2025-09-20,2025-09-23,327.57
2543,2819,54,2026-08-11,2026-08-21,249.65
2544,2820,47,2023-10-17,2023-10-21,342.33
2545,2822,139,2026-07-01,2026-07-05,296.11
2546,2823,126,2025-12-16,2025-12-20,360.65
2547,2824,124,2025-02-17,2025-02-27,180.22
2548,2825,189,2024-07-20,2024-07-30,86.26
2549,2826,207,2026-05-24,2026-05-25,254.39
2550,2827,74,2024-02-11,2024-02-18,120.48
2551,2828,218,2025-12-10,2025-12-20,157.18
2552,2830,189,2026-08-23,2026-08-25,355.78
2553,2831,98,2024-06-25,2024-07-04,356.95
2554,2832,164,2023-12-24,2023-12-29,135.54
2555,2834,190,2025-03-14,2025-03-20,161.68
2556,2835,125,2025-10-06,2025-10-13,356.33
2557,2837,171,2026-01-15,2026-01-16,101.34
2558,2839,38,2026-01-03,2026-01-09,278.65
2559,2840,218,2024-01-27,2024-01-29,253.73
2560,2841,22,2025-09-20,2025-09-22,327.38
2561,2842,162,2026-08-24,2026-09-03,82.94
2562,2843,201,2023-12-26,2023-12-30,98.68
2563,2844,29,2024-08-19,2024-08-22,334.79
2564,2845,194,2023-07-31,2023-08-10,145.55
2565,2846,109,2025-10-16,2025-10-20,273.14
2566,2847,198,2024-09-08,2024-09-16,175.49
2567,2848,47,2025-11-04,2025-11-07,199.27
2568,2850,137,2024-03-03,2024-03-05,381.15
2569,2851,177,2023-10-08,2023-10-09,354.2
2570,2852,44,2024-02-18,2024-02-28,370.5
2571,2853,65,2025-02-18,2025-02-20,188.3
2572,2854,111,2025-07-15,2025-07-19,216.63
2573,2855,140,2025-07-02,2025-07-10,193.89
2574,2856,102,2024-01-09,2024-01-13,419.4
2575,2857,125,2026-07-01,2026-07-02,447.52
2576,2858,7,2025-06-15,2025-06-16,378.51
2577,2859,76,2023-11-26,2023-11-29,330.51
2578,2860,130,2026-04-25,2026-05-04,125.17
2579,2861,169,2025-08-10,2025-08-18,225.17
2580,2862,51,2025-01-31,2025-02-09,349.4
2581,2863,140,2026-06-21,2026-06-23,402.39
2582,2865,201,2026-08-23,2026-08-29,236.45
2583,2868,167,2024-09-07,2024-09-11,273.94
2584,2869,85,2023-08-18,2023-08-22,172.67
2585,2870,219,2025-11-27,2025-12-04,359.43
2586,2871,113,2026-08-23,2026-08-30,178.84
2587,2872,84,2026-05-02,2026-05-04,331.97
2588,2873,181,2025-07-09,2025-07-14,175.83
2589,2875,139,2024-08-18,2024-08-27,120.42
2590,2876,169,2026-02-07,2026-02-14,377.54
2591,2877,136,2026-04-23,2026-04-28,434.68
2592,2878,126,2026-03-15,2026-03-21,124.34
2593,2879,23,2023-06-20,2023-06-22,402.38
2594,2880,16,2025-11-12,2025-11-22,97.39
2595,2881,205,2026-02-02,2026-02-07,200.29
2596,2882,193,2024-04-20,2024-04-21,343.33
2597,2883,85,2025-11-01,2025-11-10,209.51
2598,2884,18,2026-08-16,2026-08-18,227.97
2599,2885,109,2023-11-05,2023-11-15,270.31
2600,2886,128,2025-03-20,2025-03-23,121.97
2601,2887,104,2024-09-25,2024-09-29,160.3
2602,2888,120,2024-06-07,2024-06-12,348.65
2603,2889,165,2024-11-08,2024-11-15,134.96
2604,2890,193,2026-05-26,2026-05-28,389.71
2605,2891,76,2026-07-11,2026-07-16,209.44
2606,2892,12,2024-11-05,2024-11-14,274.04
2607,2893,49,2024-04-17,2024-04-26,188.78
2608,2894,4,2025-06-19,2025-06-29,424.31
2609,2895,160,2026-02-02,2026-02-09,364.14
2610,2896,145,2025-07-15,2025-07-25,312.07
2611,2897,110,2024-02-14,2024-02-15,207.99
2612,2899,115,2024-08-14,2024-08-22,425.07
2613,2901,87,2026-04-24,2026-04-27,138.45
2614,2902,90,2023-10-09,2023-10-17,285.1
2615,2903,123,2025-08-17,2025-08-25,261.36
2616,2904,6,2026-03-29,2026-04-07,107.43
2617,2905,100,2025-12-05,2025-12-11,129.69
2618,2906,51,2026-07-23,2026-07-28,116.97
2619,2907,160,2026-02-19,2026-02-25,298.38
2620,2908,217,2026-08-09,2026-08-15,221.67
2621,2909,138,2025-01-22,2025-01-24,189.86
2622,2910,117,2026-05-04,2026-05-11,337.22
2623,2911,85,2024-05-24,2024-05-30,99.24
2624,2912,35,2023-10-10,2023-10-14,208.82
2625,2913,54,2026-08-02,2026-08-09,94.01
2626,2914,183,2025-10-21,2025-10-25,270.9
2627,2915,105,2025-04-08,2025-04-10,374.85
2628,2916,32,2026-04-25,2026-04-30,120.62
2629,2917,172,2023-08-02,2023-08-11,386.36
2630,2918,17,2025-12-31,2026-01-06,235.03
2631,2919,54,2023-07-18,2023-07-25,137.35
2632,2920,15,2023-04-22,2023-04-27,426.74
2633,2921,114,2024-11-22,2024-11-29,218.78
2634,2923,29,2024-09-09,2024-09-11,325.47
2635,2924,142,2025-08-21,2025-08-29,253.53
2636,2925,48,2026-05-04,2026-05-08,192.52
2637,2926,215,2024-06-13,2024-06-20,407.04
2638,2927,131,2026-07-31,2026-08-02,183.77
2639,2928,18,2026-07-27,2026-07-28,136.9
2640,2929,186,2025-03-02,2025-03-03,226.17
2641,2930,62,2023-09-24,2023-10-03,146.67
2642,2931,199,2023-11-13,2023-11-18,426.14
2643,2932,45,2026-05-14,2026-05-23,176.12
2644,2933,78,2024-10-25,2024-10-31,232.01
2645,2934,5,2024-07-14,2024-07-21,449.91
2646,2936,75,2025-04-28,2025-05-02,191.51
2647,2937,162,2023-10-18,2023-10-28,410.62
2648,2938,37,2026-06-14,2026-06-22,162.83
2649,2939,159,2024-02-16,2024-02-19,373.69
2650,2940,5,2023-11-29,2023-12-07,241.22
2651,2941,217,2025-10-27,2025-11-02,164.93
2652,2942,51,2025-07-12,2025-07-13,318.7
2653,2944,29,2025-12-23,2025-12-24,443.7
2654,2945,130,2025-02-11,2025-02-17,402.87
2655,2946,215,2026-03-04,2026-03-11,247.48
2656,2947,111,2025-10-13,2025-10-23,424.83
2657,2949,220,2024-06-07,2024-06-10,271.15
2658,2950,111,2026-02-14,2026-02-21,203.95
2659,2951,18,2023-08-30,2023-09-01,233.21
2660,2952,199,2023-04-14,2023-04-18,149.14
2661,2953,164,2026-07-28,2026-08-07,398.54
2662,2954,71,2025-03-17,2025-03-18,221.92
2663,2955,110,2026-05-15,2026-05-21,329.67
2664,2956,185,2024-08-11,2024-08-18,375.8
2665,2957,117,2025-08-18,2025-08-23,101.53
2666,2959,112,2024-04-24,2024-04-29,303.3
2667,2960,57,2026-07-13,2026-07-22,352.85
2668,2961,62,2026-08-16,2026-08-25,83.72
2669,2962,181,2025-10-14,2025-10-15,415.11
2670,2963,219,2025-05-28,2025-06-01,114.79
2671,2964,108,2025-10-09,2025-10-10,258.0
2672,2965,113,2025-06-02,2025-06-12,363.54
2673,2966,141,2025-03-08,2025-03-10,275.43
2674,2967,72,2026-08-20,2026-08-28,280.52
2675,2968,69,2023-05-31,2023-06-06,223.84
2676,2969,197,2024-07-05,2024-07-15,268.59
2677,2970,156,2024-09-08,2024-09-10,116.51
2678,2972,69,2024-07-26,2024-08-05,294.59
2679,2973,83,2024-12-04,2024-12-05,204.35
2680,2974,16,2024-01-18,2024-01-19,250.45
2681,2975,10,2023-06-17,2023-06-22,99.58
2682,2976,79,2023-06-24,2023-07-04,137.1
2683,2977,12,2024-04-21,2024-04-25,222.24
2684,2978,199,2024-06-30,2024-07-05,221.79
2685,2979,26,2026-05-13,2026-05-21,285.7
2686,2980,130,2026-01-05,2026-01-15,275.76
2687,2981,208,2026-03-12,2026-03-19,242.61
2688,2982,60,2026-01-03,2026-01-08,320.08
2689,2983,117,2026-07-31,2026-08-06,371.82
2690,2984,119,2024-09-27,2024-10-03,438.94
2691,2985,192,2024-07-10,2024-07-19,
2692,2986,61,2024-07-08,2024-07-11,99.87
2693,2987,207,2024-03-28,2024-04-05,342.76
2694,2988,168,2026-07-28,2026-08-05,222.88
2695,2989,220,2024-11-12,2024-11-22,281.21
2696,2990,112,2023-12-28,2023-12-30,438.5
2697,2991,148,2025-06-24,2025-07-04,443.24
2698,2992,110,2025-08-28,2025-09-03,245.61
2699,2994,10,2025-12-11,2025-12-21,443.04
2700,2996,193,2026-02-17,2026-02-23,386.01
2701,2997,121,2025-05-11,2025-05-18,298.52
2702,2998,22,2025-05-11,2025-05-17,
2703,2999,52,2026-07-08,2026-07-13,314.08
2704,3000,102,2024-12-31,2025-01-08,135.95
2705,3001,199,2025-02-10,2025-02-16,417.55
2706,3002,147,2023-10-31,2023-11-05,376.37
2707,3003,83,2025-02-21,2025-02-26,271.33
2708,3004,199,2026-08-01,2026-08-04,373.55
2709,3005,109,2024-12-12,2024-12-19,412.91
2710,3006,100,2024-11-29,2024-12-07,107.35
2711,3007,103,2026-08-14,2026-08-24,264.55
2712,3008,217,2026-05-31,2026-06-05,147.09
2713,3009,174,2025-10-05,2025-10-06,417.37
2714,3010,123,2023-07-13,2023-07-18,239.13
2715,3011,214,2025-01-26,2025-02-01,112.39
2716,3012,153,2025-12-22,2025-12-30,344.93
2717,3014,62,2026-08-15,2026-08-21,191.06
2718,3015,185,2023-06-20,2023-06-27,113.59
2719,3016,61,2026-08-03,2026-08-07,433.76
2720,3017,69,2026-01-25,2026-01-26,113.42
2721,3018,125,2025-06-17,2025-06-20,437.46
2722,3019,148,2026-08-09,2026-08-13,255.43
2723,3020,48,2023-03-20,2023-03-27,153.71
2724,3021,109,2026-03-06,2026-03-12,98.84
2725,3022,43,2025-10-29,2025-11-06,127.3
2726,3023,55,2026-01-10,2026-01-18,161.84
2727,3024,1,2026-08-09,2026-08-12,198.8
2728,3025,15,2025-01-27,2025-01-30,404.39
2729,3026,211,2024-06-05,2024-06-09,207.7
2730,3027,76,2026-08-14,2026-08-19,408.25
2731,3028,130,2023-12-02,2023-12-10,320.62
2732,3029,125,2023-09-25,2023-09-28,330.67
2733,3030,140,2025-12-23,2025-12-26,184.84
2734,3031,33,2026-05-13,2026-05-23,370.45
2735,3032,187,2025-01-10,2025-01-15,257.64
2736,3033,25,2025-03-11,2025-03-19,150.29
2737,3034,209,2025-05-17,2025-05-20,262.27
2738,3035,92,2025-06-12,2025-06-13,203.56
2739,3036,104,2026-06-09,2026-06-13,247.41
2740,3037,190,2024-09-30,2024-10-05,109.66
2741,3038,101,2024-01-10,2024-01-14,202.27
2742,3039,168,2024-10-08,2024-10-17,130.79
2743,3040,42,2023-11-09,2023-11-11,213.71
2744,3042,117,2026-06-02,2026-06-04,88.85
2745,3043,56,2024-04-09,2024-04-16,401.46
2746,3044,217,2026-04-29,2026-05-08,245.95
2747,3045,201,2025-06-08,2025-06-18,354.73
2748,3046,3,2025-03-07,2025-03-08,141.23
2749,3047,94,2026-05-01,2026-05-07,240.05
2750,3048,193,2025-08-12,2025-08-13,248.42
2751,3049,71,2026-05-03,2026-05-09,403.25
2752,3050,112,2024-06-12,2024-06-22,157.45
2753,3051,126,2023-07-03,2023-07-11,244.31
2754,3052,27,2026-04-26,2026-04-30,92.11
2755,3053,17,2023-12-01,2023-12-09,331.46
2756,3054,77,2024-07-10,2024-07-15,239.7
2757,3055,79,2023-04-19,2023-04-25,240.66
2758,3056,164,2025-04-29,2025-04-30,410.76
2759,3057,107,2026-03-17,2026-03-21,273.37
2760,3058,118,2026-05-26,2026-06-02,435.5
2761,3059,128,2026-02-27,2026-03-07,86.17
2762,3060,78,2023-11-07,2023-11-13,134.2
2763,3061,49,2026-08-07,2026-08-13,89.33
2764,3062,219,2025-02-21,2025-02-28,321.29
2765,3063,33,2023-08-03,2023-08-11,84.39
2766,3064,22,2026-07-31,2026-08-09,117.02
2767,3065,1,2024-01-15,2024-01-20,285.34
2768,3066,148,2023-06-01,2023-06-04,121.88
2769,3068,5,2026-07-18,2026-07-25,200.65
2770,3069,199,2026-08-25,2026-08-30,
2771,3071,219,2026-07-26,2026-07-30,403.82
2772,3072,193,2025-09-08,2025-09-10,442.29
2773,3074,7,2025-08-07,2025-08-12,182.96
2774,3075,27,2026-03-23,2026-03-30,297.69
2775,3076,137,2026-06-20,2026-06-25,216.38
2776,3077,114,2024-05-23,2024-05-25,423.21
2777,3078,49,2024-06-19,2024-06-29,329.19
2778,3079,109,2025-08-15,2025-08-18,373.0
2779,3080,107,2026-07-24,2026-07-27,250.19
2780,3081,130,2026-01-19,2026-01-28,405.74
2781,3082,165,2025-08-09,2025-08-15,345.29
2782,3083,136,2023-11-28,2023-11-30,110.67
2783,3084,43,2026-03-17,2026-03-22,150.64
2784,3085,119,2026-01-22,2026-01-25,350.32
2785,3086,2,2025-06-03,2025-06-08,345.06
2786,3087,170,2023-05-23,2023-05-27,171.56
2787,3088,172,2026-07-04,2026-07-06,320.5
2788,3090,100,2024-12-26,2024-12-29,205.9
2789,3091,141,2023-02-12,2023-02-21,165.83
2790,3092,134,2025-04-24,2025-05-02,93.63
2791,3093,117,2025-05-28,2025-06-06,205.79
2792,3094,112,2026-05-28,2026-06-07,194.96
2793,3095,74,2024-09-28,2024-10-06,
2794,3096,115,2026-08-04,2026-08-12,336.61
2795,3097,31,2026-07-15,2026-07-22,254.23
2796,3098,40,2025-11-02,2025-11-12,254.69
2797,3099,190,2025-06-08,2025-06-17,250.76
2798,3100,171,2026-08-10,2026-08-19,227.16
2799,3101,64,2025-08-04,2025-08-06,202.09
2800,3102,75,2025-08-24,2025-08-27,187.73
2801,3103,82,2024-01-20,2024-01-21,298.59
2802,3104,122,2025-02-12,2025-02-20,198.39
2803,3105,68,2026-08-18,2026-08-25,443.75
2804,3106,181,2024-05-31,2024-06-04,162.07
2805,3107,172,2023-12-12,2023-12-22,110.17
2806,3108,209,2025-11-19,2025-11-23,156.74
2807,3109,203,2023-08-20,2023-08-21,320.35
2808,3110,64,2025-02-08,2025-02-16,253.58
2809,3112,118,2025-07-21,2025-07-24,103.06
2810,3113,99,2025-07-09,2025-07-10,148.82
2811,3114,155,2026-01-09,2026-01-12,199.58
2812,3116,75,2025-01-25,2025-02-03,301.65
2813,3117,5,2024-03-23,2024-04-01,196.13
2814,3118,173,2023-12-07,2023-12-09,218.57
2815,3119,99,2023-09-09,2023-09-15,310.99
2816,3120,215,2026-08-02,2026-08-08,262.56
2817,3121,191,2023-03-12,2023-03-22,246.15
2818,3122,108,2026-05-29,2026-06-01,446.85
2819,3123,209,2024-08-24,2024-08-29,221.5
2820,3124,172,2025-03-15,2025-03-17,351.42
2821,3126,163,2025-04-06,2025-04-14,388.0
2822,3127,20,2025-01-06,2025-01-10,214.71
2823,3128,113,2025-05-22,2025-05-28,201.53
2824,3129,109,2026-08-14,2026-08-17,329.72
2825,3130,192,2025-07-05,2025-07-13,149.95
2826,3131,82,2025-07-11,2025-07-13,378.92
2827,3132,200,2025-03-25,2025-03-27,327.38
2828,3133,38,2025-12-24,2025-12-29,342.8
2829,3135,114,2025-06-17,2025-06-27,362.01
2830,3136,8,2026-01-08,2026-01-12,269.82
2831,3138,91,2025-05-04,2025-05-09,339.28
2832,3140,198,2026-08-07,2026-08-08,145.81
2833,3141,173,2024-09-06,2024-09-16,379.22
2834,3142,49,2024-09-15,2024-09-24,305.04
2835,3143,108,2023-08-14,2023-08-17,234.83
2836,3144,92,2026-05-18,2026-05-19,200.15
2837,3146,13,2024-07-16,2024-07-18,354.68
2838,3147,28,2023-11-28,2023-11-29,249.44
2839,3148,58,2026-05-23,2026-05-28,108.49
2840,3149,205,2025-07-26,2025-07-30,139.52
2841,3150,38,2026-01-07,2026-01-09,187.88
2842,3151,123,2026-04-25,2026-04-30,336.67
2843,3152,92,2024-07-14,2024-07-15,
2844,3153,21,2026-05-14,2026-05-20,97.61
2845,3154,5,2025-12-07,2025-12-15,336.82
2846,3155,86,2024-11-23,2024-11-30,388.74
2847,3156,92,2026-06-04,2026-06-12,250.72
2848,3157,169,2026-04-08,2026-04-09,170.63
2849,3158,138,2024-04-17,2024-04-24,183.16
2850,3160,66,2025-08-02,2025-08-08,363.6
2851,3161,199,2024-02-02,2024-02-11,173.6
2852,3162,155,2024-07-29,2024-08-07,276.89
2853,3163,27,2025-09-21,2025-09-24,124.03
2854,3164,117,2025-12-25,2025-12-31,139.71
2855,3165,187,2026-06-10,2026-06-11,166.71
2856,3166,142,2025-12-13,2025-12-21,428.15
2857,3167,155,2025-11-30,2025-12-08,231.26
2858,3168,205,2023-05-19,2023-05-21,382.96
2859,3170,146,2025-04-21,2025-04-25,208.26
2860,3171,4,2026-08-05,2026-08-11,341.66
2861,3172,72,2024-01-07,2024-01-15,284.86
2862,3173,96,2026-05-22,2026-05-27,309.49
2863,3174,155,2026-05-11,2026-05-16,316.32
2864,3175,80,2025-08-24,2025-08-26,266.74
2865,3176,118,2026-07-02,2026-07-03,352.35
2866,3177,128,2026-06-09,2026-06-13,302.57
2867,3178,149,2024-08-13,2024-08-23,92.78
2868,3179,13,2024-03-09,2024-03-18,436.02
2869,3180,219,2023-12-27,2023-12-28,421.97
2870,3181,10,2025-04-21,2025-04-23,160.76
2871,3182,176,2024-07-27,2024-07-31,419.45
2872,3183,73,2023-07-29,2023-08-01,146.56
2873,3184,205,2026-08-23,2026-08-31,396.59
2874,3185,15,2025-08-02,2025-08-11,204.18
2875,3186,89,2026-03-09,2026-03-17,413.12
2876,3187,168,2025-09-03,2025-09-09,139.56
2877,3189,205,2026-03-27,2026-04-06,407.28
2878,3190,215,2026-03-26,2026-03-31,153.09
2879,3191,134,2024-05-23,2024-05-31,309.93
2880,3192,197,2026-05-30,2026-06-03,334.19
2881,3193,24,2026-04-19,2026-04-24,447.21
2882,3194,154,2026-01-13,2026-01-18,219.08
2883,3195,140,2024-02-21,2024-02-27,89.21
2884,3196,12,2024-07-06,2024-07-07,277.02
2885,3197,144,2025-09-28,2025-10-07,320.36
2886,3198,56,2024-12-10,2024-12-14,277.26
2887,3199,213,2025-11-09,2025-11-14,227.7
2888,3200,99,2025-07-25,2025-07-31,157.0
2889,3201,215,2024-10-25,2024-10-30,382.48
2890,3202,66,2026-06-14,2026-06-24,298.2
2891,3204,12,2024-07-03,2024-07-05,119.19
2892,3205,167,2024-08-23,2024-08-26,322.43
2893,3206,37,2026-08-01,2026-08-11,228.24
2894,3207,125,2024-07-27,2024-07-30,262.27
2895,3208,128,2025-05-12,2025-05-13,241.87
2896,3209,128,2026-05-12,2026-05-19,197.89
2897,3210,174,2023-03-31,2023-04-09,207.47
2898,3211,77,2026-08-15,2026-08-18,206.53
2899,3212,141,2024-08-04,2024-08-12,344.28
2900,3213,9,2025-06-11,2025-06-17,290.89
2901,3214,87,2024-04-24,2024-05-03,199.83
2902,3215,83,2026-04-26,2026-05-01,113.33
2903,3216,93,2023-12-13,2023-12-22,148.22
2904,3217,57,2025-05-06,2025-05-12,376.82
2905,3219,61,2025-11-06,2025-11-09,223.54
2906,3220,79,2025-10-18,2025-10-26,377.11
2907,3221,119,2026-08-14,2026-08-15,115.13
2908,3222,215,2024-01-15,2024-01-25,135.39
2909,3223,41,2024-10-08,2024-10-16,197.71
2910,3224,119,2025-12-29,2025-12-31,131.35
2911,3225,203,2024-05-06,2024-05-14,207.5
2912,3226,112,2025-03-25,2025-03-27,223.52
2913,3227,49,2025-01-20,2025-01-28,266.93
2914,3229,181,2024-08-23,2024-08-29,437.67
2915,3230,103,2026-08-24,2026-08-26,302.38
2916,3231,87,2024-09-03,2024-09-11,320.54
2917,3232,98,2025-06-24,2025-07-02,229.59
2918,3233,5,2024-11-14,2024-11-22,371.41
2919,3234,190,2024-08-21,2024-08-23,300.4
2920,3235,95,2023-10-16,2023-10-26,319.24
2921,3236,207,2023-03-23,2023-03-27,113.75
2922,3237,31,2024-01-29,2024-02-06,249.48
2923,3240,24,2025-02-19,2025-02-21,429.36
2924,3241,47,2026-05-01,2026-05-05,331.06
2925,3242,138,2026-05-10,2026-05-15,132.86
2926,3243,10,2023-09-12,2023-09-19,424.58
2927,3244,95,2026-06-01,2026-06-02,443.82
2928,3246,29,2026-01-15,2026-01-25,307.27
2929,3247,71,2025-04-11,2025-04-18,335.27
2930,3248,210,2024-12-27,2024-12-30,277.69
2931,3249,198,2025-09-06,2025-09-16,169.64
2932,3250,31,2024-03-29,2024-03-31,324.49
2933,3251,28,2023-07-24,2023-07-27,308.54
2934,3253,141,2025-09-11,2025-09-16,111.27
2935,3254,112,2024-12-20,2024-12-21,
2936,3255,23,2023-09-27,2023-10-02,178.89
2937,3256,120,2023-03-09,2023-03-14,201.8
2938,3257,94,2023-06-18,2023-06-24,163.29
2939,3258,30,2024-05-14,2024-05-18,145.12
2940,3259,176,2026-02-21,2026-02-23,84.18
2941,3260,72,2026-06-05,2026-06-10,257.87
2942,3261,125,2025-04-14,2025-04-21,428.45
2943,3262,126,2025-01-06,2025-01-11,143.84
2944,3263,125,2026-07-05,2026-07-07,333.65
2945,3264,215,2025-12-05,2025-12-15,155.34
2946,3266,97,2025-10-25,2025-11-02,267.95
2947,3268,186,2026-08-28,2026-08-30,227.81
2948,3269,73,2023-08-24,2023-09-02,401.99
2949,3270,70,2025-07-15,2025-07-23,388.72
2950,3271,175,2025-01-01,2025-01-04,92.63
2951,3272,212,2026-08-07,2026-08-10,128.45
2952,3273,190,2026-07-12,2026-07-21,181.91
2953,3274,108,2026-06-24,2026-06-29,366.54
2954,3275,160,2026-04-16,2026-04-20,152.31
2955,3276,80,2026-08-26,2026-09-02,185.98
2956,3277,25,2024-05-21,2024-05-27,436.3
2957,3278,178,2024-07-14,2024-07-21,331.31
2958,3279,13,2025-09-19,2025-09-28,430.38
2959,3280,86,2024-07-29,2024-08-01,367.42
2960,3282,219,2024-07-28,2024-08-03,428.15
2961,3283,205,2023-02-06,2023-02-09,245.54
2962,3285,125,2025-07-24,2025-07-30,177.24
2963,3287,140,2026-06-25,2026-07-05,264.86
2964,3288,10,2024-12-01,2024-12-04,140.4
2965,3289,75,2026-08-14,2026-08-19,116.73
2966,3290,105,2026-07-02,2026-07-05,403.34
2967,3292,104,2024-06-15,2024-06-19,289.16
2968,3293,218,2023-11-26,2023-12-06,445.14
2969,3294,104,2026-04-12,2026-04-18,162.45
2970,3295,127,2025-07-12,2025-07-16,196.77
2971,3296,106,2023-07-27,2023-08-04,193.04
2972,3299,183,2025-07-08,2025-07-10,201.07
2973,3300,202,2025-07-12,2025-07-17,169.11
2974,3301,199,2024-02-20,2024-02-26,220.23
2975,3302,212,2024-06-12,2024-06-14,179.99
2976,3303,215,2024-06-06,2024-06-07,264.95
2977,3304,57,2025-11-29,2025-12-08,273.48
2978,3305,219,2025-06-17,2025-06-18,
2979,3306,183,2025-01-08,2025-01-10,261.8
2980,3307,174,2023-12-25,2023-12-30,336.53
2981,3308,37,2026-08-03,2026-08-07,217.39
2982,3309,147,2025-12-23,2025-12-28,120.58
2983,3310,153,2024-03-19,2024-03-24,308.58
2984,3311,128,2025-03-28,2025-04-03,351.42
2985,3312,215,2023-11-12,2023-11-17,302.09
2986,3313,74,2026-08-07,2026-08-17,220.83
2987,3315,64,2023-08-15,2023-08-23,199.94
2988,3316,90,2024-05-18,2024-05-21,187.74
2989,3317,11,2025-09-06,2025-09-07,269.22
2990,3318,109,2026-06-10,2026-06-14,178.95
2991,3319,24,2024-03-07,2024-03-10,113.37
2992,3320,129,2026-08-05,2026-08-14,201.96
2993,3321,89,2026-06-22,2026-06-26,96.2
2994,3322,86,2025-03-07,2025-03-16,350.71
2995,3323,17,2024-10-23,2024-10-28,
2996,3324,106,2024-04-03,2024-04-13,329.64
2997,3325,129,2025-03-28,2025-03-30,137.89
2998,3326,28,2023-10-01,2023-10-09,438.79
2999,3327,71,2023-08-20,2023-08-26,234.54
3000,3328,35,2023-06-01,2023-06-09,403.06
3001,3329,52,2026-06-16,2026-06-21,122.45
3002,3330,30,2023-11-27,2023-12-01,134.44
3003,3331,176,2024-04-23,2024-05-02,332.67
3004,3332,129,2025-04-05,2025-04-15,134.9
3005,3333,64,2026-07-26,2026-07-28,213.85
3006,3334,130,2025-12-25,2025-12-28,251.75
3007,3335,81,2026-08-18,2026-08-19,306.13
3008,3337,54,2023-05-03,2023-05-04,444.57
3009,3338,113,2026-07-27,2026-08-03,136.87
3010,3339,74,2026-08-15,2026-08-21,403.41
3011,3340,2,2026-05-18,2026-05-23,111.98
3012,3341,89,2024-12-18,2024-12-26,147.61
3013,3342,11,2026-07-01,2026-07-05,320.55
3014,3343,34,2025-12-23,2025-12-28,80.03
3015,3344,100,2026-02-23,2026-03-03,318.49
3016,3345,58,2026-07-30,2026-08-04,262.73
3017,3346,20,2026-01-18,2026-01-28,
3018,3347,5,2023-08-31,2023-09-07,80.26
3019,3348,37,2025-06-09,2025-06-18,377.33
3020,3349,24,2024-03-04,2024-03-10,309.89
3021,3350,126,2024-12-25,2024-12-28,437.86
3022,3351,187,2025-02-12,2025-02-14,299.81
3023,3352,104,2026-07-10,2026-07-17,157.16
3024,3353,134,2026-05-17,2026-05-20,365.63
3025,3354,21,2025-05-30,2025-06-06,324.19
3026,3355,106,2026-08-03,2026-08-07,181.62
3027,3356,15,2026-06-01,2026-06-04,297.43
3028,3357,69,2025-10-13,2025-10-19,213.88
3029,3358,107,2025-06-28,2025-07-04,335.5
3030,3359,44,2026-08-19,2026-08-25,152.91
3031,3360,193,2025-01-10,2025-01-18,110.4
3032,3361,159,2026-08-23,2026-09-01,388.39
3033,3362,214,2025-05-15,2025-05-21,427.39
3034,3364,191,2026-08-16,2026-08-23,302.79
3035,3365,118,2024-06-04,2024-06-06,
3036,3366,82,2026-08-27,2026-09-04,180.15
3037,3367,213,2023-07-05,2023-07-12,247.81
3038,3368,73,2025-08-06,2025-08-10,179.23
3039,3369,193,2026-06-12,2026-06-17,310.6
3040,3370,78,2024-05-27,2024-05-28,143.94
3041,3372,85,2026-03-03,2026-03-10,246.56
3042,3373,69,2025-01-06,2025-01-11,281.41
3043,3374,12,2024-09-01,2024-09-06,300.73
3044,3375,81,2025-02-09,2025-02-18,322.21
3045,3376,139,2025-09-02,2025-09-09,298.99
3046,3377,38,2023-10-29,2023-11-06,204.94
3047,3378,207,2024-07-07,2024-07-16,96.53
3048,3379,106,2024-12-04,2024-12-08,448.45
3049,3380,186,2026-06-01,2026-06-02,240.28
3050,3381,83,2026-05-18,2026-05-19,88.87
3051,3382,63,2025-12-29,2025-12-30,163.57
3052,3384,153,2023-12-19,2023-12-25,108.39
3053,3385,85,2026-03-13,2026-03-16,229.97
3054,3386,3,2024-12-08,2024-12-11,195.71
3055,3387,148,2025-11-18,2025-11-28,275.38
3056,3388,220,2026-01-03,2026-01-11,422.15
3057,3389,210,2024-06-16,2024-06-19,201.61
3058,3390,124,2026-06-14,2026-06-17,430.35
3059,3391,123,2025-06-28,2025-07-06,186.89
3060,3392,189,2025-11-23,2025-11-25,228.81
3061,3393,47,2025-07-22,2025-07-31,171.68
3062,3394,45,2023-10-06,2023-10-11,151.08
3063,3395,170,2026-05-14,2026-05-21,386.55
3064,3396,188,2026-06-10,2026-06-16,262.0
3065,3397,212,2023-10-03,2023-10-07,332.83
3066,3398,23,2024-10-01,2024-10-02,304.63
3067,3399,58,2025-07-18,2025-07-19,443.67
3068,3401,135,2024-04-26,2024-04-28,219.42
3069,3402,199,2024-11-08,2024-11-13,252.63
3070,3403,66,2026-05-15,2026-05-18,432.8
3071,3404,215,2024-04-02,2024-04-05,154.73
3072,3405,93,2026-07-25,2026-08-03,177.65
3073,3406,84,2026-03-31,2026-04-06,368.71
3074,3407,195,2026-04-07,2026-04-09,
3075,3408,138,2025-01-24,2025-01-29,145.62
3076,3409,97,2026-06-15,2026-06-18,102.92
3077,3410,154,2026-05-20,2026-05-29,173.31
3078,3411,81,2024-01-03,2024-01-09,436.43
3079,3412,128,2026-01-18,2026-01-22,439.08
3080,3413,102,2026-08-13,2026-08-20,426.42
3081,3414,50,2026-08-19,2026-08-24,139.56
3082,3415,166,2023-09-10,2023-09-18,
3083,3416,57,2026-07-06,2026-07-15,134.7
3084,3417,130,2023-12-29,2024-01-03,183.19
3085,3418,96,2025-04-11,2025-04-20,243.27
3086,3419,14,2025-08-14,2025-08-19,373.72
3087,3421,74,2025-05-13,2025-05-16,249.48
3088,3422,210,2025-10-11,2025-10-17,386.16
3089,3423,205,2023-08-02,2023-08-12,245.5
3090,3424,199,2025-05-22,2025-05-28,392.18
3091,3425,142,2025-11-20,2025-11-26,211.91
3092,3426,118,2024-10-07,2024-10-17,372.45
3093,3427,76,2024-12-31,2025-01-10,431.98
3094,3428,150,2024-05-17,2024-05-20,200.46
3095,3429,103,2023-12-29,2024-01-01,173.54
3096,3430,207,2026-05-25,2026-06-04,393.95
3097,3431,155,2026-08-02,2026-08-04,289.81
3098,3432,144,2025-02-28,2025-03-03,269.08
3099,3433,142,2025-04-25,2025-04-26,369.8
3100,3434,132,2025-07-26,2025-07-29,340.33
3101,3436,209,2024-01-11,2024-01-12,105.27
3102,3437,42,2026-05-14,2026-05-17,348.78
3103,3438,130,2023-12-08,2023-12-17,361.12
3104,3441,150,2025-05-17,2025-05-26,115.21
3105,3442,158,2026-08-14,2026-08-17,400.82
3106,3443,197,2025-06-21,2025-06-29,314.3
3107,3444,213,2026-02-02,2026-02-04,230.65
3108,3445,9,2024-09-18,2024-09-25,212.41
3109,3446,149,2024-09-25,2024-10-04,444.75
3110,3447,212,2026-06-23,2026-06-29,115.19
3111,3448,122,2023-12-13,2023-12-20,365.71
3112,3449,209,2025-11-04,2025-11-09,126.75
3113,3450,62,2024-09-23,2024-09-29,420.01
3114,3451,171,2026-01-19,2026-01-29,337.25
3115,3452,203,2024-02-24,2024-03-05,383.02
3116,3453,178,2023-05-10,2023-05-14,
3117,3454,42,2025-10-13,2025-10-18,150.13
3118,3455,90,2026-07-24,2026-07-26,417.51
3119,3456,102,2026-08-02,2026-08-09,100.19
3120,3457,159,2023-05-05,2023-05-10,127.71
3121,3458,41,2026-07-19,2026-07-28,217.35
3122,3459,138,2025-09-25,2025-09-29,89.61
3123,3460,39,2025-12-09,2025-12-12,
3124,3461,70,2024-07-22,2024-07-25,123.05
3125,3462,211,2026-05-25,2026-06-03,441.68
3126,3463,113,2024-02-10,2024-02-16,317.0
3127,3464,195,2023-11-13,2023-11-16,429.0
3128,3465,188,2024-08-14,2024-08-15,287.14
3129,3466,92,2025-09-12,2025-09-16,106.52
3130,3467,28,2025-05-22,2025-05-25,366.54
3131,3468,101,2025-07-17,2025-07-26,107.72
3132,3469,194,2024-03-06,2024-03-16,280.13
3133,3470,26,2026-07-01,2026-07-02,178.55
3134,3471,186,2026-07-27,2026-08-05,89.3
3135,3472,135,2025-04-09,2025-04-16,98.23
3136,3473,212,2026-04-03,2026-04-10,341.04
3137,3475,219,2026-04-17,2026-04-18,340.69
3138,3476,97,2023-06-04,2023-06-07,387.29
3139,3477,97,2025-02-13,2025-02-18,230.68
3140,3478,5,2023-10-15,2023-10-20,108.61
3141,3479,116,2026-06-19,2026-06-22,95.61
3142,3480,81,2025-07-17,2025-07-18,256.9
3143,3481,97,2024-02-16,2024-02-24,388.09
3144,3482,90,2026-02-09,2026-02-18,426.24
3145,3483,7,2023-07-08,2023-07-10,334.06
3146,3484,199,2025-02-04,2025-02-13,359.97
3147,3485,83,2025-11-01,2025-11-09,283.35
3148,3486,91,2025-03-13,2025-03-18,240.11
3149,3487,196,2023-02-27,2023-03-09,175.73
3150,3488,120,2024-05-02,2024-05-09,340.71
3151,3489,128,2026-01-09,2026-01-16,255.36
3152,3490,181,2026-07-04,2026-07-05,388.05
3153,3491,10,2025-04-09,2025-04-13,380.27
3154,3492,122,2023-11-13,2023-11-15,448.26
3155,3493,18,2026-06-02,2026-06-03,243.26
3156,3494,130,2024-09-08,2024-09-17,176.66
3157,3495,130,2026-05-26,2026-05-27,246.49
3158,3496,108,2026-06-05,2026-06-14,245.84
3159,3498,90,2026-08-23,2026-09-02,368.93
3160,3499,10,2025-01-19,2025-01-24,102.96
3161,3500,64,2024-02-25,2024-03-01,283.71
3162,3501,195,2025-09-16,2025-09-18,153.97
3163,3502,201,2023-12-09,2023-12-14,112.94
3164,3503,130,2024-08-12,2024-08-14,151.82
3165,3504,134,2024-12-16,2024-12-19,332.41
3166,3505,22,2024-04-19,2024-04-29,429.83
3167,3506,1,2024-10-30,2024-11-09,439.63
3168,3507,163,2024-05-18,2024-05-20,157.35
3169,3509,67,2024-01-18,2024-01-24,390.47
3170,3510,89,2026-05-12,2026-05-20,351.74
3171,3511,147,2024-04-18,2024-04-21,104.45
3172,3512,169,2025-08-03,2025-08-09,356.81
3173,3514,46,2026-01-14,2026-01-21,316.66
3174,3515,96,2025-10-17,2025-10-23,181.43
3175,3516,31,2025-07-11,2025-07-15,360.22
3176,3517,62,2026-05-15,2026-05-23,282.71
3177,3518,13,2023-05-08,2023-05-10,219.6
3178,3519,79,2026-03-15,2026-03-20,413.16
3179,3520,187,2023-12-20,2023-12-22,284.46
3180,3521,98,2023-05-02,2023-05-12,386.98
3181,3522,105,2024-09-07,2024-09-08,257.07
3182,3523,195,2026-07-30,2026-08-08,101.32
3183,3524,115,2025-09-24,2025-09-27,95.17
3184,3525,103,2025-08-02,2025-08-03,219.37
3185,3526,148,2023-09-11,2023-09-18,366.09
3186,3527,140,2025-12-16,2025-12-23,338.14
3187,3528,155,2023-06-19,2023-06-23,219.18
3188,3529,97,2026-06-30,2026-07-02,
3189,3530,109,2026-05-27,2026-06-05,375.0
3190,3531,47,2026-05-10,2026-05-14,332.46
3191,3532,199,2023-04-28,2023-05-03,357.55
3192,3533,98,2025-10-28,2025-11-03,400.43
3193,3534,125,2024-07-10,2024-07-15,192.75
3194,3535,82,2025-11-23,2025-11-26,287.16
3195,3536,78,2025-08-30,2025-09-07,337.33
3196,3537,160,2025-04-04,2025-04-13,
3197,3538,158,2026-01-14,2026-01-15,311.62
3198,3539,61,2023-08-23,2023-08-26,148.67
3199,3540,212,2025-02-02,2025-02-08,384.96
3200,3541,15,2024-05-28,2024-06-02,320.02
3201,3542,96,2023-10-07,2023-10-12,317.07
3202,3543,6,2025-02-03,2025-02-07,224.62
3203,3544,129,2023-04-26,2023-05-06,116.31
3204,3545,153,2024-01-24,2024-01-31,128.32
3205,3546,148,2026-08-14,2026-08-19,368.96
3206,3547,133,2024-04-17,2024-04-24,364.9
3207,3548,147,2023-11-23,2023-11-27,357.01
3208,3549,188,2024-03-09,2024-03-15,377.52
3209,3550,161,2026-08-01,2026-08-03,175.16
3210,3551,162,2025-12-10,2025-12-20,430.35
3211,3552,61,2025-05-13,2025-05-18,259.59
3212,3553,136,2024-07-03,2024-07-04,88.33
3213,3554,138,2023-09-03,2023-09-06,385.74
3214,3555,121,2023-12-25,2023-12-30,294.99
3215,3556,16,2024-05-19,2024-05-24,170.48
3216,3557,212,2023-04-28,2023-05-03,
3217,3558,89,2024-05-27,2024-06-05,403.31
3218,3559,167,2026-01-14,2026-01-21,140.87
3219,3560,124,2026-08-08,2026-08-15,212.34
3220,3561,25,2026-08-11,2026-08-21,271.26
3221,3562,141,2024-12-09,2024-12-19,321.7
3222,3563,197,2023-09-03,2023-09-08,89.14
3223,3564,200,2026-04-29,2026-05-07,432.47
3224,3565,48,2026-07-17,2026-07-21,313.92
3225,3566,205,2025-09-27,2025-10-03,217.32
3226,3568,1,2025-03-12,2025-03-13,276.62
3227,3569,135,2026-08-26,2026-08-30,180.01
3228,3570,106,2026-07-25,2026-07-27,403.57
3229,3571,12,2024-01-06,2024-01-07,400.71
3230,3573,17,2024-02-27,2024-03-07,396.53
3231,3574,114,2025-05-05,2025-05-08,356.83
3232,3576,142,2026-06-21,2026-06-29,277.65
3233,3577,28,2026-02-05,2026-02-07,255.35
3234,3578,92,2026-06-16,2026-06-17,229.82
3235,3579,200,2023-12-25,2023-12-31,316.45
3236,3580,107,2024-03-10,2024-03-15,398.02
3237,3581,19,2025-10-21,2025-10-26,360.22
3238,3582,8,2024-08-01,2024-08-11,338.49
3239,3583,193,2023-11-25,2023-12-03,239.33
3240,3584,145,2026-07-28,2026-08-05,329.92
3241,3585,132,2026-01-18,2026-01-25,431.29
3242,3586,43,2024-09-05,2024-09-10,108.55
3243,3587,163,2026-04-11,2026-04-20,318.8
3244,3588,8,2026-07-12,2026-07-21,362.05
3245,3590,18,2023-08-09,2023-08-17,160.44
3246,3591,90,2024-08-11,2024-08-17,445.65
3247,3592,32,2025-07-06,2025-07-16,195.75
3248,3593,5,2024-11-09,2024-11-12,80.01
3249,3594,187,2025-07-26,2025-08-03,445.21
3250,3595,105,2024-10-22,2024-11-01,141.26
3251,3596,37,2025-08-14,2025-08-17,83.94
3252,3597,171,2024-04-21,2024-04-27,204.94
3253,3598,139,2025-07-31,2025-08-05,
3254,3599,128,2025-02-02,2025-02-05,329.76
3255,3600,170,2026-04-17,2026-04-23,104.37
3256,3601,48,2026-03-25,2026-03-31,231.72
3257,3602,136,2026-07-11,2026-07-14,271.64
3258,3603,99,2026-06-12,2026-06-18,203.53
3259,3604,215,2024-09-26,2024-09-29,387.86
3260,3605,162,2025-07-03,2025-07-12,367.33
3261,3606,172,2025-01-30,2025-01-31,126.4
3262,3607,173,2024-03-30,2024-04-09,374.21
3263,3608,22,2025-01-26,2025-02-05,405.1
3264,3609,194,2024-01-09,2024-01-12,195.16
3265,3610,82,2026-04-05,2026-04-13,102.58
3266,3612,109,2024-11-04,2024-11-06,208.47
3267,3613,135,2024-12-12,2024-12-20,189.56
3268,3614,86,2026-01-29,2026-02-05,364.14
3269,3615,17,2026-01-03,2026-01-12,117.47
3270,3616,210,2026-07-08,2026-07-14,106.02
3271,3617,156,2024-10-26,2024-10-29,333.35
3272,3618,100,2024-01-06,2024-01-13,396.91
3273,3619,38,2025-06-12,2025-06-22,97.79
3274,3620,205,2024-07-05,2024-07-10,134.32
3275,3621,213,2025-02-02,2025-02-05,229.92
3276,3622,185,2025-01-21,2025-01-28,162.87
3277,3623,69,2024-11-05,2024-11-10,249.29
3278,3624,137,2026-07-15,2026-07-23,132.47
3279,3625,160,2025-10-12,2025-10-22,424.52
3280,3626,113,2025-03-25,2025-03-30,360.05
3281,3627,20,2025-01-14,2025-01-24,322.22
3282,3629,180,2026-06-08,2026-06-10,408.16
3283,3630,22,2023-11-03,2023-11-09,
3284,3632,209,2024-10-11,2024-10-16,417.61
3285,3633,204,2025-12-13,2025-12-19,132.33
3286,3634,51,2024-04-16,2024-04-20,151.04
3287,3635,150,2024-09-02,2024-09-04,189.43
3288,3636,97,2026-01-01,2026-01-06,167.15
3289,3637,104,2025-05-23,2025-05-29,227.64
3290,3638,194,2026-02-16,2026-02-17,399.43
3291,3639,125,2023-09-23,2023-10-03,325.02
3292,3640,86,2025-02-08,2025-02-17,213.52
3293,3641,191,2025-01-11,2025-01-21,306.28
3294,3642,220,2025-03-30,2025-04-04,288.92
3295,3643,195,2023-11-12,2023-11-13,
3296,3644,71,2023-03-09,2023-03-17,108.67
3297,3645,154,2026-04-04,2026-04-06,326.46
3298,3646,125,2024-08-25,2024-09-01,165.75
3299,3647,199,2024-09-30,2024-10-09,
3300,3648,205,2025-08-25,2025-08-31,259.28
3301,3649,116,2026-02-21,2026-02-25,117.34
3302,3650,42,2026-07-28,2026-07-31,132.12
3303,3652,13,2026-04-09,2026-04-18,104.58
3304,3653,173,2023-10-05,2023-10-13,269.07
3305,3654,74,2025-02-15,2025-02-21,88.08
3306,3655,154,2026-06-12,2026-06-19,425.66
3307,3656,146,2025-09-22,2025-09-25,94.79
3308,3657,214,2026-06-18,2026-06-26,411.34
3309,3658,160,2024-05-20,2024-05-26,320.35
3310,3659,141,2026-03-22,2026-04-01,258.58
3311,3660,40,2023-12-30,2024-01-09,279.34
3312,3661,119,2025-10-25,2025-10-28,93.85
3313,3662,156,2024-11-24,2024-11-25,130.94
3314,3663,186,2026-03-28,2026-04-03,126.85
3315,3664,155,2025-02-13,2025-02-20,240.63
3316,3665,189,2026-07-04,2026-07-13,394.89
3317,3666,156,2023-12-08,2023-12-16,277.78
3318,3667,135,2024-11-02,2024-11-05,377.23
3319,3668,113,2025-09-13,2025-09-17,254.63
3320,3669,114,2026-05-20,2026-05-22,350.0
3321,3670,205,2024-04-18,2024-04-24,144.91
3322,3671,87,2023-08-26,2023-09-03,110.09
3323,3672,116,2026-03-05,2026-03-10,184.95
3324,3673,202,2025-09-17,2025-09-27,271.66
3325,3674,17,2025-01-23,2025-01-27,350.08
3326,3675,56,2025-07-28,2025-08-02,305.64
3327,3676,199,2024-11-02,2024-11-08,227.97
3328,3677,56,2026-07-13,2026-07-14,130.09
3329,3678,169,2024-08-07,2024-08-12,421.69
3330,3679,215,2025-03-05,2025-03-15,171.72
3331,3680,26,2025-09-01,2025-09-08,392.85
3332,3681,147,2025-10-29,2025-11-06,181.62
3333,3683,113,2025-12-18,2025-12-21,355.37
3334,3684,116,2024-01-22,2024-01-26,187.01
3335,3685,64,2026-08-04,2026-08-09,143.78
3336,3686,46,2025-10-04,2025-10-07,373.89
3337,3688,122,2025-12-20,2025-12-30,300.06
3338,3690,186,2025-12-18,2025-12-21,178.03
3339,3691,60,2024-01-02,2024-01-11,227.3
3340,3692,145,2023-09-21,2023-09-26,246.15
3341,3693,128,2024-10-26,2024-11-02,
3342,3694,86,2026-06-06,2026-06-09,384.18
3343,3695,128,2024-01-11,2024-01-19,427.7
3344,3696,187,2025-08-11,2025-08-16,366.61
3345,3697,72,2025-10-18,2025-10-28,141.27
3346,3698,204,2023-11-03,2023-11-05,288.47
3347,3699,46,2026-06-10,2026-06-19,228.41
3348,3700,125,2025-10-31,2025-11-08,187.2
3349,3701,200,2026-06-22,2026-06-27,213.69
3350,3702,107,2026-08-04,2026-08-09,275.38
3351,3703,97,2026-07-22,2026-07-28,370.94
3352,3705,32,2025-01-01,2025-01-06,215.74
3353,3706,23,2024-01-25,2024-01-28,222.23
3354,3707,12,2026-07-15,2026-07-23,372.78
3355,3709,6,2026-05-01,2026-05-08,137.72
3356,3710,166,2026-07-03,2026-07-09,373.01
3357,3711,12,2025-05-04,2025-05-05,285.36
3358,3712,72,2025-04-13,2025-04-23,200.05
3359,3713,103,2023-08-10,2023-08-14,312.31
3360,3714,179,2026-06-14,2026-06-19,
3361,3715,9,2023-09-07,2023-09-09,329.15
3362,3716,107,2026-08-21,2026-08-30,106.21
3363,3717,200,2025-08-24,2025-08-26,189.05
3364,3718,101,2026-04-18,2026-04-23,98.12
3365,3719,117,2026-08-25,2026-08-31,309.38
3366,3720,218,2026-08-26,2026-08-31,397.28
3367,3721,142,2025-06-03,2025-06-08,109.76
3368,3723,13,2026-06-28,2026-07-04,84.18
3369,3724,119,2025-04-10,2025-04-14,236.85
3370,3725,140,2026-03-16,2026-03-21,369.99
3371,3726,185,2023-12-01,2023-12-04,107.82
3372,3727,160,2024-12-13,2024-12-22,318.13
3373,3728,56,2025-11-30,2025-12-05,189.04
3374,3730,218,2025-08-01,2025-08-03,369.79
3375,3731,180,2025-02-01,2025-02-04,397.73
3376,3732,84,2024-10-13,2024-10-15,119.97
3377,3734,133,2024-06-16,2024-06-25,227.25
3378,3735,155,2024-02-12,2024-02-19,404.26
3379,3736,73,2026-07-30,2026-08-04,95.77
3380,3737,69,2026-06-23,2026-06-30,158.74
3381,3738,61,2026-08-20,2026-08-29,140.9
3382,3739,20,2023-12-14,2023-12-20,169.71
3383,3740,1,2024-08-09,2024-08-11,188.72
3384,3741,189,2026-08-26,2026-09-05,253.53
3385,3742,85,2025-10-18,2025-10-19,114.65
3386,3743,114,2023-03-13,2023-03-19,102.18
3387,3744,203,2023-11-22,2023-11-29,295.53
3388,3745,170,2025-08-26,2025-09-01,449.15
3389,3746,14,2026-01-31,2026-02-09,367.25
3390,3747,46,2023-09-26,2023-09-27,253.42
3391,3748,166,2026-07-27,2026-07-31,211.26
3392,3749,23,2024-07-04,2024-07-12,112.22
3393,3750,111,2026-07-06,2026-07-12,88.12
3394,3751,49,2025-02-23,2025-03-02,397.46
3395,3752,154,2025-12-30,2026-01-08,341.97
3396,3754,85,2024-01-31,2024-02-06,223.04
3397,3755,165,2026-06-01,2026-06-06,437.47
3398,3756,32,2025-07-31,2025-08-03,185.52
3399,3757,66,2026-05-14,2026-05-21,236.3
3400,3758,198,2026-08-09,2026-08-18,259.0
3401,3759,168,2026-07-19,2026-07-25,114.74
3402,3760,84,2026-06-06,2026-06-16,409.61
3403,3761,42,2024-02-11,2024-02-14,307.9
3404,3762,187,2026-06-29,2026-07-01,371.89
3405,3763,95,2026-06-17,2026-06-19,378.33
3406,3765,117,2026-05-27,2026-06-04,149.99
3407,3766,93,2023-12-16,2023-12-22,111.72
3408,3767,27,2024-12-25,2024-12-30,309.22
3409,3768,7,2023-12-24,2023-12-29,264.32
3410,3769,126,2026-08-16,2026-08-22,291.21
3411,3770,214,2025-12-08,2025-12-11,256.42
3412,3773,194,2025-04-05,2025-04-09,324.18
3413,3774,47,2026-08-10,2026-08-15,323.97
3414,3775,70,2025-09-22,2025-09-27,352.07
3415,3776,130,2024-10-11,2024-10-13,317.18
3416,3777,71,2024-07-16,2024-07-19,173.76
3417,3779,195,2026-02-23,2026-03-04,388.14
3418,3780,160,2025-09-02,2025-09-08,360.23
3419,3781,94,2026-07-22,2026-07-27,113.97
3420,3782,96,2026-04-11,2026-04-18,167.94
3421,3783,103,2024-09-19,2024-09-28,196.05
3422,3784,80,2026-07-16,2026-07-18,394.05
3423,3785,124,2024-04-23,2024-04-28,167.55
3424,3787,146,2024-05-05,2024-05-14,224.63
3425,3788,159,2025-03-26,2025-03-29,310.75
3426,3789,111,2026-08-03,2026-08-09,340.48
3427,3790,117,2025-11-11,2025-11-15,404.29
3428,3791,113,2026-04-17,2026-04-20,345.05
3429,3792,79,2024-09-28,2024-10-05,97.06
3430,3794,165,2026-06-25,2026-06-30,94.18
3431,3795,20,2026-05-04,2026-05-07,165.84
3432,3796,93,2025-03-17,2025-03-18,348.38
3433,3797,90,2025-01-27,2025-01-31,259.08
3434,3798,90,2023-03-14,2023-03-18,171.0
3435,3799,82,2025-05-26,2025-05-29,318.91
3436,3800,24,2026-05-11,2026-05-16,171.52
3437,3801,123,2026-05-20,2026-05-28,108.28
3438,3802,43,2023-12-28,2024-01-07,336.7
3439,3803,81,2025-04-23,2025-04-24,260.29
3440,3804,209,2024-06-07,2024-06-16,
3441,3805,183,2025-05-07,2025-05-15,429.63
3442,3806,134,2023-07-14,2023-07-18,147.82
3443,3807,85,2025-07-14,2025-07-17,427.37
3444,3808,190,2026-06-22,2026-06-26,186.14
3445,3809,116,2023-10-18,2023-10-22,415.52
3446,3810,83,2024-01-22,2024-01-25,376.0
3447,3811,57,2024-03-19,2024-03-29,403.39
3448,3812,100,2024-09-29,2024-10-08,211.27
3449,3813,125,2026-08-08,2026-08-16,424.89
3450,3814,66,2024-03-30,2024-04-08,408.98
3451,3815,115,2025-01-25,2025-02-03,157.99
3452,3816,138,2024-08-29,2024-08-30,363.52
3453,3817,194,2024-12-21,2024-12-25,443.23
3454,3819,172,2024-05-06,2024-05-11,273.48
3455,3820,84,2025-01-31,2025-02-05,400.86
3456,3821,136,2024-12-28,2025-01-04,416.83
3457,3824,111,2026-08-06,2026-08-15,155.27
3458,3825,145,2023-03-07,2023-03-08,433.16
3459,3826,147,2026-02-23,2026-02-27,95.24
3460,3827,56,2026-07-06,2026-07-12,291.7
3461,3828,141,2026-08-25,2026-08-26,91.76
3462,3829,61,2026-04-10,2026-04-20,353.65
3463,3830,27,2025-10-27,2025-11-04,179.41
3464,3831,135,2023-11-25,2023-11-28,368.81
3465,3832,12,2026-05-14,2026-05-24,428.77
3466,3833,90,2026-08-14,2026-08-17,267.81
3467,3834,26,2026-07-10,2026-07-14,321.32
3468,3835,57,2026-02-21,2026-02-25,96.1
3469,3836,47,2024-12-22,2024-12-30,262.91
3470,3837,71,2024-01-25,2024-01-29,262.14
3471,3838,82,2025-06-11,2025-06-21,344.29
3472,3839,90,2023-11-14,2023-11-24,
3473,3841,29,2026-05-11,2026-05-20,207.15
3474,3842,69,2024-02-22,2024-03-02,
3475,3843,84,2025-08-09,2025-08-12,309.28
3476,3844,35,2023-09-28,2023-10-08,375.09
3477,3845,60,2023-05-25,2023-06-03,391.99
3478,3846,91,2025-03-30,2025-04-07,245.33
3479,3847,31,2024-07-28,2024-07-29,127.4
3480,3848,183,2023-08-13,2023-08-19,310.46
3481,3849,163,2026-06-04,2026-06-14,256.21
3482,3850,142,2025-11-08,2025-11-18,206.4
3483,3852,85,2025-01-16,2025-01-19,225.8
3484,3853,40,2024-07-09,2024-07-17,261.44
3485,3854,26,2026-07-09,2026-07-10,104.94
3486,3855,44,2024-11-20,2024-11-30,441.7
3487,3856,205,2026-07-05,2026-07-13,364.52
3488,3857,1,2026-08-21,2026-08-25,382.65
3489,3858,177,2023-12-23,2024-01-01,293.6
3490,3859,61,2026-05-08,2026-05-15,432.33
3491,3861,180,2026-06-23,2026-07-01,371.71
3492,3862,55,2025-10-23,2025-11-01,223.51
3493,3863,212,2026-03-20,2026-03-22,431.89
3494,3864,185,2026-08-15,2026-08-21,171.41
3495,3866,74,2025-02-18,2025-02-20,216.49
3496,3867,30,2025-05-18,2025-05-24,295.6
3497,3868,187,2024-03-27,2024-03-30,439.79
3498,3869,135,2025-10-22,2025-10-30,265.31
3499,3870,147,2023-08-19,2023-08-27,294.21
3500,3871,147,2026-05-23,2026-05-25,167.31
3501,3872,204,2023-04-24,2023-04-26,425.09
3502,3873,16,2025-06-05,2025-06-11,
3503,3874,5,2025-02-16,2025-02-25,300.17
3504,3875,85,2025-04-27,2025-05-07,445.02
3505,3876,13,2025-12-03,2025-12-04,264.2
3506,3877,21,2023-11-30,2023-12-05,341.67
3507,3878,90,2026-07-29,2026-07-30,218.41
3508,3879,10,2026-02-20,2026-03-01,432.42
3509,3880,68,2026-07-20,2026-07-26,163.32
3510,3881,170,2024-04-17,2024-04-22,447.24
3511,3882,29,2023-11-09,2023-11-17,152.92
3512,3883,205,2024-02-02,2024-02-08,252.2
3513,3884,60,2023-03-21,2023-03-30,80.71
3514,3885,77,2026-07-20,2026-07-24,96.39
3515,3886,86,2024-10-17,2024-10-25,417.39
3516,3887,49,2025-05-25,2025-06-01,412.27
3517,3888,62,2025-09-14,2025-09-20,164.92
3518,3889,61,2024-04-21,2024-04-23,306.41
3519,3890,151,2023-11-19,2023-11-21,218.48
3520,3891,126,2024-06-06,2024-06-12,333.5
3521,3892,212,2024-01-22,2024-01-25,389.29
3522,3893,220,2025-08-27,2025-08-30,421.49
3523,3894,217,2025-02-17,2025-02-26,366.72
3524,3895,110,2026-07-26,2026-08-03,290.22
3525,3896,8,2023-05-04,2023-05-12,321.75
3526,3897,86,2026-03-08,2026-03-12,144.38
3527,3898,192,2025-02-11,2025-02-18,306.15
3528,3900,192,2024-08-13,2024-08-19,186.85
3529,3901,212,2024-04-16,2024-04-24,336.27
3530,3902,169,2024-07-25,2024-08-04,325.04
3531,3903,160,2026-02-24,2026-03-03,214.73
3532,3904,20,2025-07-22,2025-07-28,334.89
3533,3905,108,2025-09-10,2025-09-11,245.95
3534,3906,164,2025-12-02,2025-12-07,312.47
3535,3908,148,2023-07-12,2023-07-15,427.62
3536,3909,200,2024-09-12,2024-09-18,121.85
3537,3910,27,2023-09-26,2023-10-01,414.43
3538,3911,91,2024-02-27,2024-03-02,425.21
3539,3912,129,2023-06-19,2023-06-20,358.77
3540,3913,209,2024-09-17,2024-09-25,416.37
3541,3914,203,2025-03-09,2025-03-17,291.55
3542,3915,137,2026-03-21,2026-03-27,302.04
3543,3916,187,2023-06-17,2023-06-22,355.46
3544,3917,209,2026-06-19,2026-06-24,154.91
3545,3918,60,2024-10-13,2024-10-19,400.38
3546,3919,112,2026-08-08,2026-08-15,390.5
3547,3920,106,2025-03-27,2025-04-06,303.61
3548,3921,46,2026-07-22,2026-07-23,158.5
3549,3922,74,2026-08-20,2026-08-30,213.5
3550,3923,66,2023-12-22,2023-12-28,103.02
3551,3924,114,2024-01-27,2024-02-03,422.98
3552,3925,204,2026-07-10,2026-07-12,141.55
3553,3926,129,2026-07-26,2026-08-01,376.22
3554,3927,149,2026-03-28,2026-04-05,271.67
3555,3928,193,2026-08-19,2026-08-23,242.19
3556,3929,130,2023-11-28,2023-11-30,397.75
3557,3930,62,2026-08-27,2026-08-29,332.91
3558,3931,122,2025-02-15,2025-02-25,424.12
3559,3932,37,2026-08-15,2026-08-21,169.13
3560,3933,35,2023-04-01,2023-04-10,295.88
3561,3934,201,2026-08-07,2026-08-08,258.25
3562,3936,127,2025-06-05,2025-06-09,232.11
3563,3937,192,2026-05-17,2026-05-27,421.56
3564,3938,3,2024-11-02,2024-11-07,100.34
3565,3939,85,2024-10-12,2024-10-15,232.2
3566,3940,203,2023-09-23,2023-09-28,280.73
3567,3941,149,2025-03-30,2025-04-09,267.74
3568,3942,10,2026-08-06,2026-08-09,210.81
3569,3943,139,2026-07-21,2026-07-25,319.51
3570,3944,151,2026-08-24,2026-08-30,128.35
3571,3945,61,2024-06-03,2024-06-07,233.41
3572,3947,160,2025-08-26,2025-08-28,128.6
3573,3948,125,2025-02-01,2025-02-03,312.9
3574,3949,18,2026-04-03,2026-04-08,197.59
3575,3950,59,2025-12-29,2026-01-01,127.14
3576,3951,15,2026-03-04,2026-03-12,226.48
3577,3952,126,2026-08-14,2026-08-18,401.69
3578,3953,23,2025-07-13,2025-07-16,126.15
3579,3954,101,2026-04-19,2026-04-28,425.21
3580,3955,69,2024-09-04,2024-09-12,342.48
3581,3956,42,2024-01-17,2024-01-20,295.53
3582,3957,107,2026-07-04,2026-07-12,117.15
3583,3958,141,2025-04-30,2025-05-04,91.95
3584,3959,33,2023-11-13,2023-11-23,125.72
3585,3960,133,2024-03-05,2024-03-13,390.76
3586,3961,86,2023-10-06,2023-10-14,250.7
3587,3962,151,2026-08-10,2026-08-11,322.75
3588,3963,174,2025-09-21,2025-09-29,81.99
3589,3964,20,2025-11-28,2025-12-05,354.83
3590,3965,8,2026-08-24,2026-08-28,225.68
3591,3966,4,2025-10-17,2025-10-23,401.11
3592,3967,114,2024-05-05,2024-05-12,134.28
3593,3968,70,2026-06-22,2026-06-30,443.69
3594,3969,173,2024-02-11,2024-02-14,151.29
3595,3970,178,2024-08-19,2024-08-29,380.32
3596,3971,198,2026-04-20,2026-04-26,390.76
3597,3972,5,2026-05-15,2026-05-19,103.42
3598,3973,111,2024-06-11,2024-06-18,165.5
3599,3974,46,2024-11-19,2024-11-21,392.69
3600,3975,174,2024-03-30,2024-04-09,435.72
3601,3976,209,2026-07-21,2026-07-30,365.69
3602,3977,174,2023-02-24,2023-03-05,
3603,3979,57,2025-07-16,2025-07-17,229.8
3604,3980,53,2025-01-02,2025-01-06,123.13
3605,3981,7,2025-12-31,2026-01-10,425.17
3606,3982,155,2023-09-19,2023-09-25,188.49
3607,3983,108,2026-01-15,2026-01-19,272.63
3608,3984,26,2025-01-10,2025-01-13,270.68
3609,3985,211,2024-08-08,2024-08-10,364.66
3610,3986,211,2025-08-21,2025-08-27,282.66
3611,3987,103,2026-06-19,2026-06-22,
3612,3988,144,2026-07-06,2026-07-09,122.44
3613,3989,159,2024-06-02,2024-06-11,179.05
3614,3990,125,2025-09-26,2025-10-03,253.8
3615,3991,193,2024-01-07,2024-01-15,359.7
3616,3992,9,2026-03-25,2026-04-03,107.9
3617,3993,29,2023-12-27,2024-01-02,204.54
3618,3995,85,2025-08-01,2025-08-05,273.53
3619,3996,26,2024-10-03,2024-10-08,440.87
3620,3997,62,2026-08-24,2026-09-03,171.53
3621,3998,196,2024-01-04,2024-01-07,335.04
3622,3999,55,2025-02-17,2025-02-21,181.48
3623,4000,40,2024-12-07,2024-12-08,200.4
3624,4001,191,2026-05-21,2026-05-23,98.18
3625,4002,216,2025-05-01,2025-05-04,182.69
3626,4003,203,2024-01-08,2024-01-16,333.32
3627,4004,172,2024-03-26,2024-03-29,108.63
3628,4005,97,2026-04-08,2026-04-18,370.81
3629,4006,170,2026-05-30,2026-06-07,432.62
3630,4007,93,2025-01-27,2025-01-28,358.64
3631,4008,109,2025-06-09,2025-06-11,
3632,4009,176,2026-05-16,2026-05-23,249.65
3633,4010,218,2025-05-04,2025-05-11,287.96
3634,4011,12,2024-11-08,2024-11-15,186.58
3635,4012,138,2024-04-13,2024-04-19,331.65
3636,4013,123,2026-08-26,2026-08-27,390.9
3637,4014,164,2025-10-01,2025-10-11,186.25
3638,4015,160,2026-01-04,2026-01-05,174.28
3639,4016,189,2026-08-08,2026-08-13,359.24
3640,4017,158,2026-07-10,2026-07-15,269.97
3641,4018,116,2025-07-24,2025-08-02,434.92
3642,4020,167,2026-03-22,2026-03-28,177.65
3643,4021,14,2025-04-12,2025-04-16,329.93
3644,4022,217,2025-04-04,2025-04-10,158.44
3645,4023,187,2025-05-30,2025-06-06,84.04
3646,4024,81,2023-09-04,2023-09-13,392.32
3647,4025,105,2025-11-23,2025-11-28,210.27
3648,4026,31,2023-07-05,2023-07-06,113.39
3649,4027,156,2023-09-09,2023-09-15,430.36
3650,4028,128,2026-02-25,2026-02-27,381.9
3651,4029,54,2026-07-28,2026-07-29,253.66
3652,4030,20,2023-12-31,2024-01-10,92.07
3653,4031,99,2026-08-20,2026-08-21,180.1
3654,4032,19,2023-12-01,2023-12-07,122.72
3655,4035,204,2026-03-29,2026-03-30,354.99
3656,4037,29,2025-11-14,2025-11-19,189.06
3657,4038,83,2024-01-31,2024-02-06,164.66
3658,4039,140,2026-08-21,2026-08-27,238.05
3659,4040,63,2025-01-07,2025-01-08,423.62
3660,4041,189,2025-07-08,2025-07-15,273.19
3661,4042,54,2024-10-06,2024-10-15,97.58
3662,4043,219,2026-04-29,2026-05-09,223.73
3663,4044,107,2026-08-16,2026-08-18,347.1
3664,4045,40,2025-01-13,2025-01-23,249.59
3665,4047,44,2025-10-05,2025-10-14,251.13
3666,4048,28,2023-12-21,2023-12-22,288.04
3667,4049,129,2024-05-10,2024-05-20,395.23
3668,4050,45,2026-06-02,2026-06-10,311.94
3669,4051,10,2024-07-30,2024-08-05,130.78
3670,4052,32,2023-12-08,2023-12-17,122.77
3671,4053,21,2026-05-10,2026-05-18,172.41
3672,4055,112,2025-07-20,2025-07-26,168.15
3673,4056,8,2026-01-30,2026-02-09,237.78
3674,4057,175,2025-06-12,2025-06-14,353.13
3675,4058,129,2026-04-21,2026-04-26,378.64
3676,4059,75,2024-09-06,2024-09-09,267.08
3677,4060,13,2026-08-26,2026-08-30,345.39
3678,4061,52,2025-05-18,2025-05-24,345.9
3679,4062,198,2023-08-16,2023-08-26,
3680,4064,201,2025-12-04,2025-12-05,342.93
3681,4066,95,2024-12-25,2025-01-02,379.29
3682,4067,118,2026-08-21,2026-08-29,279.91
3683,4069,44,2024-05-16,2024-05-19,413.64
3684,4070,46,2026-04-29,2026-04-30,258.47
3685,4071,154,2025-08-25,2025-09-04,368.46
3686,4072,109,2024-04-23,2024-05-01,
3687,4073,56,2025-05-27,2025-05-30,83.49
3688,4074,172,2025-03-22,2025-03-23,103.17
3689,4075,76,2025-08-02,2025-08-08,378.25
3690,4076,130,2026-03-11,2026-03-12,141.41
3691,4077,191,2025-08-04,2025-08-14,128.95
3692,4078,192,2024-01-30,2024-02-04,225.4
3693,4079,78,2026-04-16,2026-04-23,152.78
3694,4080,164,2023-10-20,2023-10-25,107.28
3695,4081,85,2023-06-01,2023-06-04,182.02
3696,4082,141,2024-03-17,2024-03-20,
3697,4083,175,2024-01-06,2024-01-12,369.64
3698,4084,171,2025-09-20,2025-09-24,328.58
3699,4085,199,2025-04-05,2025-04-13,139.21
3700,4086,117,2025-04-23,2025-04-26,264.08
3701,4087,13,2023-12-31,2024-01-08,364.57
3702,4088,193,2026-03-10,2026-03-13,325.99
3703,4089,29,2023-12-20,2023-12-24,229.72
3704,4090,149,2025-06-21,2025-06-23,183.79
3705,4091,58,2026-02-06,2026-02-14,252.71
3706,4092,72,2023-12-18,2023-12-22,244.61
3707,4094,10,2026-04-27,2026-05-01,228.15
3708,4096,135,2025-11-11,2025-11-12,283.94
3709,4098,192,2026-07-19,2026-07-23,412.6
3710,4099,201,2026-05-04,2026-05-10,332.48
3711,4100,1,2025-11-06,2025-11-13,173.7
3712,4101,86,2024-01-10,2024-01-11,223.33
3713,4102,35,2025-05-14,2025-05-22,221.68
3714,4103,25,2026-05-15,2026-05-16,424.44
3715,4104,211,2024-01-31,2024-02-08,220.98
3716,4105,162,2023-11-28,2023-12-02,321.29
3717,4106,219,2024-08-28,2024-09-02,283.6
3718,4107,146,2024-12-02,2024-12-05,437.69
3719,4109,215,2026-08-27,2026-08-31,137.82
3720,4110,87,2026-05-08,2026-05-17,
3721,4111,10,2023-10-07,2023-10-14,339.11
3722,4112,26,2023-05-25,2023-06-03,173.85
3723,4113,21,2024-03-10,2024-03-13,306.02
3724,4116,17,2026-08-22,2026-08-28,234.58
3725,4118,86,2026-03-10,2026-03-16,157.07
3726,4119,48,2026-03-31,2026-04-03,245.37
3727,4120,76,2026-08-17,2026-08-25,157.73
3728,4121,63,2024-12-20,2024-12-30,137.35
3729,4122,120,2025-06-11,2025-06-20,82.61
3730,4124,15,2024-05-31,2024-06-05,148.61
3731,4125,168,2024-04-06,2024-04-07,205.14
3732,4126,199,2026-07-24,2026-08-01,222.45
3733,4127,106,2026-03-17,2026-03-21,351.73
3734,4128,199,2024-10-28,2024-11-05,240.85
3735,4129,147,2025-10-02,2025-10-12,235.64
3736,4130,112,2025-01-28,2025-01-30,367.19
3737,4131,154,2026-07-12,2026-07-20,369.53
3738,4132,136,2024-03-05,2024-03-14,211.15
3739,4133,147,2026-01-16,2026-01-24,104.94
3740,4134,28,2024-06-09,2024-06-10,199.43
3741,4135,71,2024-08-24,2024-08-26,390.32
3742,4136,130,2024-10-03,2024-10-05,363.43
3743,4137,54,2025-06-15,2025-06-20,179.75
3744,4139,103,2023-09-30,2023-10-06,233.01
3745,4142,73,2026-05-04,2026-05-13,162.87
3746,4143,131,2026-06-18,2026-06-24,314.14
3747,4144,57,2025-09-13,2025-09-21,180.5
3748,4145,104,2023-10-03,2023-10-11,172.04
3749,4146,63,2025-01-13,2025-01-17,144.79
3750,4147,28,2025-11-25,2025-12-04,271.46
3751,4148,101,2023-08-17,2023-08-20,220.15
3752,4149,119,2024-10-08,2024-10-18,319.54
3753,4150,110,2024-05-17,2024-05-26,129.19
3754,4151,183,2026-02-15,2026-02-22,200.89
3755,4152,42,2025-02-16,2025-02-19,172.06
3756,4153,130,2023-04-11,2023-04-12,94.34
3757,4154,185,2024-12-04,2024-12-11,
3758,4155,109,2026-06-23,2026-06-27,242.4
3759,4156,11,2025-04-12,2025-04-15,447.09
3760,4157,168,2025-11-02,2025-11-04,371.1
3761,4158,38,2026-01-18,2026-01-21,128.05
3762,4159,12,2025-10-31,2025-11-04,239.4
3763,4160,141,2026-03-02,2026-03-11,179.73
3764,4161,4,2026-07-13,2026-07-19,298.45
3765,4162,104,2023-10-04,2023-10-11,448.34
3766,4163,21,2023-09-03,2023-09-11,368.23
3767,4164,124,2024-04-17,2024-04-22,166.41
3768,4165,167,2025-08-28,2025-08-29,319.81
3769,4166,108,2023-05-20,2023-05-24,174.21
3770,4168,69,2024-04-04,2024-04-06,
3771,4170,16,2023-12-15,2023-12-25,120.87
3772,4171,177,2023-09-23,2023-10-02,195.92
3773,4172,197,2026-02-17,2026-02-23,383.17
3774,4173,203,2026-03-09,2026-03-10,165.8
3775,4174,66,2025-08-06,2025-08-16,259.77
3776,4175,210,2025-11-03,2025-11-07,322.42
3777,4177,33,2026-07-24,2026-07-27,427.54
3778,4178,183,2026-06-06,2026-06-14,430.23
3779,4179,206,2025-06-23,2025-06-28,344.84
3780,4180,216,2025-07-27,2025-07-28,410.66
3781,4181,162,2025-05-31,2025-06-02,364.22
3782,4182,81,2025-02-27,2025-03-02,82.33
3783,4184,99,2025-12-08,2025-12-14,161.8
3784,4185,115,2025-01-03,2025-01-13,202.67
3785,4186,207,2026-08-12,2026-08-17,232.95
3786,4187,1,2023-09-20,2023-09-30,398.26
3787,4188,32,2025-08-14,2025-08-15,182.29
3788,4190,193,2026-08-05,2026-08-09,87.69
3789,4191,205,2024-01-18,2024-01-24,295.29
3790,4192,47,2026-08-12,2026-08-19,246.31
3791,4194,215,2024-04-19,2024-04-24,193.47
3792,4195,23,2026-03-22,2026-03-23,155.11
3793,4197,68,2025-11-10,2025-11-12,123.13
3794,4198,122,2025-01-03,2025-01-05,440.17
3795,4199,105,2026-07-18,2026-07-25,402.94
3796,4201,109,2023-12-05,2023-12-06,143.53
3797,4202,52,2025-09-11,2025-09-17,222.73
3798,4203,78,2025-12-08,2025-12-17,441.14
3799,4204,26,2023-11-21,2023-11-30,379.03
3800,4205,207,2023-10-22,2023-10-27,312.45
3801,4206,113,2026-04-14,2026-04-20,343.71
3802,4207,102,2023-12-04,2023-12-07,162.33
3803,4208,9,2024-05-28,2024-06-03,363.3
3804,4209,109,2025-04-06,2025-04-09,333.54
3805,4210,84,2025-02-03,2025-02-09,409.03
3806,4211,190,2025-04-07,2025-04-17,212.55
3807,4212,125,2023-11-15,2023-11-16,89.7
3808,4213,37,2025-08-20,2025-08-29,123.63
3809,4214,26,2023-10-26,2023-11-01,121.7
3810,4215,129,2024-01-18,2024-01-21,366.08
3811,4216,82,2026-08-17,2026-08-21,390.96
3812,4217,69,2025-02-24,2025-03-04,105.91
3813,4218,87,2026-02-03,2026-02-11,449.81
3814,4219,193,2026-08-25,2026-09-04,445.19
3815,4220,154,2025-04-15,2025-04-17,419.82
3816,4221,122,2026-01-30,2026-02-01,225.34
3817,4222,120,2023-07-30,2023-08-02,185.66
3818,4223,47,2024-06-17,2024-06-27,176.76
3819,4224,94,2025-01-12,2025-01-19,254.55
3820,4225,54,2025-12-28,2026-01-06,354.12
3821,4226,146,2025-05-21,2025-05-28,409.86
3822,4228,74,2024-05-22,2024-05-27,178.49
3823,4229,75,2024-04-03,2024-04-09,130.52
3824,4231,65,2023-07-27,2023-07-30,437.2
3825,4232,103,2026-03-26,2026-03-27,327.3
3826,4233,43,2026-06-01,2026-06-05,144.23
3827,4234,125,2024-11-17,2024-11-19,418.81
3828,4235,134,2023-09-22,2023-10-01,264.09
3829,4236,137,2024-08-28,2024-08-30,145.25
3830,4237,17,2025-05-09,2025-05-19,168.65
3831,4238,199,2026-07-15,2026-07-18,92.11
3832,4239,172,2026-07-12,2026-07-16,433.9
3833,4240,19,2024-02-29,2024-03-03,298.37
3834,4241,112,2026-05-08,2026-05-10,245.46
3835,4242,212,2025-07-26,2025-08-02,344.35
3836,4243,216,2026-01-01,2026-01-08,170.02
3837,4244,169,2023-08-08,2023-08-13,221.82
3838,4245,165,2023-09-15,2023-09-25,331.57
3839,4246,153,2025-10-10,2025-10-20,80.81
3840,4247,146,2025-04-08,2025-04-14,
3841,4248,1,2023-06-13,2023-06-23,234.42
3842,4249,201,2026-06-27,2026-06-30,393.55
3843,4250,49,2026-04-01,2026-04-09,235.87
3844,4251,182,2026-08-15,2026-08-25,377.87
3845,4252,208,2023-12-26,2023-12-29,299.58
3846,4254,13,2026-06-21,2026-06-24,82.51
3847,4255,192,2026-05-12,2026-05-15,201.21
3848,4257,137,2026-06-23,2026-06-26,159.39
3849,4258,125,2025-09-13,2025-09-22,334.14
3850,4259,33,2023-07-26,2023-07-31,199.5
3851,4260,147,2025-08-23,2025-08-30,115.82
3852,4261,212,2026-04-27,2026-05-01,363.32
3853,4262,174,2023-11-26,2023-11-27,171.01
3854,4263,47,2024-01-24,2024-01-29,197.25
3855,4264,78,2024-03-12,2024-03-17,427.12
3856,4265,157,2024-03-12,2024-03-17,265.33
3857,4266,11,2025-09-30,2025-10-06,258.47
3858,4267,7,2025-02-02,2025-02-03,281.98
3859,4269,14,2025-06-15,2025-06-21,431.8
3860,4270,220,2026-03-06,2026-03-13,227.45
3861,4271,60,2026-05-23,2026-05-30,267.07
3862,4272,199,2025-02-18,2025-02-24,193.82
3863,4273,146,2026-05-07,2026-05-12,264.69
3864,4274,182,2025-10-29,2025-11-07,182.64
3865,4275,108,2026-08-07,2026-08-11,423.83
3866,4276,176,2024-09-18,2024-09-26,223.4
3867,4277,42,2024-07-31,2024-08-08,363.45
3868,4278,114,2024-05-31,2024-06-06,181.71
3869,4279,130,2025-04-24,2025-05-02,182.77
3870,4280,99,2026-05-03,2026-05-10,437.56
3871,4281,194,2024-01-21,2024-01-29,380.41
3872,4282,193,2024-07-19,2024-07-24,115.19
3873,4284,142,2026-08-22,2026-08-27,361.43
3874,4285,21,2026-06-09,2026-06-19,424.2
3875,4286,35,2023-08-25,2023-09-04,420.79
3876,4287,113,2026-07-26,2026-08-03,192.95
3877,4288,10,2025-11-20,2025-11-21,206.62
3878,4290,103,2023-11-24,2023-11-30,295.22
3879,4291,204,2026-07-03,2026-07-09,355.0
3880,4292,200,2025-06-05,2025-06-08,245.72
3881,4293,196,2024-11-21,2024-11-26,142.44
3882,4294,114,2024-10-09,2024-10-14,216.42
3883,4295,54,2023-10-07,2023-10-11,266.55
3884,4297,205,2025-05-08,2025-05-11,199.55
3885,4298,102,2026-08-08,2026-08-14,427.57
3886,4299,142,2023-10-29,2023-10-31,277.96
3887,4301,117,2025-10-03,2025-10-09,
3888,4302,164,2026-07-22,2026-07-26,209.46
3889,4303,38,2026-06-27,2026-07-07,227.72
3890,4304,117,2023-11-27,2023-11-29,240.09
3891,4305,197,2026-02-11,2026-02-15,280.74
3892,4306,143,2026-08-12,2026-08-17,405.94
3893,4308,193,2026-06-08,2026-06-18,163.2
3894,4309,64,2024-12-28,2025-01-04,135.98
3895,4310,209,2024-01-03,2024-01-07,108.95
3896,4311,32,2026-05-15,2026-05-16,216.87
3897,4312,176,2026-05-26,2026-06-05,80.4
3898,4313,30,2026-08-13,2026-08-23,371.78
3899,4314,171,2023-07-29,2023-08-08,289.34
3900,4315,199,2023-02-11,2023-02-20,358.2
3901,4316,97,2024-01-08,2024-01-12,193.85
3902,4317,116,2026-06-11,2026-06-14,85.29
3903,4318,9,2023-08-15,2023-08-17,153.49
3904,4319,205,2025-01-10,2025-01-12,275.2
3905,4320,23,2025-03-05,2025-03-09,186.81
3906,4321,8,2026-07-04,2026-07-06,342.55
3907,4322,113,2023-06-23,2023-07-02,260.89
3908,4323,214,2023-07-23,2023-07-30,
3909,4324,149,2025-06-25,2025-07-02,307.52
3910,4325,118,2024-04-14,2024-04-19,312.82
3911,4326,185,2026-08-14,2026-08-19,414.72
3912,4327,37,2026-06-23,2026-06-27,195.83
3913,4328,192,2023-12-07,2023-12-09,214.66
3914,4329,180,2025-06-23,2025-07-03,101.48
3915,4330,99,2025-07-26,2025-08-03,249.06
3916,4331,132,2026-02-01,2026-02-09,150.65
3917,4332,13,2023-06-22,2023-07-02,321.36
3918,4333,203,2026-08-12,2026-08-22,317.61
3919,4334,202,2026-08-07,2026-08-14,321.26
3920,4335,93,2026-08-25,2026-09-01,303.91
3921,4336,26,2024-08-22,2024-09-01,433.91
3922,4337,193,2024-04-22,2024-04-25,271.37
3923,4338,140,2024-04-04,2024-04-13,386.25
3924,4339,18,2026-07-11,2026-07-19,375.01
3925,4340,49,2023-12-18,2023-12-24,439.08
3926,4341,86,2026-01-09,2026-01-14,339.35
3927,4342,83,2024-11-15,2024-11-18,287.34
3928,4343,199,2024-09-24,2024-10-04,219.8
3929,4344,187,2024-09-01,2024-09-10,224.03
3930,4345,205,2026-01-30,2026-02-06,283.26
3931,4346,75,2024-10-03,2024-10-04,377.28
3932,4347,113,2024-02-26,2024-03-01,295.25
3933,4348,185,2024-10-23,2024-10-27,200.07
3934,4349,158,2024-06-30,2024-07-01,312.36
3935,4350,181,2026-08-18,2026-08-26,161.11
3936,4351,162,2025-01-18,2025-01-24,441.67
3937,4352,192,2025-01-30,2025-02-03,95.71
3938,4353,10,2026-08-24,2026-08-28,179.7
3939,4354,92,2024-03-16,2024-03-18,307.64
3940,4355,130,2025-12-29,2026-01-01,435.17
3941,4356,56,2026-03-04,2026-03-11,356.71
3942,4357,71,2026-08-04,2026-08-13,434.21
3943,4358,82,2026-08-27,2026-09-03,376.59
3944,4359,77,2025-03-28,2025-04-05,131.26
3945,4360,199,2025-12-03,2025-12-04,384.23
3946,4361,209,2024-06-30,2024-07-10,357.12
3947,4362,58,2026-06-06,2026-06-15,327.08
3948,4363,144,2025-01-28,2025-02-06,173.82
3949,4364,174,2023-12-06,2023-12-08,163.61
3950,4365,78,2025-07-21,2025-07-23,434.19
3951,4366,127,2024-12-14,2024-12-21,83.9
3952,4367,130,2024-10-09,2024-10-11,441.72
3953,4368,3,2024-06-11,2024-06-18,416.3
3954,4369,87,2025-08-29,2025-09-07,292.48
3955,4370,99,2025-07-30,2025-08-02,370.89
3956,4371,64,2025-09-29,2025-10-07,412.56
3957,4372,107,2026-08-02,2026-08-11,207.91
3958,4373,18,2024-08-16,2024-08-20,404.5
3959,4374,130,2023-11-27,2023-12-03,389.94
3960,4375,200,2025-09-17,2025-09-19,200.03
3961,4377,72,2023-10-06,2023-10-08,261.46
3962,4378,130,2024-04-25,2024-05-01,148.52
3963,4379,104,2026-06-05,2026-06-10,183.37
3964,4380,4,2025-02-25,2025-03-03,122.72
3965,4381,62,2026-05-12,2026-05-17,131.94
3966,4382,70,2026-08-20,2026-08-23,369.85
3967,4383,8,2026-01-16,2026-01-22,392.92
3968,4384,189,2026-07-11,2026-07-18,
3969,4385,73,2025-09-17,2025-09-23,173.67
3970,4386,51,2024-01-16,2024-01-17,322.1
3971,4387,138,2024-08-26,2024-09-01,446.29
3972,4388,85,2025-03-12,2025-03-19,359.1
3973,4389,153,2024-12-17,2024-12-27,240.08
3974,4390,144,2026-06-15,2026-06-22,128.87
3975,4391,201,2024-06-07,2024-06-14,256.15
3976,4392,49,2026-01-17,2026-01-23,402.87
3977,4393,67,2026-05-15,2026-05-22,171.54
3978,4394,136,2023-06-04,2023-06-13,117.5
3979,4395,71,2025-12-11,2025-12-16,81.57
3980,4396,176,2026-08-27,2026-08-31,125.68
3981,4397,185,2026-05-08,2026-05-15,240.96
3982,4398,15,2025-07-30,2025-08-02,167.4
3983,4399,102,2026-06-17,2026-06-20,333.08
3984,4400,126,2026-08-08,2026-08-10,147.66
3985,4401,167,2025-07-17,2025-07-26,199.77
3986,4402,199,2025-02-13,2025-02-17,407.14
3987,4404,121,2025-05-28,2025-06-06,423.69
3988,4405,44,2026-08-02,2026-08-08,313.16
3989,4406,55,2023-02-28,2023-03-09,341.19
3990,4407,106,2026-08-24,2026-08-28,228.49
3991,4409,170,2025-02-12,2025-02-14,378.03
3992,4410,22,2024-08-26,2024-09-02,191.07
3993,4411,4,2024-05-08,2024-05-15,370.85
3994,4412,50,2026-02-08,2026-02-12,105.07
3995,4413,111,2023-07-22,2023-07-31,240.89
3996,4414,37,2026-03-12,2026-03-15,140.09
3997,4415,210,2024-09-17,2024-09-19,381.4
3998,4416,100,2024-12-11,2024-12-12,201.53
3999,4417,74,2025-03-22,2025-03-26,150.6
4000,4418,75,2026-07-05,2026-07-13,160.08
4001,4419,95,2025-01-07,2025-01-12,175.31
4002,4420,215,2024-06-23,2024-06-30,113.05
4003,4421,189,2026-03-24,2026-03-25,278.72
4004,4422,108,2025-10-25,2025-10-29,350.12
4005,4423,68,2024-12-14,2024-12-20,344.4
4006,4424,89,2023-05-18,2023-05-26,247.86
4007,4425,76,2024-03-28,2024-04-06,310.62
4008,4426,6,2025-08-14,2025-08-22,189.59
4009,4427,183,2025-06-13,2025-06-18,412.97
4010,4428,169,2026-08-16,2026-08-20,200.85
4011,4429,189,2025-02-28,2025-03-07,276.35
4012,4430,131,2026-03-15,2026-03-20,360.92
4013,4431,74,2025-04-11,2025-04-17,162.3
4014,4432,195,2025-11-15,2025-11-22,155.37
4015,4433,48,2024-08-28,2024-09-05,299.89
4016,4434,146,2026-06-07,2026-06-09,311.33
4017,4435,120,2026-01-12,2026-01-17,209.38
4018,4436,108,2026-08-17,2026-08-24,442.17
4019,4438,67,2025-05-12,2025-05-22,257.9
4020,4440,104,2024-11-21,2024-12-01,293.13
4021,4441,70,2024-02-14,2024-02-15,426.86
4022,4442,145,2026-05-27,2026-05-29,400.91
4023,4443,19,2025-11-09,2025-11-15,83.36
4024,4444,115,2026-08-26,2026-08-29,288.14
4025,4445,130,2024-07-15,2024-07-24,352.02
4026,4446,194,2025-06-24,2025-06-25,331.28
4027,4447,83,2026-06-29,2026-07-06,448.88
4028,4448,108,2025-04-04,2025-04-07,298.74
4029,4449,12,2026-03-25,2026-03-27,128.88
4030,4450,156,2026-01-07,2026-01-13,118.1
4031,4451,52,2023-12-27,2023-12-29,130.75
4032,4452,18,2026-05-25,2026-06-02,441.51
4033,4453,55,2024-04-11,2024-04-19,432.53
4034,4454,41,2025-07-21,2025-07-31,413.48
4035,4456,140,2025-01-27,2025-02-03,170.8
4036,4457,212,2023-12-24,2023-12-29,107.59
4037,4458,55,2024-08-15,2024-08-22,164.06
4038,4459,41,2024-01-05,2024-01-07,427.52
4039,4460,212,2026-02-06,2026-02-07,214.06
4040,4461,157,2025-04-01,2025-04-04,157.31
4041,4462,175,2023-06-14,2023-06-24,233.1
4042,4463,149,2025-11-15,2025-11-17,222.32
4043,4464,81,2024-08-03,2024-08-07,170.13
4044,4466,25,2026-03-16,2026-03-20,203.46
4045,4467,16,2026-07-24,2026-07-26,96.42
4046,4468,3,2024-04-07,2024-04-16,160.62
4047,4469,192,2023-11-19,2023-11-22,82.45
4048,4470,174,2026-01-29,2026-02-02,165.2
4049,4471,118,2026-06-03,2026-06-11,400.4
4050,4472,143,2024-08-07,2024-08-15,370.81
4051,4473,135,2024-03-21,2024-03-22,113.45
4052,4474,58,2026-07-19,2026-07-23,438.2
4053,4475,173,2023-10-26,2023-10-28,402.64
4054,4477,188,2025-01-05,2025-01-14,188.06
4055,4478,135,2024-09-17,2024-09-27,189.71
4056,4479,18,2026-08-05,2026-08-09,80.1
4057,4480,17,2024-06-09,2024-06-14,391.77
4058,4481,29,2026-08-15,2026-08-25,267.02
4059,4482,90,2026-08-16,2026-08-21,85.35
4060,4483,164,2024-09-10,2024-09-18,103.49
4061,4484,18,2024-06-04,2024-06-08,125.86
4062,4485,207,2024-09-16,2024-09-24,359.36
4063,4486,62,2026-08-14,2026-08-18,345.42
4064,4487,67,2026-02-20,2026-03-02,346.92
4065,4488,74,2024-08-04,2024-08-09,265.65
4066,4490,73,2026-04-05,2026-04-13,445.07
4067,4491,20,2024-10-09,2024-10-10,400.49
4068,4492,171,2024-10-18,2024-10-26,279.04
4069,4494,147,2023-09-28,2023-10-06,407.41
4070,4495,10,2026-04-08,2026-04-11,93.64
4071,4496,169,2026-06-28,2026-07-01,195.31
4072,4497,34,2026-03-19,2026-03-24,137.96
4073,4498,145,2024-03-15,2024-03-21,223.31
4074,4499,170,2025-07-04,2025-07-12,82.7
4075,4500,92,2023-11-15,2023-11-17,342.01
4076,4501,167,2024-03-09,2024-03-12,257.06
4077,4502,87,2023-10-23,2023-11-01,182.48
4078,4504,75,2024-12-27,2024-12-30,411.35
4079,4505,170,2024-07-29,2024-08-08,
4080,4506,47,2026-06-11,2026-06-18,404.48
4081,4507,17,2025-02-09,2025-02-18,282.0
4082,4508,176,2024-12-07,2024-12-13,360.39
4083,4509,149,2026-03-29,2026-04-06,336.64
4084,4510,85,2024-12-26,2024-12-27,287.06
4085,4511,153,2024-02-29,2024-03-10,270.99
4086,4512,129,2025-08-06,2025-08-16,192.61
4087,4513,192,2025-07-30,2025-08-02,218.04
4088,4514,164,2025-12-25,2026-01-02,118.16
4089,4515,29,2024-11-03,2024-11-11,432.78
4090,4516,155,2025-11-10,2025-11-15,242.28
4091,4517,90,2024-08-06,2024-08-13,241.51
4092,4518,104,2026-08-14,2026-08-24,272.37
4093,4519,133,2025-02-27,2025-03-05,120.28
4094,4520,1,2026-04-04,2026-04-12,227.38
4095,4521,24,2024-04-18,2024-04-25,331.55
4096,4522,18,2024-02-24,2024-02-25,288.62
4097,4523,177,2024-01-15,2024-01-24,424.55
4098,4524,65,2024-02-17,2024-02-23,421.14
4099,4525,86,2026-08-09,2026-08-13,426.13
4100,4526,98,2023-04-22,2023-04-28,276.84
4101,4527,119,2024-04-06,2024-04-07,163.67
4102,4528,16,2024-01-20,2024-01-23,146.48
4103,4529,178,2024-04-08,2024-04-13,134.45
4104,4530,199,2026-05-20,2026-05-22,220.41
4105,4532,195,2025-02-11,2025-02-17,217.39
4106,4533,35,2023-12-25,2023-12-26,115.34
4107,4534,138,2025-07-24,2025-07-29,417.89
4108,4535,90,2024-04-14,2024-04-19,382.95
4109,4536,135,2023-09-20,2023-09-29,442.74
4110,4537,150,2025-04-22,2025-04-28,354.71
4111,4538,190,2025-01-17,2025-01-18,173.64
4112,4539,182,2024-05-23,2024-06-01,445.25
4113,4540,58,2024-12-14,2024-12-19,324.82
4114,4541,58,2023-11-21,2023-11-23,374.7
4115,4542,186,2023-06-26,2023-07-05,146.98
4116,4543,193,2025-03-18,2025-03-22,210.78
4117,4544,114,2026-02-02,2026-02-10,374.14
4118,4545,174,2025-09-02,2025-09-10,108.05
4119,4546,55,2024-05-15,2024-05-19,
4120,4547,39,2026-07-19,2026-07-25,200.36
4121,4548,154,2026-04-04,2026-04-08,241.56
4122,4549,123,2025-09-04,2025-09-10,404.13
4123,4550,143,2026-04-26,2026-04-29,341.28
4124,4551,11,2025-09-13,2025-09-23,244.62
4125,4552,105,2024-09-13,2024-09-18,378.5
4126,4553,193,2024-07-14,2024-07-17,96.42
4127,4555,122,2024-02-18,2024-02-24,240.63
4128,4556,74,2026-04-13,2026-04-18,273.65
4129,4557,160,2025-02-06,2025-02-07,344.15
4130,4558,108,2026-06-10,2026-06-20,405.73
4131,4559,25,2024-09-16,2024-09-23,250.14
4132,4560,210,2023-11-03,2023-11-04,436.22
4133,4561,191,2025-03-01,2025-03-11,120.0
4134,4562,215,2024-02-10,2024-02-13,171.46
4135,4563,67,2025-03-14,2025-03-18,393.97
4136,4564,64,2026-05-21,2026-05-30,194.63
4137,4565,164,2023-10-05,2023-10-12,139.74
4138,4566,59,2026-06-25,2026-07-04,324.38
4139,4567,102,2023-07-27,2023-07-29,376.89
4140,4568,78,2026-06-08,2026-06-09,421.93
4141,4569,43,2024-06-19,2024-06-27,448.97
4142,4570,118,2024-12-08,2024-12-15,351.39
4143,4571,159,2023-11-10,2023-11-14,82.34
4144,4572,176,2024-11-26,2024-12-01,417.05
4145,4573,90,2026-02-18,2026-02-22,377.53
4146,4574,114,2025-03-03,2025-03-07,128.73
4147,4575,51,2026-03-20,2026-03-28,181.26
4148,4576,170,2023-11-25,2023-11-30,176.7
4149,4579,9,2026-08-25,2026-09-01,437.94
4150,4580,45,2026-07-13,2026-07-18,262.67
4151,4581,101,2024-12-11,2024-12-16,316.08
4152,4582,176,2026-07-29,2026-08-06,448.91
4153,4583,35,2025-06-05,2025-06-15,272.53
4154,4584,55,2026-07-11,2026-07-19,388.25
4155,4585,133,2024-06-16,2024-06-18,375.22
4156,4586,64,2024-05-21,2024-05-24,196.27
4157,4587,116,2026-03-16,2026-03-18,136.72
4158,4588,12,2024-10-22,2024-10-30,169.11
4159,4589,128,2023-10-30,2023-11-06,308.14
4160,4590,69,2024-01-19,2024-01-22,100.79
4161,4591,108,2025-06-03,2025-06-09,167.87
4162,4592,206,2024-06-17,2024-06-22,406.83
4163,4593,139,2024-05-06,2024-05-07,268.79
4164,4594,16,2026-08-14,2026-08-17,80.3
4165,4595,157,2024-02-28,2024-03-07,385.94
4166,4597,104,2024-04-23,2024-04-29,373.08
4167,4598,21,2024-04-22,2024-05-01,
4168,4599,218,2024-01-10,2024-01-11,112.85
4169,4600,95,2026-08-04,2026-08-13,145.46
4170,4601,122,2024-01-26,2024-02-04,448.75
4171,4602,150,2026-04-24,2026-04-30,265.89
4172,4603,28,2025-04-20,2025-04-26,316.07
4173,4604,108,2024-04-12,2024-04-22,93.78
4174,4605,22,2024-08-13,2024-08-23,
4175,4606,69,2023-01-24,2023-02-01,423.74
4176,4607,159,2025-04-16,2025-04-24,435.93
4177,4608,100,2026-06-14,2026-06-19,334.45
4178,4609,212,2026-06-16,2026-06-22,328.98
4179,4611,179,2026-05-09,2026-05-17,248.43
4180,4612,49,2026-08-09,2026-08-19,141.88
4181,4613,8,2023-11-21,2023-11-27,191.57
4182,4614,148,2024-07-02,2024-07-05,349.89
4183,4615,42,2026-07-29,2026-07-30,252.31
4184,4616,43,2026-04-21,2026-04-29,405.08
4185,4617,35,2026-07-20,2026-07-25,237.78
4186,4618,15,2023-07-30,2023-08-06,327.9
4187,4619,160,2024-08-28,2024-09-06,225.29
4188,4620,69,2023-10-21,2023-10-23,265.38
4189,4621,154,2026-06-10,2026-06-11,168.04
4190,4622,68,2026-02-17,2026-02-24,239.11
4191,4623,144,2025-12-03,2025-12-06,309.82
4192,4624,137,2026-03-09,2026-03-18,231.93
4193,4625,81,2023-06-26,2023-06-28,152.03
4194,4626,83,2024-07-18,2024-07-24,262.21
4195,4627,126,2024-06-18,2024-06-25,382.72
4196,4628,116,2024-04-23,2024-04-26,285.49
4197,4629,69,2024-12-31,2025-01-01,143.84
4198,4631,202,2026-06-11,2026-06-13,294.54
4199,4632,193,2025-02-20,2025-03-01,93.2
4200,4633,2,2024-06-10,2024-06-13,199.43
4201,4634,220,2025-01-06,2025-01-07,446.64
4202,4635,29,2026-07-25,2026-08-03,333.93
4203,4636,195,2024-03-07,2024-03-16,295.78
4204,4637,191,2025-01-15,2025-01-20,285.83
4205,4638,92,2026-08-05,2026-08-08,283.94
4206,4639,45,2026-02-02,2026-02-05,203.0
4207,4640,114,2025-03-13,2025-03-18,242.19
4208,4641,65,2025-12-30,2026-01-09,368.35
4209,4642,170,2023-12-21,2023-12-29,
4210,4643,53,2026-08-21,2026-08-31,315.59
4211,4644,11,2024-01-25,2024-01-29,207.12
4212,4646,118,2024-07-20,2024-07-27,252.25
4213,4647,140,2025-01-03,2025-01-11,443.81
4214,4648,92,2026-07-11,2026-07-18,122.66
4215,4649,50,2025-06-07,2025-06-16,143.34
4216,4650,160,2023-11-05,2023-11-07,166.48
4217,4651,211,2025-09-21,2025-09-26,93.18
4218,4652,97,2024-01-01,2024-01-05,354.05
4219,4653,21,2025-07-28,2025-08-07,423.8
4220,4654,191,2025-08-10,2025-08-18,367.13
4221,4655,48,2026-06-30,2026-07-02,313.87
4222,4656,133,2026-06-01,2026-06-03,231.37
4223,4657,73,2026-03-28,2026-03-30,408.15
4224,4658,126,2026-06-04,2026-06-06,244.98
4225,4659,199,2026-06-19,2026-06-25,386.52
4226,4660,163,2023-09-11,2023-09-14,112.54
4227,4661,167,2024-11-29,2024-12-09,273.2
4228,4662,128,2026-04-01,2026-04-10,81.91
4229,4663,142,2026-05-21,2026-05-24,421.18
4230,4664,181,2026-05-30,2026-06-03,143.0
4231,4666,87,2025-09-24,2025-09-29,104.15
4232,4667,218,2025-06-20,2025-06-29,409.14
4233,4668,73,2025-01-02,2025-01-12,359.86
4234,4669,162,2026-06-10,2026-06-12,339.46
4235,4670,138,2023-03-20,2023-03-25,317.98
4236,4672,61,2024-03-15,2024-03-23,335.52
4237,4673,114,2025-03-17,2025-03-26,320.82
4238,4674,116,2026-04-06,2026-04-11,290.35
4239,4675,109,2026-07-13,2026-07-15,362.56
4240,4676,192,2025-05-04,2025-05-11,105.25
4241,4677,49,2025-12-23,2026-01-02,142.61
4242,4678,99,2024-04-19,2024-04-27,208.77
4243,4679,45,2026-05-22,2026-05-25,
4244,4680,106,2026-02-15,2026-02-16,98.31
4245,4681,134,2023-05-05,2023-05-11,87.38
4246,4682,114,2024-12-31,2025-01-01,203.1
4247,4683,90,2024-01-14,2024-01-15,325.79
4248,4684,74,2026-07-16,2026-07-25,290.63
4249,4686,196,2026-06-06,2026-06-09,120.72
4250,4687,12,2024-08-15,2024-08-20,382.01
4251,4688,33,2024-04-15,2024-04-19,189.38
4252,4689,207,2023-07-17,2023-07-25,317.9
4253,4691,125,2023-10-30,2023-11-03,249.05
4254,4692,125,2025-07-12,2025-07-17,225.08
4255,4693,185,2024-11-13,2024-11-17,
4256,4694,20,2026-05-24,2026-06-02,373.73
4257,4695,53,2023-10-19,2023-10-20,437.96
4258,4696,90,2023-12-01,2023-12-02,363.86
4259,4697,108,2024-04-30,2024-05-03,258.05
4260,4698,142,2025-09-05,2025-09-13,306.47
4261,4699,19,2025-01-01,2025-01-06,207.0
4262,4700,12,2025-03-21,2025-03-29,324.17
4263,4701,75,2024-09-30,2024-10-03,204.95
4264,4702,53,2023-11-11,2023-11-15,397.94
4265,4703,39,2026-08-17,2026-08-23,243.93
4266,4705,70,2026-08-02,2026-08-12,331.02
4267,4706,214,2025-02-10,2025-02-12,137.52
4268,4708,139,2026-06-05,2026-06-09,106.14
4269,4709,89,2025-10-05,2025-10-06,414.81
4270,4711,91,2026-08-06,2026-08-14,221.21
4271,4712,15,2025-02-11,2025-02-13,128.73
4272,4713,1,2024-01-07,2024-01-15,226.33
4273,4714,73,2025-10-31,2025-11-09,97.09
4274,4715,13,2025-04-27,2025-04-30,298.57
4275,4716,138,2026-03-09,2026-03-17,440.95
4276,4717,56,2023-10-31,2023-11-05,90.74
4277,4718,179,2024-09-16,2024-09-25,208.19
4278,4719,4,2023-05-04,2023-05-05,319.08
4279,4720,177,2024-07-26,2024-08-04,333.07
4280,4721,107,2025-08-10,2025-08-14,243.6
4281,4722,180,2024-02-23,2024-02-24,339.14
4282,4723,140,2025-02-06,2025-02-11,
4283,4724,112,2024-06-21,2024-06-28,97.45
4284,4725,154,2026-07-22,2026-07-27,155.07
4285,4726,107,2024-12-13,2024-12-20,251.48
4286,4727,181,2025-10-17,2025-10-19,192.13
4287,4729,100,2025-11-08,2025-11-14,365.71
4288,4730,25,2025-07-06,2025-07-09,301.66
4289,4731,111,2025-08-27,2025-08-29,287.94
4290,4732,110,2026-03-15,2026-03-16,182.88
4291,4733,107,2026-08-17,2026-08-19,433.79
4292,4734,199,2024-02-03,2024-02-09,225.57
4293,4735,84,2026-02-13,2026-02-15,405.81
4294,4736,219,2026-04-21,2026-04-28,84.34
4295,4737,174,2023-08-20,2023-08-30,315.62
4296,4738,73,2024-09-13,2024-09-19,438.18
4297,4739,123,2026-06-29,2026-07-03,334.83
4298,4740,167,2025-07-17,2025-07-25,385.25
4299,4741,35,2024-12-02,2024-12-05,159.55
4300,4743,35,2024-08-12,2024-08-17,329.48
4301,4744,212,2026-08-19,2026-08-28,347.74
4302,4745,67,2024-11-29,2024-12-06,254.34
4303,4746,20,2024-07-22,2024-07-29,356.73
4304,4747,128,2026-08-13,2026-08-18,209.08
4305,4748,18,2025-02-05,2025-02-06,403.85
4306,4749,129,2025-06-30,2025-07-05,170.63
4307,4750,25,2026-07-23,2026-07-30,124.69
4308,4751,101,2026-08-08,2026-08-10,377.88
4309,4752,215,2023-12-05,2023-12-11,193.04
4310,4753,68,2023-08-25,2023-08-30,368.51
4311,4754,69,2025-06-04,2025-06-12,119.12
4312,4755,27,2024-11-19,2024-11-28,405.04
4313,4756,37,2024-07-28,2024-08-03,199.61
4314,4757,158,2024-05-28,2024-06-05,356.95
4315,4758,83,2024-04-01,2024-04-08,176.91
4316,4759,146,2025-10-10,2025-10-18,326.81
4317,4760,141,2026-02-20,2026-02-25,232.32
4318,4762,41,2025-12-31,2026-01-07,145.35
4319,4763,180,2025-09-13,2025-09-23,117.91
4320,4764,64,2026-06-18,2026-06-27,298.32
4321,4765,29,2024-12-19,2024-12-28,375.81
4322,4767,11,2025-10-04,2025-10-13,
4323,4768,204,2024-04-13,2024-04-20,285.6
4324,4769,61,2026-07-23,2026-07-31,427.67
4325,4770,200,2024-08-31,2024-09-04,339.71
4326,4771,196,2026-06-22,2026-06-28,93.61
4327,4772,173,2025-06-29,2025-07-05,
4328,4773,130,2023-11-23,2023-11-25,241.03
4329,4774,43,2024-05-01,2024-05-08,279.31
4330,4775,120,2026-08-22,2026-08-23,239.65
4331,4776,75,2024-11-21,2024-11-24,140.81
4332,4777,18,2024-01-22,2024-01-24,122.94
4333,4779,3,2024-04-25,2024-05-05,232.35
4334,4780,123,2025-12-01,2025-12-05,421.99
4335,4781,83,2025-04-28,2025-05-03,159.52
4336,4782,14,2026-01-07,2026-01-15,166.47
4337,4783,119,2024-11-28,2024-12-03,371.45
4338,4784,134,2024-08-25,2024-09-04,128.51
4339,4785,117,2025-07-23,2025-07-25,448.64
4340,4786,187,2024-04-22,2024-04-27,89.43
4341,4787,138,2025-05-20,2025-05-24,138.36
4342,4788,65,2026-08-08,2026-08-12,425.37
4343,4789,20,2025-10-06,2025-10-12,101.88
4344,4790,141,2025-08-09,2025-08-16,316.54
4345,4791,128,2025-10-11,2025-10-20,431.47
4346,4792,145,2025-03-09,2025-03-16,340.53
4347,4793,24,2023-12-25,2023-12-27,139.71
4348,4794,159,2025-06-06,2025-06-16,281.07
4349,4795,130,2026-02-15,2026-02-24,332.24
4350,4797,174,2024-11-19,2024-11-25,308.95
4351,4798,114,2023-10-03,2023-10-04,303.49
4352,4801,188,2024-09-06,2024-09-11,425.83
4353,4802,154,2025-01-13,2025-01-14,268.84
4354,4803,192,2023-12-22,2023-12-23,120.34
4355,4804,57,2026-05-03,2026-05-08,351.52
4356,4805,191,2026-04-23,2026-04-25,113.14
4357,4806,85,2025-04-10,2025-04-14,286.4
4358,4807,18,2026-04-27,2026-05-06,351.15
4359,4808,122,2025-04-04,2025-04-12,163.31
4360,4809,134,2023-09-25,2023-09-30,229.03
4361,4810,83,2024-11-15,2024-11-20,176.73
4362,4811,168,2023-10-15,2023-10-24,141.98
4363,4812,31,2026-07-17,2026-07-20,330.49
4364,4813,90,2026-04-07,2026-04-08,230.14
4365,4814,213,2026-01-12,2026-01-18,386.27
4366,4815,75,2025-01-21,2025-01-25,175.81
4367,4816,112,2023-06-04,2023-06-06,139.43
4368,4817,119,2026-05-07,2026-05-16,96.92
4369,4818,29,2026-08-21,2026-08-25,370.17
4370,4819,65,2024-07-10,2024-07-20,437.0
4371,4820,128,2023-11-15,2023-11-18,198.52
4372,4821,96,2023-09-20,2023-09-25,90.23
4373,4822,32,2024-10-13,2024-10-16,205.93
4374,4823,151,2025-10-22,2025-10-26,396.13
4375,4824,72,2025-12-08,2025-12-10,233.26
4376,4825,166,2025-08-26,2025-08-28,393.14
4377,4826,189,2024-06-25,2024-06-26,252.36
4378,4827,215,2026-04-14,2026-04-16,127.19
4379,4828,169,2025-04-10,2025-04-15,106.14
4380,4829,5,2025-02-02,2025-02-03,415.0
4381,4830,6,2023-11-05,2023-11-14,351.03
4382,4831,44,2024-05-11,2024-05-20,257.03
4383,4832,53,2024-09-29,2024-10-09,421.54
4384,4833,110,2023-11-30,2023-12-02,397.04
4385,4834,109,2023-11-09,2023-11-11,192.85
4386,4836,140,2026-02-25,2026-03-01,354.87
4387,4837,211,2025-11-02,2025-11-09,318.26
4388,4839,131,2024-10-27,2024-10-29,173.4
4389,4842,11,2025-04-16,2025-04-21,242.72
4390,4844,171,2024-03-01,2024-03-02,139.59
4391,4845,108,2024-12-01,2024-12-10,111.66
4392,4846,83,2025-04-03,2025-04-07,273.49
4393,4847,213,2025-08-18,2025-08-26,319.82
4394,4848,90,2024-05-22,2024-05-23,184.99
4395,4849,57,2024-01-15,2024-01-23,442.7
4396,4850,61,2024-01-12,2024-01-18,302.71
4397,4851,56,2025-10-01,2025-10-07,422.93
4398,4852,37,2026-08-05,2026-08-12,106.9
4399,4853,158,2024-03-26,2024-03-27,268.57
4400,4854,162,2024-12-02,2024-12-12,362.61
4401,4855,174,2025-09-26,2025-09-29,106.55
4402,4856,169,2025-08-29,2025-09-08,129.71
4403,4857,49,2026-04-10,2026-04-11,328.4
4404,4858,151,2024-02-07,2024-02-10,197.7
4405,4859,213,2026-08-26,2026-08-30,262.65
4406,4860,192,2025-07-14,2025-07-17,257.95
4407,4861,52,2025-03-17,2025-03-24,270.74
4408,4862,176,2026-04-15,2026-04-16,161.74
4409,4863,84,2025-03-19,2025-03-22,182.04
4410,4865,69,2026-08-22,2026-08-28,162.24
4411,4866,58,2025-11-21,2025-11-29,385.49
4412,4867,215,2024-01-05,2024-01-13,178.31
4413,4868,178,2026-08-13,2026-08-19,124.36
4414,4869,197,2023-12-04,2023-12-05,317.71
4415,4870,187,2024-11-14,2024-11-17,378.32
4416,4871,182,2025-03-11,2025-03-16,352.04
4417,4872,24,2023-03-24,2023-03-26,403.54
4418,4873,108,2023-07-21,2023-07-29,159.62
4419,4874,101,2026-01-28,2026-01-30,327.08
4420,4875,55,2024-07-09,2024-07-12,223.79
4421,4876,84,2024-12-03,2024-12-06,109.8
4422,4877,128,2023-05-19,2023-05-27,102.87
4423,4878,79,2026-08-02,2026-08-05,313.84
4424,4879,16,2024-10-26,2024-11-01,339.32
4425,4880,114,2025-11-21,2025-11-30,392.51
4426,4882,128,2026-08-25,2026-09-04,445.56
4427,4883,142,2025-04-24,2025-05-03,271.66
4428,4884,101,2026-04-25,2026-04-28,103.58
4429,4885,182,2025-09-16,2025-09-22,418.83
4430,4888,125,2026-08-26,2026-09-02,449.7
4431,4889,130,2026-08-15,2026-08-16,198.59
4432,4890,146,2025-07-07,2025-07-08,370.73
4433,4891,166,2025-11-17,2025-11-23,171.85
4434,4892,64,2026-08-05,2026-08-12,131.8
4435,4893,85,2024-12-12,2024-12-15,297.13
4436,4894,180,2023-08-19,2023-08-24,391.66
4437,4895,188,2025-12-10,2025-12-11,146.24
4438,4896,199,2023-06-20,2023-06-22,136.43
4439,4898,111,2026-04-27,2026-05-06,113.95
4440,4899,130,2024-01-22,2024-01-31,160.73
4441,4900,111,2025-12-11,2025-12-13,215.45
4442,4901,199,2024-10-20,2024-10-25,268.73
4443,4903,2,2023-10-30,2023-11-09,375.46
4444,4904,74,2023-09-21,2023-09-24,85.9
4445,4905,29,2026-08-21,2026-08-26,192.06
4446,4907,168,2026-02-26,2026-03-07,108.43
4447,4908,15,2026-03-10,2026-03-18,361.72
4448,4909,164,2024-08-28,2024-09-07,350.04
4449,4910,200,2023-09-14,2023-09-18,129.48
4450,4912,29,2024-04-15,2024-04-19,186.76
4451,4913,28,2024-06-04,2024-06-07,
4452,4914,179,2024-10-01,2024-10-10,219.23
4453,4915,35,2024-10-24,2024-11-01,314.94
4454,4916,205,2024-05-09,2024-05-10,242.41
4455,4918,158,2025-07-11,2025-07-20,
4456,4920,165,2024-04-04,2024-04-12,325.6
4457,4921,205,2023-09-02,2023-09-09,418.13
4458,4922,104,2023-11-11,2023-11-13,172.76
4459,4923,180,2024-12-27,2024-12-30,173.19
4460,4924,115,2024-03-08,2024-03-11,326.84
4461,4925,96,2024-02-03,2024-02-11,326.96
4462,4926,81,2023-08-24,2023-09-02,207.34
4463,4927,114,2025-06-06,2025-06-07,117.82
4464,4928,171,2025-06-17,2025-06-25,254.27
4465,4931,46,2024-02-07,2024-02-16,420.25
4466,4933,199,2025-12-27,2026-01-05,143.79
4467,4934,120,2024-11-17,2024-11-21,98.1
4468,4935,140,2023-10-07,2023-10-16,82.49
4469,4936,132,2024-11-14,2024-11-16,
4470,4937,138,2024-04-11,2024-04-18,428.31
4471,4938,26,2025-11-09,2025-11-19,374.16
4472,4940,209,2025-11-08,2025-11-12,97.77
4473,4942,209,2024-11-05,2024-11-10,197.67
4474,4944,169,2024-05-16,2024-05-18,368.69
4475,4946,186,2025-05-20,2025-05-30,382.55
4476,4948,6,2026-02-26,2026-03-08,312.07
4477,4949,37,2025-02-12,2025-02-16,260.38
4478,4950,194,2025-05-31,2025-06-10,384.74
4479,4951,12,2024-01-01,2024-01-06,144.43
4480,4953,79,2025-06-07,2025-06-17,255.55
4481,4954,155,2024-01-29,2024-02-04,195.51
4482,4955,76,2023-05-30,2023-06-07,288.9
4483,4957,11,2026-02-05,2026-02-08,168.67
4484,4958,17,2026-04-09,2026-04-11,168.33
4485,4959,147,2024-12-16,2024-12-17,304.65
4486,4960,174,2024-07-20,2024-07-22,219.85
4487,4962,178,2024-04-14,2024-04-20,360.56
4488,4963,145,2026-08-14,2026-08-18,403.87
4489,4964,74,2024-09-15,2024-09-19,137.35
4490,4965,215,2024-02-03,2024-02-07,297.1
4491,4966,97,2024-02-24,2024-03-03,
4492,4967,14,2023-05-23,2023-05-27,241.46
4493,4968,104,2025-03-27,2025-04-02,250.43
4494,4969,104,2025-09-29,2025-10-02,330.5
4495,4970,140,2026-06-29,2026-07-07,137.69
4496,4972,141,2025-07-13,2025-07-16,317.38
4497,4973,15,2025-10-27,2025-11-02,416.88
4498,4974,1,2024-05-10,2024-05-17,217.37
4499,4975,86,2025-09-24,2025-10-03,300.62
4500,4976,219,2024-12-17,2024-12-25,200.59
4501,4977,93,2026-08-17,2026-08-19,232.55
4502,4978,130,2026-07-28,2026-08-07,395.59
4503,4979,151,2025-01-14,2025-01-19,328.31
4504,4980,202,2024-09-26,2024-09-28,222.39
4505,4981,200,2025-10-03,2025-10-11,425.79
4506,4982,184,2026-07-27,2026-08-06,286.68
4507,4983,140,2026-03-13,2026-03-15,133.51
4508,4985,4,2026-08-23,2026-08-24,224.6
4509,4986,141,2024-10-09,2024-10-10,158.15
4510,4987,1,2025-02-20,2025-02-24,398.92
4511,4988,32,2024-09-23,2024-09-26,206.6
4512,4989,205,2026-04-11,2026-04-17,220.88
4513,4990,80,2023-08-28,2023-09-05,202.94
4514,4991,193,2026-07-26,2026-07-28,326.51
4515,4992,30,2023-09-26,2023-10-05,148.74
4516,4993,15,2025-03-27,2025-04-04,326.74
4517,4994,121,2026-07-10,2026-07-15,114.63
4518,4995,164,2024-03-26,2024-03-31,416.72
4519,4996,172,2026-08-11,2026-08-18,198.33
4520,4997,113,2025-11-02,2025-11-09,434.75
4521,4998,204,2026-01-08,2026-01-14,157.29
4522,4999,60,2026-08-10,2026-08-20,262.9
4523,5000,104,2025-11-01,2025-11-09,348.86
