id_cliente,nome,cognome,codice_fiscale,data_nascita,regione_residenza,comune_residenza,data_inizio_rapporto
1,Priscilla,Columbo,RCCCML08E48D993X,1949-08-04,Liguria,La Spezia,2019-05-14
2,Bernardo,Barillaro,PCCMBT36T71G406B,2000-11-30,Emilia-Romagna,Parma,2017-08-31
3,Arturo,Dulbecco,RSMGSN25S70I654M,1977-10-20,Sardegna,Oristano,2018-03-27
4,Ugolino,Lucciano,BLTRMN65P23C476I,1974-11-18,Piemonte,Novara,2025-08-16
5,Diana,Donarelli,LVTFLP83A06A896O,1973-07-30,Lombardia,Pavia,2018-08-24
6,Guido,Piazzi,PTRPLG75D57A160J,1990-09-24,Marche,Macerata,2025-12-26
7,Loredana,Bombieri,VNLGRG92P30G254Y,1954-11-01,Liguria,Savona,2024-05-05
8,Maurilio,Napolitano,GMTFLV58L59A051Y,1998-07-21,Abruzzo,Pescara,2025-08-23
9,Giulio,Dulbecco,TGNCRN71B57D156W,1949-08-10,Marche,Ancona,2025-10-10
10,Massimiliano,Caruso,VNVGRG88M71E054U,1966-09-24,Basilicata,Potenza,2015-09-16
11,Annetta,Sordi,MRSMRN87M29G290M,1958-08-03,Emilia-Romagna,Rimini,2024-04-05
12,Sophia,Babato,CRLGLN08L61I489K,1957-05-22,Sicilia,Palermo,2026-08-20
13,Giancarlo,Giacometti,PMTMRA66P41H531W,1960-07-15,Umbria,Terni,2025-04-23
14,Roberta,Iannelli,LNUBTC51S24I848H,2002-09-18,Campania,Caserta,2020-12-05
15,Massimo,Borroni,SMNGRC45D29G159G,1971-09-14,Umbria,Perugia,2021-06-25
16,Graziano,Fagotto,TRNRKE30T08L409Z,1970-10-27,Toscana,Livorno,2017-09-25
17,Giustino,Foconi,FRVFLR79H05I393X,1958-02-21,Liguria,La Spezia,2021-07-07
18,Coriolano,Casarin,SRNRSR00P02L142U,1987-12-25,Sicilia,Messina,2019-10-19
19,Santino,Pagnotto,SRNGGL62C65L894O,1954-10-20,Abruzzo,Pescara,2020-05-14
20,Tullio,Littizzetto,GRGDNG06P66E548R,1953-12-28,Lazio,Roma,2024-04-08
21,Sandro,Veltroni,TDSSBL50S25B862Z,1959-03-04,Lombardia,Pavia,2024-02-16
22,Roman,Casellati,MNNGNL01S47E078Y,1973-10-25,Lazio,Viterbo,2021-05-27
23,Beatrice,Callegaro,PZZGLN23P49C528Q,1948-05-07,Marche,Macerata,2018-12-05
24,Graziano,Serao,STNFRN63L47E505U,1989-06-11,Piemonte,Cuneo,2019-03-07
25,Imelda,Palladio,PCCHGU57C59B413R,1971-10-09,Calabria,Reggio Calabria,2017-05-29
26,Aria,Germano,JLNFMM71L28E091O,1957-01-15,Lazio,Frosinone,2026-04-23
27,Gabriele,COMBI,SRRDRN22L16B445L,2003-03-01,Lombardia,Monza,2020-10-08
28,Vincenza,Traetta,SPNLND32P68G107L,1962-05-01,Friuli-Venezia Giulia,Pordenone,2018-12-08
29,Antonio,Pezzali,DLLNNZ27E16L035P,1952-10-13,Emilia-Romagna,Parma,2023-12-28
30,Elisa,Caffarelli,MNTGLI46H58F990Z,1945-08-12,Friuli-Venezia Giulia,Trieste,2020-11-06
31,Paloma,Gucci,NTNPRR15H68H315S,1996-05-25,Friuli-Venezia Giulia,Pordenone,2015-04-04
32,Clelia,Filangieri,LVTLRA41S17F258C,1972-07-11,Abruzzo,L'Aquila,2018-08-01
33,Matilda,Saffi,PRRRSR36M21M365P,1955-07-15,Abruzzo,L'Aquila,2021-08-13
34,Ennio,Detti,QSMPLG09B46D712S,1999-05-06,Toscana,Siena,2023-05-19
35,Gianluigi,Mazzini,MDRGFR77S53C890O,1967-03-15,Umbria,Perugia,2016-11-01
36,Vanessa,Russo,TRCRBT52C46L205K,1950-07-17,Sicilia,Palermo,2026-05-03
37,Alessio,Cavalcanti,GRMVLR95B07B781F,1955-06-06,Basilicata,Matera,2019-08-10
38,Paride,Camilleri,BCCMRN70A01I306K,1985-09-06,Emilia-Romagna,Bologna,2017-12-16
39,Paride,TREVISANI,CMMGLM79C03H010B,1946-12-15,Toscana,Livorno,2023-11-18
40,Valeria,Pellico,GCCGFR94E55G710F,1975-11-29,Valle d'Aosta,Courmayeur,2016-06-06
41,Dino,Chechi,BCSMND84H28L886H,1947-11-06,Sardegna,Sassari,2021-06-09
42,Manuel,Simeoni,VLTGRN70M45M290L,1982-09-18,Sardegna,Oristano,2023-05-26
43,Ilaria,Vattimo,SRCSRN95S29G061R,1952-03-14,Calabria,Catanzaro,2017-12-25
44,Raffaellino,Trevisan,NPLSNN69D66A932P,1964-12-24,Umbria,Perugia,2015-01-29
45,Rembrandt,Marzorati,PMTGLI19E41A001S,1992-09-21,Molise,Isernia,2023-07-05
46,Valerio,Cianciolo,LDVRGR68A63L965Y,1947-11-22,Veneto,Verona,2024-05-27
47,Silvestro,Sismondi,LMGPCC37R48I588Q,1954-01-20,Veneto,Verona,2015-10-03
48,Adriano,Vespa,FRNPRR71L53C660S,1981-02-02,Veneto,Verona,2024-11-04
49,Ettore,Pellico,GLPGSP10L61C550P,1966-01-04,Valle d'Aosta,Courmayeur,2022-02-25
50,Ugo,Lancisi,TRRGRN52D68A700B,2004-03-25,Veneto,Padova,2019-12-16
51,Fiorenzo,Cianciolo,CPPRLD79M49H527Z,1960-09-17,Marche,Macerata,2024-07-31
52,Donna,Stucchi,MCHLSS19A18A227C,1992-01-20,Lazio,Frosinone,2022-02-24
53,Flavio,Camicione,JCZDNI91M64A085Y,1987-06-26,Trentino-Alto Adige,Merano,2020-05-28
54,Gianpaolo,Bulzoni,NGLMLS27H14D361P,1995-06-16,Puglia,Bari,2024-04-03
55,Michela,Tarantini,SCRMDA42B67I082T,1974-08-19,Veneto,Padova,2016-10-09
56,Ennio,Bertolucci,PRNBNT69M46C056I,1949-08-16,Molise,Campobasso,2021-01-08
57,Virginia,Greggio,NSTDRA98T48E136V,1988-01-04,Valle d'Aosta,Aosta,2019-09-08
58,Marta,Ruberto,BLTMME58T25A981I,1955-07-12,Piemonte,Novara,2025-09-28
59,Umberto,Folliero,PLLLRZ41C61H825U,1994-07-13,Liguria,Genova,2022-03-19
60,Ansaldo,Vianello,GRSMRA81E07D883R,1977-04-07,Liguria,La Spezia,2026-07-02
61,Vanessa,Berlusconi,CRFFMM81L11A158P,1963-03-24,Molise,Isernia,2023-04-25
62,Fabio,Leopardi,PTRFLV01A19I438U,1968-05-25,Molise,Campobasso,2024-05-13
63,Graziella,Siffredi,PGNBRR31C16A955T,1989-10-18,Marche,Ancona,2022-07-28
64,Giuseppina,Morgagni,BNCLRA82C23F764F,1986-05-06,Lazio,Frosinone,2018-10-10
65,Morena,Canevascini,SRFFRN40P26G895O,1993-08-21,Umbria,Perugia,2016-04-26
66,Maria,Napolitano,FRRLSN88L52H792X,1945-07-29,Puglia,Bari,2024-04-01
67,Donato,Gregori,SPLVNS56P10F840N,1990-05-16,Lombardia,Bergamo,2025-03-24
68,IDA,Stoppani,ZTILNE69H11H870Q,2004-02-24,Marche,Pesaro,2025-12-10
69,RUGGERO,Leone,BMPNCT19M10I826V,1993-01-24,Piemonte,Alessandria,2021-06-06
70,Giuseppe,Venditti,SNSCHL99S57E071N,1954-08-08,Puglia,Lecce,2017-02-28
71,Livia,Fantini,RTLRSN30H24A645K,1968-12-25,Veneto,Vicenza,2023-11-26
72,Flora,Vasari,FGNVNC87M65F929M,1971-11-30,Veneto,Padova,2016-10-22
73,Eraldo,LONGHENA,PLTLDC14B57H063R,1978-11-03,Valle d'Aosta,Courmayeur,2025-09-04
74,Baldassare,Battelli,MEOMND25B16C050Z,2002-11-10,Toscana,Siena,2022-06-06
75,Cirillo,Balbi,STPVNN79T59C724C,1965-08-12,Umbria,Perugia,2019-09-28
76,Armando,Ottino,BNDLSN26S16M031H,1970-02-26,Veneto,Verona,2015-09-27
77,Veronica,Bottaro,BGNMCL71T71L593D,1980-09-25,Trentino-Alto Adige,Trento,2016-09-22
78,Pierluigi,Pacillo,NFNNCT05T03I985D,1979-06-09,Basilicata,Matera,2018-02-20
79,Leopoldo,Bosio,TRVBRC12T08F717X,1949-10-26,Molise,Isernia,2017-03-11
80,ORLANDO,Faugno,TRBSTN31R21M282U,1980-08-04,Campania,Caserta,2022-04-27
81,Ferdinando,Zaccagnini,CMCMCL86M63H147E,1994-08-13,Toscana,Livorno,2023-06-03
82,Pompeo,Campanella,SPSPLM51P11H042B,1967-02-10,Valle d'Aosta,Courmayeur,2016-08-25
83,Ermenegildo,UDINESE,NGGLCN70H68E003L,1973-05-30,Lazio,Frosinone,2023-02-02
84,Piergiuseppe,Ricci,GNTGML48P70I003R,1954-03-04,Liguria,La Spezia,2017-12-21
85,Giovanni,Omma,SGSPRD00T42D042P,1947-05-11,Umbria,Perugia,2017-01-04
86,Cassandra,Antelami,MRNDLA38D07L220Q,1946-02-09,Friuli-Venezia Giulia,Udine,2021-07-18
87,Luchino,Argenti,VSCTLL71R70G142M,1996-04-24,Umbria,Perugia,2018-10-21
88,Ermanno,Caccioppoli,SBRLRA19C09D956P,1950-09-05,Veneto,Padova,2018-10-01
89,Veronica,Greco,GRTGLT11R13G118O,1967-02-15,Valle d'Aosta,Courmayeur,2026-02-13
90,Gian,Borzomì,SPRFDL62T63G188F,1974-10-22,Friuli-Venezia Giulia,Udine,2023-07-10
91,Pierina,Caetani,BRSRZO10A70I306S,1971-12-15,Puglia,Lecce,2022-03-11
92,Mario,Natta,PRTDNT98D64G985T,1973-08-19,Trentino-Alto Adige,Bolzano,2021-07-15
93,Sandra,Amato,BRNLBT67A51F808I,1978-09-27,Campania,Salerno,2021-04-15
94,Annunziata,Conte,TBLGNR19A62H860M,1993-12-14,Marche,Macerata,2019-01-13
95,Panfilo,Rusticucci,GRGLSU37L05B425Q,1984-05-03,Toscana,Pisa,2021-07-14
96,Martino,Bramante,BMBPSL33B53F407Z,1957-06-27,Puglia,Foggia,2021-10-16
97,Raffaellino,Ceschi,SLMPTZ25M13G979E,1985-04-16,Puglia,Bari,2025-09-30
98,Antonietta,Ferrazzi,GLGNTT34L11H371U,1993-10-10,Basilicata,Matera,2015-10-29
99,Aria,Bruscantini,PRCLDC46H07D470K,1954-10-24,Umbria,Perugia,2020-07-26
100,Matteo,Armani,DGLMRZ78M60B564L,1974-10-01,Piemonte,Cuneo,2024-08-27
101,Ranieri,Bazzi,FLPTNI47C25H827Z,1984-12-29,Molise,Campobasso,2023-05-23
102,Serena,Briccialdi,BRRFLV79C28I963T,1947-03-16,Toscana,Livorno,2025-10-29
103,Pierina,Lupo,MNRTNO14E15F080E,1976-04-02,Lombardia,Bergamo,2021-12-30
104,Alessio,Montanariello,VNVVEA26P17I076W,1984-04-23,Friuli-Venezia Giulia,Trieste,2025-02-23
105,Giuliano,Vespucci,CPLLDA48R69H120A,2003-02-18,Lombardia,Brescia,2017-06-14
106,Vincentio,Battelli,DNTTNF36D66H481N,1994-07-07,Veneto,Padova,2018-08-04
107,Dolores,Lamborghini,SCRSPH01B13H083F,1961-09-21,Puglia,Lecce,2024-09-10
108,Greco,Omma,NTNGLI83L08E089A,1979-11-20,Emilia-Romagna,Rimini,2015-02-06
109,Torquato,Calbo,SPDVTI11C47F395I,1996-10-18,Puglia,Bari,2017-04-13
110,Roman,Zamengo,BRSFLR67E11F280C,1968-07-15,Trentino-Alto Adige,Trento,2025-12-23
111,Panfilo,Crispi,NDATNI45H21D255A,1955-04-02,Marche,Macerata,2022-10-21
112,Gianpietro,Tasso,BXIGRM49A71F966L,2000-02-17,Abruzzo,L'Aquila,2016-11-25
113,Hugo,Gatto,MRTLSI84C03H843W,1957-09-07,Lombardia,Brescia,2026-06-16
114,Orazio,Treccani,PRLFLP73C14D373D,2002-01-06,Emilia-Romagna,Rimini,2018-11-20
115,Claudia,Moneta,VNZDNL26S45G232J,2000-07-27,Friuli-Venezia Giulia,Udine,2016-03-15
116,Alessandra,Finzi,MSCTZN90P30B453Q,1995-05-20,Trentino-Alto Adige,Bolzano,2026-05-03
117,Puccio,Columbo,MRCNTN71P24B258M,1988-11-04,Abruzzo,L'Aquila,2018-10-02
118,Fiorino,Mercati,BDGGRL52L10E784Y,1965-03-04,Friuli-Venezia Giulia,Udine,2021-06-22
119,Lucrezia,Legnante,FRNBNC16C01I207K,1990-10-30,Campania,Caserta,2017-07-16
120,Daria,Interiano,GNNFRN87A12A811X,1948-09-25,Sardegna,Oristano,2024-11-24
121,Gloria,Sinisi,TBLRMN60T21E023I,1971-09-17,Basilicata,Potenza,2015-09-22
122,Fiorino,Pedersoli,SGLDRD20D48A324L,1966-04-05,Emilia-Romagna,Bologna,2019-09-16
123,Pierangelo,Anguillara,PNTGNR95S47I162V,1959-11-22,Molise,Isernia,2018-02-14
124,Gastone,Boezio,RSMRSR62T11L333U,1970-03-21,Marche,Macerata,2018-10-11
125,Roman,Gradenigo,PRLNSD77T67E087N,1957-03-01,Veneto,Verona,2024-03-25
126,Liana,Mazzeo,VLGVNC82T66A387L,1967-05-27,Lombardia,Bergamo,2018-04-13
127,Umberto,Cantimori,SRCNSD31P58E249B,1957-10-03,Abruzzo,L'Aquila,2021-01-10
128,Lolita,Barracco,TZZRMD24E55E280Y,1981-02-21,Puglia,Bari,2026-07-25
129,Valentina,Marinetti,SCLFBA54E60L933U,1974-05-13,Emilia-Romagna,Rimini,2015-01-21
130,Arnulfo,Traetta,SCRSLO57B24F395T,2004-08-01,Sardegna,Oristano,2023-01-13
131,Costanzo,Errigo,PRSLCU41M01B899Q,1989-05-20,Sardegna,Cagliari,2021-01-08
132,Rodolfo,Finotto,BLZGRG41T61L792W,1975-11-03,Lombardia,Monza,2016-02-01
133,LARA,Dallapé,BRCCRL90M21D909Z,1984-08-04,Piemonte,Novara,2025-03-28
134,Calcedonio,Trevisan,TRNRMS48P53A444C,2003-04-26,Abruzzo,Pescara,2021-10-08
135,Marissa,Donatoni,ZNINZE20C46I287G,1952-05-24,Lazio,Viterbo,2023-05-05
136,Lara,BERGOGLIO,MRZLDC93M50G707K,1983-07-06,Lazio,Latina,2017-01-17
137,FILIPPO,Casadei,FRVDLS79E01E947Q,1991-08-09,Lombardia,Bergamo,2024-12-24
138,Stefano,Tarantino,TCCFMM27R22F125Z,1956-11-10,Sardegna,Sassari,2025-09-18
139,Rodolfo,Platini,BTTDRN31P49G635A,1977-12-23,Valle d'Aosta,Courmayeur,2021-09-17
140,Eliana,Volterra,BMBLNE18A21D769B,1951-02-20,Lombardia,Bergamo,2015-03-11
141,Amleto,Columbo,MNCMLD11A04E483Q,1958-08-01,Trentino-Alto Adige,Merano,2024-03-26
142,Ferdinando,Cusano,ZNZFDG58T59D881M,1956-01-19,Calabria,Reggio Calabria,2023-08-12
143,Amleto,Caboto,MNTNNN48B65E596M,1967-04-07,Veneto,Verona,2021-05-23
144,Rosaria,Vigliotti,MGLMRT17B23L258T,1963-06-08,Lazio,Viterbo,2026-08-12
145,Guglielmo,Moneta,TRZGCB89D60A586O,1989-05-26,Lazio,Latina,2023-08-28
146,Corrado,Trupiano,SRDVRN88R30I484V,1977-05-25,Umbria,Perugia,2022-02-05
147,Isa,Luna,MRCGLN67R60D817K,1960-07-02,Liguria,Savona,2025-07-25
148,Domenico,Zanichelli,TRVSTN63C69G524K,1964-05-10,Valle d'Aosta,Courmayeur,2015-11-23
149,Gianpaolo,Maccanelli,BBGCRN03M21I585B,1989-12-14,Friuli-Venezia Giulia,Pordenone,2024-04-26
150,Danilo,Fogazzaro,PRCNTN42H58I679M,1969-11-23,Umbria,Perugia,2016-11-15
151,Etta,Franzese,FNTTZN36E26A694L,1980-01-21,Puglia,Taranto,2016-06-25
152,Livio,Mantegazza,LBRDMN87H51E253M,1952-09-26,Veneto,Padova,2024-09-29
153,LIDIA,Badoer,,1960-10-04,Abruzzo,Chieti,2017-09-05
154,Salvatore,Barberini,SMMDRA80M29L317T,1991-12-03,Toscana,Livorno,2026-08-08
155,Adelasia,Monti,PRCRSN66E59H796P,1955-08-05,Lombardia,Brescia,2015-08-29
156,Giovanna,Mennea,FLLPRC87H26L898P,1989-07-06,Veneto,Verona,2025-03-17
157,Vanessa,Nitto,CNTGNN03H13G710V,1967-11-21,Trentino-Alto Adige,Trento,2017-04-22
158,Vittorio,Delle,FRNDNL96E63L243E,1948-12-14,Molise,Campobasso,2015-04-11
159,Luchino,Bajardi,PRCCLR63D52E877A,1994-08-08,Lombardia,Milano,2024-05-28
160,Renata,Marazzi,TRLGSP22B12I453G,1996-04-11,Friuli-Venezia Giulia,Trieste,2023-05-13
161,Angelo,Finotto,RFFMLN03M29F390S,1949-02-13,Trentino-Alto Adige,Merano,2023-12-29
162,ERALDO,Favata,SRDVNC39H45I290W,1952-10-01,Basilicata,Matera,2025-03-30
163,Sylvia,Caironi,FLRVRN04M13H677V,1966-10-06,Friuli-Venezia Giulia,Pordenone,2025-05-28
164,Stefani,Trentini,GNSGRL05S28G371U,1994-01-13,Campania,Caserta,2020-07-01
165,Sylvia,Broschi,SCHNTN13P65H068Z,1975-01-21,Umbria,Perugia,2015-01-12
166,Lucrezia,Mazzanti,MZZSLV26H07C059B,1992-07-13,Friuli-Venezia Giulia,Trieste,2020-05-05
167,Ivan,Lercari,RSSDNL34C46C920D,1953-05-07,Lombardia,Brescia,2015-12-26
168,Damiano,Anguissola,FCNLGO44P11C886G,1986-02-17,Abruzzo,L'Aquila,2016-11-26
169,Elmo,Lopresti,DNNNTT39R29D667S,1995-12-11,Liguria,Savona,2016-05-25
170,Adriana,Ruffini,CSRMLA60S02B112I,1980-04-03,Veneto,Vicenza,2022-04-26
171,Oreste,Bernini,RGGLSI22T20L601G,1954-10-11,Trentino-Alto Adige,Merano,2018-06-27
172,Carla,Sabatini,MZZMRN25T65H214I,1963-08-18,Lombardia,Brescia,2025-02-19
173,Paloma,Ubaldi,SCRPRN16B27I640H,1999-02-16,Lombardia,Brescia,2015-11-27
174,Ilaria,Scotti,SNDGRL87S23I260U,1980-07-20,Molise,Isernia,2026-07-08
175,Rosario,Segrè,GRRCLL78E30D913X,1985-07-27,Trentino-Alto Adige,Bolzano,2020-08-08
176,Ottone,Falcone,MDNRDF62A43F119W,1964-12-10,Lombardia,Milano,2017-12-06
177,Costanzo,Nicolucci,SCLFST36H60G168S,1997-03-30,Sicilia,Palermo,2020-10-21
178,Dionigi,Tomasetti,PSCVCR13H18G951L,1984-10-13,Trentino-Alto Adige,Merano,2017-11-21
179,Benedetto,Marangoni,PCCPRS30R48F893Z,1949-07-18,Lombardia,Monza,2018-10-08
180,Ermes,Sonnino,BZOMSM26T59E644Z,1983-04-12,Toscana,Siena,2018-11-16
181,Mercedes,Rocca,VRDGNT22S62A792K,1948-02-10,Emilia-Romagna,Modena,2020-07-06
182,Loretta,Spinelli,SCRLRI71B27E806U,1970-02-06,Toscana,Firenze,2023-08-04
183,Federigo,Marzorati,BNNCRD87R65I830A,1979-04-26,Umbria,Perugia,2023-01-20
184,Nino,Monaco,BNGCRL27C69G229X,1979-11-05,Marche,Pesaro,2021-01-24
185,Margherita,Abatantuono,CNTMRA68E13G597H,1950-04-04,Calabria,Catanzaro,2025-07-31
186,Aurora,Saffi,FOXTRS40E19I558A,1967-03-28,Sardegna,Cagliari,2020-05-29
187,Giovanna,Marinetti,MRLCML74A60F499N,1996-08-25,Valle d'Aosta,Aosta,2023-09-17
188,Patrizio,CERAVOLO,BLSNPN70A41H556K,1973-07-13,Trentino-Alto Adige,Merano,2023-01-18
189,Annalisa,Oliboni,LMBMLA30L23G323W,1995-07-09,Sicilia,Catania,2019-03-23
190,Panfilo,Merisi,PSNRZO55P47H107F,1988-12-31,Umbria,Perugia,2015-11-07
191,Fedele,Sibilia,FRNPLT49H27E485U,1974-10-06,Umbria,Perugia,2019-07-09
192,Eraldo,Luria,CHNDRN09S01B543Z,1950-05-06,Puglia,Taranto,2015-06-29
193,Licia,Spinelli,CMPCLD17S66E472Q,1951-07-05,Valle d'Aosta,Courmayeur,2023-05-19
194,Sonia,Sanudo,RRGRDF65L58I832W,1957-03-30,Friuli-Venezia Giulia,Udine,2018-07-14
195,Roberto,Pausini,GLLFLV54R41G202B,1960-08-18,Toscana,Livorno,2023-01-02
196,Telemaco,GINESE,PLNMRK04A59F209X,1971-06-04,Friuli-Venezia Giulia,Pordenone,2017-11-09
197,Irma,Pacetti,SMMTZN10C24H857F,1947-11-28,Marche,Macerata,2019-01-31
198,Vincentio,Lippomano,TRTBRR66R43C610A,1954-05-05,Trentino-Alto Adige,Merano,2026-02-16
199,Sabatino,Bosio,BRNMSM68A56E899O,2002-01-28,Sardegna,Cagliari,2016-12-27
200,Ubaldo,Scotto,PLCMRA37E46A354Y,1968-10-17,Friuli-Venezia Giulia,Trieste,2019-09-14
201,Griselda,Marenzio,BNGSLT74C59A519A,1949-04-27,Valle d'Aosta,Aosta,2023-08-28
202,Flavia,Maffei,LDVMLN10C17A782V,1976-07-06,Emilia-Romagna,Rimini,2023-06-02
203,Serafina,Lettiere,CHPHGU35E41H969H,1959-08-05,Lazio,Latina,2025-02-13
204,Costanzo,Druso,SBBLNI22E26H529Y,1951-08-29,Friuli-Venezia Giulia,Trieste,2022-09-01
205,Gianpietro,Spallanzani,TRNMND43B05G384L,1975-04-27,Umbria,Perugia,2025-10-29
206,Pina,Cossiga,PNTRST30S55H805Y,1959-02-04,Marche,Pesaro,2016-03-14
207,Etta,Desio,MRRNNR82E25I827C,1993-06-16,Abruzzo,Chieti,2020-12-13
208,Daniele,BERNARDI,SCRLLT60E16I025Q,1989-01-17,Liguria,Savona,2018-06-12
209,MARCELLA,Tutino,PRSTRS90L16C791Q,1962-11-30,Puglia,Foggia,2017-03-05
210,Ennio,Turchetta,MMNVIO57L62D414F,1972-08-31,Valle d'Aosta,Aosta,2023-12-01
211,Virgilio,Basadonna,TRCSLV45L20L920F,1961-08-03,Lazio,Frosinone,2023-04-28
212,Fernanda,Lattuada,JVNGFR12E61G266R,1968-08-19,Veneto,Treviso,2020-01-28
213,Ottone,Scalera,FRRNTL43S23B907S,1952-09-09,Abruzzo,Pescara,2022-09-17
214,Luca,Versace,LGHNTN01L04F644L,1979-09-24,Veneto,Verona,2024-05-22
215,Coluccio,Sabatini,GLLPPZ32D42A241D,1987-09-24,Marche,Ancona,2021-09-14
216,Donatella,Busoni,GGLRMN81B23M375L,1955-10-17,Toscana,Pisa,2025-01-26
217,Dante,Brichese,PNZSTN97S19I647I,1948-10-30,Puglia,Lecce,2024-06-30
218,Fiorino,Capuana,GRSGLN59S30A772E,1998-05-21,Puglia,Lecce,2020-10-13
219,Eugenia,Sanguineti,RNLLGU32C65A756L,1994-07-12,Valle d'Aosta,Courmayeur,2022-04-25
220,Guido,Blasi,PDRMRN07E71I748P,1955-02-05,Piemonte,Cuneo,2024-04-18
221,Giustino,Emanuelli,BNNSLS25R53B895P,1954-06-24,Sardegna,Cagliari,2017-04-07
222,Fabia,Stucchi,CLLLGO98L07G579B,1979-05-14,Calabria,Catanzaro,2025-11-21
223,Evangelista,Canali,GDNCLD04B43G140W,1999-08-10,Liguria,Savona,2024-01-04
224,LILLA,Gregori,NTNSTN19S61A013K,1969-02-04,Veneto,Treviso,2023-05-10
225,Angelo,Pennetta,CRBMRL50R41F545J,1953-10-24,Veneto,Treviso,2020-02-11
226,Isabella,Storladi,RROPTZ93B58C406I,1982-05-23,Puglia,Taranto,2017-01-01
227,Adamo,Pausini,CSSMCL42S50E310B,1950-01-16,Molise,Isernia,2026-07-23
228,Arsenio,Buonauro,DNSMSM10M65I260V,1996-01-08,Liguria,Savona,2015-08-26
229,Jacopo,Fioravanti,VSMNGN49S07D211N,1985-12-13,Valle d'Aosta,Aosta,2016-02-19
230,Ida,Pellico,LBNMLN10S15H898E,2002-01-03,Puglia,Foggia,2017-10-11
231,Franco,Cilibrasi,FRRLLR92R08F274Q,1997-08-26,Emilia-Romagna,Rimini,2022-11-05
232,Ottavio,Bocca,TRTVTR57A42D673D,1970-07-30,Basilicata,Potenza,2015-08-13
233,Arsenio,Moresi,PSCCRN27S22F621Y,2003-01-30,Sardegna,Cagliari,2020-01-19
234,Roman,Valguarnera,,1987-07-15,Piemonte,Torino,2017-12-19
235,Fiamma,Antonioni,BCCGCN89S45A149J,2002-08-31,Veneto,Vicenza,2021-03-05
236,Fedele,BENIGNI,CGNRLD78C67G333B,1972-02-09,Veneto,Treviso,2023-11-28
237,Azeglio,Canali,TMBRBT78D03I660B,1995-05-16,Sardegna,Sassari,2021-05-04
238,Gaspare,Redi,PGNMNL15S59F871Q,1974-03-04,Sardegna,Oristano,2021-03-18
239,Edoardo,Migliaccio,BCCRTI22H03B284W,1991-05-30,Friuli-Venezia Giulia,Trieste,2020-05-22
240,Guglielmo,Cipolla,DBSNPN70C55C591J,1973-09-03,Marche,Macerata,2018-02-20
241,Beatrice,Barzini,CLGSRN78L25B685V,1981-04-19,Veneto,Treviso,2023-09-16
242,Alderano,Spinola,LBNDLA22B23G975R,1964-12-13,Puglia,Taranto,2025-09-02
243,Carla,Loredan,SLVDNI26C61C885Y,1971-05-11,Basilicata,Potenza,2017-03-10
244,Valerio,Salieri,GVNFDC78T42G391K,2005-12-24,Umbria,Perugia,2022-07-12
245,Filippo,Tartaglia,MNNJLD53A18C513X,1974-09-22,Basilicata,Matera,2023-05-03
246,Fredo,Casadei,RNGLGO64D15I300C,1987-05-14,Toscana,Firenze,2019-05-13
247,Elena,Folliero,BRNFLV14C62L093L,1958-07-12,Friuli-Venezia Giulia,Trieste,2018-01-30
248,Salvatore,Tamburini,CRTSSN05A21D923R,1957-11-07,Calabria,Catanzaro,2022-02-04
249,IPPAZIO,Foscari,GRGMRA78M42B098T,1973-02-12,Friuli-Venezia Giulia,Trieste,2016-04-20
250,Lucia,Bernardi,CDUMLA62P04A722P,1988-12-03,Trentino-Alto Adige,Trento,2016-12-22
251,Virginia,Gibilisco,MDGPRI25T62L690I,1979-05-23,Emilia-Romagna,Rimini,2015-02-08
252,MANUEL,GIAMMUSSO,MDGFDC12D24E434R,1992-08-22,Piemonte,Alessandria,2019-04-11
253,Susanna,Filippini,GLPBNT60R56A544I,1972-12-31,Trentino-Alto Adige,Bolzano,2017-11-22
254,Veronica,Roccabonella,GGGRSL58C13E019H,1971-10-03,Valle d'Aosta,Aosta,2021-07-10
255,Durante,Satriani,FFRGRN25H05A321Y,1975-10-01,Emilia-Romagna,Modena,2025-12-29
256,Greca,Bianchini,CNCCSN59M54B825J,1946-09-19,Sicilia,Siracusa,2020-02-15
257,Maria,Munari,MLCRMN20S20L774Q,1956-01-19,Piemonte,Novara,2023-03-23
258,Fausto,Virgilio,BRGLCU66M28C307Y,1998-04-14,Lazio,Roma,2016-01-28
259,Camilla,Sforza,LGRLBT93L64L408A,1984-11-11,Abruzzo,L'Aquila,2023-07-13
260,Gioffre,Granatelli,RZZGNR75C70G159K,2001-07-20,Trentino-Alto Adige,Merano,2015-03-18
261,Viridiana,Agostini,BTTNNL60T65F433T,1982-07-30,Veneto,Padova,2017-05-09
262,Amico,Ravaglioli,SFFCRL57M48A850H,1962-10-28,Campania,Salerno,2019-06-25
263,Anita,Anastasi,GTADNL45E48G931P,1971-07-02,Liguria,La Spezia,2018-08-06
264,CARLO,Anichini,MRNRNT90M68G130D,1966-01-15,Sicilia,Messina,2015-01-23
265,Ludovica,Armani,SCRDRD90L46I503E,1958-05-20,Marche,Pesaro,2017-01-07
266,Sylvia,Paganini,BBABNT49T51F710Z,1965-09-27,Calabria,Cosenza,2025-03-30
267,Amedeo,Malenchini,JLNGCT87B60L492T,1948-07-16,Valle d'Aosta,Aosta,2021-07-08
268,Mario,Bersani,BRGCSN49H55G628Y,1945-11-13,Lombardia,Milano,2018-02-07
269,Annibale,Ossola,DLBBLS71T65C190A,1953-05-04,Emilia-Romagna,Parma,2023-05-11
270,Edoardo,Monteverdi,VCLCRL83M24M163J,1979-08-10,Sardegna,Sassari,2025-09-22
271,Marcella,Foscari,MCHLRA34P22E546J,1959-04-21,Valle d'Aosta,Aosta,2017-04-29
272,Guido,Berrè,PLMSBL57M17F664W,1999-11-05,Abruzzo,Pescara,2023-07-08
273,Renata,Castiglione,TRRVTI37M60D964E,1956-09-21,Calabria,Cosenza,2025-11-01
274,NICOLETTA,Bodoni,STRBRR10L29B898K,2003-10-06,Piemonte,Alessandria,2022-01-18
275,Ivo,Borsiere,DNDGDI14T05F355F,2005-02-04,Molise,Campobasso,2022-08-03
276,Enzo,Fittipaldi,MGNLCN87P30B424X,1988-03-27,Emilia-Romagna,Modena,2022-10-03
277,Salvatore,Nadi,RGGLSN37D43A226P,1946-01-17,Puglia,Bari,2018-07-09
278,Sylvia,Giannetti,PLZMSM83S66D531R,1973-10-07,Trentino-Alto Adige,Bolzano,2020-05-27
279,Sebastiano,Turati,STRLPD72C69I497U,1981-03-07,Umbria,Terni,2020-04-09
280,Liberto,Donà,GNTSVR47E65L113U,1985-02-09,Valle d'Aosta,Courmayeur,2022-02-02
281,Antonio,Comolli,LVTRLD21R70B715N,1948-03-20,Valle d'Aosta,Courmayeur,2015-01-02
282,Lara,Ungaretti,FGNFDC90T69H159S,2003-09-23,Lazio,Latina,2025-03-26
283,Nadia,Cortese,GLTCRL05H19B367H,1974-10-14,Trentino-Alto Adige,Bolzano,2025-08-11
284,Ranieri,Gullotta,FLLGRM71T42H151D,1945-03-13,Valle d'Aosta,Aosta,2022-08-28
285,Luciano,Muratori,PLMMRA69C18D244S,1954-07-16,Umbria,Terni,2016-01-11
286,Dario,Asmundo,TRCNNE58H45A048W,1954-08-06,Molise,Isernia,2020-09-14
287,Loretta,Vergassola,MLPSLT37R62B577O,1962-02-05,Liguria,La Spezia,2022-07-31
288,Nicoletta,Zetticci,MRGCSN93M69A401Z,1985-06-02,Basilicata,Potenza,2025-04-04
289,Elladio,Vigorelli,MRZLLR51R27C343V,1994-08-20,Toscana,Firenze,2024-09-15
290,Riccardo,Novaro,MGHNNT77S07G259B,1996-11-27,Sicilia,Catania,2018-11-23
291,Vincentio,Gargallo,FRRLSS10P68E808T,1990-03-24,Marche,Pesaro,2023-08-18
292,Giorgia,Broschi,FRRSLS40R60F509L,1975-10-05,Veneto,Treviso,2021-08-06
293,Arsenio,Onisto,CMSPMP47L52A123M,1990-12-17,Abruzzo,Chieti,2021-09-14
294,Ippazio,Murri,MRZRCR71B47H822N,1963-01-09,Molise,Campobasso,2019-09-14
295,Vanessa,Ruggeri,RBBVIO20T69E555O,2003-04-29,Abruzzo,Chieti,2018-12-27
296,Lina,Porzio,BRCCLL26E16L340U,1995-06-12,Lombardia,Brescia,2025-10-10
297,Venancio,Monti,PNZBRR00L21L878Y,1970-08-27,Abruzzo,Chieti,2024-06-22
298,Guarino,Porzio,VVLMRS90R25L882E,1962-12-08,Lombardia,Milano,2020-12-27
299,Edoardo,Filippelli,PRTGLI70M02I863C,1971-06-25,Veneto,Verona,2019-07-30
300,Ramona,Marangoni,TFRRND28A66A027S,2003-01-21,Valle d'Aosta,Aosta,2023-09-21
301,Eraldo,Iacovelli,SRMDLN83S69D081K,1949-03-20,Friuli-Venezia Giulia,Pordenone,2023-07-23
302,Piermaria,Errani,GTTLPN15E56A681C,1949-10-29,Friuli-Venezia Giulia,Pordenone,2015-04-17
303,Caterina,Opizzi,ZNIRFL33S62F127X,1965-03-27,Basilicata,Matera,2023-04-01
304,Griselda,Casalodi,TSCLDN33C59A589V,1971-05-24,Campania,Napoli,2025-01-24
305,Ennio,Mezzetta,CHTMCL20A49D890N,1955-09-16,Trentino-Alto Adige,Merano,2023-06-18
306,Piero,Nosiglia,LZUGLI67S30A782B,1945-07-04,Lombardia,Brescia,2022-05-31
307,Uberto,Ferrante,CCCRMN96C18D489X,2001-02-08,Sicilia,Palermo,2021-10-03
308,Sylvia,Mercadante,LMBMLI12P59D794F,1992-02-20,Campania,Salerno,2019-12-07
309,Priscilla,Colletti,CNINDA36H25F229F,1993-03-07,Lombardia,Pavia,2024-01-18
310,Piergiorgio,Morpurgo,CMCVNL19P08I953Q,1971-05-04,Friuli-Venezia Giulia,Udine,2019-11-25
311,Francesco,Zaccardo,PRLMRN09B27B415G,1955-04-18,Umbria,Perugia,2022-10-05
312,Alderano,Sokolov,MZZMLI17M69G407S,1973-10-17,Lazio,Roma,2023-07-22
313,Valerio,Morucci,MRNMLA95B08B389X,1947-03-21,Umbria,Terni,2026-08-05
314,Simonetta,Coardi,MRTCTN26C03E565H,1971-08-06,Emilia-Romagna,Bologna,2019-04-27
315,Graziella,Caracciolo,NTNMRA96L02C100O,1992-11-02,Sardegna,Oristano,2015-03-02
316,Corrado,Balla,SCTCRN32A03D245P,1983-01-22,Trentino-Alto Adige,Merano,2017-05-01
317,Gelsomina,Altera,CTLRMN26R29C136I,2003-01-03,Molise,Isernia,2016-08-13
318,Fiorino,Nicolucci,BNRCNT95E31G220K,1951-07-29,Friuli-Venezia Giulia,Trieste,2016-03-20
319,Maurilio,Niggli,TSCVTR78D17G129M,1981-07-28,Puglia,Taranto,2023-09-14
320,Baldassare,Calarco,TRPVNL91D10B830L,1992-12-25,Liguria,Genova,2015-02-18
321,Zaira,Valmarana,CLRVEA64T16D947S,1951-07-07,Marche,Macerata,2023-01-09
322,Ilaria,Fantini,CNVFLP45L54C286K,1970-04-04,Friuli-Venezia Giulia,Trieste,2024-10-25
323,Uberto,Gentilini,CRFLCU15M44F587U,1957-03-27,Lombardia,Bergamo,2023-10-09
324,Durante,TAMBORINI,LRUNNL10H56B227N,2005-10-06,Lazio,Viterbo,2023-05-15
325,Orlando,Lopresti,MZZRNZ28P54D113N,1945-06-14,Lombardia,Milano,2023-11-03
326,Silvia,Rensi,BNNMRN86H06A128O,1963-12-31,Molise,Isernia,2024-04-03
327,Gianna,Strangio,PTRMRH66S22A877K,1967-09-04,Trentino-Alto Adige,Merano,2019-05-11
328,Dante,Cociarelli,PCCCLD94C43D917Y,2002-11-02,Valle d'Aosta,Courmayeur,2016-08-22
329,Gaetano,Morgagni,PVNCSN29L24F380R,1974-09-07,Molise,Isernia,2023-01-04
330,Gustavo,Leblanc,NSGSLV85R71E353C,1973-07-06,Lazio,Latina,2025-11-24
331,Sebastiano,Tornatore,CMRRDF13B49F275I,1995-11-09,Marche,Macerata,2023-03-05
332,Stefano,Gianetti,BDGBTN94A27A698E,2002-06-29,Friuli-Venezia Giulia,Trieste,2024-10-12
333,Telemaco,Avogadro,PSLRMN86H05D259G,1986-07-11,Friuli-Venezia Giulia,Udine,2024-12-27
334,Donna,Caffarelli,TRVMLS59D10H101J,1952-05-10,Trentino-Alto Adige,Merano,2021-04-17
335,Stefano,Storladi,VNZMSM69P41M332K,1951-10-07,Veneto,Verona,2015-06-02
336,Marina,Bajardi,CSLRST57H68E045D,1964-02-02,Marche,Macerata,2015-10-28
337,Rembrandt,Savorgnan,BLLLNR71S28I400C,1977-10-27,Toscana,Pisa,2023-10-21
338,Leopoldo,Dallara,,1989-12-16,Friuli-Venezia Giulia,Udine,2026-06-13
339,Marina,Capecchi,VSNRGR60P68B671H,1991-02-16,Veneto,Padova,2018-02-23
340,Tonino,Bertolucci,NNLSMN75L60H276X,1988-05-18,Lazio,Latina,2023-01-18
341,Mauro,Lovato,BNGLPN75A45L014N,1948-11-03,Veneto,Padova,2019-08-21
342,Mirko,Navone,MRRLLN12L12D854P,1948-07-31,Sicilia,Palermo,2022-04-08
343,Piergiorgio,Nicolucci,GTTFLR30S10G349D,1996-11-29,Veneto,Vicenza,2018-11-25
344,Calcedonio,Bodoni,CRCMRN21A58D528Y,1991-05-10,Calabria,Reggio Calabria,2020-08-22
345,Angelo,SCADUTO,ZPPBRT53E41H477I,1988-09-05,Friuli-Venezia Giulia,Udine,2025-10-24
346,Ruggiero,Argento,PPFTTV41R44I701L,1951-12-02,Emilia-Romagna,Modena,2026-07-17
347,Severino,Calgari,MRNMRD64S11B779A,1955-08-14,Liguria,Savona,2020-03-01
348,Diana,Manolesso,RCCGSR63S68I475M,1963-11-27,Abruzzo,L'Aquila,2018-08-13
349,Benvenuto,Valentino,LNUGLM06E19E329X,1959-06-16,Lombardia,Pavia,2018-01-08
350,Ninetta,Gelli,CDRRTI43E03G087L,1961-02-25,Valle d'Aosta,Courmayeur,2026-08-03
351,Nina,Turchi,RNLGCB44B61I872R,1952-09-10,Piemonte,Alessandria,2019-11-10
352,Leone,Tiepolo,RNLLCU25L53C675U,1998-11-27,Trentino-Alto Adige,Bolzano,2018-03-15
353,Eleanora,Totino,VRSFLP02S63F551K,1960-01-18,Lazio,Viterbo,2022-09-08
354,Sophia,Fanucci,FSNRGR34S58I706F,1954-09-28,Liguria,Genova,2015-05-16
355,Diana,Ritacca,TRNRKE46M05C557B,1999-04-29,Emilia-Romagna,Modena,2017-02-27
356,Enzo,Mantegazza,PROLCU08S47L118K,1990-02-27,Calabria,Cosenza,2017-08-20
357,Piergiuseppe,Interiano,CRCGRM87R48E369S,2005-11-17,Umbria,Perugia,2024-09-04
358,Gino,Carli,FRRMLA31E15F233B,1988-04-03,Umbria,Perugia,2023-07-21
359,Annalisa,Roero,BRSGSR20E45A293M,1983-03-05,Basilicata,Potenza,2018-01-01
360,GIULIANO,Letta,,1968-02-17,Valle d'Aosta,Courmayeur,2019-03-29
361,Viridiana,Brancaccio,MNCZGL52H62H040N,1978-08-24,Umbria,Perugia,2019-08-10
362,Valeria,Bulzoni,CMRGNT14R64F392T,1967-10-04,Lombardia,Pavia,2020-11-10
363,Dante,Trentin,TMBCRL30R44I327F,1963-04-11,Veneto,Treviso,2024-04-08
364,Ornella,Mazzi,PLLGNT54D45B123K,1967-10-08,Umbria,Terni,2021-11-17
365,Federico,Gabba,RSSPRG32R42F287Y,1965-08-13,Lombardia,Milano,2025-01-06
366,Vittorio,Panatta,,1994-05-25,Umbria,Terni,2016-03-02
367,Gustavo,Collodi,SFFNNN39A61L771E,1987-04-26,Valle d'Aosta,Aosta,2024-10-06
368,Clelia,Barbarigo,GRDFRN70L10G837D,1979-06-25,Marche,Macerata,2023-12-27
369,Imelda,Orsini,GHUFMM56L01L823F,2002-06-12,Marche,Ancona,2026-02-01
370,Panfilo,Guarana,BLZGNT38D68L590E,1962-06-22,Puglia,Taranto,2015-10-03
371,Ernesto,ROSIELLO,PSNMCA35B67I401G,1948-03-27,Marche,Macerata,2023-01-25
372,Silvestro,Semitecolo,MNTPRN12C63C774G,1976-09-06,Sardegna,Sassari,2023-11-12
373,Tonino,Boezio,PGLMRN58T41I203B,1994-04-23,Abruzzo,Pescara,2021-05-19
374,Arnaldo,Falier,,1965-04-21,Friuli-Venezia Giulia,Udine,2019-05-13
375,Luca,Bragaglia,CDUFLR66T25I943K,1954-07-21,Trentino-Alto Adige,Merano,2016-08-15
376,Federica,Cesarotti,MZZRCC61T45C772M,1993-04-05,Umbria,Terni,2020-08-11
377,Fedele,Monaco,FRMCLD53H46E230S,1986-03-02,Campania,Salerno,2025-05-02
378,Teresa,Paolucci,RGNLNA71S20G712X,2001-11-06,Veneto,Treviso,2019-12-11
379,Gianmarco,Bruno,FRMGSP89C42E317W,1993-01-21,Sardegna,Oristano,2015-03-21
380,Dolores,Respighi,CNTCML47C71G097U,1975-09-07,Liguria,Savona,2016-09-14
381,Danilo,Angeli,SNSSMN15D63C174Z,1969-02-21,Trentino-Alto Adige,Merano,2019-02-06
382,Franco,Innocenti,TGLRZO16L68C209L,1966-01-26,Toscana,Pisa,2020-06-05
383,Cecilia,Gadda,FTTPRI23L66B565N,1958-12-30,Veneto,Vicenza,2017-05-23
384,Alphons,Maccanelli,GGLRBT31H59H365P,1993-07-31,Toscana,Firenze,2015-12-13
385,Fabrizia,Satta,LTRMRT17H23E271P,1969-08-25,Calabria,Cosenza,2026-01-03
386,Giuseppina,Franzese,RMZGRM09B58A591V,1956-07-04,Liguria,Savona,2016-03-19
387,Arnaldo,Monte,SMTLRA77S26G415J,1980-04-28,Piemonte,Alessandria,2018-12-02
388,Jolanda,Beccheria,GRTMLN79L10E241Q,1946-01-23,Friuli-Venezia Giulia,Trieste,2019-09-23
389,Germana,Pagliaro,ZCCNGN74C09B810K,1994-03-20,Basilicata,Potenza,2020-11-23
390,Tiziano,Tacchini,SCLDNL11H63F706Q,1983-01-13,Liguria,La Spezia,2019-09-21
391,Raffaele,Civaschi,CRSLCU05C56L399T,1961-02-20,Liguria,La Spezia,2017-12-10
392,Romana,Lollobrigida,RCCGNZ33R67I198N,1994-10-28,Molise,Campobasso,2024-09-10
393,Giustino,Traetta,RCCZEI40T56I224U,1945-11-16,Molise,Isernia,2018-12-17
394,Enzo,Vivaldi,BRNFRC19A48B940I,1988-08-28,Lazio,Viterbo,2021-09-23
395,Amleto,Segrè,DLLRGR55B56A412U,1950-05-22,Valle d'Aosta,Aosta,2019-11-01
396,Rembrandt,Notarbartolo,STRSLV14T68B587I,1968-04-22,Emilia-Romagna,Parma,2023-02-05
397,Delfino,Necci,FSCGRG23C24F483F,1955-11-17,Friuli-Venezia Giulia,Udine,2022-11-16
398,Priscilla,Lattuada,GNSNDD98R06E479A,1993-04-22,Marche,Macerata,2018-11-30
399,Beppe,Gozzi,CCCMRL03E62H326U,1952-01-14,Umbria,Terni,2023-07-19
400,Dario,Pertini,CNLLGU19A43E962V,1982-11-05,Basilicata,Matera,2024-01-29
401,Rita,Sokolov,JCZDLM42A61G664P,2003-08-02,Veneto,Vicenza,2021-07-14
402,Rocco,Modiano,FRNNNS82E11I600A,1997-08-28,Calabria,Catanzaro,2025-02-05
403,Arsenio,Bonaventura,CBBPSL32C48I306H,1952-03-08,Molise,Isernia,2019-09-22
404,Stefania,Piacentini,RGNGNE20L25E333F,1949-10-30,Calabria,Cosenza,2015-08-04
405,Ippazio,Cossiga,MNCMLN55T26L961W,1952-07-25,Valle d'Aosta,Aosta,2023-09-29
406,LODOVICO,Chechi,CFRNNN65D56E808X,1992-04-04,Lazio,Latina,2018-10-29
407,Valeria,Pedrazzini,NZGPRN11L66D965J,1986-11-30,Friuli-Venezia Giulia,Udine,2021-02-09
408,Diana,Fantozzi,RDECRL05P51E993S,2001-08-13,Umbria,Terni,2024-10-03
409,Giorgia,Garzoni,TLRNDD80S17A857Q,1965-05-18,Friuli-Venezia Giulia,Pordenone,2017-01-03
410,Jacopo,Scialpi,,1991-12-14,Friuli-Venezia Giulia,Trieste,2018-01-21
411,Leonardo,Grasso,MLPNTN70B42F526D,1971-11-18,Sicilia,Siracusa,2015-03-16
412,Corrado,Tonisto,PNTCSR59S64G113U,1961-12-02,Puglia,Taranto,2024-03-26
413,Paoletta,Grisoni,GLNBGI98P41B207Z,1978-12-12,Molise,Isernia,2019-12-13
414,Lucia,Scandone,FGNLSI05B14L450I,1969-05-23,Campania,Caserta,2021-05-21
415,Irma,Malpighi,SNTRBT79E51L922Y,1961-05-14,Trentino-Alto Adige,Trento,2018-01-24
416,SYLVIA,Faranda,FNTRAI95R09L399N,1961-11-06,Veneto,Treviso,2022-03-11
417,Giada,Canali,,1970-04-24,Trentino-Alto Adige,Trento,2021-01-14
418,Fausto,Sismondi,PRLSRS38R67G608Y,1989-04-13,Valle d'Aosta,Aosta,2019-11-15
419,Michelotto,Peruzzi,BRGDNI17A47B184G,1947-11-06,Sardegna,Sassari,2022-05-29
420,Patrizia,Anichini,VGDGNE61S05G954F,1951-05-29,Veneto,Treviso,2025-07-18
421,Gioacchino,Roccabonella,BRCGSP98M05F108J,1955-12-11,Liguria,Genova,2020-08-01
422,Piersanti,Argenti,DLLDRA94T15M424O,1986-05-06,Sardegna,Cagliari,2017-02-08
423,Sebastiano,Serao,SLTRMN31D10G121G,1973-12-26,Abruzzo,L'Aquila,2018-07-23
424,Renata,Pergolesi,MNTDRN13S28H672J,1988-03-04,Umbria,Terni,2021-09-13
425,Raffaele,Praga,VSMJCP04M53F243B,1966-03-04,Trentino-Alto Adige,Trento,2024-09-26
426,Ubaldo,Sraffa,BGNNCT02L19D415O,1945-10-20,Lombardia,Bergamo,2015-12-11
427,Angelica,Boccaccio,PRLSLT14M60M161I,1967-04-26,Lombardia,Milano,2018-07-15
428,Fabia,Nadi,RROLSN20E64C056U,1950-05-22,Sardegna,Oristano,2016-05-04
429,Ruggiero,Muratori,GNNTNN28R70H373B,1965-11-16,Valle d'Aosta,Courmayeur,2022-02-07
430,Martino,Scotti,MGNVRN91L31E482L,1962-04-25,Puglia,Foggia,2015-06-24
431,Roberta,Omma,CTRGCT36T64A891C,1984-04-02,Calabria,Catanzaro,2021-08-11
432,Gelsomina,Soprano,DSSRKE20R16B055F,1987-01-09,Umbria,Terni,2021-03-05
433,Nadia,Praga,MRCGNT26P42A187D,1958-11-28,Lombardia,Pavia,2025-01-29
434,Micheletto,Gulotta,CGUFDC64A66A650Z,1961-08-24,Piemonte,Cuneo,2015-06-03
435,Martino,Ricci,GNTCRN71D16C744I,2004-01-22,Friuli-Venezia Giulia,Trieste,2023-09-10
436,Massimiliano,Norbiato,VLTGMM19T28F545U,1973-12-10,Lombardia,Brescia,2024-03-11
437,Claudia,Campanella,RMTMRN96B04I422X,1961-01-10,Valle d'Aosta,Aosta,2015-09-14
438,Cristina,Camanni,TLNBNC21S04L389M,2004-01-10,Marche,Pesaro,2025-12-27
439,Geronimo,Opizzi,MGGVRC56P16H873S,1951-05-12,Liguria,Savona,2015-04-18
440,Susanna,Calbo,RTSLND17B28C157V,1986-12-29,Calabria,Reggio Calabria,2016-05-12
441,Raimondo,Praga,GVNMRN43E17B825H,2000-05-07,Puglia,Bari,2020-12-17
442,Calcedonio,Infantino,PZZMCL80S48B624E,1991-08-10,Valle d'Aosta,Aosta,2017-03-06
443,Marcella,Trussardi,GRCDRD54L70E403W,1967-04-27,Trentino-Alto Adige,Merano,2019-01-05
444,Viridiana,Sauli,BDGRMR18A63I681T,1977-02-11,Campania,Caserta,2025-04-15
445,Ugo,Bonanno,MRTGRC51C14A619B,1990-04-12,Puglia,Foggia,2022-07-27
446,Panfilo,Barese,BVLSRN91S29F589M,1994-05-09,Sicilia,Messina,2022-04-13
447,Laureano,Pucci,VSCLPD92T51L816I,1999-08-02,Puglia,Taranto,2020-05-25
448,Matteo,Alfonsi,TRNNRC89L55G887S,1977-04-19,Sicilia,Messina,2025-02-23
449,Geronimo,Vercelloni,,1946-06-19,Sardegna,Oristano,2026-08-11
450,Calcedonio,Barese,PLLDNI66P50C280R,1973-04-02,Sardegna,Cagliari,2015-06-27
451,Carmelo,Tornatore,TRMMSM96S46A238O,1953-06-17,Sicilia,Catania,2015-11-06
452,Alphons,Vecellio,GLDLPD92L57B169X,1965-11-26,Calabria,Reggio Calabria,2020-09-30
453,Lisa,Bianchini,GDTTNN45B42I148I,1974-02-17,Sicilia,Palermo,2025-10-27
454,Fernanda,Cattaneo,MNCDLM58H48I669K,1998-05-27,Marche,Ancona,2021-09-26
455,Lucrezia,Ziani,NCLGLT36S26I779U,1976-03-19,Campania,Salerno,2024-09-27
456,Lauretta,Cilibrasi,TRVGFR13H57G249Z,1999-01-14,Trentino-Alto Adige,Merano,2015-04-04
457,Fredo,Onisto,CNRNRC91L67E430L,1993-06-10,Umbria,Terni,2018-05-10
458,Biagio,Busoni,RRCCCL60D15A793N,1984-12-23,Abruzzo,L'Aquila,2026-04-27
459,Napoleone,Trobbiani,ZCCGLN99L68C804M,1952-05-28,Lombardia,Brescia,2025-09-03
460,Bettina,Tarantino,RSSSVN93L67B735I,1956-09-12,Valle d'Aosta,Courmayeur,2018-01-09
461,Emilio,Togliatti,SPDVCR58C31H569X,2000-04-06,Marche,Macerata,2020-07-10
462,Ubaldo,Trupiano,FRSMRN60A24B676K,1953-01-14,Abruzzo,Chieti,2017-07-10
463,Annalisa,Pacomio,PZZCML15H19D103G,2003-10-20,Friuli-Venezia Giulia,Pordenone,2015-07-18
464,Annibale,Tresoldi,CSGLCI39H10D151B,2000-11-28,Puglia,Foggia,2018-04-09
465,Sebastiano,Babbo,CRDRNT53A30L639A,1952-09-12,Abruzzo,Pescara,2017-07-09
466,Liberto,Lopresti,FGTMLN00B18D766U,1946-03-27,Lombardia,Brescia,2022-09-13
467,Baldassare,Bazzi,SLLLDC72M69D655R,1993-04-08,Piemonte,Novara,2019-10-02
468,Melissa,Paolucci,CHPDRD64S55I199M,2004-12-14,Toscana,Pisa,2015-05-31
469,Roberto,Salandra,MDGBRR79S20E406B,1970-06-25,Veneto,Verona,2019-07-03
470,Osvaldo,Giannini,MRLNTN85M64C962O,1950-12-23,Lazio,Roma,2023-09-19
471,Fabia,Brunello,RMLPNI80T10G025U,1946-09-18,Liguria,Genova,2021-07-24
472,Fabia,Catalano,FRRRSN69R25A531N,1953-12-08,Liguria,Savona,2022-01-28
473,Antonia,Trentin,SLVMCL02B22M124Q,1995-04-21,Trentino-Alto Adige,Bolzano,2015-06-26
474,Vito,Errigo,LNETTE31T27L567V,1946-08-26,Toscana,Pisa,2022-10-11
475,Barbara,Ruggeri,BLDRSO41L19A454Q,1969-10-01,Sardegna,Oristano,2016-05-22
476,Silvestro,Ariasso,RMNFLP53A68F675Q,1994-10-15,Puglia,Bari,2021-04-14
477,Luciano,Pascarella,BRCDMN12P46D050M,1991-09-19,Lombardia,Monza,2020-02-07
478,Emilio,Fagotto,BRSRLD39L62B804J,1974-07-18,Friuli-Venezia Giulia,Pordenone,2025-01-27
479,Atenulf,Modigliani,BBTVCR07E13B030L,1957-05-23,Umbria,Perugia,2021-12-06
480,Lucio,Coardi,MCCGLN48B42C166T,2003-11-16,Emilia-Romagna,Modena,2018-07-18
481,Gino,Ginese,TMSTNO49B49A612Z,1958-01-21,Lombardia,Brescia,2015-08-30
482,Luciano,Scarpa,BDNSVR03L61C496N,2002-02-19,Emilia-Romagna,Rimini,2021-02-20
483,Valeria,Antonini,VSNCRI31P61I455O,1999-05-02,Piemonte,Alessandria,2020-03-06
484,Dino,Marinetti,SBTBRN81P47I433Q,1957-01-11,Valle d'Aosta,Courmayeur,2026-04-08
485,Elmo,Palombi,GVNNNT54P15A424G,1989-02-02,Trentino-Alto Adige,Bolzano,2025-08-17
486,Achille,Scarpa,DSECHL07M49G410C,1969-03-18,Campania,Napoli,2024-04-06
487,Giorgio,Parmitano,FRSTLL36A46H941L,1984-05-30,Trentino-Alto Adige,Trento,2025-12-27
488,Vittorio,Zanzi,MNTBRR50T04I942P,1999-07-17,Emilia-Romagna,Bologna,2023-07-14
489,Elladio,Viviani,RNZGCB78P66D444A,1992-02-14,Marche,Macerata,2015-11-12
490,Valentina,Moschino,SNDGRN31S51D694Q,1991-07-15,Piemonte,Novara,2023-11-15
491,Giacobbe,Savorgnan,NCHDNT82A60F133V,1962-01-13,Campania,Napoli,2021-07-13
492,Adelmo,Aloisio,PNTPLT89T16I208C,1982-11-26,Friuli-Venezia Giulia,Trieste,2021-08-08
493,Panfilo,Varano,BRZNNT03S15H229B,1953-02-11,Lombardia,Monza,2026-03-25
494,Delfino,NISCOROMNI,DSCSVD22T41B346J,1980-04-07,Abruzzo,Pescara,2024-04-10
495,Romolo,Paganini,RGGDRN28T01I168J,1985-10-17,Calabria,Reggio Calabria,2017-01-08
496,Hugo,Nugnes,BLZRSR80E26H723C,1953-03-08,Puglia,Bari,2017-07-24
497,Gianfrancesco,Giannuzzi,RSNMLT35M69H564R,1990-11-27,Abruzzo,Chieti,2018-08-02
498,Isa,Forza,FRRSLV50B28C962T,1959-07-19,Sicilia,Catania,2018-03-30
499,Antonia,Tartini,DNTFLV84T59H228E,1970-11-28,Friuli-Venezia Giulia,Udine,2019-01-20
500,Giuliana,Zetticci,BCLRNT16T03B377R,1946-02-05,Lazio,Viterbo,2025-04-15
501,Giuliano,Gentilini,FRMLSS88S58G587O,1966-05-05,Marche,Pesaro,2019-11-12
502,Giosuè,Zaguri,CCRPMP82S61A521N,1966-12-15,Valle d'Aosta,Aosta,2021-03-28
503,Silvia,Miniati,PSRGGL15S57F024N,1949-12-10,Piemonte,Novara,2022-10-30
504,Simone,Opizzi,GRZNNS35L18E844W,1974-09-15,Basilicata,Matera,2016-12-19
505,Luchino,Agostini,FRRMRA10R66A257K,2004-04-18,Abruzzo,Chieti,2018-12-24
506,Loredana,Gelli,BRRGNT25C51D352G,1973-12-18,Piemonte,Alessandria,2023-04-08
507,Azeglio,Cagnin,SKLLSU03R26G705E,1971-04-10,Basilicata,Potenza,2025-07-23
508,Mario,Greggio,CNLMRN30H27A544U,1963-10-04,Umbria,Perugia,2016-04-21
509,Pina,Montesano,BNMRMN79M25A998F,1999-04-05,Sardegna,Sassari,2021-06-10
510,Elena,Sabbatini,BRCNNZ04L11L589N,1976-09-30,Marche,Macerata,2017-11-28
511,Sandra,Bocelli,,1999-09-04,Toscana,Pisa,2020-03-21
512,Raffaele,Bodoni,BRTPTZ06E28E096V,1963-08-08,Piemonte,Torino,2024-04-19
513,Pasquale,Cafarchia,GNNGSN58L55I565G,2002-06-22,Lazio,Roma,2019-07-07
514,Pomponio,Calvo,LNTRDF66H59C058V,1974-01-23,Friuli-Venezia Giulia,Pordenone,2015-02-20
515,Corrado,Camilleri,BTORTI24R05G820X,1960-10-04,Marche,Ancona,2019-05-09
516,Torquato,Guarato,PLCSNN92R55B968K,2002-12-04,Sicilia,Palermo,2018-01-17
517,Gioachino,Cibin,BGNCTN39R14F523M,1986-06-29,Umbria,Terni,2024-04-14
518,Fernanda,Nugnes,VNDNNE18M50G467H,1973-04-22,Marche,Macerata,2015-06-03
519,Massimo,Maderno,LFNGLN75S62B551M,1950-12-10,Calabria,Catanzaro,2018-05-08
520,Arturo,Gioberti,QRNSBL25D21L809M,1996-03-23,Lazio,Latina,2023-09-27
521,Gaspare,Bombieri,FTTSLV88T55G432P,1947-11-03,Friuli-Venezia Giulia,Udine,2021-02-02
522,Greca,Montanari,MNLPRI42C44E901Q,1964-05-23,Emilia-Romagna,Parma,2021-10-12
523,TERESA,Basso,GLLDMA81D63C457U,1984-10-24,Trentino-Alto Adige,Trento,2026-05-08
524,Rosario,Fusani,SLMMLD94L07E307E,1991-12-24,Trentino-Alto Adige,Bolzano,2021-12-17
525,Fiorino,Alboni,LNZBNT45A58B220Y,1963-05-30,Puglia,Lecce,2015-10-27
526,Elmo,Maderna,FRRMCL05A47C115G,1998-04-26,Piemonte,Torino,2016-12-14
527,Ippazio,Draghi,CBCVRN22H28F962F,1973-01-13,Campania,Caserta,2015-07-04
528,Gioele,Emo,RGNLNR33B01I951W,1970-09-17,Friuli-Venezia Giulia,Trieste,2021-03-16
529,GIORGIA,Cibin,CPNMRN26E55C555O,1969-07-20,Veneto,Padova,2017-07-26
530,Napoleone,Palladio,TRMRSN55T03B259G,1994-04-15,Trentino-Alto Adige,Bolzano,2022-02-22
531,Emilio,Ceschi,FRMNNI48T12D441M,1951-05-24,Marche,Ancona,2021-12-25
532,Caterina,Riccardi,BFFRSR75D28F751L,2005-08-08,Lombardia,Monza,2016-02-18
533,Lando,Condoleo,GRMRNF80E68B366S,1998-03-07,Trentino-Alto Adige,Merano,2024-12-31
534,Serafina,Tomasetti,FRZBGI60S60A662H,1986-10-12,Molise,Campobasso,2017-12-15
535,Fabio,Tomasini,TMONCI63P55B900V,2002-10-25,Valle d'Aosta,Courmayeur,2025-06-09
536,Ludovico,Paltrinieri,TLNSLT34R53G827F,1977-08-10,Calabria,Catanzaro,2023-10-17
537,Monica,Barcella,GLLRKE57D13C325I,1985-09-01,Basilicata,Matera,2025-12-07
538,Liberto,Raurica,CRSNCI32P43B444C,1970-04-29,Toscana,Pisa,2022-10-26
539,Luisa,Branciforte,RGGGLN45D59A415S,1974-03-28,Puglia,Bari,2016-08-04
540,Rosario,Toscani,RDERBT59L54D959Q,1994-02-28,Emilia-Romagna,Modena,2018-07-26
541,Ninetta,Tamburini,LBLRZO03C55C497X,1984-01-22,Puglia,Foggia,2022-09-04
542,Giustino,Borroni,BRGLND64P58G882U,1955-04-05,Valle d'Aosta,Courmayeur,2025-05-20
543,Bernardo,Lercari,CRNCRN09H02F874H,1951-03-31,Friuli-Venezia Giulia,Udine,2017-06-09
544,Galasso,Montesano,MNTFRN38T27I281K,2004-03-24,Friuli-Venezia Giulia,Pordenone,2016-05-18
545,Giuliana,Leoncavallo,CCLVNN94P30C777K,1945-01-07,Calabria,Cosenza,2018-04-16
546,Agnolo,Manolesso,NCCPTZ51R65H015O,1962-07-22,Marche,Pesaro,2019-08-12
547,Alberico,Serlupi,PTRFDC29T24C242V,1984-01-02,Sicilia,Messina,2022-09-21
548,Salvatore,Giannotti,SCLMSM10H68B991X,1971-05-24,Umbria,Perugia,2016-05-26
549,Pomponio,Procacci,RSLMRA71A12B497H,1954-11-04,Abruzzo,L'Aquila,2021-04-30
550,Aurora,Ceri,LSATLC84H51C400B,1979-05-06,Liguria,La Spezia,2024-02-09
551,Piero,Ravaglioli,VNVLND41R41G103Y,1994-10-31,Toscana,Pisa,2023-08-17
552,MICHELA,Balbi,CRTMLD72S26G462Z,1956-04-06,Friuli-Venezia Giulia,Pordenone,2018-01-05
553,Concetta,Pepe,FTTTTN08P53B997I,1984-03-07,Calabria,Cosenza,2018-01-17
554,Salvi,Canova,SLVLPD11C44H263Q,2000-11-30,Emilia-Romagna,Rimini,2019-01-12
555,Angelica,Einaudi,STGLLR23D03L840F,1961-09-02,Liguria,Genova,2024-07-11
556,Orlando,Loredan,GNNGLI84P03E904D,1981-11-10,Veneto,Vicenza,2023-03-26
557,Arturo,Pacetti,DNOLRI52L06B173D,1988-03-14,Liguria,Savona,2016-10-17
558,Domenico,Valguarnera,SBRBRL49D45L383M,1986-09-18,Sardegna,Sassari,2026-08-05
559,Geronimo,Mastandrea,SBLRMS77R71D347K,2001-11-07,Toscana,Firenze,2022-01-03
560,Bianca,Fioravanti,LNTGSR00C55A653N,1990-12-29,Piemonte,Cuneo,2025-07-10
561,Raffaella,Piane,TRNMLD72M15E986N,1970-12-12,Sardegna,Sassari,2018-10-04
562,Aria,Barracco,LPUSLO58H23L081I,1950-07-06,Molise,Isernia,2025-08-12
563,Lara,Malpighi,DLBPRG31C69G616U,2001-01-04,Friuli-Venezia Giulia,Pordenone,2015-08-12
564,Livia,Rienzo,PSNFRZ89R44E230L,1967-08-13,Basilicata,Matera,2017-12-21
565,Ilaria,Battelli,CDUGDI80P10H165R,1998-02-03,Molise,Campobasso,2018-05-23
566,Baldassare,Gagliardi,PLSDRA47B65B105I,1988-07-03,Campania,Napoli,2019-01-21
567,Toni,Modugno,SLVZEI32D57A451X,1998-06-06,Valle d'Aosta,Aosta,2018-06-16
568,Romolo,Avogadro,SCLLLN43T13L220V,1984-06-28,Liguria,Savona,2018-10-02
569,Fulvio,Petrucci,LTRFRN14T30B469M,1949-09-18,Lazio,Roma,2018-10-04
570,Marcantonio,Scarlatti,SCLBLS10P62C577Q,1979-01-28,Sicilia,Catania,2023-10-01
571,Laura,Romiti,SMTGNN20C27A186Z,1979-04-10,Piemonte,Cuneo,2022-01-30
572,Clelia,Callegari,MJWCSN68T13B795F,1983-09-27,Sicilia,Messina,2021-02-11
573,Beppe,Amaldi,CRTRNR45C47H684N,1986-05-15,Lazio,Frosinone,2020-06-03
574,Amico,Tutino,RTHVLT06S26F619K,1961-02-21,Friuli-Venezia Giulia,Pordenone,2022-01-10
575,Eva,Camilleri,MSCRNZ06R41A488C,1992-02-15,Piemonte,Torino,2017-05-01
576,Martina,Paolucci,GRCLCI30D03A166Z,1947-02-16,Veneto,Verona,2017-01-23
577,Pierpaolo,Babbo,MRLLVR87S03C344O,2002-03-31,Trentino-Alto Adige,Merano,2017-09-24
578,Tonia,Caffarelli,DSENTA53P04I783Z,1961-07-30,Lombardia,Pavia,2017-06-27
579,Marcantonio,Mimun,FGZLGO50L04C483E,1969-10-18,Sicilia,Siracusa,2024-07-29
580,Giampaolo,Camuccini,MSSFDL01L61D420U,1969-11-17,Veneto,Verona,2016-05-26
581,Alberico,Pelli,SLAFBA08S27C975I,1960-12-18,Sardegna,Sassari,2024-11-18
582,Federica,Pacillo,BTNVNL52E25G420S,1989-02-22,Liguria,Savona,2017-06-07
583,Telemaco,Camanni,GRMBRC76H21H480Y,1968-03-27,Lazio,Frosinone,2017-04-26
584,Osvaldo,CHIARAMONTE,DDULCN85M43D624H,1989-08-26,Campania,Napoli,2018-05-04
585,Aldo,Salandra,TRLGNL64R63A132Q,1974-08-04,Liguria,Genova,2023-10-11
586,Gianpaolo,ARGENTERO,MSCFMM94L25C591O,1981-03-28,Toscana,Siena,2016-07-28
587,Donatella,Botta,CBNLCI63E07B626X,1955-11-16,Puglia,Foggia,2023-01-19
588,Nicola,Fittipaldi,GLTVRN76M24L455Q,1953-02-18,Sardegna,Oristano,2023-03-12
589,Marcello,Chigi,MRCNNL66L61I747F,2003-02-12,Toscana,Livorno,2019-07-22
590,Ivo,Ariosto,MNTSIA31D18A540F,1979-12-31,Trentino-Alto Adige,Merano,2017-05-24
591,Gabriella,Grassi,PRTNTL41C15G751Z,1957-07-22,Lazio,Latina,2015-10-20
592,Adriano,Boccioni,BNTFRD06S45M150T,1993-06-30,Toscana,Firenze,2021-11-25
593,Gastone,Cavanna,DVRRTI70D08F468B,1948-04-28,Sardegna,Cagliari,2022-08-11
594,Bernardo,Redi,MTTZEI92D48E557D,1986-02-14,Lombardia,Pavia,2018-05-05
595,Federigo,Grasso,LCCRCT81D49L291Z,2003-08-29,Molise,Isernia,2015-06-06
596,Melissa,Sollima,LVTLVI48C16E761D,1946-04-16,Abruzzo,Pescara,2018-11-12
597,Piersanti,Tirabassi,CRSSNN02L54L204B,1998-01-10,Valle d'Aosta,Aosta,2016-06-07
598,Bruno,Mantegazza,VRGVTR22E13E994F,1950-08-30,Puglia,Lecce,2019-07-19
599,Liberto,Sanguineti,PNCSNN09H45H689L,1955-11-03,Abruzzo,L'Aquila,2018-01-30
600,Ruggiero,Ferrata,FGNDLA01P24H800L,1975-02-06,Piemonte,Novara,2016-06-01
601,Nico,Strangio,PRGPLA95H53F277N,1959-10-21,Abruzzo,Chieti,2024-11-02
602,Livio,Bondumier,,1959-02-26,Puglia,Foggia,2015-05-09
603,Mariana,Roero,NVRTRT90M61H406P,1982-05-05,Sicilia,Messina,2025-09-04
604,Nanni,Bevilacqua,RPSGFR31M42L958G,1966-06-19,Umbria,Terni,2018-11-30
605,Paoletta,OPIZZI,CMSGBL77M31H331E,2001-04-08,Toscana,Firenze,2021-10-03
606,Enrico,Grossi,CSNLSN14B21H654R,1953-08-02,Lombardia,Pavia,2023-02-12
607,Oreste,Petruzzi,TRVLSE54C27E591F,1969-10-19,Toscana,Pisa,2016-03-10
608,Giosuè,Marangoni,MRZPRR96T68A922K,1989-08-20,Sardegna,Sassari,2018-12-15
609,Corrado,Murialdo,PPIGNE95L23D319I,1983-12-31,Liguria,Genova,2020-08-21
610,Adriano,DIBIASI,BBGCPN08T54F640S,1993-03-18,Piemonte,Torino,2018-12-11
611,Piermaria,Luria,DNTFDG47C63B444F,1984-11-27,Valle d'Aosta,Aosta,2022-04-24
612,Gaetano,Spinelli,TDSCML57R27C270S,1974-04-05,Veneto,Verona,2020-02-09
613,Flavio,Filzi,FGTLVR33L15G716I,1951-08-07,Liguria,Genova,2025-07-25
614,Eleanora,Cantimori,BTTGLN10L04C956I,1985-10-27,Trentino-Alto Adige,Merano,2018-12-29
615,Azeglio,Morucci,GNVMTD62S25B054X,1963-02-22,Lazio,Viterbo,2022-07-14
616,Agnolo,Binaghi,LDBNSD12D57I532R,1986-02-21,Lombardia,Monza,2024-05-19
617,Adriano,Panzera,SPRSLT96H60E623Z,1999-11-12,Marche,Macerata,2018-10-24
618,Martino,Pagliaro,MNGGNI46S53E066P,1964-06-02,Emilia-Romagna,Rimini,2025-08-14
619,Cristina,Bettoni,MNTCRI00M68H501X,1967-03-27,Molise,Campobasso,2022-05-05
620,Pasquale,Cignaroli,CSTNCT35T25I778K,1982-06-25,Sicilia,Palermo,2015-12-29
621,Gionata,Pacetti,SFFBRT52S47A034P,1987-12-31,Piemonte,Cuneo,2017-03-13
622,Etta,Milanesi,MMONTA94H22E795E,1964-07-23,Piemonte,Cuneo,2017-12-23
623,Gianpaolo,Spadafora,BVOMRL54M62L235L,1959-07-08,Piemonte,Alessandria,2025-04-20
624,Imelda,Callegari,MGRFLV91C68F591L,1981-05-14,Emilia-Romagna,Modena,2019-02-24
625,Teresa,Tiepolo,CRVMRD11E27H240X,1979-07-13,Lazio,Roma,2022-06-20
626,Allegra,Schiavone,SBTCRL61S18C561N,1993-08-31,Abruzzo,Chieti,2019-08-24
627,Gioachino,Franscini,BRSBNC55T01B708R,1991-03-07,Molise,Campobasso,2023-03-01
628,Marcantonio,Passalacqua,GLPGRM85M71L680J,1977-11-16,Lazio,Viterbo,2018-12-06
629,Germana,Castioni,DNSSRN92M03I570S,1975-01-18,Campania,Napoli,2020-05-08
630,Greca,Monte,BCCSMT43L30H717U,1965-03-24,Molise,Campobasso,2022-03-10
631,Luciana,Paruta,GNNGNR33B50A906N,1978-06-13,Veneto,Verona,2022-09-29
632,Costanzo,Bruno,FRNDNL73H45L195P,1985-07-20,Toscana,Livorno,2023-04-04
633,Luca,Parmitano,MTTNNZ75P07L131J,1961-11-24,Sicilia,Palermo,2025-04-08
634,Osvaldo,Randazzo,SSNDNI66S60G330I,1954-10-24,Sardegna,Cagliari,2018-09-11
635,Gianfrancesco,Canetta,LMGRMO40C67M204N,2001-04-11,Calabria,Cosenza,2015-07-05
636,Laureano,GALIAZZO,SNDNRC76E45I032R,1982-09-10,Lombardia,Brescia,2024-12-15
637,Gabriella,Baracca,MSCTZN88B49L139B,1991-08-14,Piemonte,Novara,2022-07-14
638,Isa,Sobrero,TLNGLI90L02I721Q,2004-09-26,Friuli-Venezia Giulia,Pordenone,2024-12-26
639,Mariano,Corradi,GSPVLR94A30L321Y,1965-05-07,Friuli-Venezia Giulia,Udine,2025-11-10
640,Maura,Endrizzi,PRGLND84C41F893L,1985-11-26,Lombardia,Brescia,2018-09-24
641,Ottone,Moresi,SFRMRL96L53A734Y,2004-10-13,Trentino-Alto Adige,Trento,2018-06-11
642,Vincenzo,Longhena,FRRPNL12C51I107R,1968-05-13,Marche,Pesaro,2023-04-17
643,Morena,Bernini,STRTTR73C55H477Q,1958-04-10,Friuli-Venezia Giulia,Udine,2023-05-13
644,Saverio,Maderno,FSCVNL95D24G969E,1981-04-18,Lombardia,Milano,2026-03-15
645,Agnolo,Orengo,CMSLDI54S27B794J,1990-07-10,Lombardia,Pavia,2022-06-06
646,Arsenio,Cafarchia,SGLFRN06B57G959A,2004-10-30,Sardegna,Oristano,2018-04-19
647,Martino,Ritacca,PVNFLV04B08E261J,1987-12-22,Friuli-Venezia Giulia,Trieste,2015-11-25
648,Severino,Marazzi,PNCTNO85S03I376Y,1985-01-04,Liguria,Genova,2023-01-06
649,RONALDO,Pascarella,RSSNNN01B44A846H,1969-12-08,Marche,Ancona,2019-05-23
650,Dario,Stefanelli,RSSRNT73R16C922M,1990-12-01,Abruzzo,Pescara,2023-11-06
651,Griselda,Caccioppoli,PSTMRA82T14D207V,1980-09-01,Sicilia,Messina,2018-04-26
652,Antonietta,Cavalcanti,MDGNTL91P06E365O,1976-07-10,Piemonte,Alessandria,2021-11-28
653,Paoletta,Antonucci,VVLVRL62B57L015K,1982-04-15,Molise,Isernia,2024-12-03
654,Bettina,Vasari,FGZSTN15C28G424O,1957-07-10,Emilia-Romagna,Rimini,2016-12-06
655,Griselda,Errigo,VTTMRA40B02B390R,1950-12-07,Umbria,Terni,2023-06-06
656,Aria,Foa,BRGPTZ32A03B345Y,1995-12-14,Emilia-Romagna,Rimini,2018-01-26
657,Tonino,Mancini,VRCFST54S41C641S,1997-07-03,Toscana,Livorno,2021-10-25
658,Leonardo,Beffa,DNSRNZ17R56H467M,1968-07-26,Puglia,Lecce,2021-09-24
659,Luca,Tresoldi,VRNTLL26T44H108P,1982-06-05,Lazio,Viterbo,2019-01-09
660,Pierina,Bazzi,BRSLSE18E28I964I,1989-03-27,Lombardia,Brescia,2016-06-30
661,Giampiero,Chigi,LBNGNN16T20E538W,2001-05-05,Emilia-Romagna,Parma,2025-09-04
662,Benvenuto,Vidoni,GLLRZO83C53E921U,1968-04-14,Molise,Campobasso,2018-08-27
663,Bruno,Grossi,CCRGSN09S64C869B,1959-08-27,Abruzzo,L'Aquila,2016-03-09
664,Emma,Ferragamo,ZRLTLL77C54I852C,1971-03-03,Liguria,La Spezia,2016-09-21
665,Eraldo,Mercadante,PRNLFD77D43C877Y,1993-10-12,Valle d'Aosta,Aosta,2022-03-27
666,Delfino,Turci,VSPLRT08H21A922V,1977-07-11,Friuli-Venezia Giulia,Pordenone,2017-02-24
667,Milo,Montesano,CMBGNC35A44E054M,1978-06-19,Lombardia,Brescia,2025-11-16
668,Gianfrancesco,Pareto,CSTDNN67T29D303T,1964-11-02,Trentino-Alto Adige,Merano,2019-03-24
669,Bianca,Stein,TRPJLD89R28D013P,1994-06-11,Sardegna,Oristano,2017-07-22
670,Amanda,Lamborghini,BLLDNL40L06D733D,1988-01-08,Lombardia,Milano,2022-10-23
671,Olga,Turci,SNSDNG33A62F528X,1991-12-07,Calabria,Cosenza,2022-09-03
672,Laura,Cremonesi,CCCLDI72T09A531E,1957-10-09,Lombardia,Bergamo,2020-01-31
673,Liliana,Paganini,PRDVNS58C15D818M,1951-12-23,Emilia-Romagna,Bologna,2015-06-04
674,Nedda,Scotti,LNTPMN66T69L980Y,1987-01-31,Valle d'Aosta,Aosta,2017-09-01
675,Paoletta,Germano,BRSLBT52H68A944U,1956-02-09,Piemonte,Torino,2019-08-10
676,Emma,Botta,GLTBTC21R02A870Z,1969-11-20,Piemonte,Novara,2022-10-20
677,Luciana,Lucciano,,1996-02-28,Marche,Macerata,2016-07-13
678,Durante,Sokolov,TSTVTI89B53A139X,1970-04-15,Trentino-Alto Adige,Trento,2018-11-08
679,Dina,Favata,RRCVLR68T12C598C,1990-03-27,Valle d'Aosta,Aosta,2025-08-24
680,Loretta,Tropea,SGRDNL86P29C394I,1976-10-31,Sardegna,Cagliari,2023-07-07
681,Federico,Borromeo,CHSBRT45A54F346I,1956-02-03,Campania,Salerno,2025-06-13
682,Nino,Donatoni,CRFMRN86D67F795L,1948-08-23,Abruzzo,Chieti,2016-11-04
683,Serafina,Casagrande,MNNSVR37E47A025A,1984-10-30,Marche,Pesaro,2020-01-25
684,Loredana,Pertile,MRNSMT65A30E989H,1987-09-04,Trentino-Alto Adige,Trento,2023-03-30
685,Victoria,Sraffa,NRDDLA78M11D207Q,1991-11-22,Valle d'Aosta,Courmayeur,2016-11-27
686,Michelangelo,Canevascini,NBLVRN23L12A092W,1960-02-20,Sardegna,Oristano,2016-06-14
687,Ciro,Ricciardi,FBNCLD67P69B644U,1956-01-06,Basilicata,Matera,2020-03-22
688,Piergiorgio,Catalano,LDBRMN98S49C408V,2002-10-06,Molise,Isernia,2023-12-23
689,Ruggiero,Petralli,MNNMRC54C58I735E,1970-01-08,Sardegna,Oristano,2018-04-22
690,Graziano,Canova,RSMRNT17H64E677A,1947-09-01,Toscana,Pisa,2017-03-26
691,Adelmo,Oliboni,CPPLSE36A05E240N,1979-05-01,Piemonte,Novara,2022-05-02
692,Pierpaolo,Montanari,CRCSTL25M31H147Z,1986-10-23,Valle d'Aosta,Courmayeur,2019-07-13
693,Goffredo,Casaleggio,STFSMN87T45D512Q,1947-11-02,Umbria,Perugia,2024-08-26
694,Luisa,Piazzi,CHDCSN13A45B663S,1986-03-29,Basilicata,Matera,2015-10-22
695,Matteo,Tartini,GNSNNR86H14G402G,1959-09-23,Friuli-Venezia Giulia,Pordenone,2026-01-09
696,Loredana,Alfonsi,SLRJCP36M43I191P,2005-07-24,Campania,Caserta,2026-01-01
697,Pomponio,Granatelli,TRNLNE31E25B219Q,1990-06-17,Toscana,Pisa,2016-04-01
698,Stefani,Iannelli,RSPMME60T26I718Y,1970-07-09,Marche,Pesaro,2022-03-10
699,Claudio,Tebaldi,FRNRTI80S05C444B,1997-05-23,Liguria,Savona,2015-08-09
700,Dante,Cherubini,BRFGGL24C54A183B,1981-12-16,Emilia-Romagna,Parma,2022-11-17
701,Dina,Filippelli,BRNLLN52P10H522I,1950-11-17,Friuli-Venezia Giulia,Trieste,2021-11-02
702,Emma,Gianinazzi,MRNLGN61A17E593G,1995-12-18,Piemonte,Cuneo,2026-07-18
703,Evangelista,Bergoglio,CPNGRN46E71D788P,1978-11-21,Marche,Pesaro,2023-10-03
704,Lara,Prodi,MCCNNS23A01A525J,1975-02-21,Abruzzo,Pescara,2026-02-21
705,Fortunata,Migliaccio,LCCMRT35R04E639S,1984-02-12,Marche,Pesaro,2019-07-11
706,Fiorino,Grifeo,RTSMRA38B44H195M,1970-10-13,Basilicata,Potenza,2020-12-12
707,Alberico,Villarosa,MNTLRT94H24I391E,1953-04-02,Trentino-Alto Adige,Merano,2017-02-15
708,Bianca,Trupiano,GLTGDU26R53A902A,1963-10-26,Umbria,Terni,2022-10-16
709,Vanessa,Canali,CSLNGN75S27C038Q,2004-07-10,Puglia,Foggia,2022-01-10
710,Fredo,Rusticucci,BRRRNL79H10H800P,1946-09-02,Emilia-Romagna,Modena,2026-07-30
711,Salvatore,Finotto,BTTCTN24L18H654B,1986-12-04,Sardegna,Oristano,2021-01-03
712,Giosuè,Zaguri,STNRCT80T44L835C,1995-10-16,Campania,Salerno,2016-05-05
713,Raffaello,Boito,PCCVNC64A46G426U,1984-01-23,Lombardia,Brescia,2024-03-14
714,Guglielmo,Cerutti,BCCGST88D64I771V,1968-12-12,Trentino-Alto Adige,Bolzano,2021-06-09
715,PARIDE,Taliani,DLDMRH96P13G041X,1958-06-15,Emilia-Romagna,Bologna,2019-04-22
716,Melina,Pennetta,LNCGRM23A46G144R,1982-11-11,Toscana,Siena,2015-10-31
717,Gian,Almagià,TNCVNC33E68C342H,2004-02-04,Puglia,Taranto,2018-12-12
718,Laureano,Inzaghi,DNNFBZ05P08D126O,1952-07-13,Campania,Napoli,2022-01-15
719,Annibale,Comolli,CHRGRC06S48I868A,2005-04-05,Emilia-Romagna,Parma,2017-01-09
720,Giacobbe,Udinesi,BBASNO44S20D972O,1991-10-30,Veneto,Verona,2020-08-24
721,Manuel,Brambilla,CHSPRG78E51A576X,1974-07-18,Campania,Salerno,2023-09-30
722,Elena,Altera,GLLHGU22E41F775E,1960-09-18,Trentino-Alto Adige,Trento,2019-10-20
723,Flavia,Canali,GCCGRM56D51C864L,1992-11-10,Marche,Pesaro,2023-05-28
724,Gastone,Petralli,SBTFRN93T14D968U,1969-12-01,Toscana,Pisa,2018-04-02
725,Enrico,Soffici,TMBLNE58C27L291B,2004-05-30,Piemonte,Torino,2016-03-23
726,Federigo,Farnese,SPSGNZ02E46L538L,2002-04-29,Umbria,Terni,2023-02-20
727,Federigo,Pertini,BNNCLL09L08E907V,1979-11-08,Veneto,Treviso,2015-03-06
728,Fabia,Pinamonte,TRSCLD93A20B040J,1966-02-15,Veneto,Verona,2021-09-02
729,Nicolò,Pastine,CPNLSN97S30A443K,1948-01-16,Lazio,Frosinone,2021-02-22
730,Donatello,Grassi,NTRCLL80R01I537C,1974-11-07,Toscana,Siena,2024-06-22
731,Agnolo,Canali,BRSGSR17M65G044Y,1950-12-15,Abruzzo,Chieti,2022-11-22
732,Victoria,Ruggeri,MRTMLD61C08A564G,1947-06-16,Friuli-Venezia Giulia,Pordenone,2016-03-02
733,Alessia,Interminei,RGNNTA13P10B075N,1980-12-11,Lazio,Roma,2019-06-28
734,Tullio,Prada,BBAFBZ03D14E144S,2003-03-30,Lombardia,Pavia,2017-12-01
735,Enrico,Nitti,GLLRST87T67L728I,1956-12-23,Friuli-Venezia Giulia,Udine,2020-11-05
736,Costanzo,Stucchi,CPNFBZ13E12A777Z,1982-03-10,Veneto,Verona,2023-03-31
737,Dina,Montesano,NOIRRA05R05B892J,1946-11-11,Calabria,Reggio Calabria,2015-07-08
738,Pomponio,Turchetta,FBRPTR19S62D244R,1962-10-15,Calabria,Catanzaro,2020-11-14
739,Eleanora,Ludovisi,CMMGRC63S52M091J,1958-05-23,Emilia-Romagna,Parma,2016-12-30
740,Giustino,Borsellino,CNDSPH18H05E201W,1985-09-15,Piemonte,Cuneo,2026-01-31
741,Riccardo,Sobrero,CRFPRC54T09B553I,1970-11-01,Basilicata,Matera,2026-01-31
742,Carlo,Miniati,FGGLLL45H16E555M,2005-10-03,Trentino-Alto Adige,Bolzano,2019-04-01
743,Santino,Porcellato,CCLGLI49L58F363W,1966-02-16,Friuli-Venezia Giulia,Udine,2025-02-11
744,Adele,Udinese,TTNGNR49B59H689J,1987-01-25,Toscana,Firenze,2017-12-27
745,Pierpaolo,Trombetta,BRSFMM46A07L172Q,1982-12-23,Trentino-Alto Adige,Bolzano,2020-09-30
746,ALDERANO,Orlando,CHSCSN07H52L149S,1976-10-14,Sicilia,Siracusa,2016-01-08
747,Sandra,Cilea,SBRMLE70L48C250U,1978-04-11,Sardegna,Oristano,2017-12-19
748,Ramona,Garzoni,CCLCRN89T05E057M,1975-06-07,Veneto,Treviso,2025-07-01
749,Livia,Aulenti,PLZRNF89B62G240E,1973-02-08,Lombardia,Milano,2015-12-28
750,Benito,Sinisi,BGGCNT46C03C609X,1983-08-03,Veneto,Vicenza,2021-05-06
751,Beppe,Anastasi,CNTFRZ60T45I049U,1984-02-05,Sicilia,Messina,2018-09-13
752,Vincenzo,Manolesso,PLSMRN56S63A132H,1949-10-10,Lombardia,Monza,2019-03-28
753,Ivan,Capuana,BNCSMT04R25B850X,1984-02-26,Veneto,Treviso,2017-08-08
754,Tiziano,Curci,PTRLDC87M18H650M,1995-04-27,Liguria,Savona,2025-11-18
755,Renata,Guglielmi,GNTPRN20E43F605G,1953-05-25,Lombardia,Brescia,2019-07-27
756,Nicolò,Cavalcanti,PCCRSN07D13B946M,1995-07-14,Umbria,Terni,2019-10-06
757,Priscilla,Zacchia,SCTMTD40S21E363A,1951-11-23,Marche,Pesaro,2020-07-09
758,Ramona,Parpinel,BRRLCI82L07C876E,1980-05-13,Piemonte,Torino,2023-05-19
759,Corrado,Campanella,RLNRMN99H01C550Z,1986-04-16,Lombardia,Milano,2025-10-05
760,Ignazio,Cuzzocrea,BCLVEA76A25L823K,2003-11-14,Piemonte,Torino,2025-02-28
761,Lodovico,Farina,BLBFLP34B19G068W,1956-08-08,Sardegna,Oristano,2019-09-28
762,Antonello,Zarlino,BCCNTN40B50A088M,1994-02-02,Puglia,Bari,2023-07-22
763,Michele,Lombroso,TRTFLV40L64D841Z,1953-01-01,Campania,Salerno,2015-06-18
764,Domenico,Cagnotto,PSTTZN12P66I350H,1955-10-27,Veneto,Padova,2021-09-11
765,Enzio,Ariosto,SNSNGL37C45H344J,1999-02-22,Friuli-Venezia Giulia,Pordenone,2017-12-11
766,Ronaldo,Bosurgi,GNNVNL87S05I284Z,1979-10-26,Trentino-Alto Adige,Bolzano,2025-09-07
767,Letizia,Curiel,SGSDNL43E52G676I,2000-01-28,Emilia-Romagna,Parma,2019-03-07
768,Simonetta,Ricciardi,PDRFLP26R20A765S,2005-09-08,Friuli-Venezia Giulia,Udine,2020-01-11
769,Eraldo,Zola,CGNLBT18E58L340V,1971-01-30,Umbria,Perugia,2025-07-02
770,Nedda,Broschi,CCCRDF40C70D177M,1971-12-14,Lombardia,Bergamo,2020-07-29
771,Ernesto,Boldù,RTSMRA11B46H642G,1991-01-23,Valle d'Aosta,Aosta,2017-05-31
772,Martina,Scaduto,SFRGRM97M61L983U,1976-11-21,Molise,Isernia,2020-09-18
773,Elladio,Catalano,BRSMRC36L54L233E,1961-02-09,Molise,Isernia,2019-02-01
774,Donatella,Cerutti,VDOBLD79H52A853M,1997-09-06,Abruzzo,L'Aquila,2025-03-16
775,Giuliana,Ponti,DNZNSD79S42H962B,1963-12-09,Friuli-Venezia Giulia,Trieste,2019-02-25
776,MONICA,Gotti,CSTBNC37L06G128Q,1992-12-10,Abruzzo,L'Aquila,2015-05-27
777,Pasqual,Bonomo,PDRMRS85B12F016A,2004-01-04,Toscana,Siena,2025-12-01
778,Ruggero,Ughi,CNTCLD23T44L913M,2005-07-26,Abruzzo,Chieti,2023-11-10
779,Paride,Rismondo,PGFMLD08H11G479H,1961-11-20,Trentino-Alto Adige,Trento,2015-08-08
780,Sebastiano,Frescobaldi,CRCGSV58A58B664N,1952-09-22,Emilia-Romagna,Modena,2021-10-01
781,Ruggiero,Combi,MCCPRN04R25E086N,1984-12-12,Lombardia,Bergamo,2025-11-17
782,Augusto,Opizzi,SFRGML06D68A234M,1980-02-23,Trentino-Alto Adige,Merano,2016-02-22
783,Maria,Ramazzotti,GRFFDG10C43C925N,1989-06-22,Emilia-Romagna,Rimini,2021-07-10
784,Pellegrino,Bragadin,SLVPRI67D62L625P,1965-10-22,Molise,Isernia,2016-05-12
785,Giuliano,Falier,CBBLGN43E06C121H,1987-06-20,Valle d'Aosta,Courmayeur,2017-08-15
786,Maurilio,Pucci,SFFRNT89L52L854Q,1959-06-23,Abruzzo,Pescara,2021-06-17
787,Greca,Pellegrini,ZMNRBT25B24H183E,1999-01-07,Umbria,Terni,2025-07-04
788,Barbara,Collodi,MRCLBT19M70B581X,2003-07-17,Sardegna,Oristano,2023-01-30
789,Telemaco,Mercalli,PSNGLM66T01E862C,1952-09-25,Lazio,Viterbo,2025-10-30
790,Roberta,Cavanna,CGNMLT27T47E518U,1989-04-18,Valle d'Aosta,Courmayeur,2021-10-23
791,Ida,Vergassola,PPFVNL44D07H315S,1977-01-12,Liguria,La Spezia,2018-07-23
792,Aurora,Angiolello,RTLLDN38E57I823O,1983-08-20,Puglia,Taranto,2017-07-22
793,Stella,Cattaneo,SNDPRS52H52I917G,1976-11-14,Veneto,Vicenza,2016-01-18
794,Alessandra,Redi,CRLFDG58L52B882I,1949-07-11,Basilicata,Potenza,2024-10-26
795,Angelica,Cuzzocrea,PRTPPZ84T62E715E,1999-09-12,Sardegna,Oristano,2017-04-14
796,Emma,Lopresti,BRGBNC11S01G604U,1977-06-12,Lazio,Latina,2018-07-10
797,Piergiorgio,Cammarata,VRDCRI81M57G234F,1958-11-04,Toscana,Firenze,2023-02-27
798,Olga,Balbo,PGLGCM28M58E092G,1945-08-04,Emilia-Romagna,Rimini,2020-07-02
799,Damiano,Ferrata,CTNMRZ59L70I839S,1978-05-31,Trentino-Alto Adige,Bolzano,2024-04-22
800,Fabia,Petrassi,PNTFBZ64E09L478Z,1965-06-22,Molise,Isernia,2018-02-04
801,Flora,IANNUCCI,PZZGCH00L42A162Q,1947-09-03,Toscana,Livorno,2024-12-04
802,Alfredo,Cortese,TRVLCN42C71G147Q,1975-05-09,Sicilia,Palermo,2022-01-22
803,Puccio,Goldstein,FRRPNL06R54B390B,2004-03-24,Liguria,Genova,2018-05-21
804,Erika,Pennetta,PNCGRL66C14C469Q,1982-08-14,Molise,Isernia,2024-01-07
805,Cirillo,Ceci,PRGSNR33P06M292T,1975-11-17,Molise,Isernia,2015-03-06
806,Luigi,Fischetti,CBRLLR55A21I296A,1985-01-11,Lombardia,Monza,2019-08-08
807,Carla,Correr,VNTRAI73L01H978L,2003-03-16,Emilia-Romagna,Parma,2024-01-27
808,Livia,Ceschi,DSCFLV30S69C356F,1956-04-21,Umbria,Terni,2021-05-14
809,LAZZARO,Ferrante,PPTGBL84A09A849I,1959-05-11,Friuli-Venezia Giulia,Pordenone,2015-07-11
810,Emilio,Ariasso,CPNMRN76B04B525E,1982-12-05,Veneto,Vicenza,2026-05-02
811,Ignazio,Iacobucci,CBTNTN63H30L026Y,1956-02-10,Lazio,Viterbo,2016-01-27
812,Giacinto,Pepe,STRLNA52B16M386N,1985-08-27,Marche,Ancona,2022-08-08
813,Elena,Borsellino,PCCLDI40S30E865Z,2004-09-15,Marche,Macerata,2020-03-30
814,Ornella,Curiel,MNCDRN22S19G764J,1978-11-19,Molise,Campobasso,2020-07-21
815,Clelia,Bajardi,MZRSBL61R20F878B,1953-10-16,Campania,Salerno,2018-04-15
816,Adelmo,Cugia,CSTFRD77A58A235T,1987-09-23,Valle d'Aosta,Aosta,2019-10-26
817,Ugolino,Torricelli,GGGLTZ14D01D545A,1980-06-02,Marche,Macerata,2020-11-30
818,Edoardo,Galtarossa,CLNGMM35M07M337C,1982-05-28,Abruzzo,L'Aquila,2018-08-27
819,Carmelo,Navarria,SCHSMN55P53L967M,1992-06-21,Lombardia,Pavia,2017-08-25
820,Fredo,Greggio,FCNTNI91E31E224G,1978-02-19,Lombardia,Pavia,2017-08-30
821,Claudio,Mazzacurati,FOXVRN62L29E813N,1991-11-26,Marche,Ancona,2018-06-09
822,Piersanti,Lancisi,CNLRST54D59D808F,1957-10-26,Friuli-Venezia Giulia,Trieste,2018-03-10
823,Nico,Boccherini,DSEMCA65E59E409K,1964-05-05,Friuli-Venezia Giulia,Udine,2019-02-08
824,Lando,Turchetta,PZZMDA14C66D490S,1982-06-19,Friuli-Venezia Giulia,Trieste,2025-10-16
825,Pomponio,Fantoni,GVNBNT27S52E006U,1999-05-05,Campania,Salerno,2017-12-23
826,Ennio,Mazzocchi,LSAGRL88A23D557T,1958-05-14,Emilia-Romagna,Rimini,2022-04-18
827,Giampaolo,Scarponi,GNNBCC49E60C267Q,1975-06-01,Liguria,La Spezia,2016-01-11
828,Vincentio,Gaiatto,ZMNGNN91R31L517N,1947-03-24,Lazio,Latina,2021-12-05
829,Ornella,Borromeo,RCCLCN40D47A497M,1993-08-11,Trentino-Alto Adige,Merano,2016-03-09
830,Nina,Tafuri,BLLGGL53B44E885Q,1955-10-17,Toscana,Firenze,2019-01-12
831,Fausto,Molesini,GNSLSN36A61I436B,1952-08-05,Basilicata,Matera,2022-03-09
832,SIMONETTA,Agostinelli,LVTDNL51A69F733R,1961-03-12,Piemonte,Cuneo,2024-04-22
833,Vincenzo,Barracco,NTLBRL60B67I642D,1993-08-10,Valle d'Aosta,Aosta,2018-10-09
834,Pierluigi,Manunta,MRCMTT51B58I344V,2005-11-18,Lombardia,Monza,2018-10-18
835,Luca,Tafuri,PRSGLT89M16L149D,1979-12-26,Molise,Isernia,2017-03-19
836,Eva,Cassarà,CMLLPN28A67A108A,1949-08-27,Liguria,Genova,2019-07-18
837,Elladio,Campise,RCCGNC21B47H789T,1955-04-29,Umbria,Terni,2021-01-15
838,Zaira,PACILLO,BRNGBL05B02M280N,2001-11-02,Toscana,Siena,2020-03-29
839,Leopoldo,Borromeo,MNTNNI34T46L989J,1967-02-06,Marche,Ancona,2017-10-25
840,Edoardo,Scaduto,CCEGRL18R29L166I,1957-10-10,Lazio,Latina,2023-05-17
841,VIRGINIA,Ponti,CSTVLR67D59F147E,1985-07-12,Sardegna,Oristano,2015-12-09
842,Fortunata,Stoppani,MLNSVR28B49I256J,1945-01-18,Friuli-Venezia Giulia,Trieste,2016-05-07
843,Laureano,Bramante,ZCCGCN84S64L221S,1976-07-12,Basilicata,Matera,2019-10-09
844,Geronimo,Bosio,TGLNNZ27A22C303O,1971-12-22,Molise,Campobasso,2017-01-04
845,Ruggero,Pavanello,SQRBNC43D27G327Z,1983-10-03,Umbria,Terni,2019-09-24
846,Maria,Tron,MZZRDF83C68F437Z,2001-12-26,Abruzzo,L'Aquila,2020-11-11
847,Coriolano,Cesarotti,RTSLLL57R17C173X,1975-08-26,Lazio,Viterbo,2019-09-22
848,MELINA,PICCINNI,BMBGNN54C22D311N,1945-03-09,Abruzzo,Chieti,2025-09-08
849,Susanna,Camicione,SCLBNC95B08A173W,1980-03-28,Umbria,Terni,2016-10-26
850,Vincenza,Scaduto,NTRMLA60S17E884S,2005-04-24,Piemonte,Cuneo,2017-10-08
851,Mauro,Impastato,VGLRRA45L07B613A,1945-10-04,Liguria,Genova,2017-10-19
852,Paride,Tebaldi,TMSMRN06M49D980Y,1970-03-23,Trentino-Alto Adige,Trento,2023-01-10
853,Cirillo,Bembo,RMNFLV37D53B880C,1966-01-07,Puglia,Lecce,2026-01-28
854,Carolina,Leopardi,TRVRFL13S42G917V,1963-10-05,Abruzzo,Chieti,2015-02-28
855,Gionata,Capuana,CRSNNR04R09C542M,1960-04-18,Basilicata,Matera,2019-05-07
856,Baccio,Turrini,LNTFBZ79T23E354F,1997-10-07,Marche,Ancona,2017-11-16
857,Ottone,Perozzo,GLTZRA88E16C202H,1962-03-19,Basilicata,Matera,2015-07-09
858,Fausto,Fiorucci,LPUVIO93A44B960A,1945-03-06,Veneto,Treviso,2024-07-30
859,Tiziano,Sinisi,GRGFST40S43B779F,1981-07-03,Sicilia,Siracusa,2021-02-22
860,Flavio,Montanelli,CVSLBC85M54D612B,1965-02-22,Umbria,Perugia,2016-01-20
861,Alessandro,Einaudi,BRSFST86A60D799S,1975-01-11,Piemonte,Novara,2016-11-01
862,Salvatore,Abba,GRMSBN14A67A181N,1983-01-09,Trentino-Alto Adige,Merano,2016-09-01
863,Antonella,MADERNA,TRLMCL21C25A981O,1947-07-03,Valle d'Aosta,Aosta,2025-10-06
864,Ciro,Marinetti,SMLSLS94H58C740C,1967-03-05,Sicilia,Messina,2017-06-02
865,Francesca,Spinelli,SCRRMN01H50H634Z,1951-07-18,Puglia,Lecce,2024-11-01
866,Mariano,Trapani,CRDGRC87P64G846D,1947-12-29,Valle d'Aosta,Aosta,2023-06-19
867,Alessandro,Comisso,GLPLME45M41C599N,1949-12-01,Lombardia,Monza,2021-10-05
868,Aurora,Ricciardi,FOACML24L61B138X,1971-06-17,Valle d'Aosta,Aosta,2023-07-22
869,Guglielmo,Verdi,TRMFDC33S52L570X,1985-09-05,Basilicata,Potenza,2023-08-12
870,Marco,Pepe,LPRLDC24A59F591G,1985-09-27,Valle d'Aosta,Aosta,2026-08-08
871,Iolanda,Munari,RSMMRN72H10B166H,1998-03-11,Marche,Ancona,2019-05-06
872,Agnolo,Tarantino,SCHTRS19P10G681P,2000-09-13,Liguria,La Spezia,2024-12-21
873,Anita,Cuzzocrea,SPNVIO08E41E897Q,1984-02-07,Lombardia,Pavia,2026-07-05
874,Annibale,Gaiatto,CSTRNF62E41E632G,1958-03-24,Calabria,Reggio Calabria,2025-07-13
875,Mauro,Abate,GRGCLD44E26L254V,1950-02-22,Piemonte,Novara,2020-04-28
876,Tiziano,Zamengo,BRCVCR34C24C104Z,1962-12-23,Emilia-Romagna,Modena,2019-07-07
877,Raffaele,Bottigliero,GLZMDA60H48I736K,1998-10-23,Abruzzo,L'Aquila,2022-06-05
878,Giovanna,Peano,PNICRL33E60D351T,1959-07-24,Friuli-Venezia Giulia,Udine,2017-05-08
879,Fedele,Zarlino,MMNLLD87D49B461M,2002-04-23,Trentino-Alto Adige,Trento,2020-01-02
880,Piermaria,Vismara,,1978-09-22,Toscana,Livorno,2019-08-09
881,Eliana,Scalera,PNZMRL12C17E770U,1947-09-11,Piemonte,Alessandria,2017-08-01
882,Griselda,Mazzi,SCTMCL54M54M405J,1948-12-09,Sicilia,Messina,2015-09-01
883,Piergiorgio,SCALERA,ZCCLLR98L03I140L,1975-06-28,Veneto,Padova,2020-07-07
884,Elladio,Marazzi,TRRLCI16R18L710X,2005-10-11,Sicilia,Palermo,2018-01-29
885,Annunziata,Magnani,PRZCTN51S01E987S,1985-12-05,Sicilia,Messina,2020-05-21
886,Ornella,Trapani,BRRCLD07E67G955P,1950-11-13,Umbria,Terni,2017-08-28
887,Coriolano,Montecchi,MDRPLN61T11L308Z,1978-07-30,Trentino-Alto Adige,Bolzano,2022-02-17
888,Augusto,Cassarà,FLNNDA18P24F342D,1993-01-15,Piemonte,Novara,2021-08-06
889,Durante,Garozzo,MNNSNR39T30A067I,1990-08-07,Puglia,Lecce,2025-12-19
890,Olga,Spallanzani,CRCNTN00C20L483H,1960-01-09,Abruzzo,Pescara,2026-05-29
891,Dante,Travia,GRMTTE13M01I965A,1986-08-27,Liguria,Savona,2019-01-06
892,Toni,Ruffini,BRTDRA38L56B949Y,1987-07-04,Molise,Isernia,2021-01-07
893,Pierina,Gibilisco,RSMDLN55C61A223D,1964-09-11,Lazio,Latina,2019-07-21
894,Fiorino,Civaschi,DNTMNC94T18C141D,1996-04-05,Emilia-Romagna,Rimini,2018-07-11
895,Salvi,Solari,LXRCRI75M52H180P,1971-06-22,Lombardia,Milano,2024-12-20
896,Guglielmo,Peranda,CNVRND53L45A283V,1983-03-25,Umbria,Terni,2025-02-12
897,Ippazio,Saragat,ZCCLNI01R10A341O,1947-03-21,Friuli-Venezia Giulia,Udine,2019-01-11
898,Fabia,Ruggieri,NNSCLD59T15C957T,1990-01-06,Calabria,Catanzaro,2026-07-02
899,Agnolo,Cugia,TSCTZN26H69H589O,1951-05-27,Veneto,Verona,2023-01-30
900,Venancio,Pennetta,DRSSPH19H21H735C,1969-08-16,Friuli-Venezia Giulia,Udine,2019-04-11
901,Annetta,Morlacchi,CLBGSV97S50L978D,1945-10-07,Molise,Isernia,2021-09-19
902,Panfilo,Boldù,PLNSBN77S46G186T,1987-05-07,Sicilia,Palermo,2026-07-01
903,Isabella,Tolentino,CSRLGU75R52G270G,1987-07-26,Veneto,Padova,2020-03-29
904,Dolores,Pininfarina,BCCMLA93C08B007M,1975-07-25,Molise,Isernia,2016-12-04
905,Gabriella,Canali,SMNLGU97D65I703U,1984-05-10,Abruzzo,Pescara,2025-02-03
906,Livia,Ginese,DRGVTR49L30A657Y,1945-11-14,Calabria,Catanzaro,2026-03-18
907,Augusto,GREGGIO,BRSNTT56H20G765A,1993-03-26,Emilia-Romagna,Rimini,2021-09-20
908,Rosalia,Badoglio,MCHBNC89M13B434G,1974-08-18,Sicilia,Catania,2023-10-08
909,Etta,Viviani,FRRFRN62M22D058E,1987-08-06,Umbria,Perugia,2017-06-08
910,Gianluca,Finetti,RTCNCT24B19A245S,1954-05-12,Friuli-Venezia Giulia,Trieste,2018-12-26
911,Elisa,Caffarelli,BLTCLD00H25E391J,1979-08-15,Trentino-Alto Adige,Trento,2021-05-14
912,Antonella,Vergerio,MRRLNE87T31L836N,1991-07-10,Emilia-Romagna,Parma,2015-04-01
913,Lilla,Tropea,FVTGCT73M57D799G,1956-08-02,Lombardia,Milano,2024-05-20
914,Michele,Zaccardo,BTNMRH54S13L421V,1963-06-15,Basilicata,Potenza,2021-12-12
915,Benedetto,Bossi,TRPGLT12B16C459O,1997-09-15,Marche,Pesaro,2019-07-21
916,Arnaldo,Veltroni,RGRGNR37E53H556K,1984-12-27,Piemonte,Novara,2016-06-08
917,Micheletto,Boldù,LPUNTN68R08L194Y,1989-01-17,Friuli-Venezia Giulia,Pordenone,2025-04-27
918,Ugolino,Tartini,PNIRTR69T69B175N,1976-02-11,Lazio,Frosinone,2021-09-02
919,Berenice,Semitecolo,BGGMDA43L49C142O,2000-06-02,Emilia-Romagna,Modena,2024-09-09
920,Mario,Bianchi,FTTPLM93H30I156U,1948-12-01,Marche,Pesaro,2020-05-17
921,Francesca,Blasi,TCCNTT72R23I993S,1964-06-29,Umbria,Perugia,2026-01-25
922,Marina,Barberini,BNVPRR76T60M050W,1990-04-03,Liguria,Genova,2022-04-24
923,Biagio,Villadicani,CSRGRC92A44A357J,1951-07-27,Piemonte,Torino,2025-05-11
924,Stefano,Tomaselli,NCLLSU61E26L160Z,1967-06-26,Liguria,Genova,2017-07-28
925,Teresa,Gentilini,BRTLLR99D18G513R,1951-02-14,Toscana,Siena,2016-11-07
926,Sonia,Parini,VLIMRA06L25E055F,1959-06-24,Lombardia,Brescia,2018-10-29
927,Ida,CAVALCANTI,RNLDRD14M44L675Q,1960-02-11,Lombardia,Monza,2016-09-27
928,Dina,Pacelli,FRRMSM55A48C480G,1964-06-09,Emilia-Romagna,Modena,2015-10-10
929,Carmelo,Alonzi,PNTNNT72A26A157L,1980-01-17,Piemonte,Torino,2021-11-30
930,Tatiana,Greco,BRSNNT16M06D019Q,1967-05-28,Liguria,Genova,2023-05-28
931,Antonello,Mazzocchi,GTTLMR16R53F154J,1975-03-31,Piemonte,Torino,2019-04-24
932,Flavia,Castellitto,BRSFRN69D16H577Q,1959-12-27,Valle d'Aosta,Aosta,2015-12-27
933,Lolita,Novaro,RFFVCR38H25F929J,2001-01-16,Umbria,Perugia,2019-08-24
934,Lamberto,Gottardi,MCCTZN13A52L715G,1976-12-28,Veneto,Verona,2022-04-03
935,Piergiorgio,Speri,BSSGSN17P48D284P,1964-09-30,Liguria,La Spezia,2016-06-24
936,Lucia,Virgilio,CSTLCI92C02C508Y,1981-11-18,Piemonte,Novara,2021-10-06
937,Ilaria,Rossellini,CRNLSN63A49C971W,1967-08-09,Molise,Campobasso,2017-02-15
938,Bianca,Pastine,BRNTNF35R53F342E,1956-12-04,Abruzzo,Chieti,2022-06-13
939,Aldo,Pasolini,RGGNTL28D53B953D,1988-04-03,Sardegna,Oristano,2016-07-07
940,Flora,Ricciardi,MRNMND69H30A263X,1965-11-08,Liguria,Savona,2026-04-17
941,Concetta,Morandi,GGLLPN43T67G657O,1972-09-16,Marche,Ancona,2020-04-20
942,Raffaellino,Renier,CNTPLA49T30H294N,1989-09-29,Valle d'Aosta,Courmayeur,2021-08-26
943,Ivo,Ughi,RPSGLN33C71E094Z,1974-06-28,Veneto,Treviso,2018-01-04
944,Ruggero,Giolitti,NGSGNN87E03C660N,2003-02-21,Umbria,Terni,2021-06-21
945,Marta,Venier,MRSPLA04R49D896U,1993-05-21,Friuli-Venezia Giulia,Trieste,2016-03-18
946,Graziano,Gregori,CTNGLR72S11L004U,1964-12-16,Abruzzo,Chieti,2023-07-23
947,Giustino,Endrizzi,SCNLDN56A55A372S,1951-04-13,Valle d'Aosta,Courmayeur,2019-04-26
948,Micheletto,Solari,PZZNNT74B09L673D,1998-03-03,Lombardia,Bergamo,2019-08-02
949,Cristina,Villadicani,BCCRNR23E65I470S,1962-09-21,Friuli-Venezia Giulia,Pordenone,2020-06-29
950,Guido,Guidotti,CNDGNG80C45L396K,1963-01-26,Marche,Macerata,2021-02-05
951,Dolores,Benedetti,CRCSPH04C22F462T,1960-01-20,Liguria,La Spezia,2025-07-23
952,Sonia,Rossellini,BSSGNG07T49C740D,1946-10-12,Campania,Salerno,2023-07-22
953,Alderano,Nitti,GNVJLD13B17E790C,1958-09-16,Friuli-Venezia Giulia,Pordenone,2018-12-10
954,Costanzo,Torlonia,GNSTTE41R12I927T,1988-02-21,Liguria,Savona,2016-08-12
955,Priscilla,Praga,RGGGRG18A11G504J,1946-02-25,Sicilia,Palermo,2026-03-25
956,Milena,Omma,PZZNCI60E60A313T,1978-06-24,Emilia-Romagna,Rimini,2023-08-13
957,Ernesto,Pacetti,MDRCRT75A04G521H,1956-03-02,Emilia-Romagna,Bologna,2023-08-19
958,Giacomo,Mazzi,GBRNCL74A62H807Z,1976-04-10,Sardegna,Oristano,2026-06-06
959,Enzio,Parri,BRZFBZ72P19G756B,1983-01-16,Valle d'Aosta,Courmayeur,2020-07-14
960,Allegra,Prodi,TRNNNR77M22F636G,2004-09-20,Lazio,Roma,2018-04-26
961,Umberto,Rossi,JCZFLV73E70C596W,1946-02-09,Veneto,Padova,2017-08-14
962,Marcello,Golino,GNTRLD40T44H447J,1952-03-17,Liguria,Savona,2026-08-18
963,Gioacchino,Russo,RNGBRR45P57A779Q,1989-12-01,Emilia-Romagna,Parma,2023-08-02
964,Milo,Sorrentino,SLNLCZ29R27I904H,1954-10-21,Sicilia,Palermo,2022-09-22
965,Dino,VANVITELLI,PSTSYV74S05G489G,1945-07-30,Molise,Isernia,2018-10-11
966,Giulio,Ludovisi,MZZDNL10L54F445T,1982-05-26,Abruzzo,Chieti,2021-06-20
967,Enrico,Tagliafierro,RRGMRN01C04E498A,1988-08-23,Abruzzo,Pescara,2019-01-30
968,Giuseppe,Vismara,CLLDNI04L41H420F,1950-04-17,Trentino-Alto Adige,Trento,2019-02-05
969,Fabio,Bonomo,TSTNCT49L12B378P,2001-03-28,Basilicata,Matera,2017-06-13
970,PASQUALE,Volta,MGNCRN43H19G518B,1950-10-07,Liguria,La Spezia,2022-09-03
971,Dina,CANIL,BRGLRA57L21E854K,1950-06-24,Campania,Napoli,2020-12-19
972,Lucia,Roccabonella,SSMDNT93C64I254F,1963-12-09,Sardegna,Cagliari,2015-03-01
973,Bianca,Tommaseo,CRCDLA75R12H250K,1987-06-16,Veneto,Treviso,2022-07-23
974,Federica,Sanguineti,MCHRMD22P64G300K,1966-07-01,Friuli-Venezia Giulia,Udine,2023-02-07
975,Hugo,Cagnin,MLPMLS43A19F565I,1953-12-27,Liguria,La Spezia,2015-01-26
976,Viridiana,Trillini,LCCLGU49H65B895X,1947-04-22,Calabria,Reggio Calabria,2017-10-03
977,Emilio,Bassi,,1985-07-18,Puglia,Taranto,2025-08-28
978,Luca,Calbo,LCRZEI15E49F248Y,1946-06-29,Lazio,Viterbo,2023-01-29
979,Raimondo,Garrone,LRUGBL77B08H161G,1999-06-09,Abruzzo,Pescara,2025-11-13
980,Gustavo,Cimini,FCNPLA65C01G417I,2004-01-24,Emilia-Romagna,Rimini,2017-04-02
981,Annibale,Vecellio,LBNMLN03H07D011T,1996-04-22,Lombardia,Pavia,2026-04-26
982,Antonietta,Regge,TRCDNI58E70B158A,1960-01-29,Basilicata,Matera,2025-01-03
983,Lauretta,Casarin,RGHSLV33B68B471W,2004-03-10,Veneto,Padova,2017-01-02
984,Gustavo,Carullo,BSRGNR93B51B675E,1979-05-29,Sicilia,Messina,2021-04-15
985,Tonino,Monti,SNGBLD86B63H401Y,2004-09-14,Calabria,Reggio Calabria,2018-01-17
986,Luchino,Baroffio,CLLMBT40D67F996K,1965-01-29,Puglia,Taranto,2016-06-13
987,Fortunata,Barberini,GZZCLD75L28M208Z,2003-09-01,Molise,Isernia,2024-10-19
988,Giancarlo,Ferrata,SGNNZE62C64F359X,1975-07-11,Valle d'Aosta,Aosta,2019-03-22
989,Ignazio,Cheda,BRNNDA92T07A035Y,1996-10-04,Basilicata,Matera,2015-01-14
990,Raffaellino,Boitani,ZBRGCT90C42E493W,1973-09-05,Liguria,La Spezia,2023-03-10
991,Gloria,Iadanza,GNVMRL61P62M346H,1964-12-06,Abruzzo,Chieti,2017-05-23
992,Filippo,Mantegazza,MGGSSN62M26G753N,1964-08-22,Lombardia,Brescia,2026-03-18
993,Ottone,Novaro,MLPCPN28B69L671T,1998-09-24,Molise,Campobasso,2022-03-07
994,Margherita,Luna,SFFMNL31S54B228E,1996-06-29,Sardegna,Oristano,2025-09-23
995,Federigo,Scarpa,CRLMTT89L63B383J,1974-11-21,Sardegna,Cagliari,2018-06-04
996,Matilda,Sordi,PLZGNT03E49F469F,1961-01-23,Puglia,Bari,2025-12-07
997,Giampiero,Pizziol,ZNZDIA33S11E422U,1946-12-08,Sicilia,Catania,2023-10-19
998,Ottone,Roth,PCNGLI06E56H825Q,1951-06-12,Molise,Isernia,2021-05-07
999,Giancarlo,Morosini,MSCMRA52D19L437P,1956-09-29,Umbria,Perugia,2022-04-03
1000,Fabio,Valentino,CPNRSR78H05G484R,1986-01-18,Basilicata,Matera,2018-09-02
1001,Adriana,ANTONUCCI,PRNBTC99T11L847X,1964-07-27,Calabria,Reggio Calabria,2019-05-22
1002,Mauro,Virgilio,BMBNDA26H18C120H,1958-03-30,Marche,Macerata,2023-06-12
1003,Ermenegildo,Valentino,GCCJCP20H51E443Y,1976-11-25,Sicilia,Palermo,2025-08-17
1004,Giampiero,Virgilio,NDRNGC02P04F404V,1958-05-01,Lazio,Frosinone,2024-01-23
1005,Paride,Spallanzani,CRSGRG38A08G767F,1960-06-23,Friuli-Venezia Giulia,Pordenone,2023-06-03
1006,Martina,Gramsci,LNFCSN48S13B413I,2003-05-06,Valle d'Aosta,Courmayeur,2023-07-28
1007,Paulina,Jilani,BRSNTT64T23I207R,1955-12-14,Lombardia,Milano,2025-12-21
1008,Livia,Prada,NGLLGO77C04H906V,1988-01-08,Marche,Macerata,2021-02-20
1009,Bianca,Peranda,MZZDIA54P24A238Q,1983-11-28,Liguria,Savona,2021-09-10
1010,Leone,Leonardi,FRVCRI33S59F082V,1981-05-13,Sicilia,Catania,2015-06-11
1011,Nicola,Maderno,CBTGNR52P49F210O,1991-07-22,Umbria,Perugia,2017-10-13
1012,Ippazio,Ubaldi,PSLLSS63T13M323E,1961-02-22,Lombardia,Pavia,2015-02-13
1013,Niccolò,Vergerio,SMLFBZ73A13I308R,2003-07-21,Lombardia,Bergamo,2018-08-13
1014,Gianni,Saffi,SNSCRD82E51B541Z,1990-05-30,Valle d'Aosta,Aosta,2021-09-11
1015,Paloma,Brancaccio,ZMNDNL26M19C660I,1967-04-13,Sicilia,Palermo,2021-09-28
1016,Bruno,Cipolla,SFRVLR92R65C484P,1984-12-01,Friuli-Venezia Giulia,Pordenone,2018-02-19
1017,Atenulf,Taccola,PLZLRZ94H67B613O,1999-05-21,Sardegna,Sassari,2026-06-14
1018,Amleto,Migliaccio,JLLGRN88D65G041X,1957-09-17,Veneto,Padova,2021-09-21
1019,Nadia,Staglieno,MZZGNT41M63F207X,1969-11-20,Umbria,Terni,2017-11-18
1020,Uberto,Vittadello,CMPLDC89B13B376C,1980-11-22,Veneto,Padova,2025-03-25
1021,Maria,Andreozzi,TRVCSN21D15L372V,1963-04-13,Abruzzo,Chieti,2016-08-01
1022,Damiano,Barozzi,TLRFST80P56B505I,1995-07-27,Lazio,Viterbo,2026-06-21
1023,Luigina,Verri,PNIGNL37B54D156T,1978-12-31,Sardegna,Sassari,2015-08-01
1024,Liana,Lamborghini,PLZZEI18E57H373Q,1950-12-02,Umbria,Terni,2022-05-22
1025,Gastone,Pagnotto,SRLRML26H70I030Y,1969-07-20,Veneto,Padova,2015-03-22
1026,Liana,Chittolini,TRVVNN60A11E476R,1960-10-07,Sardegna,Cagliari,2021-11-16
1027,Ferdinando,Conti,BTNDLM39T47C128C,1970-04-20,Friuli-Venezia Giulia,Pordenone,2021-01-29
1028,Griselda,Caccianemico,MNTCSR07R55G372F,1961-03-18,Sicilia,Siracusa,2022-09-28
1029,Ermenegildo,Boiardo,ZCCGNC44S41M026N,1987-10-13,Umbria,Terni,2017-11-11
1030,Fredo,Leoncavallo,RDELBT47R65E340F,1978-12-26,Lazio,Latina,2020-12-30
1031,Giovanni,Zamorani,BRZRTI19B24C307V,2005-11-05,Abruzzo,Pescara,2024-05-19
1032,Hugo,Emo,ZRLCLD16P59G902Q,1969-09-30,Puglia,Taranto,2024-08-05
1033,Marisa,Pasqua,LRNSLT26C41I437J,1972-06-03,Veneto,Verona,2024-02-13
1034,Gianni,Gagliano,CMNCLL21M28A005J,1953-05-27,Valle d'Aosta,Aosta,2018-09-14
1035,Luigi,Bosio,CNIMNC56L22F085Y,1983-01-15,Sicilia,Palermo,2026-05-30
1036,Marcantonio,Marazzi,GSTPTZ50L25E145Y,1992-10-06,Abruzzo,Chieti,2017-10-18
1037,Isa,Sgarbi,MZZVLR40P43L516P,1992-12-08,Molise,Isernia,2022-09-27
1038,Claudia,Gabba,LTTVCR18L18E764S,1999-06-29,Puglia,Bari,2025-01-23
1039,Severino,Gregori,ZBRMRL83H06A257O,1960-09-07,Umbria,Perugia,2016-09-07
1040,Stefania,Ossola,MTUPTR27R58L445Y,1979-01-05,Piemonte,Cuneo,2018-10-28
1041,Franco,Pasolini,,1971-01-09,Veneto,Verona,2021-09-16
1042,Fulvio,Ajello,MNDCSR47E57L959S,1964-07-05,Lazio,Frosinone,2021-11-02
1043,Alberico,LEBLANC,LNESMT61L02H472E,2000-06-03,Calabria,Catanzaro,2025-12-13
1044,Irma,Grisoni,BTTMDA91M60G773G,1945-06-18,Friuli-Venezia Giulia,Trieste,2022-11-04
1045,Rodolfo,Storladi,SFRSLO96P26B088H,1962-09-22,Valle d'Aosta,Courmayeur,2016-11-25
1046,Angelo,Pacomio,CRRVNS94C28L174L,1958-12-18,Sicilia,Palermo,2020-08-11
1047,Donatello,Bramante,CSLRSN56S63A631B,1993-02-15,Emilia-Romagna,Modena,2021-01-16
1048,Luca,Cagnotto,FRRLDN42S68L707G,1983-12-08,Lombardia,Brescia,2015-02-17
1049,Luciano,Doglioni,TZZLBT85L54L020T,1956-12-29,Trentino-Alto Adige,Trento,2023-11-07
1050,Gelsomina,Binaghi,FRRMCL18T09A857U,2004-09-06,Abruzzo,L'Aquila,2020-12-17
1051,Fedele,Ruffini,LNTRSO25T17E402E,1974-02-23,Abruzzo,Pescara,2023-12-20
1052,Fedele,Adinolfi,,1954-09-05,Liguria,Genova,2015-06-23
1053,Romina,Brichese,,2005-11-08,Abruzzo,Pescara,2022-09-03
1054,Flavio,Mercati,DGLDRN27S12E963F,1988-08-05,Toscana,Livorno,2016-11-07
1055,Biagio,Gradenigo,FDRDNL39A53H584U,1970-03-23,Umbria,Perugia,2017-07-31
1056,Ivan,Emanuelli,CMRLCN52D67B997R,1987-07-08,Puglia,Lecce,2017-04-24
1057,Guarino,Filippelli,MLCGBL89M09A964Y,2001-06-04,Sardegna,Oristano,2018-05-03
1058,Severino,Norbiato,NVNVLR57S62I954H,1983-04-01,Sardegna,Cagliari,2015-05-25
1059,Fausto,Barese,CRMGCB89L52G914B,2001-10-26,Emilia-Romagna,Parma,2020-03-10
1060,Paola,Lussu,MRCVLR64P27H986S,1972-04-19,Emilia-Romagna,Bologna,2017-06-20
1061,Nadia,Ioppi,TSLGNE33D15C773A,1949-04-08,Emilia-Romagna,Parma,2019-01-28
1062,Amedeo,Carpaccio,SFFCLD59R11E008Q,1970-02-19,Trentino-Alto Adige,Bolzano,2017-04-05
1063,Annetta,Papafava,MMNVLR13S12L366W,1953-09-10,Friuli-Venezia Giulia,Trieste,2015-04-22
1064,Zaira,Alfonsi,QSMMRN42H21L741H,1997-11-01,Liguria,La Spezia,2023-05-03
1065,Ciro,Faranda,MRSTTR59P46I103A,1956-09-15,Valle d'Aosta,Aosta,2017-09-12
1066,Alessio,Rosmini,RZZPSL60D49H782W,1984-12-28,Puglia,Lecce,2017-03-19
1067,Nico,Moresi,PTRLND05D65M109Z,1992-11-13,Molise,Campobasso,2018-06-12
1068,Zaira,Tolentino,PLCLGN99E31G198E,1977-11-02,Veneto,Vicenza,2025-01-21
1069,Pasquale,Bacosi,TRRDLS38R31H493S,1959-12-24,Toscana,Firenze,2021-02-23
1070,Venancio,Fieramosca,CSRSTN42A03D332J,1962-01-24,Marche,Macerata,2023-12-01
1071,Morena,Cipolla,SLAPLA21M41H061H,1990-09-10,Valle d'Aosta,Courmayeur,2023-08-13
1072,Enrico,FILOGAMO,MNZGLR10C08L241V,1959-05-10,Trentino-Alto Adige,Trento,2019-11-20
1073,Gastone,Romagnoli,GTTDRA87P28I354I,1972-03-22,Umbria,Terni,2019-12-10
1074,Nico,Agostini,CMUMTT12M58H391P,1966-05-16,Trentino-Alto Adige,Merano,2021-07-18
1075,Panfilo,Frescobaldi,PLTRND90D65L907I,1949-08-16,Sicilia,Messina,2020-08-01
1076,Cipriano,Pedersoli,MRSCHR51H29D024W,1974-02-13,Lazio,Viterbo,2016-11-12
1077,Pierina,Rastelli,,1971-06-17,Lombardia,Pavia,2022-04-13
1078,Bianca,BABATI,MNLFMM47H11F403V,1970-02-03,Liguria,Savona,2018-12-18
1079,Priscilla,Abbagnale,BRZGNR17M47A447D,1979-04-09,Basilicata,Potenza,2020-10-09
1080,Giacomo,Marangoni,CBTMRN49S46E576L,1974-02-03,Puglia,Lecce,2021-01-10
1081,Enzo,Lucarelli,PDRSNN04E71M352L,1965-10-16,Liguria,La Spezia,2024-09-24
1082,Pierpaolo,Errani,PZZTRS66B15I681G,1960-10-19,Trentino-Alto Adige,Trento,2019-03-28
1083,Bruno,Naccari,PRNLSN20H05G168M,1959-08-14,Veneto,Vicenza,2018-12-26
1084,Tonino,Pastine,MTASBT83S53E541M,1967-01-02,Lombardia,Monza,2025-03-16
1085,Marta,BERRÈ,RRCGLN94S44G471V,1999-02-15,Umbria,Perugia,2017-03-27
1086,Ornella,Salieri,SFRMRA68H44I460S,1948-12-04,Campania,Caserta,2017-12-18
1087,Ferdinando,Rapisardi,BTTNZE00H70H606G,1945-11-04,Lazio,Roma,2017-05-21
1088,Camilla,Guglielmi,TSTRSR93M14A487W,1988-02-07,Valle d'Aosta,Aosta,2024-12-18
1089,RONALDO,Lombardi,CSSMLN58H02L580K,2001-04-18,Veneto,Vicenza,2017-10-05
1090,Caterina,PACOMIO,RVGMRN86E65I824M,1957-09-22,Valle d'Aosta,Courmayeur,2015-01-10
1091,Alfio,Venier,NDRLND45L41E818A,1965-04-07,Lombardia,Brescia,2023-08-18
1092,Manuel,Malpighi,CRCLRA93A18H937J,1965-02-22,Toscana,Firenze,2017-04-13
1093,Paolo,Grasso,BRNNNI12C24B551L,1952-08-10,Friuli-Venezia Giulia,Udine,2015-12-22
1094,Emma,Taccola,LNCMTT58T60C596S,1983-02-25,Marche,Macerata,2018-05-15
1095,Raffaella,Trevisan,BRZBPP41H42B574V,1969-04-28,Friuli-Venezia Giulia,Trieste,2026-03-13
1096,Concetta,Calvo,TSCBRR43S64D247B,1945-03-13,Molise,Campobasso,2018-05-02
1097,Piersanti,Piccio,FLRFRC92S24L513V,1951-01-15,Emilia-Romagna,Rimini,2017-07-16
1098,Bernardo,Rismondo,FRMPNI33E20F533L,1961-04-26,Valle d'Aosta,Aosta,2023-08-21
1099,Adriana,Gori,PLMPNI60D25M118O,2002-02-11,Sardegna,Oristano,2022-06-24
1100,Raffaello,Leoncavallo,LRCMCL85A20E285I,1989-08-07,Liguria,Savona,2026-01-18
1101,Filippo,Lucarelli,,1992-04-10,Marche,Pesaro,2019-12-02
1102,Flavia,Cesaroni,NTRRML76S51B014P,1977-07-07,Sardegna,Cagliari,2025-08-18
1103,Gianfrancesco,Gasperi,MCNFBA08R10H825B,1971-06-10,Friuli-Venezia Giulia,Trieste,2025-04-29
1104,Lara,Scaduto,MNDTTV60P41D707V,1963-11-28,Sicilia,Catania,2020-01-14
1105,Massimiliano,Mezzetta,RGGNZE59T56C248Z,1947-05-14,Abruzzo,L'Aquila,2024-07-11
1106,Vito,Donati,GRNPTZ04S68G140D,1947-09-17,Valle d'Aosta,Aosta,2018-04-18
1107,Bernardo,Spinelli,BRMGCT95P52D271P,1958-06-07,Marche,Pesaro,2019-02-03
1108,Lamberto,Mengolo,,1981-12-02,Sardegna,Sassari,2022-07-26
1109,Eleanora,Nievo,PRDLSS96E58H996Y,2002-08-21,Valle d'Aosta,Aosta,2015-09-21
1110,Silvestro,Gianvecchio,VLMDNL48R71L158K,2005-12-31,Liguria,La Spezia,2025-03-10
1111,Delfino,Cagnin,GLTGCM14R50B897X,1983-01-04,Toscana,Pisa,2018-07-08
1112,Stefani,Cundari,VDNPRG45D54L715J,1964-01-04,Sardegna,Oristano,2023-12-25
1113,Caterina,Liguori,RSNCRN85S61I201U,1987-01-10,Molise,Campobasso,2025-09-15
1114,Erika,Mercati,GTTPTZ63M50I895L,2003-01-06,Trentino-Alto Adige,Bolzano,2024-07-07
1115,Roberto,Crispi,PCCGVN00P27D612I,1947-07-09,Marche,Pesaro,2020-05-16
1116,Mariana,Scarlatti,CRNLLL74S14E494M,1961-11-04,Marche,Pesaro,2019-07-11
1117,Piergiorgio,Farnese,GRZCLD78R17A820H,1949-01-10,Sardegna,Oristano,2025-11-07
1118,Caterina,Pizziol,MDNRSL31C19G697H,1970-05-03,Piemonte,Alessandria,2023-12-06
1119,Sabatino,Burcardo,RGRTTV70P68C064J,2005-07-13,Liguria,Genova,2017-03-08
1120,Serafina,Cusano,PCLGNI22M70H670C,1947-02-16,Toscana,Pisa,2023-07-28
1121,Galasso,Mimun,MGNNTL03D19E972W,1952-01-25,Lombardia,Monza,2017-02-03
1122,Romeo,Gotti,GLDFDG59P61B178F,1959-06-14,Abruzzo,Pescara,2026-04-02
1123,Ninetta,Montanari,GTTMRS92B01I054C,1985-02-23,Sicilia,Messina,2017-12-10
1124,Amedeo,Pisano,PVRBNT53E69H702X,1966-06-15,Emilia-Romagna,Rimini,2019-09-07
1125,Adele,Casini,RSLMRA92A10I736P,1953-09-27,Marche,Pesaro,2015-05-03
1126,Paride,Barsanti,PZZTLL80S55E611Y,1989-10-05,Sardegna,Cagliari,2017-02-09
1127,Milena,Catenazzi,CMBGLM97R25I530L,1976-09-14,Valle d'Aosta,Courmayeur,2016-12-31
1128,Costanzo,Doglioni,PNTMRN18D66F203M,1984-08-28,Sardegna,Sassari,2018-02-24
1129,Giacobbe,Iannucci,MNCSMT88B15L702J,1980-12-20,Liguria,La Spezia,2024-03-04
1130,Jolanda,Strangio,GNZSIA37T15D574G,1973-02-20,Liguria,Savona,2023-05-20
1131,Milena,Salieri,ZPPGGL76A65B507R,1948-10-30,Calabria,Cosenza,2016-04-12
1132,Enrico,Trentin,LNTGNR47R52H678A,1971-01-29,Piemonte,Torino,2023-06-06
1133,Lamberto,Martinelli,ZPPSRN39M23E747J,2005-01-12,Liguria,La Spezia,2017-02-04
1134,Giada,Majorana,CRQCNT77E28E130B,1952-09-13,Puglia,Bari,2019-01-16
1135,Girolamo,Gentilini,FRNRMN38C19A122R,1981-01-09,Campania,Napoli,2022-05-16
1136,Giuliano,Ortolani,SNSFST44S45G292K,1987-09-22,Trentino-Alto Adige,Merano,2017-07-25
1137,Serena,Tasso,TRVNCI48M61B803F,1973-09-22,Toscana,Pisa,2015-09-14
1138,Susanna,Trillini,DDUSVR48A62M278N,1987-06-22,Puglia,Foggia,2019-10-15
1139,Baccio,Moschino,MSPTTE28C09G517W,1967-08-13,Abruzzo,L'Aquila,2018-12-13
1140,Melania,Casalodi,NTRMRD58R30G833I,1985-07-02,Friuli-Venezia Giulia,Pordenone,2024-05-31
1141,Alberico,Trevisani,FNZLTZ85A13G707Q,1983-06-13,Basilicata,Potenza,2022-09-02
1142,Cirillo,Moneta,LMBPLA68T18L408B,1987-08-30,Sicilia,Siracusa,2018-08-09
1143,Bernardo,Bertolucci,ZTIVLR31D49I592W,1995-04-28,Marche,Ancona,2019-06-15
1144,Loretta,Fagotto,GRCTZN91M06A402F,1973-05-25,Friuli-Venezia Giulia,Pordenone,2015-04-27
1145,Concetta,Infantino,BSCFRC93B45F614F,2005-06-18,Basilicata,Potenza,2024-02-12
1146,Leopoldo,Bignardi,GNTFLV74R16F001T,2001-11-27,Sicilia,Catania,2025-01-28
1147,Cirillo,Valier,MCCSRN09D16B235P,1982-09-12,Molise,Campobasso,2018-09-22
1148,Rembrandt,Brambilla,FBNCRI69R47G416G,1996-10-01,Trentino-Alto Adige,Merano,2015-04-28
1149,Sergius,Mantegazza,RCCCML92M25G872J,1989-10-12,Friuli-Venezia Giulia,Trieste,2025-03-24
1150,Fulvio,Saraceno,GRMLRT76E16G764S,1955-03-05,Emilia-Romagna,Parma,2018-12-11
1151,Federigo,Monduzzi,TSOPPZ82E49L337X,1979-03-27,Lombardia,Monza,2021-05-23
1152,Vito,GRASSO,LNETZN39S55B181G,1952-11-11,Veneto,Verona,2017-04-30
1153,Maria,Fagiani,LBNLCU65M56B738D,2001-11-02,Valle d'Aosta,Aosta,2024-12-17
1154,Ferdinando,Bodoni,MRNCSR56H61H392A,1964-12-30,Basilicata,Potenza,2025-03-13
1155,Adele,Fagotto,CNVFRN27E17D289A,1986-08-16,Sardegna,Sassari,2024-04-05
1156,Lucio,Turchetta,CMLLND78D59H225K,1965-02-02,Liguria,La Spezia,2026-05-20
1157,ERMANNO,Moccia,FRRLVI21C20H107B,2005-05-28,Basilicata,Matera,2020-06-01
1158,Ermenegildo,Modigliani,PRTGRN29E56M105Z,1991-07-24,Piemonte,Alessandria,2022-02-13
1159,Simonetta,Marconi,CLLLBT42T52I928F,1962-04-15,Veneto,Treviso,2023-10-28
1160,Lucrezia,Mengolo,MRZPTR72L65E485Y,1960-08-02,Lombardia,Monza,2024-01-16
1161,Adelmo,Piovani,PZZLRA82C15I264I,1990-03-29,Valle d'Aosta,Aosta,2017-08-27
1162,Guglielmo,Antonioni,FRNSTN91E10I964Q,1994-08-09,Lazio,Viterbo,2018-07-26
1163,Nico,ARIOSTO,RNRRZO41P58H940X,1947-07-01,Emilia-Romagna,Modena,2016-10-07
1164,Galasso,Gabrieli,LNRCRN09D46D522D,2001-08-28,Sardegna,Oristano,2023-01-12
1165,Lidia,Sokolov,BFFTTV88T56C659U,1978-12-03,Trentino-Alto Adige,Trento,2020-11-03
1166,Hugo,Panicucci,CLVNNT81H09F780L,1954-12-15,Lazio,Roma,2025-04-19
1167,Napoleone,Roncalli,CPNSBN17T43D509K,1953-04-29,Veneto,Padova,2016-09-25
1168,Matilda,Porcellato,CNTRNT38R07G034R,1946-12-21,Liguria,La Spezia,2024-04-12
1169,Camillo,Roncalli,,1973-02-18,Abruzzo,L'Aquila,2025-02-10
1170,Virgilio,Maderno,CMRNTN89T24D391H,2001-08-18,Trentino-Alto Adige,Merano,2015-09-15
1171,Serena,Onisto,GBBFRN41M48E968N,1994-01-11,Sardegna,Oristano,2015-02-11
1172,Milo,Montecchi,GDNFRC77T30A236O,1993-01-31,Trentino-Alto Adige,Trento,2015-07-08
1173,Elladio,Casalodi,RNRPLA62A67F680O,1947-08-25,Liguria,Genova,2022-05-07
1174,Atenulf,Toscani,NTLRFL04P68I601K,1988-03-16,Lombardia,Brescia,2019-06-21
1175,Marcantonio,Vasari,LMBMRN81B64A770F,1989-06-25,Friuli-Venezia Giulia,Pordenone,2024-10-12
1176,Annunziata,Busoni,TRRDNI65B19L969P,1970-03-21,Trentino-Alto Adige,Merano,2023-10-24
1177,Ruggero,Federici,RCCGDI59M29L489S,1988-10-07,Trentino-Alto Adige,Trento,2024-09-20
1178,Loretta,Corcos,BNMFRZ82R51E899A,1999-06-26,Puglia,Bari,2023-08-04
1179,Vincenzo,Righi,PGFPRC37A20I917I,1985-04-27,Lazio,Roma,2018-10-02
1180,Ottavio,Antonini,GTTDIA54C09L218T,1980-09-25,Emilia-Romagna,Parma,2015-09-03
1181,Gianfranco,Mogherini,FLGMCL91R45C004W,1951-07-09,Trentino-Alto Adige,Trento,2019-10-29
1182,Martina,Comolli,MSCLNE12A18G452U,1945-12-24,Lombardia,Brescia,2022-05-18
1183,Rosina,Barracco,VCLJLD08H28D410P,1979-08-06,Veneto,Verona,2021-05-12
1184,Gianmarco,Fornaciari,MRCDNI54E08M125N,1996-06-29,Veneto,Verona,2024-06-16
1185,Gian,Norbiato,CBNMRH15L01E791O,1989-04-25,Trentino-Alto Adige,Trento,2026-03-08
1186,Stella,FORNACIARI,BMBRCR56L47C201Y,1998-01-14,Emilia-Romagna,Parma,2023-08-03
1187,Marta,Parpinel,CBTDNN64R24F556C,1945-06-02,Campania,Caserta,2025-05-10
1188,Dario,Cuzzocrea,CSLMLN94R12I065T,1948-07-05,Calabria,Cosenza,2022-07-26
1189,Luciano,Prada,FOABTC64H16C717E,1969-08-23,Puglia,Taranto,2022-02-11
1190,Torquato,Cardano,NTLDRN48L53M406G,1949-03-23,Friuli-Venezia Giulia,Pordenone,2023-10-28
1191,SOLE,Calgari,,1978-07-19,Lazio,Roma,2017-04-21
1192,Fernanda,Mantegna,BRNSNO82L29F082A,1984-02-02,Valle d'Aosta,Courmayeur,2020-01-29
1193,Alderano,Leoncavallo,BCCLME31C59A096A,1945-06-11,Liguria,Savona,2016-03-06
1194,Dionigi,Travaglio,CMRTNO60A02G391R,1968-08-29,Sicilia,Palermo,2022-05-21
1195,Nina,Foscari,PLZPRG20L46B861Q,1997-05-06,Abruzzo,Pescara,2025-05-02
1196,Ugolino,Corbo,SSNCML20A16C184S,2002-02-21,Marche,Pesaro,2025-01-08
1197,Liberto,Pininfarina,MPSLDC03A51A287B,1970-03-03,Toscana,Siena,2022-03-22
1198,Veronica,Segrè,CLLLRT05P13I208D,1952-06-06,Campania,Caserta,2022-12-01
1199,Caterina,Trillini,,1952-01-01,Molise,Campobasso,2016-09-07
1200,Carmelo,Puccini,CRDMRN59L28L687E,1961-11-10,Trentino-Alto Adige,Bolzano,2025-12-08
1201,Adelasia,Rossellini,BTAGRL60M29L740E,1972-12-22,Umbria,Terni,2025-03-08
1202,Girolamo,Ceri,VCLMRK78S63B006J,1979-08-05,Lombardia,Brescia,2025-02-23
1203,Sandro,Tacchini,CVNFBA65C26M199F,1982-12-16,Trentino-Alto Adige,Bolzano,2018-09-07
1204,Emilio,Gatto,CDRVNN51E29G592T,1954-08-13,Valle d'Aosta,Courmayeur,2017-06-21
1205,Coluccio,Greco,GRGLNE93S10D554U,1976-07-29,Piemonte,Cuneo,2020-12-15
1206,Jolanda,Scamarcio,CHDMRN54H62B557D,1990-01-20,Trentino-Alto Adige,Bolzano,2024-08-30
1207,Barbara,Baracca,BLLGTN23A45G795P,1982-11-30,Valle d'Aosta,Courmayeur,2019-05-08
1208,Amico,Giolitti,PTRDIA01R16F217C,1991-07-13,Umbria,Terni,2024-09-21
1209,Sole,Muratori,PSCMRA27M20C792I,1949-10-08,Valle d'Aosta,Aosta,2015-10-20
1210,Alina,Rosselli,LPPSPH98P30D651F,1980-02-29,Veneto,Treviso,2023-10-24
1211,Martino,Fantozzi,MRRSRS98P55H118I,1960-05-06,Veneto,Padova,2019-07-26
1212,Cipriano,Moschino,BCCMRK54S41M432V,1961-08-09,Molise,Campobasso,2026-04-15
1213,Alessia,Ceci,GNTMRN14B18H669S,1960-04-10,Basilicata,Potenza,2022-01-25
1214,Laureano,CECI,MRTRCC55P43L335J,2004-10-02,Emilia-Romagna,Bologna,2025-08-23
1215,Toni,Fagiani,TRLFLV18S48I359T,2005-12-08,Calabria,Reggio Calabria,2015-03-21
1216,Alderano,FIERAMOSCA,TRNNZE72P57A473C,1987-05-26,Toscana,Pisa,2017-06-15
1217,Nicoletta,Tuzzolino,VTTGNR88P46E027D,1992-02-16,Friuli-Venezia Giulia,Trieste,2026-04-14
1218,Ermes,Callegari,GMTVNN19P20E557T,1975-02-12,Friuli-Venezia Giulia,Pordenone,2025-02-24
1219,SOLE,Finzi,BMBPSL37L69F607C,1977-09-07,Abruzzo,L'Aquila,2025-04-16
1220,Pierpaolo,Simeoni,MLNDRT92E41A764R,1998-06-13,Calabria,Cosenza,2025-11-11
1221,Giorgio,Vivaldi,FRNBLS07L45B541Q,1964-10-05,Piemonte,Cuneo,2018-03-06
1222,Santino,Curci,PRNDNI82L13G336F,1977-03-31,Abruzzo,L'Aquila,2019-08-18
1223,Fulvio,Grasso,BNVGNC35C69E323L,2001-03-29,Lazio,Viterbo,2025-01-28
1224,Delfino,Corbo,RFFCLL86E25D544R,1974-09-18,Sicilia,Messina,2023-10-09
1225,Agostino,Casadei,TRVCLD98S60F080J,1991-08-29,Trentino-Alto Adige,Merano,2022-09-13
1226,Gianni,Roncalli,CTTRDF19B65L831Y,1970-11-16,Marche,Pesaro,2017-06-21
1227,Liana,Mortati,BRZRZO32B61F023U,1991-12-09,Toscana,Pisa,2021-07-01
1228,Pompeo,Dibiasi,MDRGNC66B43H861R,1946-05-26,Friuli-Venezia Giulia,Udine,2025-03-07
1229,Chiara,Orlando,TGLVLR55L02G826F,1945-06-16,Piemonte,Alessandria,2024-08-26
1230,Coluccio,Littizzetto,GRMTRT42L62L007V,1990-01-14,Lombardia,Brescia,2018-06-24
1231,Giorgio,Notarbartolo,NDRBTN91M08G281H,1997-07-03,Molise,Isernia,2016-10-23
1232,Simone,Gangemi,NFNCLC99T56G021W,1982-11-29,Veneto,Treviso,2023-12-14
1233,Clelia,Ziani,TRVRZO05R44G325U,1960-07-19,Friuli-Venezia Giulia,Udine,2024-10-10
1234,Rosa,Caironi,CSDFLP46R22H627V,1967-06-07,Abruzzo,Pescara,2018-01-16
1235,Claudia,Quasimodo,BRSMTT82M68E968G,1986-05-17,Friuli-Venezia Giulia,Pordenone,2019-02-11
1236,Antonina,Tresoldi,PCNSNR95L22L806G,1973-02-07,Lombardia,Monza,2026-04-20
1237,ALFREDO,Gaggini,RMNSRN42B10L950A,1981-10-22,Emilia-Romagna,Rimini,2025-05-06
1238,Piergiuseppe,Bacosi,GRTMCL87H52C650U,2000-03-12,Emilia-Romagna,Modena,2021-10-13
1239,Guido,Sabatini,MCNMRN89S09I282E,1949-10-21,Lazio,Viterbo,2023-10-22
1240,Nadia,Curci,ZCCPLM82H24E321T,1986-04-16,Campania,Caserta,2016-03-21
1241,Marcella,Navarria,TRTBRR42H20F784L,1971-01-26,Valle d'Aosta,Aosta,2025-10-19
1242,Loretta,Gentilini,MRRCRI92B61E371E,1949-10-04,Marche,Macerata,2019-08-07
1243,Luca,Tamburini,PSLRKE33T16D785Z,1971-12-30,Lombardia,Bergamo,2021-12-21
1244,MARTINO,Romiti,CMUFBZ41A44C024X,1955-04-17,Lazio,Latina,2016-07-04
1245,BEATRICE,Mastroianni,ZCCFRN50R63A774T,1954-04-18,Valle d'Aosta,Aosta,2025-08-16
1246,Gaetano,Cabrini,PRNGLM18T11F727W,1981-04-18,Sicilia,Messina,2025-11-06
1247,Michelangelo,Petrucci,PVNBNC94E20G128B,2004-01-18,Umbria,Terni,2017-10-06
1248,Bruno,Moccia,RBBNGN31P05H177B,1960-04-27,Puglia,Lecce,2026-06-22
1249,Guglielmo,Aulenti,GRZGNR31D55G933M,1953-12-22,Friuli-Venezia Giulia,Pordenone,2026-01-21
1250,Paola,Gaggini,NSTGLN31A28G559U,1982-05-27,Puglia,Foggia,2024-07-12
1251,Saverio,Rosiello,VVNFRD52C68F574Q,1972-02-29,Liguria,Savona,2015-10-07
1252,Beatrice,Piazzi,,1957-07-01,Piemonte,Alessandria,2025-06-30
1253,Vittoria,Gianvecchio,VCLMCL09T45D480C,1990-02-23,Lombardia,Pavia,2019-09-23
1254,Sonia,Gradenigo,CFFMLN90M18D386O,1976-07-26,Valle d'Aosta,Aosta,2022-08-11
1255,Coluccio,Gentilini,VSNGNR59E59L010G,1972-03-06,Campania,Caserta,2023-11-02
1256,Arnulfo,Sbarbaro,TMBRFL08C41G012U,2004-02-14,Sardegna,Oristano,2019-01-17
1257,Ricciotti,Zaccardo,NPLMTD90C03H341P,1974-01-28,Umbria,Perugia,2022-10-22
1258,Michelangelo,Bocelli,GRFLPN91R56E639J,1965-10-15,Piemonte,Novara,2017-03-01
1259,Irma,Chiesa,GBRRCC39P63H259O,1966-03-25,Friuli-Venezia Giulia,Trieste,2017-05-13
1260,Leopoldo,Montalcini,TMSLRT18P22G290L,1950-10-11,Molise,Isernia,2016-05-22
1261,Luchino,Alboni,DSCRNT15B20A650L,1999-06-01,Valle d'Aosta,Courmayeur,2015-08-30
1262,Virgilio,Porcellato,FRRFLR76C27B921F,1996-06-23,Liguria,Savona,2019-06-25
1263,Amadeo,Taliani,MNTBRR12L19H532X,1959-07-18,Trentino-Alto Adige,Merano,2024-09-25
1264,Giulietta,Pedersoli,PRRSLT17H46B001K,2004-12-27,Marche,Macerata,2017-02-27
1265,Lorenzo,Norbiato,RCCFRN63B06C771W,1995-12-26,Liguria,La Spezia,2016-08-12
1266,Pasquale,Filogamo,NCLSLO81B11E875W,1962-01-22,Molise,Isernia,2019-08-27
1267,Luisa,Caccianemico,PRTGST71A62E015Q,1951-01-10,Lazio,Latina,2024-11-04
1268,Cesare,Disdero,TRPLSN00H13D298C,1954-01-20,Valle d'Aosta,Courmayeur,2017-08-24
1269,Alphons,Zoppetto,BNNFDL24S60F373G,1967-07-22,Piemonte,Alessandria,2023-10-04
1270,Fiorenzo,Ungaretti,MSTBRC87C20E025L,1992-12-11,Sardegna,Cagliari,2020-05-31
1271,Antonina,Eco,NDETNN19M41G662R,1993-12-24,Liguria,Genova,2017-06-27
1272,Angelo,Valmarana,MZZGLI13H22B914N,1975-05-01,Lazio,Roma,2024-06-14
1273,Camilla,Travaglia,CLGMRD24R05G571G,1974-07-28,Lombardia,Pavia,2016-05-25
1274,Martino,Santorio,SGNDNL85P43D662J,1948-03-04,Calabria,Cosenza,2022-10-04
1275,Gioffre,Ossola,GRDMLN24L02D863R,1994-06-22,Marche,Ancona,2025-09-27
1276,Atenulf,Solari,TRVBTC84S11L845L,2003-05-07,Piemonte,Novara,2022-11-09
1277,Vincentio,Zanzi,VRGGLS36H45E836C,1949-12-19,Sardegna,Cagliari,2015-08-04
1278,Mariana,Ficino,RGGPTZ55L43F287V,1994-07-27,Basilicata,Potenza,2025-10-24
1279,Alfio,Strangio,MGLPTZ61R13D293I,1994-04-21,Emilia-Romagna,Rimini,2018-02-02
1280,Stefano,Luna,TRNNGN24B10L612F,1962-05-17,Calabria,Catanzaro,2022-09-11
1281,Bianca,VENIER,MZZNNS68A02D260F,1982-01-22,Marche,Ancona,2016-01-11
1282,Orlando,Farinelli,VNVRND87L64F480L,1950-01-31,Puglia,Bari,2017-11-04
1283,Venancio,Emo,BZZGML12M71B966X,1971-03-27,Marche,Ancona,2017-11-28
1284,Victoria,Gangemi,BNMGSN63D59G851N,1993-10-10,Valle d'Aosta,Courmayeur,2019-08-14
1285,Daria,Anguissola,PRTTTE88B10A051C,1984-10-16,Sicilia,Catania,2021-10-15
1286,Gioacchino,Montalti,PLLFDC47L02B667S,1973-08-10,Lazio,Viterbo,2026-04-17
1287,Elmo,Gozzi,RMNLDC26S64L869Z,1970-02-06,Sardegna,Sassari,2016-10-04
1288,Guarino,Pizzo,PRGLCU48E27L723X,1956-01-06,Veneto,Padova,2023-05-09
1289,Franco,SRAFFA,LTRPLA05T65E848F,2003-04-23,Veneto,Treviso,2025-03-06
1290,Dionigi,Garobbio,CRCCRL20M03B943H,1971-12-14,Veneto,Treviso,2016-11-23
1291,Adelasia,Monaco,GRNTRS91T13D045G,1979-07-06,Piemonte,Cuneo,2024-12-16
1292,Adelasia,Luciani,GSSCRD97B53I864K,2004-04-01,Emilia-Romagna,Bologna,2021-11-04
1293,Valeria,Finotto,VTTMRD25C17A358A,1968-07-21,Sicilia,Messina,2019-11-09
1294,Ruggiero,Soderini,CRCFDC04L06A854U,1950-02-15,Emilia-Romagna,Rimini,2017-06-13
1295,Mariana,Boito,RCCRSR47M24B533A,1986-08-02,Friuli-Venezia Giulia,Pordenone,2024-07-04
1296,Rembrandt,BASADONNA,FOAVRN40A19A146R,1986-12-05,Lombardia,Monza,2020-05-05
1297,Eraldo,Mortati,DDUMRZ59D69G889Z,1967-06-04,Sardegna,Cagliari,2021-08-20
1298,Arsenio,Peranda,CRRLMR64B48B949J,1967-06-23,Liguria,Savona,2015-04-12
1299,ELIANA,FERRARI,RSLLFA56B67C616Z,1984-10-25,Veneto,Padova,2025-05-18
1300,Chiara,Trotta,VLTRNT18P51A571X,1994-12-08,Liguria,Savona,2019-11-20
1301,Costanzo,Bocelli,TRPVTR02R64B810E,1973-03-05,Calabria,Cosenza,2016-06-08
1302,Lidia,Migliaccio,BRFMLE13S48A061R,1956-05-31,Veneto,Treviso,2020-02-07
1303,Orazio,Agazzi,PDRPRN15D25G729T,2003-09-23,Piemonte,Torino,2015-11-12
1304,Amleto,Zarlino,NTNSNO60R21E149J,1965-06-14,Friuli-Venezia Giulia,Pordenone,2016-05-13
1305,Ignazio,Pederiva,GBRSLS78E52G813L,1993-06-27,Piemonte,Alessandria,2016-01-02
1306,Rodolfo,Soffici,SNTNNT46D05D068Z,1966-04-06,Emilia-Romagna,Bologna,2019-07-30
1307,ETTA,Druso,GRNRNT47T41E649E,1970-05-26,Emilia-Romagna,Rimini,2018-03-18
1308,Olga,Mantegazza,BTGMRN52T29F826E,1978-08-14,Sardegna,Oristano,2025-07-22
1309,Serena,Gentileschi,CVLMRA26L54L521B,1958-06-19,Liguria,La Spezia,2015-07-29
1310,Piermaria,Scaduto,RGGSVD59H51D527J,1964-04-11,Molise,Isernia,2023-07-01
1311,Gabriella,Piacentini,TRTTTE31D23C045W,1952-01-15,Liguria,Savona,2016-09-25
1312,Antonia,Ferrari,SCRPRG47S50C279Q,1994-03-09,Sardegna,Oristano,2024-05-17
1313,Panfilo,Cipolla,CNVRCC38R54A512E,2004-02-21,Puglia,Foggia,2024-11-21
1314,Galasso,Gagliardi,VLLRMG84L70F564E,1966-10-23,Sicilia,Messina,2023-02-13
1315,Raffaele,Esposito,RSTGRM49R62B838P,1981-10-11,Abruzzo,L'Aquila,2023-02-12
1316,Guarino,Zanzi,PGNPRC25C14D422U,1999-04-19,Liguria,La Spezia,2020-03-02
1317,Ruggero,Gozzano,SPNGRC78R17H898M,1993-03-26,Puglia,Lecce,2020-06-29
1318,Eliana,Barberini,BCLRRA02A30L290N,1970-09-27,Lombardia,Brescia,2022-08-30
1319,Susanna,Bernardini,BLZLCU45D64B613A,1989-05-03,Sardegna,Oristano,2019-06-11
1320,Giampaolo,Martucci,RSNRSN40R29I919X,1994-10-03,Lombardia,Brescia,2025-07-16
1321,Riccardo,Sibilia,DLBJCP38B66G034Y,1951-07-21,Emilia-Romagna,Modena,2017-12-20
1322,Ermes,Corcos,PRDCRN68R14B689G,1981-02-04,Emilia-Romagna,Modena,2020-05-31
1323,Annamaria,Viola,LLLGNT14S45L816N,1999-08-13,Calabria,Cosenza,2017-06-01
1324,Renzo,Cagnin,CHTLLN60L16B818Z,1981-09-07,Liguria,La Spezia,2025-02-01
1325,Marisa,Antonucci,RSSFRZ57A56M275Y,1961-06-17,Abruzzo,Chieti,2026-06-04
1326,Germana,Zito,MRSCLD47B46B450D,1985-09-09,Liguria,Savona,2023-07-05
1327,Eleanora,Mantegazza,CNTCSN85D61D470M,1965-11-02,Veneto,Verona,2021-09-01
1328,Lamberto,Brambilla,TLNLDN79R54B802T,1970-08-05,Umbria,Terni,2022-03-29
1329,Mirco,Grimani,TSLGNN66A16D447Q,1983-08-17,Piemonte,Novara,2026-08-23
1330,Fabio,Berlusconi,MRSGLM57L11A405M,1955-08-21,Friuli-Venezia Giulia,Trieste,2021-06-16
1331,Guarino,Satta,MNTPLA04C28M013M,1999-05-20,Friuli-Venezia Giulia,Udine,2017-05-19
1332,Eleanora,Altera,MRZLLN25M13E173K,1960-02-24,Trentino-Alto Adige,Merano,2015-08-13
1333,Amleto,JOVINELLI,MRBMRK65L54H602A,1945-08-07,Umbria,Perugia,2025-12-14
1334,Massimo,Chiappetta,GSSFRD62E49A852L,1984-11-28,Sicilia,Siracusa,2017-10-30
1335,Roberto,Brenna,TMODMN02C66I203Q,1984-11-14,Abruzzo,Pescara,2024-09-11
1336,Coriolano,Golino,CEOLCI08C19I632H,1976-09-25,Veneto,Verona,2016-10-09
1337,Gilberto,Broschi,LSAVRN01T26D689P,1969-10-09,Lombardia,Brescia,2025-03-03
1338,Susanna,Bonaventura,SCDSRN42S04G564W,1948-06-10,Abruzzo,L'Aquila,2024-09-20
1339,Dario,Bertoni,FLPRAI23B23M322S,2004-04-24,Trentino-Alto Adige,Merano,2015-10-19
1340,Carlo,Agazzi,GNNGCB06T43E159S,2005-05-30,Marche,Ancona,2019-05-22
1341,Ludovico,Trussardi,SLVMME90M20H589C,1956-10-28,Molise,Isernia,2019-06-15
1342,Flavio,Scotto,BNGRMR23P41A811L,1945-04-15,Molise,Campobasso,2024-09-27
1343,Federigo,Fibonacci,CLLFRC89B63I199K,1968-08-08,Trentino-Alto Adige,Bolzano,2023-07-13
1344,Benvenuto,Farinelli,MGLFDC20L21L004W,1971-12-04,Umbria,Perugia,2020-03-14
1345,Carla,Malenchini,TLDVNI27L49I878T,1993-10-02,Lazio,Viterbo,2025-10-15
1346,Matteo,Giusti,GRMGRG96C03A621W,1982-08-24,Calabria,Catanzaro,2025-01-11
1347,Azeglio,Tafuri,BGNPCC10S65L693R,2004-04-07,Toscana,Livorno,2017-07-19
1348,Lauretta,SABATINI,BRNGRL75H23H331X,1998-12-04,Calabria,Catanzaro,2024-03-29
1349,Clelia,Bodoni,MCCRBT45T66F175F,1950-06-16,Trentino-Alto Adige,Bolzano,2022-04-01
1350,Napoleone,Tartaglia,STFLCU69T47C430Y,1968-05-22,Emilia-Romagna,Rimini,2016-03-23
1351,Bianca,Donatoni,NSCLRT59M11L977W,1985-02-28,Puglia,Taranto,2024-03-11
1352,Natalia,Pincherle,SCRRCC19C64I082T,2000-01-09,Campania,Napoli,2022-05-24
1353,Orlando,Puccini,CLIGRL48S05E295D,1953-02-05,Piemonte,Cuneo,2022-06-23
1354,Mirko,Angeli,DSSNZE75C47A989T,1977-06-27,Lazio,Latina,2019-06-14
1355,Alderano,Peranda,CNTGRC43D41F365Y,1959-06-25,Molise,Isernia,2023-05-21
1356,Ottone,Cugia,VNLGSV29D56G502B,1946-10-19,Sicilia,Palermo,2017-04-19
1357,Lidia,Tarchetti,RCCRMS62S42D812E,1965-08-20,Veneto,Verona,2020-07-18
1358,Coriolano,Boitani,SNSJCP18D57M209L,1956-10-08,Liguria,La Spezia,2021-01-20
1359,SIMONE,Gagliano,STRLBC39S46D666I,1982-04-08,Abruzzo,Chieti,2015-06-15
1360,Elisa,Mattarella,CSTDMC67E51H795M,1980-02-03,Lombardia,Pavia,2019-05-11
1361,Nico,Ceri,ZTTSLT08A55D982G,1972-02-09,Emilia-Romagna,Bologna,2021-02-23
1362,Piermaria,Gozzi,MGHTZN29H21L890N,1971-02-17,Marche,Pesaro,2024-08-19
1363,Zaira,Simeoni,VTTMSM73H63C078C,1979-04-23,Toscana,Pisa,2015-05-22
1364,Zaira,Cendron,GRMGLR31M59F061L,1954-09-19,Campania,Caserta,2025-02-21
1365,Veronica,Antonioni,TRLCSR49C60D477C,1987-10-11,Veneto,Vicenza,2017-06-11
1366,Biagio,Trupiano,SCNGFR08M53I373I,1995-04-28,Sardegna,Cagliari,2018-10-18
1367,Fredo,Leopardi,RTLNNZ60D08G782K,2000-04-23,Valle d'Aosta,Courmayeur,2025-08-15
1368,Adamo,Monaco,SPRNNE34H56D394S,1967-08-12,Valle d'Aosta,Courmayeur,2024-03-27
1369,Claudia,Valguarnera,FRNRBT77B10H882V,1998-09-19,Friuli-Venezia Giulia,Pordenone,2024-02-13
1370,Augusto,Ferraris,GRSNCL54T67L190S,1993-12-12,Umbria,Terni,2026-03-18
1371,Agostino,Manacorda,FTTMLE37A41G974Y,1994-10-10,Abruzzo,Chieti,2016-10-29
1372,Evangelista,Quasimodo,PCTMRS99C15G702E,1959-07-18,Lombardia,Milano,2017-09-22
1373,Orazio,Vitturi,RGGGRC13E15C946J,1989-06-05,Piemonte,Cuneo,2018-10-30
1374,Gaetano,Sanguineti,CZZDNG41A44A527I,1980-10-31,Calabria,Catanzaro,2015-03-17
1375,Stella,Mogherini,PCLLME40T53F916P,1991-11-16,Sicilia,Messina,2022-03-25
1376,Alfredo,Rizzo,PTRFRN41R67I188C,1963-05-06,Lombardia,Pavia,2023-04-30
1377,AMICO,Longhena,ZNINNL65A64H715R,1959-09-26,Sicilia,Catania,2025-08-17
1378,Laura,Cherubini,BCCBLS17C44F618R,1972-12-23,Valle d'Aosta,Aosta,2019-03-18
1379,Ettore,Gibilisco,MMOLRA43B14D712E,1998-05-02,Valle d'Aosta,Courmayeur,2018-07-05
1380,Luisa,Bonanno,PCCGST67L61I501W,1962-04-14,Friuli-Venezia Giulia,Trieste,2021-02-27
1381,Paolo,Costanzi,FGZMRA20B25L841M,2001-01-10,Molise,Isernia,2024-01-17
1382,Stella,Gulotta,GRDNNT82S18A245K,1958-09-04,Trentino-Alto Adige,Merano,2017-04-23
1383,Arnaldo,Gatto,BSSNSD28D45M347F,1974-08-15,Valle d'Aosta,Courmayeur,2021-03-21
1384,Susanna,Cibin,MNTSVD96S62E251K,1960-01-31,Sicilia,Catania,2015-01-22
1385,Aldo,TONINELLI,SRNLFA85T63E464W,1957-11-10,Puglia,Lecce,2018-09-12
1386,Amalia,Boldù,FLPRNT04D08G252F,1990-11-28,Sardegna,Cagliari,2024-11-10
1387,Silvestro,Aldobrandi,BTTNNN65C53C272F,1995-04-03,Campania,Napoli,2023-10-27
1388,Enzo,Valguarnera,LMBGMM71H17E173T,1973-06-09,Friuli-Venezia Giulia,Pordenone,2016-10-02
1389,Ermes,Finetti,MNTGBL41E53B267S,1957-10-27,Sicilia,Messina,2024-10-21
1390,Fernanda,Lucchesi,BDRRCR77S62F511M,1984-01-24,Abruzzo,Chieti,2022-10-23
1391,Marta,Pisacane,FLLCML05L26B121L,1983-01-18,Campania,Salerno,2019-10-18
1392,Luciana,Fo,MNCTZN86D29G358B,1961-01-22,Trentino-Alto Adige,Bolzano,2015-03-29
1393,Paulina,Marconi,,1953-06-11,Marche,Pesaro,2023-04-10
1394,Veronica,Grifeo,TRLLLR39A07I930E,2002-07-27,Veneto,Vicenza,2025-09-26
1395,Filippo,Montesano,TRTVRN49T11E938L,1996-05-02,Veneto,Verona,2015-09-07
1396,Ottone,Deledda,SLRVNI85D43G605A,1960-08-04,Lazio,Frosinone,2025-08-14
1397,Coriolano,Abatantuono,BNGDRN35A10E804V,1947-08-03,Valle d'Aosta,Courmayeur,2018-06-08
1398,Orazio,Zoppetto,CGNNNR47D21C041J,1950-01-11,Valle d'Aosta,Aosta,2024-12-11
1399,Piersanti,Palmisano,LTTLCN83A10I301C,2003-10-10,Umbria,Perugia,2015-05-17
1400,Amico,Casarin,CVSGSP58D44L937I,1997-08-25,Calabria,Reggio Calabria,2023-03-20
1401,Erika,Baglioni,DRSLBT14B64C506L,1950-10-30,Basilicata,Potenza,2019-04-30
1402,Rolando,Volterra,JVNLSS89R56A645J,1948-12-29,Valle d'Aosta,Courmayeur,2021-03-07
1403,Lisa,Correr,BCLLVI86L01A373H,1972-12-01,Lazio,Roma,2021-02-20
1404,Stefano,Righi,PMTFDC01R69A445C,1995-10-18,Basilicata,Potenza,2025-05-20
1405,Flavia,Bocca,LMBSNT25E41H219A,1998-01-13,Valle d'Aosta,Courmayeur,2015-06-14
1406,Guarino,Farinelli,SGNDLS83A28G047F,1967-02-19,Liguria,Genova,2021-11-26
1407,Romana,Rocca,GNNNTN36H43G412U,1956-11-28,Trentino-Alto Adige,Merano,2021-12-18
1408,Nanni,Saraceno,VRDTTR47S69D997H,1982-02-21,Lombardia,Brescia,2020-01-26
1409,Liliana,Vigorelli,MCHSLV44L06G225I,1984-06-09,Sardegna,Sassari,2020-12-07
1410,Pasquale,Palladio,NPLLMR18S65L582F,1985-05-05,Campania,Caserta,2018-10-28
1411,Simone,Veneziano,MMORFL11R49L533U,1983-12-04,Umbria,Perugia,2022-10-12
1412,Edoardo,Monte,SCHRBT96P68H324R,1994-06-28,Friuli-Venezia Giulia,Pordenone,2021-01-12
1413,Ezio,Bataglia,TLDNNE76H58G777Y,1955-05-07,Toscana,Firenze,2026-08-06
1414,Rita,Cuomo,FOXTNO50B27E504H,1995-07-31,Marche,Pesaro,2023-06-23
1415,Tiziana,Cardano,TRVBNC73A09M106D,1945-09-16,Valle d'Aosta,Courmayeur,2018-07-24
1416,Amalia,Dandolo,MNTMLN14H24L009J,1972-06-24,Valle d'Aosta,Courmayeur,2018-08-26
1417,Nedda,Palombi,TRVPNL28R52I066S,1998-04-03,Puglia,Foggia,2024-10-03
1418,Pier,Canali,SNSDRA88D23A007F,1988-04-17,Molise,Isernia,2023-12-31
1419,Vincenza,Tiepolo,TLRCLL09T31D303Q,1954-09-05,Campania,Caserta,2024-06-10
1420,Gioacchino,Pisani,FRZCPN24A41A312U,1990-12-14,Marche,Ancona,2018-09-25
1421,Laureano,Casini,FNTTRS09B09E883Y,1995-12-16,Sicilia,Catania,2018-02-17
1422,Danilo,Querini,,1957-09-10,Sardegna,Sassari,2022-10-06
1423,Osvaldo,Panatta,MRNLGN79R30F152R,1972-01-12,Lombardia,Bergamo,2021-11-24
1424,ERIKA,Bassi,BJRTLC40H41C723W,1958-10-30,Valle d'Aosta,Aosta,2023-05-24
1425,Imelda,Sforza,VSRCRL54T59G642O,1964-01-24,Umbria,Terni,2025-08-05
1426,Tiziana,Nicolini,BBTNNI04M65L776S,1979-10-10,Campania,Napoli,2017-11-18
1427,Calogero,Sibilia,VNTCRL10D64I943Q,2005-07-15,Friuli-Venezia Giulia,Udine,2024-07-10
1428,Lauretta,Caccianemico,PRSMRN30R56A344Q,1947-06-01,Abruzzo,Chieti,2019-12-22
1429,Luigi,Mastandrea,GGLPRR12A62B385E,1945-02-22,Liguria,Savona,2023-12-06
1430,Carla,Babbo,BMPTZN23M49H489K,1972-02-02,Trentino-Alto Adige,Trento,2024-10-06
1431,Annunziata,Pedrazzini,GRSRMN15T17F297J,1979-09-15,Lombardia,Brescia,2025-10-12
1432,Federico,Salvo,CZZNNL37R51E590V,1991-06-01,Trentino-Alto Adige,Merano,2017-05-21
1433,Costantino,Costanzi,FLNMRA62D01E163B,1946-02-05,Valle d'Aosta,Courmayeur,2018-08-10
1434,Maura,Duse,BTTLNE23D51L322J,2003-08-29,Emilia-Romagna,Rimini,2024-01-04
1435,Giuliana,Taccola,RGGVLR14B06B499A,1999-02-26,Molise,Campobasso,2025-02-05
1436,Donatello,Zanichelli,RNCMRD46T14A210R,1955-01-08,Basilicata,Matera,2019-01-05
1437,Isabella,Trillini,VNTCRN53M42C978W,1945-08-16,Abruzzo,Pescara,2022-07-24
1438,Raffaello,Volterra,BTNBCC11E69M292L,1984-01-07,Umbria,Terni,2016-02-02
1439,Gabriella,Nugnes,PTRTNN31C44A244W,1998-10-08,Toscana,Firenze,2023-04-14
1440,Ernesto,BRICHESE,FRRMRA84P12F989P,1961-01-13,Puglia,Taranto,2021-07-30
1441,Giuseppe,Smirnoff,FNTRMN52B18A398C,1977-01-19,Lazio,Roma,2015-10-27
1442,Gianni,Finzi,MNTCHR95T13A115N,1957-12-23,Umbria,Perugia,2026-01-25
1443,Niccolò,Bianchini,CRDNDD85E19F707Q,1991-12-21,Abruzzo,Pescara,2025-04-13
1444,Agnolo,Marconi,MZZFLV61D07H127G,2002-03-22,Marche,Macerata,2017-04-08
1445,SALVI,Sobrero,GBBCRL22L58G785M,1982-11-28,Sicilia,Messina,2023-12-27
1446,Eliana,Vendetti,CMBSTL16P05L278U,1983-11-20,Lazio,Roma,2017-08-11
1447,Maria,Boldù,TSLBNT72C48G716G,1966-11-14,Marche,Macerata,2016-02-05
1448,Marcella,Ponti,GTTGSP52A65E651K,1969-11-02,Emilia-Romagna,Modena,2026-04-01
1449,Ansaldo,Michelangeli,BBTFRD85T70E021G,1945-06-15,Abruzzo,L'Aquila,2024-02-18
1450,Ottone,Salgari,CNDMTD78P29E375G,1998-09-30,Veneto,Treviso,2022-02-19
1451,Fabia,Cristoforetti,TRMGVN63B14G432Z,1970-10-28,Trentino-Alto Adige,Merano,2025-05-01
1452,Amadeo,Priuli,ZMPRRA90C25G860G,1946-02-16,Liguria,Savona,2022-09-10
1453,Annibale,Pacomio,PRSHGU59S66L908Y,1963-11-25,Toscana,Siena,2018-10-24
1454,Massimiliano,Marconi,MSCRGR65M53I156M,2001-08-24,Basilicata,Potenza,2025-11-29
1455,Sylvia,Zaguri,SDDRMI11T16D703T,1972-04-11,Sardegna,Sassari,2021-07-18
1456,Vito,Traetta,GRMSRN34E28D096C,1959-12-17,Lombardia,Pavia,2022-11-20
1457,Carolina,Toselli,MZZDIA30R07D765D,1994-12-03,Molise,Isernia,2026-01-03
1458,Liberto,Fermi,TRPPRR35E60E555H,1953-09-13,Liguria,Genova,2023-11-16
1459,Gemma,Farinelli,MLCLSE87S12H666S,1980-12-26,Trentino-Alto Adige,Trento,2024-02-29
1460,Alessandra,Virgilio,FTTRML74P46B243W,2001-07-18,Veneto,Vicenza,2017-05-15
1461,Lidia,Maderno,FOXRMN81H06L564J,1965-03-13,Lazio,Frosinone,2024-01-23
1462,FABRIZIA,Tamburi,GZZTTN61T49M086S,1980-11-21,Emilia-Romagna,Modena,2021-06-20
1463,Antonella,Sauro,CMBGVN77B49B332H,1979-05-24,Lazio,Roma,2024-05-18
1464,Nicola,Vigliotti,DNLBLS24E70F338D,1999-09-13,Lazio,Latina,2026-04-16
1465,Rodolfo,Vigliotti,TRLPRL25E42E600N,1999-09-17,Sicilia,Messina,2020-08-09
1466,Eliana,Stein,SMNMRL49H04B504M,1998-12-13,Sardegna,Cagliari,2023-09-25
1467,Filippo,Castiglione,BRRNSD08E44F900H,1966-06-21,Lombardia,Brescia,2018-12-06
1468,Adelasia,Inzaghi,CFRTNI54D02L601Q,1947-10-10,Lombardia,Milano,2019-08-23
1469,Fortunata,Zito,LNZCML43R24C959V,1960-11-13,Emilia-Romagna,Modena,2025-05-07
1470,Ippazio,Riccati,GNTFBA79R19I098K,1966-12-20,Friuli-Venezia Giulia,Trieste,2025-05-14
1471,Goffredo,Viola,GNSNZE02P59D424F,1991-08-19,Abruzzo,L'Aquila,2025-07-18
1472,Mariana,Galtarossa,PSQTTE69R01M348I,1999-06-16,Veneto,Verona,2015-07-14
1473,Ernesto,Burcardo,SPRDLN12D68E374M,1977-08-08,Puglia,Bari,2023-12-17
1474,Gianfrancesco,Goldstein,DLLFDL28E44A034P,1954-04-19,Emilia-Romagna,Bologna,2018-04-10
1475,Gino,Mascagni,PNERCR27D44L132L,1977-11-17,Puglia,Lecce,2024-04-05
1476,Biagio,Pizzetti,RBBNZE94L68G592G,1953-09-18,Toscana,Livorno,2022-05-27
1477,Luisa,Parmitano,VNDGRN26S16E707E,1968-04-29,Toscana,Pisa,2022-09-06
1478,Monica,Trevisani,MLNLSN63P60E169O,1969-09-12,Abruzzo,Chieti,2015-10-20
1479,Rosa,Roth,PLMCLL90B20L014R,1995-07-24,Trentino-Alto Adige,Bolzano,2023-02-19
1480,Ilaria,Papafava,PVNGNE27H12E363D,1987-08-23,Marche,Pesaro,2024-11-12
1481,Guglielmo,Grasso,GNTNNI76M71A245X,1971-03-25,Lombardia,Pavia,2023-08-14
1482,Giuseppina,Zanzi,BCCMRA91A13G143X,1997-06-01,Marche,Ancona,2015-04-09
1483,Matteo,Olivetti,PRTSLS55T55L816O,1987-10-17,Sardegna,Sassari,2018-10-27
1484,Pietro,Bruscantini,GLTMRL29E52L842N,1978-11-29,Toscana,Livorno,2025-11-19
1485,Giulio,Soderini,DSDFBA74S17G424K,1946-04-12,Toscana,Siena,2016-06-14
1486,Virgilio,Ferrata,PRTLTZ06D03H599Z,2003-04-26,Veneto,Verona,2019-06-02
1487,Ermes,Cabibbo,GRGRAI67E15B595Y,1992-01-09,Calabria,Cosenza,2020-02-14
1488,Lando,Civaschi,LGRFLV29L50B779O,1990-07-11,Lazio,Viterbo,2016-07-04
1489,Umberto,Boiardo,BSNRSN06R21I435A,1950-01-09,Umbria,Perugia,2025-01-06
1490,Mercedes,Durante,VSPRGR54C48A179X,1965-06-27,Molise,Campobasso,2025-03-25
1491,Ornella,Ferrata,BTNBTN34C18B319D,1950-09-18,Veneto,Padova,2017-12-21
1492,Melania,Scandone,NDRRLD68C48I472F,1987-10-27,Marche,Macerata,2025-05-31
1493,Agnolo,Modigliani,LNFMRN02P17L644W,1962-08-16,Puglia,Bari,2025-09-23
1494,Arturo,PERTILE,DSENNS60C28B426X,1998-09-04,Umbria,Perugia,2025-12-05
1495,Gioacchino,Pace,SCNGLI58C63B161U,1984-09-17,Calabria,Cosenza,2019-05-15
1496,Laura,Grassi,BSSNTN48C01D076O,1981-07-13,Sardegna,Sassari,2021-01-26
1497,Romeo,Trupiano,PRZPTZ67M71G927I,1968-09-14,Umbria,Terni,2020-08-01
1498,UMBERTO,Nitto,GRGVNC52C57L244F,1961-05-06,Lazio,Roma,2025-12-08
1499,Telemaco,Ceci,FCNNTT76H27D207J,1950-11-19,Toscana,Pisa,2024-09-09
1500,Daniele,Pometta,PNZLND47A51F256V,1993-04-27,Friuli-Venezia Giulia,Pordenone,2019-02-05
1501,Gaetano,Anichini,RCCSLV96C15L317K,1973-09-17,Friuli-Venezia Giulia,Udine,2025-08-01
1502,Camilla,Cilibrasi,PTRGLI18A69C418L,1974-01-18,Marche,Ancona,2018-07-05
1503,Raimondo,Grimani,PNIRSR91M52L508S,1974-03-21,Lombardia,Bergamo,2026-08-01
1504,Gastone,Scaramucci,PRGNNR31C29G848N,1965-07-09,Campania,Salerno,2020-11-23
1505,Ciro,Malaparte,BRNMRZ59L69G991P,1976-10-02,Lombardia,Brescia,2022-01-27
1506,Sylvia,Rismondo,MJWLRA65P16A405Z,1949-12-18,Emilia-Romagna,Rimini,2024-03-02
1507,Stella,Soffici,NGGMLD24E30F462D,1963-02-22,Campania,Napoli,2019-09-05
1508,Ezio,Amaldi,CMBVCR71E02A252D,1979-04-23,Piemonte,Cuneo,2022-04-22
1509,Torquato,Galeati,RMNRCT51H66G568V,1969-07-31,Marche,Pesaro,2017-05-25
1510,Romeo,Nadi,LCRNNN06P59B311B,1949-02-16,Sicilia,Siracusa,2023-10-01
1511,Valentina,Roncalli,RSMBRT04S65F894U,1950-04-28,Veneto,Treviso,2017-04-10
1512,Lina,Zichichi,CRTLDI42S23E747G,1954-12-18,Emilia-Romagna,Parma,2025-08-01
1513,Lisa,Interminei,CRDMME11R13C943K,1958-08-14,Campania,Salerno,2018-05-17
1514,Panfilo,Galuppi,BTTGSP01C07E496X,1996-05-20,Emilia-Romagna,Parma,2020-11-05
1515,Antonia,Ferrante,CRBPMP70R49L897U,1973-03-02,Lombardia,Milano,2023-02-07
1516,Giacobbe,Abate,DLLNGC33T16I473T,1965-06-05,Trentino-Alto Adige,Bolzano,2025-05-02
1517,Baccio,Galiazzo,DLLSLV14B62E957X,1957-08-02,Veneto,Verona,2017-09-03
1518,PAOLA,Moschino,SCTGLN73P58L580B,1990-12-16,Puglia,Bari,2023-05-18
1519,Zaira,Montalti,TRSRMN85S67H708L,1993-05-04,Toscana,Livorno,2026-01-13
1520,Bianca,Trebbi,GVNGNC02L56C902J,1995-02-02,Valle d'Aosta,Aosta,2017-07-09
1521,Marcello,Tomei,TRNPLG06R50I634C,1999-09-24,Valle d'Aosta,Courmayeur,2019-04-13
1522,Sophia,Gucci,CMLPLT28D29M362C,1958-08-28,Veneto,Treviso,2022-05-30
1523,Gionata,SCARLATTI,CRNVLT69P12E435S,1946-12-05,Umbria,Terni,2024-01-02
1524,Luciana,Piazzi,ZTIMRC38B48B731M,1973-12-03,Piemonte,Novara,2024-07-31
1525,Eleanora,Sollima,MZZNNT55L27E655O,1986-01-25,Campania,Caserta,2019-06-30
1526,Eraldo,Porzio,BGLMRN47B50C513K,1958-09-10,Calabria,Cosenza,2019-03-28
1527,Sergius,Stucchi,GBBPLG55D50C587I,1956-06-04,Piemonte,Torino,2022-10-26
1528,Cristina,Dandolo,CMUMRN75L68A848D,1963-02-05,Veneto,Padova,2021-10-17
1529,Ciro,Bragaglia,LGHCRT69L16L669X,1947-06-14,Sicilia,Messina,2018-01-29
1530,Carmelo,Corcos,CCRMRT22A05D122H,1984-10-30,Sicilia,Palermo,2019-09-05
1531,Rosaria,Ovadia,BRGNNL21E51B042D,1997-12-14,Trentino-Alto Adige,Bolzano,2017-10-18
1532,Angelo,Bragaglia,BTNLVR21L27F287L,1959-08-13,Molise,Campobasso,2019-09-14
1533,Corrado,Interminei,TRBBNT78E45A663U,1982-03-30,Molise,Isernia,2019-04-14
1534,ROMOLO,Guinizzelli,TSTBRC63R08H410Q,1985-12-30,Toscana,Firenze,2015-05-13
1535,Ippazio,Balbi,MRGTTR88M66E882U,1977-05-02,Basilicata,Matera,2021-12-14
1536,Micheletto,TOMEI,MGRPSL53D66L131Y,1952-07-30,Friuli-Venezia Giulia,Pordenone,2023-09-28
1537,Lodovico,Mogherini,,1949-01-26,Molise,Isernia,2018-02-26
1538,Bernardo,Biagiotti,CMSBNC57C05H777I,1987-02-24,Umbria,Perugia,2015-11-16
1539,Benito,Lombroso,MCCGNI91M54E409R,2000-05-28,Lazio,Viterbo,2024-04-21
1540,Dario,Villarosa,FSCSLT83A52B674M,2004-12-27,Umbria,Perugia,2019-01-27
1541,Ottone,Fermi,BZORMD04E53B978S,1972-06-17,Piemonte,Novara,2024-01-20
1542,Paoletta,Tanzini,PTRLGU57C67D540P,1974-10-01,Friuli-Venezia Giulia,Trieste,2015-08-22
1543,Lucrezia,Querini,ZTIFRN00C71C668M,1993-05-26,Sicilia,Palermo,2023-06-16
1544,Pierluigi,Caboto,MNTNRC05C48F519M,1964-12-24,Valle d'Aosta,Courmayeur,2017-01-24
1545,Claudia,Taliercio,FNZFLP53A65A096E,1993-02-25,Toscana,Siena,2024-11-16
1546,Elvira,Onio,PLMMRN00B56I311Y,1968-01-17,Friuli-Venezia Giulia,Udine,2017-11-16
1547,Raffaella,Tasso,FRNCNT42S22L241L,1987-11-13,Abruzzo,Pescara,2026-01-20
1548,Loredana,Tirabassi,TRCTTN67R60M013K,1957-10-17,Trentino-Alto Adige,Trento,2020-01-22
1549,Daria,Ferretti,BRRRDF92R58D110K,1967-05-30,Veneto,Verona,2020-01-28
1550,Adele,Saraceno,LVTLND02L19G717N,2004-12-17,Abruzzo,L'Aquila,2026-08-05
1551,Morena,Boaga,PRLRND77R48L973J,1978-08-16,Lombardia,Monza,2018-04-04
1552,Luchino,Garobbio,,2001-09-09,Calabria,Catanzaro,2016-01-29
1553,Gemma,Grossi,MPSDLM67D42C356B,1959-07-11,Lazio,Latina,2023-11-25
1554,Pina,Salata,PTRDLS55A31A776M,1996-10-13,Friuli-Venezia Giulia,Pordenone,2024-02-06
1555,Nina,Legnante,NTLTMT93S66D298K,1970-01-22,Umbria,Perugia,2026-07-16
1556,Marissa,Berengario,FSLVTR84P50I403N,1994-03-31,Veneto,Treviso,2025-03-27
1557,Daniele,Gianvecchio,ZMNMRL22P61C139Y,1977-10-14,Umbria,Perugia,2024-07-26
1558,Alberto,Riccardi,MNDSLO31M01B037S,1954-12-21,Veneto,Treviso,2017-09-12
1559,Domenico,Guglielmi,MGGSSN32L06L777G,1994-08-22,Friuli-Venezia Giulia,Udine,2016-11-10
1560,Pompeo,Fischetti,PZZBRC97E10F835L,1957-09-18,Puglia,Lecce,2019-12-23
1561,Greca,Vespucci,BRSDRA15A31C550S,1995-07-02,Umbria,Perugia,2016-01-20
1562,Baccio,Jovinelli,CRLMRA43B17I255D,1978-08-06,Sicilia,Catania,2018-07-24
1563,Romana,Udinesi,TRLDRA61S60C973O,1958-08-23,Marche,Macerata,2024-07-05
1564,Michela,Brambilla,BSNMRA22L66C013X,1979-12-21,Sardegna,Sassari,2024-06-12
1565,Alina,Greggio,BRCNTL20C11B709G,1951-09-20,Sicilia,Palermo,2020-08-20
1566,Valerio,Ughi,SDRSRN44A11L197K,1950-04-25,Molise,Campobasso,2024-03-15
1567,Ottavio,Righi,TSCLRN27C07G650A,1980-02-07,Sardegna,Cagliari,2018-07-30
1568,Etta,Sordi,GNTSTN99M18I305B,1965-04-21,Basilicata,Potenza,2021-03-12
1569,Roman,Pedersoli,PCLGTN05A55B994D,1958-08-16,Marche,Macerata,2019-08-14
1570,Adamo,Norbiato,PLLSNO43L24L018Z,1991-09-16,Piemonte,Torino,2021-12-24
1571,Adriano,Mengolo,BRSDNT12R57G030K,1971-10-23,Veneto,Treviso,2017-10-19
1572,Marisa,Carullo,SFRMLS70P24I198W,1975-08-18,Calabria,Cosenza,2021-02-07
1573,Massimiliano,Casarin,MRCFLV39P27E574L,1983-03-19,Veneto,Treviso,2018-10-11
1574,Lando,Barozzi,BRSGLT85C23C747G,1991-11-28,Campania,Napoli,2017-04-24
1575,Patrizia,Parisi,LVRSIA52B17D918R,2004-08-26,Basilicata,Potenza,2026-02-03
1576,Benvenuto,Tarantini,MNTPRI02A50D546R,1969-10-01,Lazio,Viterbo,2020-08-23
1577,Fiorino,Caboto,TRLRMN76B12B201O,1952-06-15,Veneto,Vicenza,2015-04-16
1578,Cesare,Iannucci,MRSDLN23R47G248I,2004-09-19,Toscana,Siena,2020-12-17
1579,Nicoletta,Bosurgi,BMBGDI39P25F822U,1999-06-04,Umbria,Terni,2026-08-22
1580,Sole,Bottaro,VLILZR12L65M069A,1996-08-23,Valle d'Aosta,Aosta,2017-02-16
1581,Annibale,Mazzacurati,CBTMRN34T42B472F,1982-11-05,Abruzzo,Chieti,2023-10-31
1582,Bartolomeo,Caccioppoli,CNTMTD05M26D890E,1996-06-09,Emilia-Romagna,Rimini,2015-11-02
1583,Pellegrino,VENDITTI,NNCDNI75P29I555A,1947-04-21,Campania,Caserta,2019-11-05
1584,Gioffre,Bragadin,DBSFRN83R63L332L,1947-07-19,Valle d'Aosta,Courmayeur,2025-03-29
1585,Coluccio,Antonacci,GLTDNI21T71I857R,1969-10-26,Friuli-Venezia Giulia,Trieste,2025-01-01
1586,Stefani,Tommaseo,PZZDLA87P29C917V,1963-10-14,Lazio,Latina,2022-03-21
1587,Aurora,Farina,VRSGLR07L47G571V,1952-12-22,Trentino-Alto Adige,Bolzano,2022-06-27
1588,Gelsomina,Pedroni,TRNGLI44C13G330I,1972-06-09,Sardegna,Sassari,2017-04-09
1589,Piergiorgio,Lupo,GRVDLN90L49G937D,1979-05-03,Lazio,Latina,2019-07-15
1590,Claudia,Tanzini,CRCLRN75D24C697M,1959-04-15,Puglia,Taranto,2018-10-12
1591,Graziella,Ceri,CSRSSN31C23A402G,1995-03-27,Sicilia,Messina,2018-12-28
1592,Gianni,Greco,BNNTNI50C31C321I,1968-08-18,Valle d'Aosta,Courmayeur,2018-04-09
1593,Guido,Carducci,FOAVNN14T01E443U,1971-05-15,Sicilia,Palermo,2016-11-04
1594,CORIOLANO,Mortati,SFFCLL18T21I461Q,2004-11-20,Veneto,Padova,2021-02-20
1595,Delfino,Pacillo,PLNNCL84P62C936L,1984-07-04,Trentino-Alto Adige,Trento,2019-11-05
1596,Renzo,Finetti,FCNLNI45D28H153F,1984-05-19,Basilicata,Matera,2024-04-18
1597,Sole,Golino,STFGGL55A49A034D,1997-02-11,Trentino-Alto Adige,Merano,2023-12-18
1598,Raffaele,Scarfoglio,BNGNNZ95M17D099A,1968-08-24,Molise,Isernia,2024-09-03
1599,Gastone,Ponti,LNUCLL36E06E584R,1951-11-30,Friuli-Venezia Giulia,Udine,2018-01-06
1600,Marissa,Angeli,TRSBCC75M52D264U,1953-09-02,Puglia,Lecce,2026-05-20
1601,Evangelista,Garzoni,FLZGDU61L49B710P,1976-04-02,Puglia,Lecce,2020-01-09
1602,Sante,Galuppi,CHSLDN99D61F241I,1998-01-10,Lazio,Frosinone,2024-10-13
1603,Oreste,Galiazzo,CPCGMM92H17C713Q,1976-03-09,Emilia-Romagna,Bologna,2025-09-09
1604,Graziella,Calarco,TZZLDC95L41A638X,1996-02-12,Valle d'Aosta,Courmayeur,2020-08-26
1605,Antonella,Canevascini,LNGFRN31S30F977C,1980-07-20,Toscana,Pisa,2019-10-29
1606,Simonetta,Turati,TMBNCT00C31A201Z,1996-02-16,Friuli-Venezia Giulia,Trieste,2026-05-24
1607,Marcantonio,Visintini,ZPPMSM00M47B987I,1945-08-11,Abruzzo,L'Aquila,2016-03-09
1608,Corrado,Marsili,GRGGRN75D61E328L,1950-09-16,Sardegna,Oristano,2024-04-12
1609,Gemma,Zetticci,CFRNNI60R47L590H,1961-04-05,Marche,Ancona,2015-08-30
1610,Gioele,Modiano,MRNLRA60D18D605R,1996-06-30,Valle d'Aosta,Courmayeur,2023-09-09
1611,Silvio,Gentilini,ZNZLDN88B44G074X,1953-08-08,Basilicata,Potenza,2021-12-24
1612,Virginia,Ciani,PLNNTA26M14F747N,1968-05-16,Toscana,Pisa,2024-01-02
1613,LORETTA,Bonolis,VSPMRH91C08H929Z,1953-06-09,Valle d'Aosta,Courmayeur,2020-10-12
1614,GIAMPAOLO,Galeati,,1953-07-27,Valle d'Aosta,Courmayeur,2018-10-12
1615,Pierangelo,Casellati,SLGGCB11H70C524Y,1947-06-26,Friuli-Venezia Giulia,Udine,2023-05-29
1616,Daria,Casaleggio,GRGRMN68T21M150W,1993-01-06,Lazio,Latina,2019-11-24
1617,Maria,Giusti,SLVTZN35P06H038S,1996-06-30,Lombardia,Brescia,2018-12-20
1618,Maria,Alboni,GGLPRR42B43F428S,1984-12-07,Trentino-Alto Adige,Trento,2015-09-06
1619,Berenice,Giacconi,BTNPMP89H70D850M,1972-12-17,Puglia,Bari,2021-07-15
1620,Marcella,Samele,BBTBRC80R01H175C,1989-08-25,Trentino-Alto Adige,Trento,2019-05-02
1621,Guglielmo,Ferragamo,CRSFRN94A24B903W,1985-03-09,Sicilia,Siracusa,2017-08-11
1622,Gabriele,Forza,CHPGLN58A22E852W,1961-11-24,Lombardia,Monza,2024-01-25
1623,Gianluca,Chindamo,CSGVRN92D12G718D,1991-08-22,Toscana,Firenze,2017-01-15
1624,Maria,Manolesso,CSSZGL20M53A080B,1991-10-21,Marche,Macerata,2023-11-04
1625,Fausto,Panatta,TZZDNN87L04A874Q,1971-04-14,Lombardia,Bergamo,2024-07-24
1626,Marina,Cristoforetti,BNMDRA53B14C443M,1995-05-10,Toscana,Livorno,2025-11-09
1627,Imelda,Dellucci,TRBVRL75R51L555S,1949-12-12,Campania,Caserta,2015-12-08
1628,Rocco,Cristoforetti,SLNLDC22R27I562Z,2002-07-03,Molise,Campobasso,2022-01-13
1629,Renzo,Liguori,GNZGML93A47E369O,1976-07-23,Friuli-Venezia Giulia,Trieste,2016-03-05
1630,Laureano,Panzera,BRCDNL88C69A538U,1990-08-23,Umbria,Perugia,2023-04-26
1631,Gianmarco,Ubaldi,ZGRMTD50S19H665Y,1964-11-17,Toscana,Pisa,2022-03-08
1632,Loredana,Chinnici,TRPLNE68D26B366P,1949-01-22,Lazio,Roma,2023-07-23
1633,Gioacchino,Benussi,GLDNNT70B11F642C,2004-03-05,Piemonte,Novara,2022-06-02
1634,Adele,Cabrini,GLTMRN70C67B894A,1949-01-06,Liguria,La Spezia,2018-07-01
1635,Antonello,Renier,FLRLLD28T61A931D,1996-03-09,Calabria,Catanzaro,2021-12-12
1636,Ugolino,Comisso,BNGPRN92S58A817E,1982-04-24,Veneto,Verona,2024-04-11
1637,Loredana,Milanesi,DNDGDU43A42I248O,1998-11-04,Campania,Salerno,2015-03-27
1638,Agostino,Babati,BGLRRA41C25H977N,1951-04-30,Emilia-Romagna,Modena,2017-07-26
1639,Ornella,Bova,FVTMRA12M26L640G,1960-01-07,Trentino-Alto Adige,Bolzano,2020-10-02
1640,Adele,Pagnotto,SPRVRN19H11E071M,1970-07-18,Veneto,Vicenza,2020-11-12
1641,Giada,Carosone,MGGGLI20B58I748E,1994-10-09,Calabria,Reggio Calabria,2026-03-03
1642,Enrico,Vecellio,LNUSLS66B45B871I,1965-07-07,Toscana,Firenze,2015-11-08
1643,Raffaella,Lussu,MZZLLN60A17E682E,1984-02-11,Puglia,Lecce,2023-04-27
1644,Ruggero,AULENTI,BMBDLS84E29C615T,1963-11-18,Piemonte,Novara,2022-02-17
1645,Nicolò,Musatti,BRNMLI92P49F703L,1960-09-30,Basilicata,Matera,2022-11-08
1646,Enzio,Pirelli,ZNZDRA30L45I595L,1990-05-12,Liguria,La Spezia,2016-06-05
1647,Graziano,Tornatore,MGLLNI84A12D345U,1984-07-10,Molise,Campobasso,2016-07-22
1648,Pina,Donati,BSSNNL80M42E376X,1973-06-28,Lombardia,Pavia,2016-04-09
1649,Giacinto,Giunti,ZCCRMO79H66A178N,1973-11-10,Piemonte,Novara,2023-04-23
1650,Martina,Trincavelli,CVNNTL07E26A473L,1995-06-26,Piemonte,Torino,2016-04-23
1651,DARIO,Pergolesi,TRTDLN71P64A053K,1948-02-28,Trentino-Alto Adige,Merano,2016-08-28
1652,Giulio,Guicciardini,VRSMRN63D17C073C,1970-05-05,Marche,Pesaro,2023-09-04
1653,Nicolò,Farina,PZZGMM31C22A667P,2002-02-14,Marche,Pesaro,2025-03-16
1654,Elmo,Piccinni,DNTVLR73S62H168V,1957-12-15,Calabria,Reggio Calabria,2021-06-07
1655,Lisa,Martucci,MLPRMS02D69E512P,1978-01-09,Sardegna,Cagliari,2015-06-21
1656,Maria,Ceschi,TRTPCC27B50M399E,1981-02-01,Emilia-Romagna,Modena,2017-10-21
1657,Melania,Gremese,SCMNGN49E31G768V,1986-04-28,Emilia-Romagna,Rimini,2025-02-22
1658,Ottavio,Crisafulli,PLTJCP05C53I489W,1956-12-10,Friuli-Venezia Giulia,Udine,2019-08-14
1659,Gianmarco,Pacillo,VNTFLV37D68L841R,1986-07-28,Sicilia,Messina,2024-02-27
1660,Lina,Ariasso,SGNLDI39L26C988V,1971-12-11,Toscana,Siena,2024-03-30
1661,Sophia,Maderna,GLLZRA13H08F978Y,1991-06-06,Lombardia,Monza,2024-09-07
1662,Ilaria,Tasca,LNTMLD92C15G532P,1960-06-18,Liguria,Savona,2021-02-17
1663,Rita,Bixio,BRSJCP87S42L192A,1958-07-09,Lazio,Latina,2024-03-23
1664,Lamberto,Giovine,GGGGNE97H07I922I,1973-05-15,Campania,Salerno,2015-10-17
1665,Vincentio,Gucci,CSTPLA93D66B521U,1974-09-28,Piemonte,Torino,2017-01-06
1666,Olga,Camicione,CCCVCR76M17F023Z,1972-08-05,Lombardia,Bergamo,2016-06-24
1667,Licia,Catalano,FRMFLP75B21H304P,1975-05-19,Basilicata,Matera,2018-12-06
1668,Gaetano,Surian,CHNLRN82H08A393O,1959-08-25,Calabria,Reggio Calabria,2024-04-24
1669,Tonia,Pisano,BRSRRA96R25F443Z,1970-03-26,Umbria,Terni,2020-08-05
1670,Stefano,Monaco,CTNRML64L65F941G,1957-03-02,Emilia-Romagna,Bologna,2023-07-18
1671,Liana,TREZZINI,LTRLNE26A26A295S,1984-07-23,Marche,Pesaro,2019-01-29
1672,Bianca,Canetta,PZZCSN70C67G403P,1975-06-26,Abruzzo,L'Aquila,2016-11-27
1673,Venancio,Andreotti,PLCLND60S23F365Q,1958-05-31,Friuli-Venezia Giulia,Udine,2017-06-28
1674,Giustino,Lopresti,PRDDLS79S07E212S,1971-03-25,Sardegna,Sassari,2016-11-11
1675,Nanni,Muti,BVLNTN39R03I703Y,1960-03-02,Lazio,Frosinone,2023-03-11
1676,Delfino,Trobbiani,CNVLMR28D53F698Y,1988-12-04,Umbria,Perugia,2022-02-22
1677,Sandro,Mozart,CLILRT24C27H779C,1983-11-04,Friuli-Venezia Giulia,Udine,2022-07-27
1678,Ermenegildo,Gadda,BRGFLP57E11D654O,1974-11-14,Toscana,Firenze,2015-09-15
1679,Piero,Borsiere,GLTNGC89T28H851I,1972-02-28,Molise,Campobasso,2023-07-16
1680,Lando,Cesarotti,BTGMRK80A65I534G,1978-08-28,Abruzzo,L'Aquila,2022-07-12
1681,Martino,Gioberti,PTRPMN55T42F582S,1956-11-15,Emilia-Romagna,Parma,2022-10-07
1682,Griselda,Cafarchia,CRQLGN99A31A429D,2005-04-09,Veneto,Treviso,2016-11-25
1683,Fredo,Bertoli,NSTLNI50R03I813Y,1956-07-13,Calabria,Reggio Calabria,2017-05-26
1684,SYLVIA,BABATI,CSSRLD09H64C272Q,1952-11-03,Marche,Ancona,2016-09-09
1685,Ciro,Duodo,GRSSIA45A27E625T,1959-01-07,Basilicata,Potenza,2025-05-02
1686,Torquato,Vidoni,RROPNI13M21L136B,1957-06-12,Marche,Ancona,2019-06-23
1687,Sebastiano,Rastelli,FRCNDD33E24M418Z,1945-05-06,Molise,Campobasso,2024-09-16
1688,Annibale,Carriera,MRNPLA00P15I408Y,2001-02-10,Valle d'Aosta,Courmayeur,2019-04-28
1689,Fulvio,Moschino,GBRSNR85P64L631U,1987-02-05,Marche,Ancona,2021-06-17
1690,Vincenzo,Cianciolo,BFFGCM29S52G588T,1952-02-20,Emilia-Romagna,Bologna,2018-12-11
1691,Lidia,Catenazzi,CMCSTL47M23H454I,1956-02-16,Marche,Ancona,2016-09-12
1692,Aldo,Bellocchio,ZFFBCC37E59B927J,2001-12-30,Veneto,Treviso,2021-08-27
1693,Alderano,Sandi,DLLPTZ96R63G152K,1966-08-08,Emilia-Romagna,Parma,2015-02-27
1694,Eleanora,Puglisi,MLNRLD11P50B557P,1950-07-13,Molise,Campobasso,2016-05-29
1695,ADELASIA,Ostinelli,GRSNRC42R44D159Y,1952-03-04,Molise,Isernia,2025-01-01
1696,Alessandro,Tartini,FRRFDC24B46L037I,1999-04-29,Marche,Pesaro,2016-06-23
1697,Melina,Garobbio,CPLPCC51R58M398J,1978-03-27,Liguria,La Spezia,2026-03-17
1698,Arsenio,Pizzamano,ZBRMRN19L21B249H,1997-09-07,Molise,Campobasso,2018-10-29
1699,Roman,Procacci,RTHDNN95D10G032A,1986-08-06,Toscana,Siena,2025-06-01
1700,Lidia,Geraci,MDGSSN84R30D896E,1957-07-05,Emilia-Romagna,Bologna,2022-02-07
1701,Federica,Gori,ZMRLSS36A29D728G,2004-05-15,Liguria,La Spezia,2018-11-16
1702,Pier,CASAGRANDE,ZCHRSL55H01F908G,1958-06-13,Piemonte,Cuneo,2021-01-28
1703,Ninetta,Comeriato,FFRNRC55S49A976R,1969-11-29,Friuli-Venezia Giulia,Pordenone,2020-02-09
1704,Mercedes,Vigliotti,PPTMTT52S43L977P,1988-09-21,Emilia-Romagna,Modena,2016-05-04
1705,Renata,Gagliano,ZMPMRA54B22I943S,1970-12-16,Abruzzo,Chieti,2018-03-04
1706,Giuseppina,Combi,TRTGRC73H30I079J,1972-08-19,Emilia-Romagna,Bologna,2018-07-23
1707,Dante,Gremese,NTRLLT69C08G296I,1956-08-12,Marche,Macerata,2021-04-28
1708,NATALIA,Mattarella,BRZMDA21M65C381P,1987-06-26,Lombardia,Pavia,2016-06-01
1709,Achille,Alboni,PPETTV08A44I977B,1973-01-15,Sicilia,Catania,2025-09-05
1710,Mariana,Pederiva,BRRRAI85D27G556K,1956-05-28,Friuli-Venezia Giulia,Trieste,2022-03-21
1711,Mario,Asprucci,BZOLDI67A20G936D,1966-04-07,Abruzzo,Chieti,2020-08-02
1712,Gustavo,Botticelli,BNMLDC06M54I332J,1979-06-19,Umbria,Perugia,2018-04-30
1713,Federigo,Trentin,RBRSMT52S05A507M,1968-11-12,Marche,Macerata,2016-07-02
1714,Lina,Pacetti,,1977-08-21,Veneto,Padova,2016-04-28
1715,Caterina,Lombardi,CTLRTR91M69B504K,1988-04-17,Liguria,Savona,2018-04-12
1716,Liliana,Pincherle,CSRDRD44A58I604L,1962-12-13,Friuli-Venezia Giulia,Pordenone,2019-03-22
1717,Carmelo,Stucchi,PSNNTN20R63M086N,1991-12-20,Molise,Campobasso,2026-04-22
1718,Chiara,Boiardo,RGRPRD67S58C792J,1971-10-02,Puglia,Bari,2020-11-08
1719,Baldassare,Ferraris,FRVMRN29B05M345G,1952-01-24,Lazio,Frosinone,2023-04-08
1720,Luca,Nugnes,FNZSBL51B15F861G,1998-04-12,Lazio,Latina,2024-12-17
1721,Bernardo,Scarlatti,FLNDLS86B03G462X,1970-07-20,Veneto,Treviso,2018-08-27
1722,Ettore,Abatantuono,CRDGNR96L48I885S,1994-07-29,Piemonte,Alessandria,2025-09-13
1723,Ubaldo,Mercati,SCHMLS69R12E043P,2002-12-26,Umbria,Terni,2022-04-07
1724,Dario,Favata,SGSNTN85P10D310H,1974-01-26,Piemonte,Alessandria,2015-11-19
1725,Giustino,Bembo,MNTNNS18L10F498W,1951-02-03,Lombardia,Milano,2018-02-20
1726,Antonello,Caccioppoli,LNTPPZ06D55C194W,1977-01-13,Veneto,Vicenza,2022-08-02
1727,Giuliana,Greggio,PZZMRT68B05L769Z,1992-01-27,Liguria,Genova,2024-05-03
1728,Ronaldo,Tartaglia,FNCNTN01C21A962I,1985-03-28,Puglia,Lecce,2018-07-27
1729,Tina,Strangio,CMCSNR24E17M065P,1949-09-16,Veneto,Verona,2020-01-22
1730,Piero,Donà,STRRMD29L68I899V,1989-11-29,Sardegna,Cagliari,2022-03-02
1731,Gianni,Vattimo,CRSMRN22P22D445J,1989-02-28,Piemonte,Alessandria,2015-07-12
1732,Pierangelo,BADOER,GRMRBT94A56I461Z,1963-09-27,Piemonte,Torino,2020-02-24
1733,Iolanda,Verdi,,1990-09-05,Marche,Pesaro,2018-09-06
1734,Patrizio,Tamburello,PRLNDA99C28I537L,1968-10-31,Lazio,Viterbo,2023-05-25
1735,Alberto,Ossani,PLTLGO18B22L057N,1962-07-26,Marche,Pesaro,2022-05-03
1736,Fausto,Esposito,NCCLRI86C03E229T,1999-02-18,Emilia-Romagna,Rimini,2026-06-24
1737,Giovanna,Ostinelli,MNTLGO57B22C817V,1963-06-12,Liguria,Genova,2019-06-28
1738,Pellegrino,Conti,TRSSNO98C03G133W,1998-03-23,Abruzzo,Pescara,2021-10-21
1739,ELLADIO,MONACO,SRCNNL71R58I320Q,1964-06-14,Marche,Pesaro,2026-06-18
1740,Giuliana,Inzaghi,RCCRSN77P10I437T,1989-10-27,Basilicata,Potenza,2023-09-19
1741,Alina,Antelami,CLNNGC42A31G486P,1988-01-30,Molise,Isernia,2021-05-26
1742,Greca,Giacometti,GRGTNN37S45D204D,1945-01-09,Valle d'Aosta,Aosta,2015-09-13
1743,Tonia,Moresi,BRNGRG44M21F870S,1984-12-05,Sicilia,Messina,2023-07-22
1744,Tonino,Satriani,RSSBTC45C08L653B,1962-02-12,Liguria,Savona,2024-06-28
1745,Alessia,Pigafetta,PNNSNR25P65H030F,1948-02-21,Lazio,Viterbo,2017-09-10
1746,Flavio,Aulenti,LNCNNI99B60A647G,1955-10-18,Calabria,Reggio Calabria,2015-09-06
1747,Liana,Scalera,TRRSLV49P45L233Q,1985-11-04,Valle d'Aosta,Aosta,2021-02-15
1748,Eleanora,Roero,CSSDMC40P59C097V,1964-05-01,Molise,Campobasso,2016-06-17
1749,Silvio,Baroffio,TRVCHL51S46H343L,1982-01-01,Emilia-Romagna,Rimini,2018-12-04
1750,Elena,Gioberti,BRLGRN03S69L345W,1970-04-06,Valle d'Aosta,Courmayeur,2025-09-30
1751,Michelotto,Pennetta,MNTRLD72A41H240G,1966-01-25,Sardegna,Cagliari,2025-01-17
1752,Delfino,Detti,VNDFDG99T51L188F,1995-02-23,Umbria,Terni,2025-12-16
1753,Nico,Inzaghi,FGNVNC50M59E236K,1998-08-27,Friuli-Venezia Giulia,Trieste,2023-03-28
1754,Gabriele,Cimarosa,MJWFLV81D61M324M,1994-06-08,Lazio,Viterbo,2018-04-08
1755,Donato,Tutino,PRNGNR24P69L980H,1986-12-10,Marche,Pesaro,2022-10-17
1756,Antonina,Camiscione,PRLZEI33B62H325M,1993-08-26,Calabria,Cosenza,2024-02-23
1757,Marcantonio,Fanucci,SRNFRN43L46G181U,1977-03-06,Calabria,Catanzaro,2025-06-19
1758,Fausto,Pininfarina,GRBSIA67R26H387Z,1990-06-06,Calabria,Catanzaro,2018-04-03
1759,Napoleone,Camicione,TPLBNC71T13D974G,1957-07-08,Lombardia,Pavia,2019-08-14
1760,Mirko,Asprucci,TRVGSP49P51A163J,1993-10-21,Calabria,Cosenza,2015-12-10
1761,Cristina,Michelangeli,LNUGLI28A47D303Z,1965-05-07,Umbria,Perugia,2022-07-06
1762,Eliana,Casarin,CRFMRA76M06A473E,1991-12-07,Liguria,La Spezia,2023-10-23
1763,Gaetano,Trentin,GLRGRN04B67D923S,1965-04-05,Molise,Campobasso,2025-03-05
1764,Giacobbe,Pertini,BRNMNL37M44D538H,1989-06-05,Molise,Campobasso,2018-03-28
1765,Ramona,Mondadori,CNVVNL93C12G630K,1963-10-10,Molise,Isernia,2017-03-02
1766,Valeria,Gabbana,SLVVNC12D66E584K,1961-08-30,Friuli-Venezia Giulia,Trieste,2016-08-07
1767,Ricciotti,Mercantini,NCHRSN34C23L308N,1945-12-13,Sicilia,Siracusa,2021-09-25
1768,Evangelista,Cantimori,BRSMLT99H46E925O,2001-12-27,Lazio,Frosinone,2015-12-10
1769,Oreste,Trupiano,TRVMRN71A20H872E,1987-06-28,Friuli-Venezia Giulia,Udine,2023-08-10
1770,Romana,Cheda,LBNGRN46C48L104L,1988-12-27,Marche,Pesaro,2015-08-12
1771,Uberto,Troisi,PGNTTR17H58I709R,1993-10-13,Valle d'Aosta,Courmayeur,2017-01-24
1772,Paloma,Rensi,BGIMNL98R57E469L,1979-01-29,Sicilia,Siracusa,2022-07-26
1773,Morena,Salgari,LPPLZR21C56H588V,1985-06-24,Friuli-Venezia Giulia,Pordenone,2019-11-10
1774,Martino,Toninelli,LPPMRN93R54M430W,1947-07-15,Marche,Macerata,2026-05-10
1775,Mirco,Mercantini,MNLTZN16E71G587A,1993-01-21,Abruzzo,L'Aquila,2016-02-04
1776,Danilo,Bramante,MNTLFD17A69A394C,1971-04-28,Trentino-Alto Adige,Bolzano,2018-08-26
1777,Ansaldo,CRESPI,PLLGNR75S69C481L,1962-11-12,Abruzzo,Pescara,2025-10-24
1778,Benito,Ginese,CRRLRI40B07A058E,1978-10-19,Puglia,Lecce,2015-12-26
1779,Luigi,Morpurgo,BNDVLR26S61E576A,1965-07-10,Marche,Pesaro,2024-12-21
1780,Angelina,Fagiani,LRDGSP36P17G609H,1999-04-19,Trentino-Alto Adige,Trento,2015-07-13
1781,Oreste,Pavone,CLLTLC88D54E847H,2001-12-15,Piemonte,Alessandria,2017-05-21
1782,Vittoria,Rossi,PNTNZE95A45D945Z,1950-11-06,Abruzzo,Pescara,2016-12-15
1783,ROSSANA,Totino,PCLGVN26B17C324J,1957-05-04,Liguria,Genova,2017-09-18
1784,Olga,Dossi,CHSLSE08C07G499X,1993-12-23,Trentino-Alto Adige,Merano,2023-05-17
1785,Emilio,Aldobrandi,CBBTNF48T41L540K,1955-05-25,Lazio,Frosinone,2015-11-22
1786,Carlo,TRAVIA,PRDGLM62C07H719E,1978-05-13,Abruzzo,Pescara,2016-05-06
1787,Angelica,Scaramucci,RMNVTI21M53F576D,1972-03-19,Veneto,Verona,2018-01-27
1788,Isa,Broschi,CEOFLP44M55D471I,1987-08-05,Trentino-Alto Adige,Merano,2025-09-23
1789,Giulio,Orsini,SRDDRT48C68G139N,1958-02-09,Lazio,Roma,2017-11-06
1790,Amedeo,Modigliani,BLZMNC99S24E893E,1995-10-17,Toscana,Firenze,2018-09-11
1791,Orazio,Visintini,CMCLSI06P28B925R,1968-07-19,Liguria,Genova,2024-02-12
1792,Letizia,Rosselli,SCTDNN08M22C292P,1962-04-13,Campania,Napoli,2023-05-20
1793,Gaetano,Ruberto,ZFFSPH74C31L022N,1988-01-03,Molise,Campobasso,2026-06-06
1794,Alphons,Modugno,DSSDRA73R30G590F,1991-10-07,Lombardia,Pavia,2021-06-14
1795,Giampaolo,Polizzi,CLLZRA54H22L202L,1958-01-22,Emilia-Romagna,Bologna,2015-11-24
1796,Bettina,Borromini,GLRMLE30C51G990E,1972-03-24,Puglia,Taranto,2022-05-03
1797,Mirco,Gottardi,MCCPLT39E14B297A,1987-02-08,Toscana,Pisa,2022-07-24
1798,Severino,Scaramucci,GLZRNT50E48M194Y,1967-07-29,Umbria,Perugia,2021-01-06
1799,Alessandro,Monte,GRTTLC78T64B236T,1966-06-25,Veneto,Vicenza,2019-04-16
1800,Filippo,Saffi,CRBFLV73C55A713Q,1969-12-27,Umbria,Terni,2020-12-01
1801,Ernesto,Bertoli,GZZRGR97P70F369I,1971-06-21,Marche,Ancona,2019-04-06
1802,Liana,Carducci,STRVRC41C19M321Y,1997-03-11,Friuli-Venezia Giulia,Udine,2018-11-21
1803,Anita,Travaglio,CSCCRT03S25B029J,1961-06-05,Veneto,Vicenza,2026-02-23
1804,Donato,Oscuro,BRRFRC22A69A449F,1993-03-19,Sicilia,Siracusa,2022-08-28
1805,Giustino,Vismara,SCRGLN64P68G117M,1980-04-07,Sardegna,Oristano,2015-01-27
1806,Raimondo,Necci,PLLSTL65H06C524J,1990-11-09,Toscana,Livorno,2024-06-06
1807,Etta,Ughi,BGNNNL25A49D251P,1954-09-12,Sardegna,Oristano,2025-09-07
1808,Gianpietro,Pedrazzini,MCHCML58B12I994M,1948-09-06,Lombardia,Milano,2016-07-29
1809,Sylvia,Cuzzocrea,CBRLNA99C21G196I,1982-12-22,Campania,Caserta,2019-08-06
1810,Fabio,Navarria,CBBGSP25M09G994D,1970-07-01,Valle d'Aosta,Courmayeur,2024-08-21
1811,STELLA,Tornatore,BTTRSL25A19E470X,1966-03-17,Molise,Isernia,2018-05-27
1812,Ruggiero,Bramante,TRTBTC77B05E273S,1963-03-24,Trentino-Alto Adige,Bolzano,2015-05-23
1813,Antonio,Coppola,CRPGNE20B28H391A,1988-08-16,Sardegna,Sassari,2017-10-17
1814,Imelda,SBARBARO,SCHLLD06B60I310C,1960-07-27,Toscana,Pisa,2019-12-11
1815,Lucrezia,Bruno,CRDLLN51B05L860R,1985-01-10,Emilia-Romagna,Rimini,2019-10-15
1816,FILIPPO,Bassi,BLBMRA17T11H097J,1979-06-30,Emilia-Romagna,Modena,2023-07-12
1817,Luciana,Trupiano,GRSGTN79T64C284A,1992-01-03,Abruzzo,L'Aquila,2022-09-05
1818,Amleto,Magrassi,RCLLLN43D18A134P,1978-06-18,Basilicata,Potenza,2018-03-29
1819,Fortunata,Endrizzi,MNZMBT13C65I453L,1963-08-02,Liguria,La Spezia,2019-11-21
1820,Ignazio,Durante,BLZGRG02P22E242H,1979-01-16,Friuli-Venezia Giulia,Trieste,2025-07-14
1821,Elena,Trezzini,MRLDRN73S11B446V,1985-07-29,Lazio,Roma,2015-06-29
1822,Enzio,Ludovisi,CRQLDN75D63L126Z,1983-01-20,Toscana,Siena,2017-01-02
1823,Mirko,Nibali,BZOCHL27T62G117X,1987-12-07,Sicilia,Messina,2018-07-19
1824,Cassandra,Musatti,TMBLSS99B08E894B,1948-04-04,Marche,Ancona,2023-07-22
1825,Danilo,Civaschi,FDRPTR45P51F801M,2000-03-20,Sicilia,Palermo,2016-02-15
1826,Mirko,Pedersoli,CSRGCM03E71A764C,1984-02-09,Lombardia,Bergamo,2021-03-31
1827,Vanessa,Crespi,CMNMRA06L04D897V,1965-10-19,Trentino-Alto Adige,Trento,2017-01-25
1828,Diana,Cutrufo,GNTSMN35A46G424T,1970-11-11,Basilicata,Potenza,2025-07-19
1829,Donatella,Binaghi,BRSPCC54R41E432X,1999-01-25,Puglia,Lecce,2016-09-23
1830,Gianluigi,Cesarotti,LMBNCT83B11D456E,1986-07-01,Trentino-Alto Adige,Trento,2023-04-11
1831,Giulio,Cugia,GRGVLR90E02C658J,1974-03-15,Veneto,Verona,2018-11-08
1832,Atenulf,Cattaneo,RSNLRN63R30I280A,1980-05-01,Toscana,Firenze,2018-01-10
1833,Eugenia,Salvini,RMZLVI79B52E782M,1996-06-26,Veneto,Vicenza,2021-04-06
1834,Camilla,Natta,,2002-06-06,Molise,Campobasso,2015-12-13
1835,Rosalia,Canali,GRGMRS55A04A446L,2005-10-14,Toscana,Siena,2023-11-10
1836,Angelina,Bianchi,TSOCSN04D01I679D,1999-04-29,Toscana,Livorno,2024-02-02
1837,Loredana,Pometta,CLLMRA51E25M208K,1956-04-29,Toscana,Siena,2015-10-26
1838,Carlo,Stefanelli,RNDNDA05P01F559X,1981-12-31,Friuli-Venezia Giulia,Pordenone,2023-08-01
1839,Cipriano,Ottino,CNVNRC75A68H744G,1964-05-04,Trentino-Alto Adige,Trento,2024-10-07
1840,Corrado,Moschino,SCRRRA25P02E396W,1957-07-19,Marche,Macerata,2021-10-09
1841,Rocco,Camanni,BRNMRS91D11A812A,1988-09-02,Calabria,Catanzaro,2023-12-15
1842,Antonio,Lupo,TRCGDU62E47I629G,1949-08-10,Toscana,Siena,2020-07-03
1843,Pasquale,Dulbecco,FRRLLR02R14B925Y,1976-06-13,Friuli-Venezia Giulia,Trieste,2025-06-07
1844,Maurilio,Turci,SFFPMP90L60C703G,1976-10-30,Valle d'Aosta,Courmayeur,2026-06-30
1845,Stefano,Badoglio,CSLPTZ00H07H218S,1976-08-16,Basilicata,Potenza,2022-06-08
1846,Ninetta,Filogamo,CRSRNR32L69E232P,1995-05-21,Sardegna,Cagliari,2021-01-17
1847,Raffaello,Condoleo,NTTRMN08P08I945W,1981-03-12,Liguria,La Spezia,2022-06-29
1848,Edoardo,Sibilia,BLBNNT34L14E574R,1991-05-20,Veneto,Verona,2017-10-07
1849,Ciro,Mattarella,SMNBLS14A55G305M,1958-10-04,Umbria,Perugia,2023-06-23
1850,Sebastiano,Schicchi,GRFNGC02T21C791S,1957-10-04,Lazio,Latina,2019-05-28
1851,Bettina,Gilardoni,ZNCVLR90S23C871X,1946-02-01,Piemonte,Alessandria,2017-12-25
1852,Antonina,Adinolfi,GRVBCC40C42C719K,1983-04-21,Puglia,Lecce,2020-09-21
1853,Cristina,Tassoni,MLPSLO76M30L851S,1968-10-27,Trentino-Alto Adige,Trento,2025-10-28
1854,Paolo,Trupiano,GRRBCC25M59E736L,1989-04-10,Trentino-Alto Adige,Merano,2017-07-24
1855,Giulietta,Casellati,PSCLMR13L70E103U,1987-01-26,Marche,Pesaro,2020-10-15
1856,Cirillo,Condoleo,SPLGVN06M16G136V,1992-04-03,Molise,Isernia,2018-06-28
1857,Goffredo,Grassi,DRGDIA55C07H919V,1967-01-03,Abruzzo,Chieti,2020-01-28
1858,Gloria,Totino,CRNRCR01B63I861Z,1989-10-04,Sicilia,Messina,2024-01-29
1859,Giustino,Deledda,CLILFD27M42F546I,1994-10-17,Veneto,Padova,2020-01-06
1860,Romeo,Veltroni,CMCBRR52A27B690F,1953-11-05,Toscana,Pisa,2026-05-06
1861,Fortunata,Babato,CDRBRN30H62H539N,1966-10-04,Friuli-Venezia Giulia,Trieste,2018-08-23
1862,Luisa,Toscanini,CMNCSN10M71A229N,1984-01-31,Campania,Napoli,2024-02-08
1863,Lisa,Valmarana,TMSMDA09P70E289M,1955-08-11,Piemonte,Alessandria,2021-11-28
1864,Vincenza,Guinizzelli,GHUDRD20B55M277M,1964-03-15,Sardegna,Oristano,2024-02-03
1865,Tiziana,Nosiglia,RSSMLN47M30A118V,1959-04-14,Puglia,Taranto,2022-05-03
1866,Adriana,Dossetti,SPRGBL69A14F111P,1958-06-18,Valle d'Aosta,Aosta,2024-08-11
1867,Lucio,Sforza,RRGLSE48R03D219Z,1949-08-10,Puglia,Lecce,2015-01-18
1868,Carolina,Pincherle,BRNDNI65M22I801K,2004-10-03,Basilicata,Matera,2016-12-17
1869,Camilla,Jovinelli,RNDPTZ64C15H807H,1948-07-18,Piemonte,Torino,2015-01-02
1870,Marcella,Perini,BNGGFR05R52C443G,1954-08-25,Liguria,La Spezia,2020-12-29
1871,Laura,Casagrande,BRNPRN14H54A445E,1957-06-09,Basilicata,Matera,2016-06-16
1872,Simone,Villarosa,CEOMLN36S29I703Z,1953-08-16,Campania,Caserta,2026-02-18
1873,Graziella,Virgilio,MNTVRN48H04I393F,1987-05-29,Basilicata,Potenza,2025-02-23
1874,Romeo,Pezzali,MGLSLV05R30E535S,1982-07-02,Abruzzo,L'Aquila,2020-04-10
1875,Iolanda,Longhena,PSSGNT92E70G555Z,1958-05-06,Trentino-Alto Adige,Bolzano,2018-06-25
1876,Pomponio,Asprucci,SNDTLL39C43E791Y,1956-04-25,Lombardia,Monza,2018-05-08
1877,Agostino,Correr,CMCRLD18C70D835B,1988-03-16,Friuli-Venezia Giulia,Trieste,2024-10-06
1878,Barbara,Golino,LNEDNI00P59M394U,1997-09-21,Abruzzo,Chieti,2021-10-14
1879,Monica,Gargallo,DNSPSL68T57C429H,1980-01-23,Piemonte,Novara,2019-04-18
1880,Diana,Basadonna,CBNGLN50M45I114L,1961-09-27,Puglia,Foggia,2026-02-28
1881,Vincentio,Russo,RRCLNA79B03D223H,1956-12-03,Basilicata,Matera,2022-05-02
1882,Benito,Gabbana,GRSLRA84R21I777P,1961-07-04,Sardegna,Oristano,2015-03-02
1883,Ettore,Fittipaldi,CNNGNL27M64E388C,1958-04-18,Valle d'Aosta,Courmayeur,2015-12-11
1884,Vincenza,ABATANTUONO,FNCGNT05E51F980B,1961-03-13,Sardegna,Cagliari,2024-05-16
1885,TULLIO,Caccioppoli,MNTLSS21H70M361M,1978-06-20,Friuli-Venezia Giulia,Pordenone,2022-07-25
1886,Gustavo,Marangoni,CLLGSP15R44E617M,1958-04-06,Toscana,Pisa,2022-06-16
1887,Luciano,Bajardi,LXRGDI03R14E329I,1992-06-08,Veneto,Treviso,2019-05-31
1888,Rosina,Bocca,SRRBCC98P45H522R,1993-05-04,Emilia-Romagna,Parma,2025-03-28
1889,Giuliano,Varano,VRGLGO93A28E311K,1987-07-28,Lazio,Roma,2024-05-11
1890,Romolo,Vigorelli,CGNGRN10M09E448D,1998-01-05,Veneto,Vicenza,2019-12-31
1891,Ugo,CAMPANO,MGHRSN23L21E048V,2004-12-20,Piemonte,Novara,2020-09-12
1892,GIUSTINO,Vergassola,VRNGNT89R53H481I,1966-06-10,Trentino-Alto Adige,Bolzano,2023-11-27
1893,Dolores,Vianello,MZZTNN48R50H407A,1946-06-20,Puglia,Foggia,2026-04-03
1894,Victoria,Bulzoni,MRPGLI40S42B172V,2004-07-05,Campania,Caserta,2016-02-24
1895,Delfino,Chinnici,BGITNI99M12C623W,1966-01-26,Umbria,Perugia,2023-09-22
1896,Ida,Paruta,NCLCRL09M03E541Z,1983-07-14,Trentino-Alto Adige,Merano,2016-10-14
1897,Giuliana,Bixio,VNVPLT50D14D398J,1960-03-01,Valle d'Aosta,Courmayeur,2021-07-22
1898,Gionata,Polani,CLGMRN74E11E009R,1977-06-05,Trentino-Alto Adige,Trento,2017-03-10
1899,Caterina,Bertolucci,SPNDRN06A60H022X,1951-02-26,Abruzzo,Chieti,2016-09-16
1900,Fernanda,Manunta,MNCNCT74E06A473L,1950-12-03,Piemonte,Novara,2021-01-21
1901,Lando,Paoletti,LNRRFL55M54A502E,1986-09-29,Lombardia,Pavia,2026-06-16
1902,Marcantonio,Roccabonella,CTRLBT39H54L317P,1976-09-09,Valle d'Aosta,Aosta,2018-12-16
1903,Mirco,Stoppani,MRPLPN73M66M335D,1950-09-10,Molise,Campobasso,2018-08-22
1904,LIVIO,Meucci,FRRMLN77A14B408B,2001-08-30,Umbria,Terni,2022-11-18
1905,Gioachino,Pacomio,PRNRZO16S46I301Q,1964-01-20,Emilia-Romagna,Rimini,2018-10-04
1906,Piero,Morandini,BRNCRD50S51G474H,1965-05-06,Molise,Campobasso,2026-02-01
1907,Concetta,Nadi,BRNDRN88S14B708R,1948-04-07,Liguria,Genova,2025-02-27
1908,Simonetta,Fanucci,DLBCRT37C31I203L,2003-03-15,Abruzzo,L'Aquila,2022-08-06
1909,Nedda,Salvo,SBRSLT39L45I225X,1957-01-11,Basilicata,Potenza,2017-02-25
1910,Luchino,Boitani,BBTCLC10C49H625M,1994-08-31,Lombardia,Monza,2022-08-23
1911,Ciro,Cabibbo,TLSGRG68P61E172B,1972-12-30,Lazio,Latina,2024-07-18
1912,Atenulf,Albertini,CNNMRN75P13F187E,1968-03-04,Friuli-Venezia Giulia,Trieste,2023-07-07
1913,Lara,Tagliafierro,FRRRAI22R20L509X,1977-08-21,Sardegna,Oristano,2016-09-07
1914,Micheletto,Ruggeri,LBLMRA17T14I538Z,1974-05-28,Piemonte,Alessandria,2019-02-22
1915,Giuseppe,Dallara,BRRNRC93B46A536S,1977-07-11,Marche,Ancona,2017-07-17
1916,Gastone,Trotta,GRMSNT43D54D738A,1996-09-17,Calabria,Reggio Calabria,2019-10-06
1917,Ida,Pavone,SCLPLA44S06D967U,1993-07-25,Friuli-Venezia Giulia,Pordenone,2016-10-14
1918,Giustino,Tosi,MSTCTN15S18H462N,1994-07-22,Abruzzo,L'Aquila,2021-09-03
1919,Luisa,Giannini,GRSMLI96E42A315E,1953-05-05,Friuli-Venezia Giulia,Udine,2022-06-23
1920,Giorgia,Riccardi,MRNNNN36S55D666B,1945-05-12,Sardegna,Oristano,2017-05-25
1921,Loretta,Combi,BRSCML17D05M108O,1968-09-17,Emilia-Romagna,Bologna,2018-07-24
1922,Laura,SAGESE,VLMSLS87R64I783M,1961-08-11,Valle d'Aosta,Aosta,2017-04-30
1923,Calcedonio,SALVEMINI,PZZGRM31S50G904J,1990-09-23,Abruzzo,Pescara,2020-05-08
1924,Eva,Dellucci,DNRMDA24P58E078K,1989-03-14,Veneto,Padova,2020-05-02
1925,Giulietta,Donarelli,SBLLRA91A21F841L,1971-04-06,Trentino-Alto Adige,Merano,2022-09-21
1926,Augusto,Boitani,GRDNSD32H63G801B,1967-05-06,Marche,Pesaro,2017-10-18
1927,Fulvio,Balla,GCMMNL92P57I935P,1981-05-20,Piemonte,Torino,2019-04-16
1928,Ennio,Interiano,MNTFDC39A02L243E,2005-03-15,Puglia,Bari,2020-07-31
1929,Sophia,Cammarata,PTRMRH60P10F534D,1980-05-31,Molise,Campobasso,2017-12-25
1930,Baldassare,Raurica,DROGSV32E70H205V,1954-12-09,Piemonte,Novara,2015-04-23
1931,Michelotto,Gussoni,RNRRNF68D67F748N,1978-01-31,Lombardia,Milano,2022-04-17
1932,Tiziana,Opizzi,SFFRMN79D15H569Q,2001-12-22,Veneto,Padova,2018-04-10
1933,Mercedes,Viola,NGSSMT87S25L830Y,1988-12-14,Basilicata,Potenza,2025-12-19
1934,Nicoletta,Michelangeli,CSTCNT68M31F414Q,1950-07-06,Emilia-Romagna,Modena,2016-05-03
1935,Ubaldo,Guarana,,1957-08-16,Valle d'Aosta,Courmayeur,2021-05-10
1936,Ermanno,Bignardi,MDCSNN74T45L018F,1950-11-10,Campania,Caserta,2025-03-11
1937,Sante,Campano,SLTDRD32L48A367N,1987-10-12,Abruzzo,L'Aquila,2023-10-05
1938,Paloma,Bruscantini,GRMFDC34C69C178F,2002-11-20,Lombardia,Bergamo,2025-11-24
1939,Rita,Volta,SLTDNI66D08G109M,1954-11-08,Lazio,Latina,2021-01-01
1940,Morena,Camiscione,CRDSLO84P16A302P,1981-03-21,Veneto,Vicenza,2015-06-16
1941,Ottone,Crispi,,1966-12-02,Calabria,Catanzaro,2019-02-07
1942,Anita,FRANZESE,CMBCSN05B01B960B,1994-09-10,Sardegna,Sassari,2024-05-31
1943,Gianmarco,Duodo,NTLNTL88P13E974E,1983-02-12,Valle d'Aosta,Courmayeur,2020-08-19
1944,Raffaellino,Parisi,BCCMLA65S20H221U,1995-09-16,Liguria,Savona,2023-01-02
1945,Stella,Zaccagnini,PNEDRA01P43I808U,1975-02-27,Veneto,Verona,2023-01-02
1946,Laureano,Fattori,PSSCRL36A70H793M,1951-11-05,Veneto,Verona,2017-04-25
1947,Gianpietro,Virgilio,MCCGCN82B59F498I,1981-12-30,Piemonte,Cuneo,2016-08-17
1948,Margherita,Bellocchio,,1964-03-31,Molise,Campobasso,2019-11-25
1949,Fulvio,Medici,PZZLCN86B42A040Q,1970-02-27,Marche,Ancona,2025-02-02
1950,Gaetano,Antonacci,PVNFRZ00H67I783H,1967-06-17,Marche,Ancona,2020-05-29
1951,Gustavo,Moneta,RMTBNN42A69H410V,1988-12-02,Lazio,Roma,2019-11-08
1952,ANTONINO,Roccabonella,PLLPRN34B43A130C,1996-08-24,Toscana,Pisa,2021-03-24
1953,Fabrizia,Perozzo,MNNCLR90B63L058O,1947-06-01,Molise,Campobasso,2017-03-09
1954,Victoria,Gasperi,BBGRCR69H44E288P,1966-01-05,Trentino-Alto Adige,Trento,2016-01-06
1955,Diana,Ioppi,BSSVLR78A52I326K,1950-07-01,Lombardia,Monza,2025-01-30
1956,Annamaria,Ferrari,PCCGSR37P45E061M,1977-11-23,Sicilia,Catania,2021-09-20
1957,VITTORIO,Zoppetti,CMUSVD77M66A161D,1987-07-03,Basilicata,Potenza,2023-06-25
1958,Vincenzo,Giannuzzi,ZBRMBT81R44F093W,1954-09-27,Abruzzo,L'Aquila,2016-11-25
1959,Vincenzo,Spallanzani,RTLMLA47R14B916P,1959-11-29,Valle d'Aosta,Aosta,2020-12-20
1960,Milo,Sanguineti,SNTLDI02T20C524H,1985-08-24,Umbria,Terni,2018-07-13
1961,Dino,Argento,CHPLSU89H15L155Q,1983-02-13,Trentino-Alto Adige,Bolzano,2018-11-11
1962,Elvira,Trentini,PRMLSN38B18L212B,1946-10-19,Veneto,Padova,2019-05-27
1963,Adelmo,Pacetti,BNMMRS46H17D398B,1956-05-17,Sicilia,Palermo,2016-03-16
1964,Danilo,Scaduto,SRCJCP90B62I048X,1980-05-27,Valle d'Aosta,Courmayeur,2018-01-12
1965,Edoardo,Sraffa,PVNFRN09B58H240R,1949-07-22,Puglia,Lecce,2026-05-27
1966,Nedda,Villadicani,LVRBTC77T19E336J,1975-06-05,Umbria,Perugia,2017-02-05
1967,Edoardo,Roccabonella,CEOTTR18R71F141Y,1989-01-02,Trentino-Alto Adige,Bolzano,2019-08-09
1968,Mario,Toscani,SLTNNR90E24H858W,2001-01-21,Valle d'Aosta,Aosta,2024-12-02
1969,Mirko,Innocenti,CMPPLA44S10E013B,1986-05-08,Molise,Isernia,2018-09-10
1970,Sebastiano,Beccaria,RCCTNO16A68G202M,1947-06-15,Piemonte,Torino,2015-07-18
1971,Elmo,Ceci,TMBCHL90R41M145O,2002-02-25,Trentino-Alto Adige,Merano,2016-10-26
1972,Livia,Benedetti,PNIFBA90H14C936Z,1950-02-19,Valle d'Aosta,Courmayeur,2015-07-31
1973,Arnulfo,Sauro,FRNCHR35M06F422W,2002-12-03,Abruzzo,Chieti,2021-07-02
1974,Ettore,Zacco,LTTDLM07B56F592M,1970-10-07,Puglia,Foggia,2026-01-06
1975,Fernanda,Traetta,CRLTZN33T15C557A,1989-12-26,Puglia,Taranto,2015-12-14
1976,CARLO,Cianciolo,BNLTTV69H41F190B,1998-10-04,Toscana,Firenze,2016-02-05
1977,Baccio,Biagiotti,ZNZTNF11B59E003M,1952-12-16,Friuli-Venezia Giulia,Udine,2023-02-09
1978,Achille,Emanuelli,CNTCLR40C54A825N,1966-02-26,Liguria,Genova,2024-04-06
1979,Ludovica,Battelli,GNTRNR06R45C133K,1949-05-25,Friuli-Venezia Giulia,Pordenone,2023-03-19
1980,Antonello,Balla,BNDPCC75H62A154C,2001-01-27,Molise,Campobasso,2025-07-15
1981,Adelmo,SORDI,BRGTNO73E58H650K,2000-06-14,Basilicata,Matera,2022-12-18
1982,Marcantonio,Magnani,CMNPRN66M14G354T,1956-04-14,Lazio,Latina,2016-06-12
1983,Angelina,Fusani,MRLDNL76E49M365M,1992-06-03,Basilicata,Matera,2017-10-14
1984,Sabatino,Carpaccio,BRNBRT18M47I662Q,2002-10-04,Veneto,Vicenza,2018-12-24
1985,Lorenzo,Varano,FSNVRN99B02C744E,1978-12-03,Veneto,Padova,2019-03-18
1986,Mariano,Beccaria,NVIPTZ84R13C356A,1957-09-11,Lombardia,Milano,2023-12-22
1987,Giulietta,Falcone,SCTGLN27T12E719W,2004-11-02,Marche,Macerata,2021-11-24
1988,Girolamo,Trevisani,MRLCRT53P02E367W,1978-01-15,Emilia-Romagna,Modena,2024-08-30
1989,Sophia,Leblanc,BRZPMN57D59F893X,1980-01-03,Valle d'Aosta,Aosta,2021-07-16
1990,Giancarlo,Gregorio,VNDTZN24P50B881B,1971-01-27,Sicilia,Messina,2015-12-13
1991,Luciano,Gentilini,MNCPLG17P42D576O,1961-10-10,Liguria,Savona,2021-08-04
1992,Mario,Bernardini,RGGGDU90A53D879Q,1978-11-06,Abruzzo,L'Aquila,2021-11-25
1993,Ricciotti,Morabito,BTTMRC50C47G065Q,1990-04-29,Marche,Macerata,2015-07-04
1994,Fiorenzo,Aloisio,VLTLND98H04A432L,1969-09-17,Umbria,Perugia,2022-06-09
1995,Silvio,Maspero,CMNFRN12B04E986S,1975-07-01,Abruzzo,Chieti,2015-11-04
1996,Melania,Tomaselli,CDRLDA18H66D168E,1964-05-23,Friuli-Venezia Giulia,Trieste,2019-09-08
1997,Irma,Russo,BRNFDG21S41E371R,1955-12-18,Umbria,Terni,2023-11-08
1998,Letizia,Pagliaro,MNGGMM89B22B885C,1992-03-17,Valle d'Aosta,Courmayeur,2025-06-18
1999,Achille,Bramante,FGNMRH40R12L401F,1966-08-19,Marche,Ancona,2017-01-18
2000,Atenulf,Altera,PRCVLR06B11B176U,1965-04-02,Emilia-Romagna,Parma,2015-11-18
2001,Martino,Gabbana,NDASPH87S19C763O,1990-04-19,Sardegna,Oristano,2026-02-20
2002,RANIERI,Morosini,RNCGRG05M04I242X,1994-07-28,Toscana,Siena,2015-03-10
2003,Rembrandt,Federico,SCRRBT70A30D817Q,1997-08-01,Sardegna,Cagliari,2017-05-24
2004,Isabella,Ostinelli,GNTSTL96B02A101N,1966-12-05,Basilicata,Potenza,2023-06-18
2005,Panfilo,Lupo,MRNVRN01D23L676H,1982-04-12,Molise,Campobasso,2015-01-26
2006,Barbara,Casale,LTTJLD16A29C288N,1957-01-06,Marche,Pesaro,2016-04-19
2007,Pomponio,Beccheria,BCCBNT69E61G574R,1954-10-07,Basilicata,Matera,2021-07-22
2008,Cesare,Gangemi,DRGMCL44D70E022D,1981-07-16,Basilicata,Potenza,2019-05-15
2009,Giuseppina,Zola,CMNNTN46L43A333U,1958-04-08,Marche,Macerata,2016-08-25
2010,Atenulf,Pistoletto,NDRLDA50R54M204G,1948-04-10,Valle d'Aosta,Courmayeur,2021-08-05
2011,Raffaella,Versace,BRGRNL49T15F141F,2001-07-25,Piemonte,Alessandria,2015-06-24
2012,Giuseppe,Battisti,SDRMCL34T22B352X,1949-02-28,Liguria,La Spezia,2017-02-25
2013,Lauretta,Gaito,LSSGLR74T31E031D,1962-04-24,Piemonte,Torino,2016-03-29
2014,Sophia,Gasperi,CRBLSI62M13I171H,1947-06-13,Calabria,Reggio Calabria,2023-08-31
2015,Sandra,Crispi,MNDGNL27C61D760V,1960-09-30,Molise,Campobasso,2019-11-26
2016,Renata,Amaldi,TCCVEA48H09B400N,1984-02-20,Emilia-Romagna,Modena,2017-06-10
2017,Vittoria,Peranda,LCCBNC58P09B947S,2000-09-23,Umbria,Perugia,2019-09-24
2018,Berenice,BINAGHI,CNTFBA28E11L223H,1966-09-21,Sardegna,Cagliari,2021-10-26
2019,Cesare,Bonanno,BLBPNI05S29L614B,1975-09-27,Emilia-Romagna,Modena,2021-09-10
2020,Pierpaolo,Belletini,GTTDLM81P58L866J,1981-07-22,Molise,Campobasso,2016-01-13
2021,Piergiuseppe,Tonisto,GLNLBT19B43E127P,2004-11-04,Lombardia,Milano,2023-04-24
2022,Panfilo,Ruggeri,CMPRSR00E29H300K,1995-08-23,Piemonte,Alessandria,2016-06-15
2023,Mario,Saraceno,ZNCRBT41R68B969N,1967-11-25,Piemonte,Cuneo,2018-09-18
2024,Calogero,Donini,MZZFBA50A48M338T,2001-01-10,Sicilia,Siracusa,2023-06-07
2025,Rosaria,Giunti,NDRGNL88C55D982Z,1953-01-16,Lazio,Frosinone,2021-08-18
2026,Michelangelo,Treccani,BSOFRC59M29A252S,1958-03-08,Lazio,Latina,2022-05-30
2027,Griselda,Ceci,RSSCRL11H27B727D,2000-07-07,Calabria,Cosenza,2019-05-12
2028,Gianluca,Vigliotti,FBBLSE55T31B794I,1971-06-01,Basilicata,Potenza,2018-03-03
2029,Cirillo,Donini,NSCNDD15P19L826N,1981-08-03,Sardegna,Cagliari,2015-07-08
2030,Severino,Agnesi,ZNICSR55B65B188V,1947-09-28,Lombardia,Monza,2024-11-29
2031,Tiziano,Romagnoli,NGRLCI42P18A835X,1991-08-27,Sardegna,Cagliari,2019-12-11
2032,Lina,Mazzeo,SGRFBA90T44E101F,2003-12-20,Lazio,Latina,2015-05-24
2033,Angelina,Traetta,BNSRMI30M18I249V,2004-07-14,Calabria,Catanzaro,2017-08-23
2034,Ornella,Gaggini,VRSLDI77C17L810O,1994-04-11,Emilia-Romagna,Bologna,2018-04-21
2035,Beatrice,Sokolov,TMOGDI42E28A535Y,1953-05-22,Lombardia,Brescia,2023-07-30
2036,Flavia,Cafarchia,DBSVRN96M06A015H,1946-05-05,Sicilia,Catania,2025-10-22
2037,Arnulfo,Einaudi,MJRNNT16S30L032Z,1992-06-01,Calabria,Reggio Calabria,2022-01-13
2038,Gianmarco,Chittolini,BNCFRN11E09F256B,1968-12-16,Veneto,Padova,2023-12-10
2039,Gustavo,Franceschi,TRZCML08L31M365J,1969-05-24,Friuli-Venezia Giulia,Pordenone,2015-11-29
2040,Michelotto,Ferrazzi,CLNSNR94A05A363U,1945-08-02,Molise,Campobasso,2026-07-11
2041,Emma,Foletti,LRNVCR89C08L187Q,1955-06-24,Valle d'Aosta,Aosta,2023-09-07
2042,Donatello,Ceschi,TNZMCL16T69B081F,1947-04-16,Puglia,Taranto,2016-01-28
2043,Gioachino,Palmisano,BSDCCL64B14D630Q,1971-04-17,Lazio,Roma,2016-08-22
2044,Valeria,Bellini,GRTPLA25A62I881S,1991-10-25,Campania,Caserta,2019-05-24
2045,Arturo,Murialdo,RSSMRN58H13L742Y,1978-01-18,Lazio,Roma,2019-12-12
2046,Bettina,Cafarchia,CHRNTT87A21B726A,1980-01-21,Emilia-Romagna,Parma,2018-08-22
2047,Caterina,Bruscantini,BRGRGR38L68G513W,2005-03-27,Molise,Isernia,2017-12-01
2048,Annibale,Cundari,CSLMLA33D27H974T,2001-02-08,Valle d'Aosta,Courmayeur,2025-08-20
2049,ALESSANDRA,Leopardi,PDRLSI20C19A827L,1950-12-29,Marche,Macerata,2020-11-28
2050,Nina,Fioravanti,PCCMLN01P02D951A,1962-10-21,Veneto,Padova,2019-07-19
2051,Pellegrino,Volterra,PRCPNL58A53C497M,1960-05-13,Sicilia,Messina,2019-07-18
2052,Imelda,Pertile,BRNPNI65L12D895Y,1986-08-26,Umbria,Perugia,2015-03-29
2053,ATENULF,Marcacci,GLNLND83A55E647F,1999-02-03,Abruzzo,Pescara,2018-08-31
2054,Ottone,Ferretti,FRNGNC72L52A088J,1956-11-16,Veneto,Vicenza,2025-06-28
2055,Leone,Paolini,SNSLSE16C13B447K,1985-02-23,Lombardia,Bergamo,2016-08-31
2056,Raffaellino,Casadei,MLPCNT32D26E420S,1960-02-19,Marche,Macerata,2022-03-31
2057,Gabriella,Cibin,VTTLDC34S45B061H,1983-09-07,Piemonte,Torino,2021-03-06
2058,Giovanna,Tosto,DNSMLS76S20B024N,1980-09-27,Abruzzo,Pescara,2025-07-20
2059,Loretta,Pistoletto,,2004-11-12,Molise,Isernia,2026-07-07
2060,Cecilia,Parmitano,GLPGLS71H66C549X,1989-02-06,Lombardia,Milano,2019-02-03
2061,Vanessa,Chigi,SCDFLV46S42D927A,1996-05-13,Sardegna,Cagliari,2022-08-18
2062,Vito,Gilardoni,GVNGBL25A26H414X,1983-03-22,Marche,Ancona,2020-03-12
2063,Gioacchino,Borzomì,STNSSN67M13A283G,1993-10-05,Basilicata,Potenza,2022-02-21
2064,Nico,Interiano,SCHTTV88R62C862H,1989-03-19,Emilia-Romagna,Bologna,2024-08-12
2065,Telemaco,Montalti,PGFGRN92S51M278C,1981-02-15,Toscana,Firenze,2026-02-19
2066,Galasso,Onio,RMGLNI72M28C884O,1977-10-03,Lombardia,Milano,2015-01-19
2067,Panfilo,Peano,BCCPCC26E45A804Q,2001-06-12,Trentino-Alto Adige,Trento,2022-11-01
2068,Federigo,Mozart,PDVLSS68T70A082M,1977-11-03,Abruzzo,Chieti,2015-05-02
2069,Antonina,Montanelli,TMSCLR43C65E290M,1981-04-30,Valle d'Aosta,Courmayeur,2018-05-16
2070,Cassandra,Cocci,PGNRZO50E68E818R,1957-06-13,Trentino-Alto Adige,Merano,2022-05-05
2071,Fiorenzo,Carfagna,NDRMRN35C08D963H,1997-12-27,Sardegna,Oristano,2021-01-08
2072,Maura,Casaleggio,FBRRLD15E42H180H,1959-03-17,Campania,Napoli,2017-11-05
2073,Giustino,Verdi,GRNDNI53B10I367J,2004-06-02,Piemonte,Novara,2024-09-18
2074,Luciano,Mascheroni,BRTMRA72L08H045O,2003-03-03,Umbria,Terni,2017-11-30
2075,Marta,Satriani,CMPTRS02A18G909H,2001-06-23,Marche,Macerata,2016-06-24
2076,Giuseppina,Castelli,TRCMCL21C70B279N,1948-03-19,Umbria,Terni,2024-11-24
2077,Bernardo,Pacetti,CBBHGU40C47D906S,1980-01-13,Umbria,Terni,2025-09-17
2078,Patrizia,Lippomano,RNLMLN58E09L097N,1969-08-30,Piemonte,Cuneo,2023-07-14
2079,Giulia,Tarantini,CRDMRD24S06L372O,1989-05-26,Lazio,Frosinone,2026-01-17
2080,Fabrizia,Asmundo,MRTNRC28M55E887N,1958-10-23,Sicilia,Siracusa,2017-11-26
2081,Donatello,Riccati,MCCPRI24D55A038J,1992-01-18,Molise,Isernia,2015-01-06
2082,Costanzo,Ligorio,BLLSRN89H27B633O,1969-03-01,Veneto,Verona,2015-09-02
2083,Paoletta,Rosmini,RMLLNI41S17H055Z,2000-08-01,Liguria,Savona,2022-06-11
2084,Antonino,Barcella,CRCMRA87C24B382G,1993-08-09,Lombardia,Brescia,2018-12-12
2085,Baccio,Maspero,MZZMRS84D04E573S,1986-05-01,Veneto,Treviso,2023-11-03
2086,Alfredo,Manunta,CSTVNL97L17I679I,1967-02-16,Friuli-Venezia Giulia,Pordenone,2017-12-26
2087,Eliana,Broggini,DLLMCA25B47E063K,1962-06-16,Puglia,Lecce,2017-04-24
2088,Donna,Muti,CSSGLN99L46L781R,1961-09-28,Abruzzo,L'Aquila,2022-07-30
2089,Licia,Avogadro,SPDFLR44C24E019M,1960-01-17,Sicilia,Siracusa,2018-11-08
2090,Dina,Niggli,GNVCNT21C21H448B,1999-07-17,Trentino-Alto Adige,Merano,2023-04-20
2091,MARTA,Rubbia,FVTNTL77R06A017W,1978-02-15,Valle d'Aosta,Courmayeur,2023-03-16
2092,Ivo,Ortese,GRGMCL28C48E549C,1974-02-07,Sardegna,Oristano,2015-05-09
2093,Pompeo,Broschi,BRBRGR50B42F926B,1965-02-11,Friuli-Venezia Giulia,Udine,2015-03-04
2094,Romeo,Beccheria,PLLRSO63B25F452O,1996-10-05,Abruzzo,Chieti,2016-09-02
2095,Ornella,Cugia,PRRNGC12A16B345Y,1962-11-13,Toscana,Firenze,2022-06-25
2096,Ermanno,Petrocelli,NLCSLO70D29M415Y,1980-05-24,Basilicata,Potenza,2021-11-24
2097,Anita,Zaguri,BRSMLS85S14L973Z,1954-08-15,Basilicata,Potenza,2019-11-10
2098,Isabella,Iacobucci,PNMSNR25H55I121O,1992-01-22,Puglia,Foggia,2017-03-08
2099,Giuseppe,Chechi,FSCVNL88C05M330A,1958-06-06,Piemonte,Alessandria,2017-06-12
2100,Ernesto,Tomasini,CNLRSO37E05D742A,1985-12-19,Campania,Napoli,2023-08-03
2101,Annalisa,Zichichi,FLLLNR93H13A575C,1995-05-17,Marche,Pesaro,2016-05-07
2102,Nicolò,Fagotto,FRNNCL83A69E189G,1956-08-23,Piemonte,Alessandria,2020-04-09
2103,Gioachino,Soderini,BRDSLO14P02C894H,1957-04-12,Friuli-Venezia Giulia,Trieste,2022-06-03
2104,Paride,Stucchi,CMPGNT00M62D408W,1997-05-10,Emilia-Romagna,Parma,2026-05-11
2105,Gianmarco,Zaccardo,CSTLGU19A69H077W,1957-05-27,Veneto,Padova,2026-01-19
2106,Benedetto,Galtarossa,DRSPSL84A57I448E,1993-07-26,Calabria,Catanzaro,2022-08-13
2107,Ivan,Piane,SFRSTN46L03D390M,1960-12-13,Basilicata,Matera,2026-04-05
2108,LISA,Lercari,,1983-05-30,Sardegna,Oristano,2022-06-15
2109,Nicoletta,Draghi,PCTBRR54T09A735A,1972-07-12,Piemonte,Novara,2023-05-10
2110,Beppe,Zichichi,MNCPMN34A59M094V,1956-10-06,Valle d'Aosta,Aosta,2017-08-06
2111,Germana,Buscetta,FRNLDC57P56D858D,1988-02-10,Piemonte,Alessandria,2015-10-04
2112,Olga,Falloppio,SSMDLS17A09B799U,1970-06-22,Molise,Campobasso,2021-10-20
2113,Raffaellino,Cugia,BNDRSN83M04B463E,1989-01-06,Liguria,Savona,2018-03-26
2114,Lina,Bruscantini,MRTNTT25R08I102P,2002-03-06,Trentino-Alto Adige,Bolzano,2024-11-22
2115,Lauretta,Riccati,SCNVTI72S55E370P,1977-11-11,Molise,Campobasso,2026-07-23
2116,Amleto,Zichichi,GDDBNT21L56L626I,1992-03-05,Friuli-Venezia Giulia,Trieste,2019-11-25
2117,Saverio,Gianinazzi,FNTCCL56S13H264U,1962-01-31,Puglia,Lecce,2016-05-30
2118,Marina,Babbo,MRLVRL68R56G942K,2000-12-27,Lazio,Viterbo,2017-01-28
2119,Alessia,Pugliese,GNSGCT80S59L711A,1968-07-17,Umbria,Terni,2025-12-24
2120,Ilaria,Mascheroni,CRPRMN11S25E106Q,1987-04-26,Piemonte,Novara,2024-01-23
2121,Marcello,Mascheroni,BJMMRN86T26G204G,1988-01-27,Campania,Salerno,2025-05-31
2122,Etta,Monteverdi,GNNCSN18A06B286Y,1957-03-04,Lazio,Frosinone,2023-07-02
2123,Bianca,Bompiani,RSTMRL62L49D020U,1990-11-03,Lombardia,Milano,2025-03-04
2124,Annetta,Saraceno,SKLDRN91A41B510P,1994-04-15,Valle d'Aosta,Aosta,2019-01-28
2125,Pierpaolo,Zamorani,PTRLBT39P62I208S,1964-04-18,Trentino-Alto Adige,Bolzano,2019-06-13
2126,Raffaellino,Tamburello,MLPRCT75M70D334N,1961-09-13,Marche,Macerata,2015-08-28
2127,Valeria,Bruno,FNTRLD44L63A338T,1964-03-17,Marche,Macerata,2024-03-28
2128,Girolamo,Montalti,RSSLRT31H11H509N,2002-06-14,Puglia,Bari,2021-10-19
2129,Giancarlo,Segrè,BRLRNT94L09G071L,1977-08-18,Trentino-Alto Adige,Merano,2020-06-26
2130,Pompeo,Fantozzi,RSSBRR14S59G959D,1968-12-07,Friuli-Venezia Giulia,Udine,2024-05-16
2131,Micheletto,Cibin,GRBLDC26A63D994P,1964-08-20,Molise,Isernia,2018-08-16
2132,Carla,Schiaparelli,RRNLNI44B06F687B,1967-10-12,Marche,Pesaro,2026-03-04
2133,Ernesto,Scandone,FOAPMP38D43L195M,1945-03-30,Emilia-Romagna,Rimini,2019-03-11
2134,Luca,Luzi,PRSMRL36L62E682T,1998-06-18,Friuli-Venezia Giulia,Pordenone,2025-07-05
2135,Gioffre,Mancini,CBCLMR95D50H623X,1974-04-30,Trentino-Alto Adige,Merano,2018-02-06
2136,Girolamo,Bonomo,CSSPLA72R59C604D,1947-07-10,Veneto,Padova,2017-03-18
2137,Marcella,Golgi,LNTRBT36D59L494V,1994-03-01,Molise,Campobasso,2019-03-24
2138,Greco,Platini,NTNVNN97S67H040H,1991-07-13,Umbria,Terni,2026-04-17
2139,Imelda,Zamorani,CMBFBZ06R11F394P,1978-05-24,Trentino-Alto Adige,Merano,2026-07-15
2140,Pierpaolo,Ceri,GLTVTI82P59L245K,1963-02-14,Sicilia,Palermo,2015-05-23
2141,Greco,Calgari,CRSBNC01R15B392Z,1954-10-28,Lazio,Viterbo,2025-04-28
2142,AUGUSTO,Dossi,SDRNTA61H10L702O,1996-03-08,Trentino-Alto Adige,Merano,2017-02-05
2143,Serena,Travaglio,FRRVNI80T66E436Q,1997-08-26,Campania,Caserta,2022-10-23
2144,Napoleone,Morandini,CHRDNI04D41A435O,1950-02-01,Veneto,Padova,2019-05-28
2145,Leone,Lettiere,MRNRZO08C64G543M,1953-05-04,Valle d'Aosta,Courmayeur,2017-08-01
2146,Gianfranco,Zito,BBTCLL94H04B468O,1959-02-14,Lombardia,Bergamo,2017-08-25
2147,Melania,Carosone,SCLLND50H17H598S,1949-10-20,Emilia-Romagna,Modena,2017-08-01
2148,Carolina,Pergolesi,MNTRMN43S22L040L,1954-05-18,Valle d'Aosta,Courmayeur,2017-11-26
2149,Sabatino,Accardo,BSRGNI08E63D884A,1975-10-08,Piemonte,Novara,2024-10-25
2150,Amanda,Mancini,GDTVLT41L13C351I,1971-05-06,Molise,Campobasso,2019-04-26
2151,Calcedonio,Bonolis,VNZPLM47A29C189S,2003-05-16,Lazio,Frosinone,2021-10-05
2152,LAUREANO,Falcone,PSTDNI85T05A335K,1953-01-31,Veneto,Verona,2021-05-19
2153,Sole,Grasso,MSTMRN37C09E375Y,1945-10-14,Umbria,Terni,2022-04-29
2154,Giacinto,Canil,MNNFRN84M23G215W,1962-05-17,Lombardia,Pavia,2023-03-24
2155,Pierluigi,Tiepolo,VCLLPN04P66L727P,1964-04-03,Puglia,Bari,2022-09-29
2156,Fernanda,Mazzini,LVRLLN96R31A503P,1965-07-14,Piemonte,Torino,2025-03-05
2157,Eraldo,Bruscantini,RNCVNI08M49B997T,1993-05-31,Liguria,La Spezia,2023-03-23
2158,ANGELO,Marangoni,MTLNNT19D18I553G,1951-09-22,Basilicata,Matera,2018-07-03
2159,Morena,Ottino,DLLDNI71R31C993R,2000-02-09,Emilia-Romagna,Parma,2018-08-19
2160,Piersanti,Pepe,FBRRCT96H64L403T,1950-07-09,Trentino-Alto Adige,Merano,2024-12-08
2161,Marcella,Cuomo,FLZCHR66C20I544Q,1981-12-29,Basilicata,Potenza,2020-02-13
2162,Gianpaolo,Aloisio,NTLCHR42L19B137H,1975-09-20,Sicilia,Palermo,2022-03-01
2163,Giampiero,Fittipaldi,GCMLNA28D09E393E,1945-09-06,Abruzzo,Chieti,2019-12-23
2164,Ruggero,Rossi,CSTSSN54M12M090O,2000-04-11,Valle d'Aosta,Aosta,2023-02-23
2165,Patrizia,Altera,RNLLME99M60G529Z,1978-01-25,Sicilia,Siracusa,2024-06-28
2166,Mattia,Mengolo,BTTDNN35S12C248Z,1978-05-16,Emilia-Romagna,Parma,2021-05-24
2167,Arsenio,BOSSI,GNTRFL71E27F259J,1957-04-12,Toscana,Firenze,2020-08-19
2168,Fausto,GIBILISCO,GGLGRN91C02B374E,1991-02-17,Valle d'Aosta,Aosta,2017-10-01
2169,Adriana,Malatesta,BLDLDN11M63B736N,1954-01-03,Puglia,Lecce,2025-01-28
2170,Ettore,Chiappetta,BRLNCI07M67L470U,1948-10-28,Lombardia,Pavia,2015-04-18
2171,Licia,Porcellato,VRGRML93B67L912R,1998-03-07,Emilia-Romagna,Modena,2015-09-07
2172,Salvi,Taliercio,GLLPRS13R66I963P,1962-07-16,Valle d'Aosta,Aosta,2026-05-27
2173,Cecilia,Fagotto,BNGRLD46S58C421M,1974-10-19,Toscana,Pisa,2016-10-14
2174,Adelasia,Rossetti,SCTSRN18H17L404J,1989-02-21,Sardegna,Sassari,2021-09-25
2175,Azeglio,Errigo,MRCRMN05R26H402K,1995-09-14,Trentino-Alto Adige,Trento,2024-10-04
2176,Massimo,Pavarotti,DNSGNZ91E70F465Z,1983-07-14,Liguria,La Spezia,2020-09-09
2177,Liliana,Comeriato,SPNFLR80D15G157L,1962-12-23,Friuli-Venezia Giulia,Pordenone,2024-01-11
2178,Marissa,Borsellino,CLGCCL10B02B267F,1980-04-25,Sicilia,Siracusa,2024-10-18
2179,Virgilio,Satriani,GGLVLT44T18E473N,1987-08-13,Umbria,Perugia,2015-06-05
2180,Ornella,Benigni,SNTNNS62E23A363P,1974-08-21,Emilia-Romagna,Parma,2015-07-24
2181,Nedda,Gatto,NGGBNC75R20C679M,1986-12-06,Marche,Macerata,2017-10-15
2182,Griselda,Nonis,MRSCML63B06B869C,1993-10-17,Veneto,Padova,2016-07-10
2183,Elmo,Surian,GLNGNT28P55B927K,1969-03-08,Abruzzo,Chieti,2015-01-25
2184,Ettore,Argentero,LXRNZE18B53B876H,1948-10-17,Friuli-Venezia Giulia,Trieste,2020-09-24
2185,Nicola,Michelangeli,PSLFRD24T64A018W,1989-07-31,Friuli-Venezia Giulia,Pordenone,2023-11-10
2186,Greca,Vecellio,FNZGLI37E15L454I,1962-10-28,Trentino-Alto Adige,Trento,2025-05-22
2187,Roberta,Antonetti,TBLGLN63P60G224O,1971-04-03,Liguria,Savona,2017-04-16
2188,Marco,Ammaniti,SCRLSN21A68E025G,1949-05-29,Trentino-Alto Adige,Bolzano,2025-11-17
2189,Diana,Papafava,BNGLCU24S55F360S,1984-03-13,Trentino-Alto Adige,Bolzano,2019-02-08
2190,Girolamo,Faggiani,,1997-04-17,Marche,Pesaro,2017-07-22
2191,Pierluigi,Giannone,FLLRCC63M51I562V,1959-10-26,Molise,Isernia,2024-08-30
2192,Fausto,Curatoli,ZLORLD02L43L546A,1991-04-04,Trentino-Alto Adige,Trento,2025-05-02
2193,Pasqual,Necci,CVSRMN17A21D970Y,1959-03-18,Valle d'Aosta,Aosta,2015-08-13
2194,Antonina,Cristoforetti,LCCCRL09H30L312J,1966-02-07,Basilicata,Potenza,2023-04-14
2195,Marissa,Poerio,BSSCRT75H11I157Z,1985-03-31,Marche,Macerata,2018-04-15
2196,Gabriella,Pignatti,RCCFLV59S24I743W,2004-05-06,Piemonte,Alessandria,2026-05-26
2197,Eraldo,Pizzetti,MLNSTL97C02E647O,1968-04-30,Umbria,Terni,2021-10-27
2198,Nicolò,Borroni,GDNBRT03S62F926G,1991-10-30,Sicilia,Messina,2026-07-05
2199,Martino,Cagnin,FLNVRN13D21F784H,1984-04-07,Sardegna,Sassari,2015-04-05
2200,Maria,Bartoli,LTTPNI68D23L218Z,1987-07-22,Umbria,Terni,2022-03-08
2201,Ermenegildo,Boccherini,CEOCRT12C26A777K,1995-07-20,Basilicata,Matera,2016-11-28
2202,Niccolò,Malatesta,PLLNNT19L18E485H,1990-11-02,Abruzzo,Pescara,2026-03-17
2203,Adelasia,Tarchetti,MNCGNL13R44F709K,1995-03-19,Marche,Pesaro,2026-04-27
2204,Marcantonio,Iacobucci,PLLGRL39C27L013Z,2004-08-16,Sicilia,Siracusa,2016-02-14
2205,Giada,Abate,PDRLNR72P30M086U,1997-02-14,Lombardia,Milano,2024-07-01
2206,Stefano,Roth,GTTLCU66H65H917F,1960-11-18,Umbria,Perugia,2025-12-07
2207,Osvaldo,Pigafetta,PNILRZ99T44G386Q,1978-11-10,Umbria,Terni,2022-12-10
2208,Raffaellino,Cerutti,MLTSTN23B20B515X,1961-04-21,Basilicata,Matera,2021-07-27
2209,Lauretta,Roero,NDRNTN24C01D291Y,1999-09-17,Abruzzo,L'Aquila,2023-06-10
2210,Graziella,Boccaccio,LVTDNI78E18C311E,1968-10-31,Marche,Ancona,2025-02-28
2211,Natalia,Carducci,SPNTLL72T68B184B,1954-03-04,Lombardia,Brescia,2023-08-28
2212,Carlo,Semitecolo,CRTPRI75R60G568S,1981-06-25,Campania,Caserta,2021-03-04
2213,Gustavo,Troisi,CRLMRN89D04H899D,1968-11-09,Marche,Ancona,2023-12-22
2214,Amalia,Antonucci,GLLLSU54L01H923B,1968-03-12,Calabria,Reggio Calabria,2023-11-12
2215,Gloria,Dibiasi,BLSDLA44D24B719X,1983-02-14,Emilia-Romagna,Bologna,2015-06-30
2216,Adriana,Morandini,VRCLVI24B01D480N,1997-08-14,Trentino-Alto Adige,Trento,2020-07-26
2217,Elvira,Belletini,RRNGRC31P69C507B,1981-07-20,Puglia,Lecce,2017-06-03
2218,Amalia,Abbagnale,VRGRNT53R46H077R,1967-04-22,Piemonte,Novara,2015-12-25
2219,Melania,Zeffirelli,BNCMRA50P23E655W,1946-12-20,Liguria,Savona,2018-09-18
2220,Ettore,Saragat,GROGNG22P69C211Q,1956-03-05,Toscana,Livorno,2017-03-08
2221,Tonia,Tassoni,FSCGML61L69I032F,1947-07-15,Abruzzo,L'Aquila,2024-05-04
2222,Bruno,Togliatti,CRNPTZ22L55B101W,1991-04-11,Toscana,Firenze,2017-11-04
2223,Gioffre,Ritacca,CNVCHL09D45H126M,1994-01-18,Umbria,Perugia,2015-01-24
2224,Toni,Crispi,GLLVNN77C04H240J,1984-09-24,Valle d'Aosta,Aosta,2021-01-27
2225,Adriana,Tomasetti,NCCLNE59T20H826O,2000-11-07,Trentino-Alto Adige,Bolzano,2019-02-22
2226,Simonetta,Bocca,MDGLSN51M56E146R,1997-03-12,Umbria,Perugia,2023-11-17
2227,Cesare,Battaglia,PGNFBA00S69M105V,1953-02-06,Toscana,Livorno,2022-05-05
2228,Adele,Tresoldi,NNCFLR98B20B377Y,1956-02-20,Lazio,Roma,2018-01-09
2229,Ruggero,Ruggieri,CRSRMO64T44D802A,1977-06-01,Abruzzo,L'Aquila,2020-07-11
2230,Carla,Pucci,VNDTNO38H22F367B,1987-07-27,Friuli-Venezia Giulia,Trieste,2016-10-05
2231,Ferdinando,Antonacci,PPELDI47T31I855B,1980-06-05,Marche,Macerata,2019-08-24
2232,Pasqual,Udinese,DNTMCL73B45D499L,1991-03-05,Lazio,Roma,2020-10-30
2233,Ricciotti,Fittipaldi,TLNTTR43H48G456A,1998-04-21,Piemonte,Torino,2021-10-02
2234,Guarino,Rocca,RGGGLT17R28G511K,1971-04-26,Veneto,Verona,2023-06-10
2235,Alessio,Russo,SFFMLE97R54E547I,2000-01-12,Calabria,Cosenza,2024-10-02
2236,Camilla,Marinetti,RMTPNI79L16A222F,1946-04-16,Emilia-Romagna,Modena,2021-12-20
2237,Annamaria,Agazzi,MRTSTN32P52H379C,1996-03-31,Emilia-Romagna,Bologna,2025-02-08
2238,Dolores,Lovato,LNTBNN65D66G514M,1999-08-08,Trentino-Alto Adige,Merano,2015-08-25
2239,Nina,Terragni,CRDPRR59D50L035C,1979-03-17,Veneto,Treviso,2017-12-07
2240,Roman,Travaglio,FOAPSL93R58I702W,1954-09-23,Abruzzo,Pescara,2023-11-23
2241,Vittorio,Canetta,MGLVTR03E50D416X,2005-08-01,Sicilia,Palermo,2024-07-17
2242,Agostino,Depero,LNZMRN21B67L567T,1983-06-01,Friuli-Venezia Giulia,Udine,2025-09-23
2243,AMEDEO,Dallapé,CLIRMN05L53D107V,1951-01-16,Campania,Caserta,2023-10-02
2244,Angelica,Binaghi,VRCLNR34P27C691J,1978-06-03,Sardegna,Cagliari,2026-04-16
2245,Micheletto,Trebbi,GNGDLS71P19F974X,1945-07-20,Lazio,Roma,2015-05-03
2246,Franco,Basadonna,SPRLBT85P58C527U,1995-02-19,Toscana,Siena,2017-11-13
2247,Dolores,Sgalambro,CNLMTT53D41B602L,1984-11-03,Calabria,Catanzaro,2015-04-22
2248,Riccardo,Paganini,BLLDLS27A22D731F,1959-09-22,Molise,Isernia,2024-07-13
2249,Liana,Pennetta,CMNMCL82D41L838T,1965-07-12,Valle d'Aosta,Courmayeur,2025-09-26
2250,Micheletto,Pedersoli,CGNGLI98R47I888F,1986-05-18,Molise,Campobasso,2022-11-10
2251,Raimondo,Vendetti,RNZRCT72A57I193V,1972-10-16,Veneto,Padova,2017-11-13
2252,Sante,Antonioni,TRCMRT20L29G873Q,1977-06-24,Toscana,Livorno,2021-01-07
2253,Ninetta,Barbarigo,CRFSRN96D14E009O,1970-08-03,Friuli-Venezia Giulia,Udine,2025-06-24
2254,Vanessa,Castiglione,GNTGRN37E31C681Q,1957-07-22,Calabria,Reggio Calabria,2019-05-05
2255,Donatello,Battaglia,SRRGGL85H54G001B,1989-01-27,Campania,Caserta,2016-11-26
2256,Pasquale,Palumbo,MNNNGC48C26I382S,1971-05-01,Trentino-Alto Adige,Merano,2018-09-24
2257,Dino,Caruso,,1960-03-24,Umbria,Terni,2016-08-19
2258,Pietro,Emo,FBBCSN77A11C515S,1999-06-08,Umbria,Perugia,2023-09-06
2259,Giampiero,Majorana,BDGGLN63E56L720P,1947-12-24,Molise,Campobasso,2023-09-03
2260,Ottavio,Marconi,MDGNCL76D60E711U,1968-12-07,Molise,Campobasso,2020-02-23
2261,Marcantonio,Donatoni,GNNNNI28H01F272L,1991-03-06,Piemonte,Torino,2016-07-20
2262,Rita,Bragadin,LNULND93H07B063K,1983-02-16,Friuli-Venezia Giulia,Trieste,2022-09-30
2263,Fabio,Bertoni,GRVLSI16S06M274J,1968-06-22,Abruzzo,L'Aquila,2020-11-15
2264,Carlo,Boldù,GNSMLE81M56B678E,1950-12-02,Umbria,Terni,2025-08-28
2265,Pietro,Juvara,NCCPLT41T22D474U,2002-07-31,Umbria,Perugia,2022-03-10
2266,Angelica,Modiano,FBBRMN85E06H333E,1993-05-06,Emilia-Romagna,Parma,2023-08-29
2267,Rosalia,Naccari,MZZBTN51B17D546F,1958-11-28,Marche,Macerata,2016-05-14
2268,Severino,Pacetti,SGRNTN07H30A525T,1954-05-23,Abruzzo,L'Aquila,2021-02-24
2269,Vincenzo,Bellini,MSCCRL33M55D312U,1998-09-02,Veneto,Verona,2023-07-21
2270,Graziano,Serao,STNSLV27H25B519S,2003-03-14,Trentino-Alto Adige,Merano,2020-01-29
2271,Lazzaro,Roncalli,CRDRML15H59D228W,1958-07-18,Marche,Ancona,2017-07-12
2272,Iolanda,Sauro,GNZGLI77D02D604C,1995-10-31,Liguria,Genova,2019-09-18
2273,Gianni,Staglieno,,1960-01-20,Piemonte,Novara,2018-04-08
2274,Bruno,Bombieri,GRDSMT66R06E593P,1946-06-18,Veneto,Verona,2016-05-31
2275,Angelo,Toscanini,TGNVTR22P43D804O,1990-07-27,Lombardia,Milano,2025-10-14
2276,Nadia,Draghi,VNTSLV25A50I907N,1978-06-08,Puglia,Lecce,2023-08-10
2277,Angelina,Rizzoli,MRCTNI08H06B300H,1973-08-25,Veneto,Vicenza,2020-06-21
2278,Renzo,Marrone,MLSGCM41T48F203Y,1969-10-17,Piemonte,Cuneo,2024-06-11
2279,Paola,Torricelli,CLVMRN72B12E565Q,1972-10-02,Lombardia,Brescia,2024-03-01
2280,Giuseppina,Sobrero,MGLGNN48M03H897F,1945-04-30,Puglia,Bari,2019-06-15
2281,Sante,Rubbia,CTLPRD75B50C388O,1945-04-25,Molise,Campobasso,2023-04-20
2282,Giacobbe,Petrocelli,GRNLDI80L09L778U,1984-04-03,Molise,Isernia,2016-09-02
2283,Massimiliano,BERNARDI,BRSCML06P20F958T,1982-11-13,Emilia-Romagna,Rimini,2021-01-09
2284,Massimiliano,Sokolov,NTNNNI29S23D682K,1952-10-06,Sicilia,Messina,2017-01-09
2285,Ettore,Cadorna,VCLRBT52S17D112C,1985-02-07,Sardegna,Cagliari,2022-04-07
2286,Ivo,DONATI,PLLGDU94P65F557I,1987-02-12,Marche,Macerata,2015-12-10
2287,Lazzaro,Satriani,RNCFST71H67I350L,1982-08-27,Campania,Salerno,2019-07-16
2288,Veronica,Storladi,NVRMBT16P64B178B,1981-05-11,Marche,Macerata,2018-07-29
2289,Rosaria,Bergoglio,CCRNTT56T19E986I,1995-01-24,Veneto,Treviso,2017-08-27
2290,Lisa,Vasari,CBNGLT67P07G840X,1977-08-31,Toscana,Firenze,2015-09-08
2291,Concetta,SALVO,SCMLSN42R17D217B,1996-01-30,Emilia-Romagna,Bologna,2025-03-12
2292,Giuseppe,Monduzzi,NFNTTE54M25L420Z,1956-11-27,Lombardia,Milano,2024-09-05
2293,Ermes,Treves,TRVCLC10C64C316Q,1979-02-08,Basilicata,Potenza,2015-05-01
2294,Etta,Badoglio,TRPMCL43L28F764G,1978-01-24,Campania,Caserta,2018-02-14
2295,Damiano,Bragadin,STRNNT10E31L900G,1986-04-27,Umbria,Perugia,2025-11-30
2296,Martino,Amato,DPRBNC56M19A473F,1979-07-20,Lombardia,Brescia,2019-02-23
2297,Napoleone,Mennea,ZGRLDC54R07C348B,1970-02-24,Basilicata,Potenza,2017-01-22
2298,Priscilla,Paltrinieri,MZZMLN68A25H769D,1959-08-07,Emilia-Romagna,Modena,2018-02-28
2299,Ronaldo,Ammaniti,FRRDNI86L41I025W,1968-09-18,Valle d'Aosta,Aosta,2023-03-21
2300,Lucrezia,Cassarà,GSTRMN10A08M381M,1978-06-14,Friuli-Venezia Giulia,Udine,2025-11-26
2301,Sole,Tutino,SGRGLR17S28D407S,1996-11-08,Toscana,Firenze,2018-03-05
2302,Maurilio,Cassarà,RGGNGN73A23F711T,1949-06-20,Piemonte,Torino,2016-06-03
2303,Marcantonio,Ughi,TBLVNN15A10D546M,1949-09-28,Friuli-Venezia Giulia,Udine,2025-04-21
2304,Augusto,Chittolini,FRNRML26L43L776Q,1990-02-19,Basilicata,Potenza,2018-08-27
2305,Massimo,Turchi,FOXNNI96L45L883E,1945-06-15,Calabria,Catanzaro,2016-04-23
2306,Ranieri,Bosurgi,NVNMNC92R13G111L,1959-06-09,Puglia,Lecce,2020-11-14
2307,GIOELE,Forza,GLDTNF90A61D611U,1993-08-25,Emilia-Romagna,Rimini,2023-05-15
2308,Alessia,Migliaccio,BNRMRK81E55H152L,1953-03-17,Sicilia,Palermo,2017-08-09
2309,Gioffre,Brichese,PVNNCL30R56G109F,2003-12-09,Basilicata,Potenza,2016-12-06
2310,Flavio,Novaro,CRPCRI48E48E224I,1965-05-27,Piemonte,Alessandria,2024-11-18
2311,Giovanna,BATAGLIA,TMSFLP60M06E929C,1983-08-06,Piemonte,Torino,2022-01-15
2312,Alphons,Cugia,PPTPRG00H70C655S,1952-10-09,Calabria,Cosenza,2026-04-23
2313,Laureano,Eco,PPFFRC32B27H572C,2002-12-11,Abruzzo,Pescara,2018-02-27
2314,Giuliana,Pometta,BRBBNC79T15M384A,1981-12-22,Umbria,Perugia,2022-09-24
2315,Luigi,Flaiano,NGRLND52E42E017U,1952-11-26,Campania,Salerno,2026-07-18
2316,Delfino,Baresi,ZGRRNL00C16C284B,1952-06-01,Friuli-Venezia Giulia,Pordenone,2019-10-13
2317,Agnolo,Iannotti,SPNLCZ26L05M098B,1958-10-17,Veneto,Verona,2022-11-21
2318,Simonetta,Tomei,NNLSRN33S09E891V,1987-01-05,Abruzzo,Pescara,2021-08-28
2319,Daniele,Trupiano,MRCVEA02R14G173H,1992-01-06,Liguria,La Spezia,2020-06-05
2320,Nedda,Bazzi,TLRPSL33T65L272M,1993-12-15,Valle d'Aosta,Courmayeur,2024-10-06
2321,Flora,Agazzi,DSSMLN68E31G576M,1971-11-17,Umbria,Terni,2026-04-16
2322,Torquato,Santi,MCCMRZ14T48I948H,2001-07-30,Puglia,Foggia,2021-09-06
2323,Rita,Monduzzi,CMPSLS15M49L572O,1984-11-11,Friuli-Venezia Giulia,Udine,2021-03-16
2324,Gabriele,Argentero,VRGDNT13L67I959N,1977-09-04,Friuli-Venezia Giulia,Trieste,2023-11-27
2325,Pina,Juvara,FRVGLR26R17I182V,1993-07-10,Piemonte,Torino,2022-06-23
2326,Valerio,Bocelli,FLRRGR56S64D871A,1947-06-22,Lazio,Viterbo,2017-04-13
2327,Ubaldo,Garibaldi,GBBLRN36M15A143A,1953-07-02,Valle d'Aosta,Courmayeur,2015-06-06
2328,Renata,GREGORIO,GNNVNN01R01G669E,1949-11-04,Emilia-Romagna,Rimini,2018-12-22
2329,Costanzo,Navone,TSCSLV53A06F863T,1973-04-10,Liguria,Genova,2021-01-04
2330,Dionigi,Petrassi,NVNGLM21A30C784A,2004-10-29,Piemonte,Torino,2018-01-12
2331,Baldassare,Donati,BRSRSL04T21D843T,1950-05-05,Calabria,Catanzaro,2015-03-28
2332,Roberto,Scalfaro,LDBGMM97E03A202T,1973-08-31,Sicilia,Palermo,2017-06-28
2333,Arsenio,Taliani,CLGGMR20E52I414T,2003-09-26,Calabria,Catanzaro,2020-10-27
2334,Gino,Vigorelli,BNCRSN61T20D334L,1989-03-03,Emilia-Romagna,Bologna,2017-03-29
2335,Cirillo,Collina,LRNRNL59A19H845V,1976-09-30,Toscana,Firenze,2023-03-19
2336,Lolita,Zabarella,CPPTTV32R54C189J,1945-11-15,Basilicata,Potenza,2023-10-22
2337,Fiorenzo,Einaudi,,1946-02-04,Friuli-Venezia Giulia,Pordenone,2019-07-24
2338,Alberto,Iannuzzi,DSSLCZ12B18I921B,1964-03-31,Friuli-Venezia Giulia,Trieste,2024-08-10
2339,Donna,Bergoglio,FRRGLR48P14B035J,1993-09-11,Veneto,Verona,2021-09-22
2340,Gloria,Paruta,BNGMRN01C18E292H,2000-03-17,Sardegna,Sassari,2018-11-28
2341,Ricciotti,Donarelli,CRBMND04R11I401K,1995-11-17,Veneto,Vicenza,2022-08-21
2342,Morena,Ginese,PRZDRT08R52C102D,1996-01-31,Valle d'Aosta,Courmayeur,2015-04-17
2343,Pierangelo,Venturi,LNZRMI59M20D380P,1951-08-12,Sicilia,Palermo,2023-09-05
2344,Amadeo,Bianchini,TLNFLV17H26G046M,1987-12-22,Abruzzo,Pescara,2026-03-27
2345,Alberico,Aulenti,GGGRML11D65I391D,1962-05-23,Sardegna,Oristano,2021-06-25
2346,Amico,Salvini,CRCBTC13D18I750B,1945-04-02,Basilicata,Potenza,2023-10-22
2347,Nino,Zichichi,,1945-09-21,Lombardia,Brescia,2019-11-21
2348,Elmo,Fantoni,SMNFRN40T25C983Q,1973-02-02,Toscana,Siena,2020-09-20
2349,Luciana,Pistoletto,TMBCML72C18I697U,1961-06-27,Toscana,Livorno,2016-05-15
2350,Bartolomeo,Sgalambro,SNTFRC39D14A538S,1964-11-09,Campania,Napoli,2021-11-25
2351,Ennio,Gatto,MGNDNL23H45A970T,1948-07-29,Campania,Caserta,2024-06-17
2352,Fabrizia,Petrucelli,CLLSIA23D30G297J,1990-10-17,Lazio,Frosinone,2020-09-05
2353,Greco,Bragaglia,,1984-11-03,Valle d'Aosta,Courmayeur,2019-12-07
2354,Riccardo,Sgarbi,PNZRSR02D22B936M,1985-12-16,Calabria,Catanzaro,2022-06-29
2355,Pierpaolo,Nitti,CCCGNC16M54A802Y,1974-01-02,Sardegna,Sassari,2019-03-05
2356,Fernanda,Scarponi,VLTLFA86C49M287A,1980-06-17,Emilia-Romagna,Modena,2016-01-16
2357,Matteo,Oliboni,CRDRZO04C44B116T,1945-10-05,Puglia,Lecce,2018-03-04
2358,ARIA,Cappelli,VLRCRL21L58L492O,1947-03-20,Veneto,Treviso,2017-10-29
2359,Pellegrino,Lucchesi,GLTSNT71L66L471L,1965-03-31,Friuli-Venezia Giulia,Trieste,2015-02-20
2360,Uberto,Pulci,GBBMRS48A30A101Y,1951-01-22,Valle d'Aosta,Aosta,2022-11-28
2361,Temistocle,Trincavelli,MZZRLD33A57I060J,1945-05-21,Marche,Pesaro,2023-03-18
2362,Gianni,Roncalli,ZFFCML73A16D123R,1993-01-17,Toscana,Pisa,2023-05-01
2363,Donatella,Zola,BRCMRL38A02E343S,1986-08-10,Calabria,Cosenza,2025-07-20
2364,Antonietta,Trupiano,PRZRSO93S05I976E,1975-06-23,Umbria,Perugia,2020-04-20
2365,Gaetano,Modugno,LGRLGO34P14C880I,1994-02-13,Basilicata,Potenza,2023-06-03
2366,Ricciotti,Barracco,CSDFBZ73P14D447W,1990-09-03,Toscana,Pisa,2021-03-11
2367,Guglielmo,Rienzo,CMLVCR01C03B777Q,1960-02-01,Lazio,Latina,2025-09-10
2368,Galasso,Strangio,NGLLRA42A29C224Y,1956-06-08,Marche,Macerata,2020-02-17
2369,Maria,Gaito,BGNLNA02P17E052S,1988-09-19,Valle d'Aosta,Courmayeur,2021-04-02
2370,Gionata,Maffei,SNGGNI75B60A052K,1950-12-04,Basilicata,Potenza,2024-06-14
2371,Adamo,Tozzo,CSSFRN15L26A028F,1945-12-01,Abruzzo,Chieti,2017-11-02
2372,Alessio,Cabibbo,ZPPNZE30C62F332U,1969-11-07,Lazio,Roma,2018-05-07
2373,Gaspare,Saracino,BZZSVD01P66H878B,1954-04-06,Toscana,Pisa,2020-06-19
2374,Martino,Mantegazza,VRSLDC61E13C608Y,1953-05-24,Campania,Caserta,2024-05-16
2375,Annibale,Benussi,TSTGDI87D08E681Q,1950-02-26,Trentino-Alto Adige,Merano,2022-09-22
2376,Danilo,Cagnin,RSTRRA12P29A878I,1976-12-04,Emilia-Romagna,Rimini,2023-12-04
2377,Luciano,Cabibbo,GDNMRL64C65G156I,1947-01-21,Lombardia,Milano,2018-08-19
2378,Olga,Mascheroni,NTNLSE81E26L140S,1987-02-20,Puglia,Bari,2021-09-11
2379,Gabriella,AMMANITI,RSNTTE41D09E437Y,1964-07-28,Lombardia,Pavia,2017-09-04
2380,Piergiorgio,Baggio,MGLNCL73R60C665Y,1969-10-02,Sardegna,Oristano,2016-07-01
2381,Ippazio,Leblanc,RNZRMR18T42A996Q,1955-08-20,Valle d'Aosta,Aosta,2024-05-31
2382,Arturo,Vigliotti,NTRSMT92A26B499B,1982-06-22,Umbria,Terni,2023-10-27
2383,Isa,Vattimo,TLNCRT17S08F526R,1980-05-07,Liguria,Savona,2018-06-07
2384,Riccardo,Lussu,CNTLSI18A17D748D,1997-02-22,Liguria,La Spezia,2021-06-08
2385,Temistocle,Bonatti,CBCMNL17M48I499T,1980-02-16,Piemonte,Cuneo,2019-05-28
2386,Micheletto,Ferragamo,MZZRMS28H55A181T,1975-11-05,Trentino-Alto Adige,Bolzano,2015-03-11
2387,Agnolo,Majorana,CMURSN12P05F931S,1979-07-28,Trentino-Alto Adige,Trento,2018-01-08
2388,Iolanda,Montanariello,VZZCRL87L31A708S,1964-06-02,Sardegna,Sassari,2024-03-20
2389,Eliana,Duse,MTULDA36S68L613Z,1968-11-30,Sicilia,Messina,2018-05-24
2390,Paride,Carocci,BGNMRS77C08A557R,1992-11-21,Calabria,Reggio Calabria,2026-01-21
2391,Giustino,Regge,RSTRNF10C58C577U,1958-03-27,Valle d'Aosta,Courmayeur,2020-05-20
2392,Valerio,Cociarelli,BRGMDA11T69I018S,1968-08-27,Lazio,Frosinone,2019-12-13
2393,Federico,Filogamo,ZPPSNR54B12A932S,1986-05-09,Lombardia,Brescia,2019-03-10
2394,Dino,Badoglio,TTNNCI01M64E622K,1968-05-23,Veneto,Padova,2019-07-16
2395,Raffaellino,Modiano,GCCGRL48T02L433J,2004-12-21,Valle d'Aosta,Courmayeur,2026-03-15
2396,Liberto,Einaudi,RSSLCZ28S10E114Q,1980-01-10,Liguria,La Spezia,2021-01-09
2397,Raffaella,Asmundo,BRNLND30A12F381B,2002-01-13,Molise,Isernia,2022-07-11
2398,Liana,Flaiano,STCNZE33D52F997Z,1969-04-20,Liguria,La Spezia,2023-10-25
2399,Pierpaolo,Brambilla,PLTVTR21C71D440L,1983-08-29,Liguria,Genova,2019-09-06
2400,Maria,Calvo,SLASSN23L15A043B,1993-01-15,Friuli-Venezia Giulia,Trieste,2015-03-06
2401,Torquato,Pergolesi,PDRMRZ89L71B634W,1990-07-31,Sicilia,Messina,2016-12-18
2402,Simonetta,Cesarotti,BRSRMR52P55F501F,1996-08-26,Lombardia,Brescia,2023-07-21
2403,Simonetta,Jilani,SFRRGR10S46G204V,1946-03-20,Basilicata,Potenza,2025-03-01
2404,Atenulf,Foletti,NGLMLT52B66F498N,1955-08-25,Campania,Caserta,2020-12-16
2405,Leopoldo,Tasca,MNZNNE16D51L306M,2003-05-17,Piemonte,Alessandria,2019-05-20
2406,Guarino,Foscari,BRNLVI92L69H939Q,1973-06-01,Puglia,Taranto,2021-12-05
2407,Marcella,Papetti,CPPCRT11H26G817A,1965-04-11,Emilia-Romagna,Rimini,2017-05-04
2408,Raffaele,Grimani,DLLMCL32R66B835U,1989-06-21,Umbria,Perugia,2022-12-28
2409,Alderano,Piazzi,LNGCML98B44H212T,1985-01-26,Liguria,Savona,2017-01-26
2410,Jolanda,Tacchini,VRGPLM10P05E993A,1970-01-24,Trentino-Alto Adige,Merano,2018-12-14
2411,Gionata,Acerbi,GNNLVI28H62G289C,1949-05-12,Veneto,Treviso,2017-07-10
2412,Milena,Luna,BCCNCT66E19I631S,1992-06-18,Lazio,Roma,2024-03-20
2413,Piero,Valier,PRLLRN33A12L125V,1986-07-10,Trentino-Alto Adige,Bolzano,2025-02-27
2414,Cirillo,Callegaro,FGGBTC20H10C097A,1986-12-28,Emilia-Romagna,Modena,2015-01-28
2415,Flavia,Liguori,FNTFLR03B23E323V,1958-09-07,Piemonte,Alessandria,2024-11-07
2416,Arnaldo,Mattarella,GNSGNI63C44H676Y,1991-07-30,Liguria,Savona,2016-01-09
2417,Lina,Tirabassi,BRNRTR25C42H508S,1956-06-27,Abruzzo,Chieti,2016-06-22
2418,Gaspare,Campise,VGLRMD10B66C948V,1983-03-03,Sicilia,Palermo,2015-08-05
2419,Amedeo,Andreozzi,MLPMRN14D04I073E,1980-09-15,Puglia,Lecce,2016-12-12
2420,Graziella,Tamburello,SCHSNO71L02I412D,2000-11-03,Lombardia,Monza,2022-10-04
2421,Luigina,Campano,CRMMCL87T60I092I,1947-05-28,Trentino-Alto Adige,Merano,2019-03-08
2422,Arnaldo,Tomaselli,CRNPPZ81M67F628F,1978-07-06,Veneto,Padova,2022-11-25
2423,Marcello,Oscuro,CSLNTN26M11C378C,1960-02-29,Sicilia,Catania,2018-05-20
2424,MARTINO,Turati,CSLLNA60C18F681W,1991-11-07,Abruzzo,Pescara,2018-11-28
2425,Giorgia,Ruffini,SRECLD99M20I187B,1976-10-06,Abruzzo,Pescara,2020-01-22
2426,Arsenio,Gentileschi,CRDPRG13L41F941V,1987-02-15,Friuli-Venezia Giulia,Trieste,2023-11-28
2427,Graziella,Torricelli,SGNDRA16D22G386B,1979-11-28,Piemonte,Novara,2026-03-02
2428,Tiziana,Pastine,SLLSLS99B58C116J,1979-03-12,Lombardia,Bergamo,2015-11-13
2429,Sebastiano,Morgagni,BRTMRA53P28B114Y,1995-02-01,Valle d'Aosta,Aosta,2019-02-07
2430,Vittoria,Aldobrandi,LDVPLM01S24H706I,1968-07-08,Puglia,Foggia,2020-10-16
2431,Amalia,Ottino,SCRTMT04A46G970I,1958-01-09,Molise,Campobasso,2019-09-15
2432,GIROLAMO,Magnani,CHNVEA50C06I876O,1959-06-25,Sardegna,Cagliari,2026-05-27
2433,Dario,Pepe,PSNRMN85L18D802I,1976-01-20,Veneto,Padova,2018-06-17
2434,Rossana,Sanudo,PZZSBN02L66E778B,1976-09-26,Basilicata,Potenza,2024-01-31
2435,Giuliana,Notarbartolo,RMGRSN88B08G203L,1963-12-09,Sardegna,Sassari,2023-05-03
2436,Serafina,Oscuro,BRSDIA07T04L032Y,1987-12-15,Calabria,Cosenza,2020-06-27
2437,Pier,MANACORDA,PDRNTT00M30A101F,1969-09-28,Veneto,Treviso,2017-05-06
2438,Gian,Fibonacci,BLLVLR98E69I423S,1955-12-13,Veneto,Vicenza,2022-04-07
2439,Ermenegildo,Lombardo,CRDRSN68D19B472P,1981-01-01,Campania,Napoli,2016-04-14
2440,Ivo,Venditti,TLSBCC28A41D239R,1987-06-26,Marche,Macerata,2023-03-13
2441,Coriolano,Raurica,NGSGRC29A05B055Y,1973-07-27,Toscana,Livorno,2020-08-21
2442,Nanni,Bondumier,SMNMRC97T58E171N,1952-10-04,Lazio,Viterbo,2024-08-08
2443,Ilaria,MADERNA,GTTGNN85R68D568D,1975-09-14,Campania,Caserta,2022-05-26
2444,Gianpaolo,Mastandrea,CBRDLS41A27B259X,1998-02-24,Valle d'Aosta,Courmayeur,2019-09-29
2445,Tiziana,LEOPARDI,PGLGLN98C56F450G,1987-10-23,Puglia,Bari,2015-01-05
2446,Pierina,Rastelli,MCCMRT31P11D472W,1946-05-04,Sardegna,Oristano,2016-08-05
2447,Lucrezia,Capuana,VRGNTN57M11I690Y,1958-06-06,Molise,Campobasso,2021-11-23
2448,Cirillo,Chigi,PLLPLN63P04D691D,1986-07-08,Molise,Isernia,2025-03-07
2449,Milo,Guidotti,PLTSLV05S26G418L,1983-04-03,Trentino-Alto Adige,Trento,2026-01-01
2450,Romolo,Curiel,PSSLSS19E26D136A,1956-10-30,Sardegna,Cagliari,2024-10-26
2451,Raffaellino,Padovano,RMNRML59C42D861U,1996-09-29,Sardegna,Oristano,2025-08-28
2452,Baccio,Rossini,BBTMRN26A27F390X,2001-08-10,Lazio,Latina,2021-12-04
2453,Ronaldo,Castellitto,PSTGSP96S56F716J,1961-11-25,Liguria,La Spezia,2015-09-10
2454,Eva,Giacometti,BNGGMR12M51D309V,1965-12-02,Lazio,Latina,2017-10-18
2455,Gianluigi,Turati,FNTMRA37B27D245O,1976-04-27,Friuli-Venezia Giulia,Trieste,2025-11-27
2456,Tiziano,MOCENIGO,FBBRST06C59B842Z,1988-01-22,Lazio,Viterbo,2015-02-26
2457,Mariano,Guidotti,TRPPTZ18M46F966Y,1972-06-20,Umbria,Terni,2021-12-07
2458,Ugo,Mantegazza,SGRLCN54E05A107H,1998-03-18,Friuli-Venezia Giulia,Udine,2025-02-04
2459,Riccardo,Paolucci,CLLMTD08T07M207T,1976-03-07,Puglia,Foggia,2024-07-26
2460,Martino,Folliero,SLVPRR88C52G474Q,1966-12-01,Piemonte,Cuneo,2022-12-01
2461,Dino,Gaito,TRRSLV77A54L664G,1969-06-09,Marche,Pesaro,2024-07-26
2462,Germana,Baggio,TRTVLR50R62C496Y,1957-04-28,Valle d'Aosta,Courmayeur,2023-07-12
2463,Federigo,Bettoni,PGNGNT33A52I484Z,1945-09-18,Marche,Macerata,2019-01-08
2464,Alfredo,Trezzini,SGRRKE73L24A856T,1983-04-09,Toscana,Pisa,2021-09-21
2465,Marcantonio,Salata,GCCGNL40D62H026H,2000-09-10,Friuli-Venezia Giulia,Pordenone,2022-07-10
2466,Loredana,Migliaccio,SLRRTR94M57G383Q,1971-10-14,Lazio,Latina,2022-05-30
2467,Tonia,Scaramucci,MRLMTT32C54L169U,1972-07-30,Friuli-Venezia Giulia,Trieste,2020-10-09
2468,Beppe,Babato,TRMGBL18C16C243J,1999-02-21,Lombardia,Pavia,2020-06-26
2469,Sonia,Pinamonte,SNTVTR26C02H588D,1996-11-19,Basilicata,Matera,2025-02-10
2470,Federigo,Duodo,SNNBNC13B27F005F,1992-03-05,Emilia-Romagna,Bologna,2018-11-04
2471,Rita,Pagliaro,RDEDNT62B54B754V,1964-08-09,Emilia-Romagna,Rimini,2021-01-17
2472,Arturo,Majorana,VNTLCI14E09L015R,1984-12-21,Sardegna,Oristano,2017-11-23
2473,Amanda,Piovani,BLBLCI22B27E565T,1974-04-28,Campania,Salerno,2021-10-04
2474,Barbara,Alfonsi,NDRLNE03C24E441Z,1978-03-30,Lazio,Frosinone,2022-07-21
2475,Antonia,Vianello,CTNGMM23S13C862K,1945-11-29,Lombardia,Bergamo,2015-12-18
2476,Simone,Borzomì,QRNRNL03B15F003S,1958-04-25,Liguria,Genova,2020-01-05
2477,Valentina,Antonioni,BTTLLT24M29I389F,1954-07-27,Molise,Isernia,2018-01-22
2478,Annibale,Moschino,BLLGLI74D07B956Q,1976-12-17,Friuli-Venezia Giulia,Udine,2023-10-14
2479,Piergiuseppe,Sauli,GRTGNN48R08L191T,1994-10-29,Basilicata,Potenza,2024-08-25
2480,Costanzo,Rossetti,ZNZGNN56L08L892C,1968-06-04,Trentino-Alto Adige,Trento,2023-02-01
2481,Angelina,Agostini,ZNCMND94L25M053P,1952-08-05,Liguria,Genova,2016-08-16
2482,Manuel,Guinizzelli,CRSJLD78T20I804Y,1961-06-21,Calabria,Catanzaro,2019-04-10
2483,Amalia,Modiano,GLZRMN28C15H529Q,1962-06-27,Lombardia,Bergamo,2021-12-14
2484,Ermenegildo,Taccola,VLTBRR20R04I857C,1972-01-11,Lazio,Roma,2020-03-15
2485,Osvaldo,Garibaldi,BLLLZR98R67E621R,1993-06-21,Molise,Isernia,2015-08-18
2486,Atenulf,Cavalcanti,PCCRCC50S51I874D,1996-01-21,Lazio,Latina,2021-04-17
2487,Fausto,Sansoni,VRGSMT38H07G300E,1953-01-17,Calabria,Cosenza,2025-12-05
2488,Severino,Iannuzzi,RSSRCC92A57L256O,1972-02-08,Trentino-Alto Adige,Trento,2019-08-30
2489,Alina,Rizzoli,CRBPRI95M52I119H,1949-03-18,Puglia,Taranto,2018-08-31
2490,Piergiuseppe,Argenti,BZZRNL01S23L968U,1961-04-03,Emilia-Romagna,Parma,2025-01-21
2491,Claudio,Zetticci,BLLDLS23B12I365K,1963-01-14,Campania,Napoli,2017-12-29
2492,Raffaella,Mannoia,BLBGNN33P19L872X,1957-01-23,Piemonte,Torino,2022-05-28
2493,Amico,Gatto,CRSJLD24D07B847U,1946-12-21,Calabria,Reggio Calabria,2019-12-03
2494,Adriano,Detti,NGNNTN05C26E025E,2005-02-20,Molise,Campobasso,2024-08-05
2495,Fernanda,Montanari,BNCDMN79T48D653P,1957-09-27,Emilia-Romagna,Rimini,2025-09-23
2496,Ippazio,Mondaini,GLLLRN74P27F961H,1960-07-28,Veneto,Verona,2021-03-27
2497,Ornella,Zaguri,FLLFLV96D47L432L,1997-03-10,Calabria,Reggio Calabria,2020-10-17
2498,Ettore,Majorana,PRTDNI75L05A075V,1949-03-10,Veneto,Padova,2017-11-06
2499,Paola,Valmarana,NDAPLN95T18G904W,1953-02-25,Puglia,Bari,2025-03-09
2500,Gianni,Castellitto,JCZGRN11C29G220M,1978-06-29,Lombardia,Milano,2016-04-24
2501,Arturo,Ruggeri,PRZLCU78R60B440E,1954-02-11,Basilicata,Matera,2025-09-06
2502,Arsenio,Casagrande,GLNMRD51D03F187X,2000-10-30,Veneto,Verona,2019-02-07
2503,Romeo,Mascheroni,LTTRMS08A53B933O,1958-10-29,Umbria,Terni,2025-07-10
2504,Carolina,Inzaghi,ZCHTTE57H20I588L,1973-05-30,Valle d'Aosta,Aosta,2015-11-25
2505,Cirillo,Chiappetta,PTRMRA09T08B042A,1970-04-12,Liguria,Savona,2020-09-17
2506,Santino,Palladio,PCCCTN54E16D447K,2001-04-09,Veneto,Padova,2019-03-18
2507,Enzo,Tomasini,GRMRST13C63A258S,1952-08-02,Trentino-Alto Adige,Trento,2016-12-05
2508,Veronica,Ravaglioli,SGRFDC03A19G354Q,1976-02-07,Umbria,Perugia,2024-04-30
2509,Ermes,Tuzzolino,MNGDRD34A47B774X,1985-10-08,Sicilia,Palermo,2016-02-10
2510,Isa,Camuccini,NTTTZN29H12A103W,1998-09-03,Puglia,Lecce,2018-05-22
2511,Luciano,Caccianemico,FSCLLD12R61B104C,1960-12-27,Veneto,Vicenza,2022-02-20
2512,Leonardo,Gioberti,TRPMRA62R15G823X,1957-10-01,Valle d'Aosta,Aosta,2026-01-15
2513,Elladio,Gulotta,CLNNCI88T49L265H,1959-09-04,Umbria,Perugia,2015-06-25
2514,Donatello,Cortese,TSSRNL30T27C709Q,2005-12-05,Liguria,La Spezia,2022-03-10
2515,Eliana,Migliaccio,SPSDLA38P16F315C,1962-07-10,Liguria,Genova,2015-01-13
2516,Ansaldo,Ricolfi,PSCGTN26D65B813U,1984-09-23,Friuli-Venezia Giulia,Udine,2015-06-01
2517,Bianca,Zaccagnini,,1946-01-20,Marche,Pesaro,2021-01-28
2518,Ezio,Morpurgo,VNRJCP55E42L517I,1978-11-14,Liguria,Savona,2026-05-20
2519,Umberto,Montesano,TRMVRL24T58B830E,1985-03-18,Friuli-Venezia Giulia,Pordenone,2026-02-22
2520,Matilda,Michelangeli,SMRDRT51C41H945A,1959-05-09,Emilia-Romagna,Modena,2022-02-06
2521,Torquato,Innocenti,SNNDNI84R65B794G,1960-04-18,Toscana,Livorno,2018-08-03
2522,Milo,Marini,MCCLCI10R13B799J,1976-05-03,Valle d'Aosta,Courmayeur,2016-11-16
2523,Angelina,Cundari,FLCJLD01B18B943W,1959-02-23,Liguria,Savona,2018-05-21
2524,Mauro,Pisacane,MNTMRA22P14C002P,1964-08-04,Basilicata,Matera,2015-12-11
2525,Bianca,Gremese,NDRBTC21C08L965Z,1965-11-13,Abruzzo,L'Aquila,2024-10-10
2526,Guglielmo,Broschi,DLBGSN01R63H013K,2000-11-03,Lazio,Latina,2021-08-27
2527,Piermaria,PERTINI,RFFNGN17L13A005W,2004-07-03,Liguria,La Spezia,2020-10-24
2528,Giuseppe,Moschino,NSTLSU24C03F139P,1963-05-16,Friuli-Venezia Giulia,Trieste,2017-05-26
2529,Romina,Lucarelli,NTNVNN29R03A501Z,1959-02-02,Piemonte,Novara,2016-06-10
2530,Loredana,Branciforte,GZZLNI97D18G629T,1951-11-05,Valle d'Aosta,Aosta,2023-05-07
2531,Federigo,Chindamo,MNCMRS11B19C361I,1993-04-18,Valle d'Aosta,Courmayeur,2018-06-12
2532,Orazio,Ajello,PCCLNA67C15F241S,1945-10-04,Sardegna,Sassari,2017-05-01
2533,Flora,Baresi,PCCHGU51B62I052S,1979-12-10,Umbria,Perugia,2021-12-08
2534,Piero,Bersani,RCCDMC50E47H620C,1979-11-01,Abruzzo,Pescara,2018-12-26
2535,Vincentio,Nitto,NGLPNI41D15B850A,1966-12-10,Emilia-Romagna,Rimini,2022-01-13
2536,Galasso,Lamborghini,BLZRNZ54S45L238Y,1980-10-28,Lazio,Viterbo,2021-12-21
2537,Gianfranco,Capuana,FCNLCU14A21M131P,2004-01-29,Lombardia,Brescia,2019-01-16
2538,Morena,Guidone,CBTRFL38C71C136E,1951-09-27,Puglia,Lecce,2019-05-03
2539,Lauretta,Calbo,NVNGDU36B64C102Z,1992-09-20,Veneto,Vicenza,2019-11-13
2540,Romeo,Emo,SGNSVD66H56M319M,1953-01-29,Sicilia,Palermo,2025-07-25
2541,Pierpaolo,Bajardi,FLLGRG77E46G680A,1996-08-14,Emilia-Romagna,Parma,2017-03-01
2542,Antonino,Letta,BNNSLT41H44F510E,1950-02-12,Molise,Campobasso,2019-12-02
2543,AMALIA,Rossi,BRGMLS79R19C003C,1945-03-11,Abruzzo,Pescara,2016-05-26
2544,Fedele,Manolesso,BSDDNL36P08E806C,1993-10-20,Umbria,Perugia,2023-11-19
2545,Livio,Interiano,BSOSTN21D49D735S,1969-03-28,Piemonte,Novara,2020-06-24
2546,Pomponio,Monti,TSSLNI73E15G129Z,1994-08-17,Piemonte,Alessandria,2018-08-18
2547,Maria,Amaldi,LBNGLN98P12I014B,1950-05-09,Lazio,Roma,2025-02-12
2548,Gianluca,Pareto,PRDPTZ72A09H403P,1966-11-24,Toscana,Siena,2020-02-04
2549,Ruggero,Dossi,TZZMRL93T09A643W,1999-09-04,Calabria,Cosenza,2023-08-23
2550,Fiamma,Ammaniti,MRLFDC64H21L545C,1952-06-22,Puglia,Foggia,2026-05-05
2551,Luca,Sommaruga,DRSCRL50T49C503B,1960-11-19,Umbria,Terni,2023-12-02
2552,Ludovico,Anichini,GLPMTD68B09H225Z,1945-01-27,Sardegna,Cagliari,2016-09-01
2553,Pompeo,Benigni,STGPRR94B50C360D,1999-08-14,Trentino-Alto Adige,Trento,2018-06-02
2554,Rolando,Tirabassi,LNTGCM58A53H821M,1961-10-06,Sardegna,Sassari,2025-05-05
2555,Nicola,Bragaglia,NCLPRG32L68F032D,1981-06-06,Toscana,Firenze,2025-10-25
2556,DONATELLO,Pedrazzini,PVNPLA08H22D193L,1997-03-20,Molise,Isernia,2018-09-30
2557,Tonia,Broschi,TRPMCA07C55F120M,1967-03-12,Valle d'Aosta,Courmayeur,2016-09-06
2558,Ida,Depero,MLDNDA39H02H492U,1990-02-21,Emilia-Romagna,Rimini,2017-06-25
2559,Rodolfo,Zanazzo,PRTJCP30H54I114P,1993-07-16,Umbria,Perugia,2021-09-14
2560,Tonia,Renzi,MRSNGC29T08E794H,1980-01-23,Piemonte,Novara,2023-06-15
2561,Goffredo,Raurica,FRNLLR50M21E748D,1999-11-16,Liguria,Genova,2022-12-09
2562,Gabriella,Franceschi,PRNMRT89B18M092Y,1990-07-04,Trentino-Alto Adige,Merano,2018-08-24
2563,Durante,Fagotto,PGLLCU60R21D006P,1984-11-12,Emilia-Romagna,Bologna,2021-09-06
2564,Maura,Bova,TRRMRA65S17E639W,1957-10-21,Emilia-Romagna,Rimini,2024-03-29
2565,Marcello,Gaito,BLLSVD60D59E462O,2000-07-05,Campania,Caserta,2023-11-21
2566,Gastone,Marinetti,TSTTNO79P25F191B,2005-12-24,Marche,Pesaro,2026-03-03
2567,Pasqual,Armani,MMNLSS85S50G136B,1969-09-29,Marche,Pesaro,2016-09-08
2568,Edoardo,Cignaroli,SNTNNZ33S28G023A,1955-02-05,Toscana,Livorno,2024-03-20
2569,Piersanti,Bosio,RBBMDA52L47B980V,1963-07-04,Sicilia,Messina,2023-12-10
2570,Rosa,Binaghi,PGNDNI73S29L480O,1997-06-02,Sardegna,Sassari,2015-08-18
2571,Alberto,Sgarbi,NDEMNC78B22G088C,1991-03-08,Trentino-Alto Adige,Merano,2023-11-06
2572,Patrizia,Valguarnera,STRCRN71C14H546E,1959-09-19,Basilicata,Potenza,2023-12-09
2573,Luigi,Fischetti,SCRBTC58T30L965Z,1950-06-29,Friuli-Venezia Giulia,Pordenone,2015-05-29
2574,Adriano,Udinese,MRZGSP21L59D127T,1964-11-13,Veneto,Verona,2015-01-05
2575,Ermenegildo,Baggio,NGRTNI85D29A898A,1974-08-06,Calabria,Reggio Calabria,2025-10-27
2576,Gianna,Gioberti,MRZLDA14E52I350Q,1968-07-01,Lazio,Frosinone,2017-05-18
2577,Annunziata,Proietti,VGDNNI76C43G609P,1978-03-31,Piemonte,Cuneo,2015-04-15
2578,Massimiliano,VASARI,FGNDMA47E60F706Z,1954-02-19,Molise,Isernia,2022-12-25
2579,Ettore,Lancisi,ZMRMRN95E22I467C,1953-09-17,Liguria,La Spezia,2020-11-08
2580,Gioele,Berrè,BRRMRS92P04E456B,1983-10-04,Umbria,Terni,2025-01-24
2581,Sabatino,Tebaldi,PNESRN48S09H118L,2003-08-23,Molise,Campobasso,2017-08-27
2582,Gianfrancesco,Carnera,TRNRND13L61L174B,1955-02-20,Puglia,Bari,2019-07-30
2583,Giosuè,Civaschi,MNDDLS25M25A467I,1972-03-09,Veneto,Vicenza,2020-08-26
2584,Damiano,Silvestri,CRSLCU80E02E814G,1982-11-09,Toscana,Livorno,2023-12-28
2585,Tiziana,Bellucci,BJMMRN80P02F565U,1956-04-23,Piemonte,Novara,2017-08-15
2586,Eugenia,Bodoni,CMUPSL19P46G439L,1973-04-19,Basilicata,Potenza,2024-07-17
2587,Pierluigi,Vidoni,MLTGLT67H25M274D,1974-10-07,Lombardia,Milano,2020-04-16
2588,Amadeo,Antonioni,CMRGUO64S59D670O,1968-03-15,Emilia-Romagna,Bologna,2026-03-11
2589,Annunziata,Falier,LNTCML09L58A024I,1978-05-29,Friuli-Venezia Giulia,Udine,2019-12-31
2590,Piersanti,Carducci,CPNFST60L53B427G,1992-12-10,Puglia,Lecce,2020-01-20
2591,Alberto,Volterra,TRCCHR02D20B276J,1976-03-12,Lombardia,Brescia,2019-11-23
2592,Rolando,Bettin,PLCLVR86E09C869E,1967-05-09,Marche,Ancona,2023-11-05
2593,Gian,Modugno,FLRGSI42P62I850M,1966-04-01,Basilicata,Matera,2018-03-18
2594,Teresa,Spadafora,BVOLNR01T24D171N,2002-08-24,Campania,Caserta,2020-07-11
2595,Paloma,Cocci,CTLNCI27L60A192N,1960-05-04,Friuli-Venezia Giulia,Udine,2019-01-22
2596,Bettina,Bulzoni,GRBMRN46D01B936X,1973-01-18,Friuli-Venezia Giulia,Pordenone,2017-04-10
2597,Amanda,Innocenti,PRLTNF31R53G944G,1985-04-01,Liguria,Genova,2016-06-29
2598,Maria,Salandra,CHRGLN31L11B432W,1972-09-05,Lazio,Viterbo,2017-01-29
2599,Rosina,Mascagni,NVILRA28T25E565B,2002-04-18,Veneto,Vicenza,2019-10-26
2600,Giovanni,Tasso,TZZMRH47E22A171Y,1955-01-23,Umbria,Terni,2025-05-06
2601,Gioachino,Piccinni,TNNNRC15H68H712R,1962-11-23,Sardegna,Sassari,2020-10-30
2602,Antonia,Salvo,GRSGLN47E71H662C,1990-10-21,Friuli-Venezia Giulia,Udine,2015-09-06
2603,Pasqual,Polani,FBNCTN29L02E093D,1963-01-14,Valle d'Aosta,Aosta,2020-05-17
2604,Patrizio,Scarfoglio,LRDBNT16H59D347S,1991-01-09,Trentino-Alto Adige,Trento,2025-08-22
2605,Antonella,Spadafora,CHNNNS32C20F636I,1960-08-14,Umbria,Terni,2025-10-06
2606,Osvaldo,Fallaci,PLNPLN79C01E126O,1973-05-07,Umbria,Perugia,2016-05-27
2607,Piermaria,Pezzali,SNSPRN74L06C007D,1974-05-18,Emilia-Romagna,Modena,2020-01-29
2608,Victoria,Murri,CSTGFR27H65F943C,1976-12-17,Valle d'Aosta,Aosta,2024-07-12
2609,Lolita,Sismondi,VVLBRT59T56E868L,1987-12-29,Liguria,Genova,2024-12-05
2610,Cristina,Faranda,RTCLBC38B48C713G,1972-11-05,Liguria,Genova,2020-01-13
2611,Venancio,Dossetti,TRVFRN77D04D543E,2001-06-10,Marche,Pesaro,2024-08-23
2612,Galasso,Tropea,BRNDRA16L01A295H,1947-08-09,Marche,Macerata,2015-10-30
2613,Adelmo,Boiardo,MLPRMD83S63F022A,1992-08-31,Toscana,Firenze,2020-03-31
2614,Pasqual,Comencini,MRNSNO84D28A338F,1993-06-22,Valle d'Aosta,Aosta,2024-03-09
2615,Susanna,Lovato,GTTGLT15A07F556I,1969-11-05,Lazio,Frosinone,2026-07-17
2616,Paola,Tamborini,CRCRGR16A59G566T,2000-03-07,Calabria,Cosenza,2025-04-08
2617,Adriana,Rizzoli,PSSLZR20T66H174R,1974-06-25,Calabria,Catanzaro,2022-10-26
2618,Ilaria,Chittolini,MTAMRL79T61B620E,1961-01-27,Valle d'Aosta,Aosta,2018-03-21
2619,Arsenio,Travaglio,GNNRMI29A19M086I,1957-05-08,Umbria,Perugia,2021-09-17
2620,Sebastiano,Regge,CMCGLI71R53B350O,1986-06-17,Basilicata,Potenza,2015-04-28
2621,Antonia,Verdone,PDVLLT68C29A048V,1974-06-29,Sicilia,Messina,2017-03-21
2622,Calcedonio,Sgalambro,GZZDMA57R54E400K,1991-12-06,Toscana,Pisa,2023-10-10
2623,Ciro,Trobbiani,MNTSNT19S70H872N,1963-11-01,Trentino-Alto Adige,Trento,2026-04-11
2624,Eva,Maccanelli,MSTFLR39M09B281P,1967-01-19,Campania,Caserta,2026-01-10
2625,Jolanda,Dalla,GTTBNT84D56H085L,1947-01-13,Friuli-Venezia Giulia,Trieste,2018-09-29
2626,Dolores,Mennea,CGNLBC06M56F351C,1995-04-08,Liguria,Genova,2024-07-15
2627,Gabriele,Donarelli,TMBJLD07D14A889L,2001-05-05,Puglia,Bari,2022-01-08
2628,Maria,Errani,CMNTNO42R24L003J,2005-01-05,Molise,Campobasso,2022-02-21
2629,Berenice,Bondumier,TZZMRA24D15A403Y,1996-08-24,Molise,Campobasso,2020-05-29
2630,Franco,Manacorda,MGRGRL35M10F915Z,1996-06-14,Basilicata,Potenza,2025-08-21
2631,Concetta,Abatantuono,TCCPCC03M64M383K,1948-10-16,Lombardia,Monza,2016-04-28
2632,Vittorio,Praga,GTTGRC08A23L014B,1948-10-31,Valle d'Aosta,Aosta,2021-05-10
2633,Ruggiero,Ponti,BRSBNT60S42L931K,1980-12-05,Molise,Campobasso,2016-07-24
2634,Gloria,Volterra,BRSSVR88D62B777F,1979-01-05,Umbria,Perugia,2024-01-07
2635,Stefani,Varano,BSSGRN45L47C723U,1998-10-17,Friuli-Venezia Giulia,Pordenone,2023-12-29
2636,Amleto,Borghese,TMOCHL44H58H975N,2001-03-21,Lazio,Roma,2022-06-28
2637,Bernardo,Caetani,SLVGLI34T66G629L,1953-02-08,Basilicata,Matera,2023-03-24
2638,Ottone,Ostinelli,CRSLVI06S16I849U,1979-08-14,Valle d'Aosta,Courmayeur,2023-06-04
2639,Salvatore,Acerbi,LCRDRN75D29I925E,1954-02-01,Friuli-Venezia Giulia,Trieste,2023-07-09
2640,Nina,Anastasi,MCCLRZ15P49A189B,1990-08-01,Piemonte,Novara,2020-05-19
2641,Maria,Grasso,MNLRAI69A22C231Z,1982-11-05,Lombardia,Pavia,2023-06-26
2642,Bianca,Pasolini,CRCNNL30P52L887Q,1978-11-20,Trentino-Alto Adige,Trento,2020-09-19
2643,Pina,Vercelloni,LGRLSN84M58F813V,2000-12-07,Valle d'Aosta,Aosta,2025-05-11
2644,Alberico,Corbo,MGLRMG77T51A947Y,1971-11-18,Friuli-Venezia Giulia,Pordenone,2024-03-09
2645,Zaira,Pascarella,,2005-01-16,Lombardia,Bergamo,2015-01-11
2646,Licia,Procacci,FLPNNT24R15D226F,1963-09-17,Lombardia,Monza,2024-06-20
2647,Giuseppe,Argan,RNZMLN05P24G486B,2005-09-08,Veneto,Vicenza,2021-01-25
2648,Anita,Soranzo,DBSNGN86T04G429R,1946-12-10,Marche,Ancona,2024-03-27
2649,Imelda,Cabibbo,GRBBRR11D62L224A,1996-02-09,Veneto,Verona,2018-11-23
2650,Ennio,Pellico,CLLCPN42P49F951E,1969-03-10,Sicilia,Siracusa,2022-03-05
2651,Martino,Zamengo,MZRDNI51D06H052G,1993-03-27,Veneto,Vicenza,2025-03-05
2652,Dante,Caracciolo,BLBLRN58S62B694R,2002-07-31,Calabria,Reggio Calabria,2024-07-12
2653,Enrico,Antonetti,GLLRGR86A56F140F,1969-04-24,Puglia,Foggia,2015-10-15
2654,Guarino,Ortese,MLTSNT92T71I504S,1990-07-05,Campania,Napoli,2026-01-25
2655,Arturo,Turrini,FRRRAI56B10E200R,1964-12-16,Liguria,Savona,2020-04-01
2656,Lucrezia,Borghese,GROGRN53M66E165S,1953-06-17,Piemonte,Alessandria,2020-03-20
2657,Pier,Cherubini,RRGGNT41T65G188F,1962-04-26,Valle d'Aosta,Courmayeur,2026-07-01
2658,Nicola,Acerbi,GNNLBC17T53A751M,1980-07-08,Trentino-Alto Adige,Trento,2017-12-27
2659,Loretta,Udinesi,NTLDMC47M67F972F,2003-10-13,Sicilia,Palermo,2018-10-27
2660,Ricciotti,Albertini,PDRNDA51A11M028G,1985-05-23,Piemonte,Alessandria,2025-05-11
2661,Paoletta,Berlusconi,GNSNSD50L48E677V,1998-01-27,Piemonte,Cuneo,2021-02-07
2662,Renata,Alighieri,BTTDMC93P69G856Z,1994-06-02,Sardegna,Cagliari,2016-09-08
2663,Calogero,Respighi,LFNDNT01D59A443W,1957-12-09,Valle d'Aosta,Aosta,2021-03-19
2664,Carla,Casale,BGTFMM81A05D928E,1958-07-20,Molise,Isernia,2023-09-29
2665,Durante,Ariasso,MRLRMG88D65M203B,1978-06-25,Trentino-Alto Adige,Trento,2016-10-02
2666,Romeo,Pagliaro,TTNGNN14R61I877F,1968-10-11,Trentino-Alto Adige,Trento,2019-10-19
2667,Flavio,Perini,BNDRSN91P14A436U,1962-04-07,Lazio,Roma,2021-11-07
2668,Donato,Scarfoglio,TCCLRN84H49I732V,1946-01-29,Trentino-Alto Adige,Bolzano,2018-05-08
2669,Guarino,Ciani,MCCGVN95P20D009H,1948-02-26,Valle d'Aosta,Aosta,2015-09-18
2670,Griselda,Lucchesi,GTTBRT11B58A171E,1957-02-28,Calabria,Catanzaro,2016-07-28
2671,Elisa,Zamorani,VSPRBT49H21D783J,1975-05-31,Marche,Ancona,2025-06-05
2672,VIRGILIO,Franceschi,LNGMRC50L46L335U,1974-12-04,Toscana,Pisa,2015-04-11
2673,Fabio,Pagliaro,CSTMLS78M02D403I,2003-09-15,Valle d'Aosta,Aosta,2025-02-15
2674,Imelda,Pistoletto,MMNGNT52B66E515G,1990-09-11,Puglia,Bari,2025-08-07
2675,Rosalia,Cilea,VNDPRN03M41D186O,1967-10-12,Trentino-Alto Adige,Trento,2022-02-03
2676,Ricciotti,Cossiga,PSNLDN16D52I613W,1989-07-01,Emilia-Romagna,Bologna,2017-06-27
2677,Azeglio,Ostinelli,BBTBNT47D62A048J,1985-10-20,Valle d'Aosta,Aosta,2020-10-04
2678,Baldassare,Rossi,BLZLDC63B11E549L,1972-01-20,Lombardia,Bergamo,2021-07-29
2679,ARNULFO,Nadi,BXINCI16C49D253U,2003-02-17,Liguria,Genova,2023-11-29
2680,Benvenuto,Forza,MGHGLR56R09A570H,1957-09-25,Marche,Ancona,2015-05-20
2681,Jolanda,Panicucci,SSLGML12S66D462X,1961-03-05,Puglia,Foggia,2023-06-06
2682,Griselda,Schicchi,MCCVRN58B19M096R,1973-05-02,Lazio,Viterbo,2017-02-12
2683,Lolita,Bottaro,RZZLND91L59C290D,1994-12-28,Lazio,Viterbo,2015-07-17
2684,Pomponio,Montalcini,CSTGNT24H63G506Z,1977-03-20,Friuli-Venezia Giulia,Pordenone,2022-11-13
2685,Simone,Iannotti,PTRDRN47S55A492T,1973-09-05,Marche,Ancona,2017-01-14
2686,Martina,Fantoni,SBRMRN93B18C820S,1970-08-14,Sardegna,Oristano,2024-04-11
2687,Gioele,Albertini,ZRLLNE20A20D878G,2005-07-05,Calabria,Cosenza,2024-06-13
2688,Raffaele,Stefanelli,GGLLSE18T23G474K,1992-02-24,Calabria,Cosenza,2021-01-14
2689,Ilaria,Soffici,CHRGNE72L10C757M,1995-08-26,Veneto,Verona,2017-06-16
2690,Annibale,Fantozzi,MLNFLP97C27E242N,1984-03-22,Marche,Ancona,2021-09-29
2691,Ninetta,Sbarbaro,FNCGLN21M56L924L,1980-04-06,Campania,Napoli,2017-11-13
2692,Gilberto,Cuomo,GHURMI83C02B470B,1990-09-29,Veneto,Vicenza,2024-10-20
2693,Gino,Fagiani,CCCFRN88A03E549L,1996-07-03,Lombardia,Bergamo,2024-03-14
2694,Dina,Farnese,DLBNDA35E05C269C,1950-12-01,Basilicata,Potenza,2018-09-25
2695,LAZZARO,Taliani,TRLCRT77A26H235E,1977-03-26,Molise,Campobasso,2022-05-17
2696,Saverio,Montanari,BRNMRL34T51B371J,1994-03-19,Valle d'Aosta,Aosta,2026-08-22
2697,Viridiana,PELLEGRINI,RBBDIA55R23G523Q,1966-06-20,Sardegna,Sassari,2017-06-30
2698,Donna,Bonanno,,1953-01-27,Campania,Caserta,2017-09-20
2699,Roberta,Persico,GZZGML86C46I330K,1979-06-30,Marche,Ancona,2018-06-01
2700,Maria,Righi,CREMLS57M15C323F,2000-06-04,Sicilia,Siracusa,2016-01-02
2701,Gastone,Borromini,TGNMCA50L70D210O,1994-02-17,Friuli-Venezia Giulia,Trieste,2024-07-15
2702,Lina,Sobrero,RBRDLS26P12A526O,1964-08-29,Piemonte,Alessandria,2020-08-02
2703,Gilberto,Pareto,MNTRSR40C20F426J,1952-05-26,Veneto,Treviso,2017-02-26
2704,Natalia,Marinetti,LPURRA93A21F098R,1978-02-20,Marche,Macerata,2020-10-23
2705,Morena,Malpighi,CHRMLS34A22G934I,1946-08-19,Puglia,Lecce,2019-03-30
2706,Stella,Rizzo,VDOTNN21L55E518L,1974-01-23,Valle d'Aosta,Aosta,2020-05-13
2707,Edoardo,Pagnotto,RCCDNI01A08H592Y,1999-06-24,Liguria,Savona,2020-08-13
2708,Pellegrino,Federici,PNNGSP52T43D020M,1958-04-21,Liguria,La Spezia,2016-03-15
2709,Antonina,Sagnelli,MNGSBT82R47B098H,1957-06-30,Lazio,Roma,2017-01-20
2710,Valerio,Gaiatto,VNDGSV76B49G419Y,1998-07-06,Trentino-Alto Adige,Bolzano,2021-06-25
2711,Isa,Tognazzi,BRCLCN40A68D013U,1976-02-07,Lombardia,Pavia,2026-03-26
2712,Cassandra,Foletti,PRTMRL37D05B419B,1965-05-27,Calabria,Catanzaro,2023-01-15
2713,LUCREZIA,Garibaldi,PRRCRI16B46H730V,1975-11-26,Sardegna,Cagliari,2025-03-11
2714,Allegra,Ubaldi,CMPMLD78E18M090M,1994-06-29,Valle d'Aosta,Aosta,2022-06-12
2715,Martino,GENTILINI,NTLDLM89B46H373H,2001-08-29,Valle d'Aosta,Aosta,2022-05-05
2716,Roberto,Romagnoli,CBNLVR75P23L888Z,1947-11-05,Calabria,Reggio Calabria,2016-05-13
2717,Leopoldo,Tanzini,DSSRNT43L63E972D,1949-10-29,Emilia-Romagna,Bologna,2016-11-29
2718,Ludovica,Terragni,BCCBLD99P57B520J,1960-10-08,Valle d'Aosta,Aosta,2019-07-01
2719,Dionigi,FLAIANO,TRNSVR07H62F881I,1951-02-28,Sicilia,Siracusa,2022-11-14
2720,Sandra,Maccanelli,PDRNTL06L23A784C,1946-01-13,Sicilia,Messina,2026-03-01
2721,Lisa,Filippini,PDVPSL39M64G171M,1968-03-13,Sardegna,Oristano,2021-12-31
2722,Caterina,Valguarnera,PRNLFA96S51F544J,1984-06-16,Lazio,Latina,2024-05-25
2723,Pomponio,RUFFINI,ZLOSVD24S58C566B,1954-08-10,Puglia,Bari,2016-12-22
2724,Adamo,Ruggieri,FNTLVI15A27F842X,1972-09-25,Molise,Campobasso,2026-01-11
2725,Atenulf,Cimini,BRNRST51C41B033Q,1989-01-24,Sardegna,Cagliari,2024-03-11
2726,Piero,Mimun,MTLRBT87P54M320M,1986-03-02,Valle d'Aosta,Aosta,2019-02-10
2727,Gustavo,Montalcini,TRSPSL41H65I170N,1976-07-01,Basilicata,Matera,2023-12-23
2728,Micheletto,Taccola,CLGFDL32M54C931R,1981-09-03,Valle d'Aosta,Courmayeur,2024-11-29
2729,Adelmo,Aldobrandi,PNENDD57H17I472C,1952-03-23,Friuli-Venezia Giulia,Udine,2018-07-31
2730,Paloma,Pozzecco,MDRTRS07H03E462A,1990-10-12,Piemonte,Torino,2021-10-20
2731,Orazio,Niscoromni,MDNCRN19C69C730Y,1973-02-06,Lombardia,Bergamo,2021-02-05
2732,Sophia,Marazzi,BMBBLD75R56M091O,1994-02-19,Emilia-Romagna,Rimini,2018-06-02
2733,Laureano,Agostini,FNTRKE67L30F740Q,1999-03-30,Lazio,Viterbo,2022-12-28
2734,Pompeo,Antonacci,MRSMRT05T03E883V,2004-03-16,Piemonte,Cuneo,2021-03-14
2735,Alessandro,Govoni,FRRNTN79E66M127J,1989-03-27,Lombardia,Pavia,2019-05-22
2736,Graziano,Cossiga,TSCSMT52A06A458A,1965-12-13,Veneto,Treviso,2021-11-17
2737,Nedda,Monte,VLTRSL94P08A305M,1950-10-24,Toscana,Pisa,2026-08-04
2738,Concetta,Lettiere,FRSGMM85R01G263E,1968-04-18,Sardegna,Sassari,2015-05-30
2739,Marta,Rismondo,SLVRBT62R29F251C,1959-06-12,Piemonte,Torino,2023-04-28
2740,Durante,Lattuada,CRRGRN14D52E185Z,1967-03-05,Puglia,Lecce,2015-08-29
2741,Cristina,Jovinelli,MNCGRL05M07D818O,1945-05-18,Molise,Isernia,2020-05-17
2742,Marcella,Papafava,MNNTRT01R51F373I,1949-09-29,Basilicata,Matera,2016-04-23
2743,Eugenia,Garobbio,NTNMRN74S65F900P,1994-05-31,Valle d'Aosta,Courmayeur,2016-02-10
2744,Antonino,Cimarosa,BBAFBZ91R49C879G,1987-08-08,Piemonte,Alessandria,2017-08-14
2745,Enrico,Battisti,BLZLRA67R25B506X,2003-07-08,Valle d'Aosta,Courmayeur,2024-04-22
2746,Mariano,Treccani,NTNRGR24E45A412C,1976-10-30,Molise,Campobasso,2016-02-22
2747,Gianluigi,Caffarelli,SVRSBN36P54E962I,1992-01-01,Veneto,Treviso,2022-05-16
2748,Milo,Ossola,MSCNTN65L24C850N,1975-07-27,Valle d'Aosta,Courmayeur,2020-01-05
2749,Giuseppina,TRESOLDI,FNTDLS64P25H787V,1995-01-27,Toscana,Pisa,2024-12-13
2750,Domenico,Micca,TSOGDU13R54B696L,1965-05-04,Toscana,Firenze,2025-06-30
2751,Gioele,Galtarossa,RCCMLA94S12H775O,2000-03-23,Umbria,Perugia,2025-07-17
2752,Allegra,Paolini,DLLRMO53M50M027N,2001-11-09,Abruzzo,Chieti,2023-08-14
2753,Ugo,Foscari,RFFLVR89A13E337C,1965-05-04,Trentino-Alto Adige,Bolzano,2015-11-27
2754,Fiorenzo,Fuseli,PGNBTC67B15F816S,1961-05-02,Calabria,Reggio Calabria,2021-06-07
2755,Temistocle,Conte,CMNRZO46H59D373R,1986-10-07,Liguria,La Spezia,2026-03-24
2756,Pierluigi,Vespucci,PGLDRA30C15H796U,1957-02-09,Basilicata,Potenza,2019-10-14
2757,Emilio,Galtarossa,CSLRBT79P59A271A,1997-06-28,Puglia,Foggia,2015-11-08
2758,Enzo,Donini,SRETTN73A02H615Q,1985-11-25,Liguria,La Spezia,2020-10-27
2759,Paoletta,Renzi,LTTRCT07S69F935L,1950-12-13,Emilia-Romagna,Parma,2024-10-19
2760,Hugo,Schiaparelli,MNTGLN09S66E805R,1957-09-29,Sardegna,Sassari,2017-01-02
2761,PIERPAOLO,Tamburello,MZZGSR75P43I819E,1979-11-05,Calabria,Reggio Calabria,2016-08-18
2762,Tina,Verdi,SMLGNE59P03D805V,1991-11-23,Liguria,Savona,2020-10-14
2763,Berenice,Boccioni,TFRRTR71R50D977Z,1955-02-04,Abruzzo,Chieti,2019-12-25
2764,Tullio,Pennetta,PRLPLM26P09F920P,1947-02-12,Toscana,Pisa,2015-03-25
2765,Ubaldo,Ruberto,FLRVNC02C71A177K,1946-05-22,Puglia,Bari,2022-02-04
2766,Giulietta,Soderini,BTTNZE30R53H333U,1987-09-24,Sicilia,Siracusa,2023-03-07
2767,Corrado,Esposito,BBBSRN42T03F886P,1966-12-27,Abruzzo,L'Aquila,2020-03-08
2768,Tina,Vergerio,CSTPRN82P17G882X,1953-05-21,Veneto,Verona,2015-01-26
2769,Osvaldo,Caironi,VGDSNO62A30E327X,1982-09-26,Veneto,Treviso,2020-10-27
2770,Osvaldo,Barese,BLLMRN75C08F186S,1955-12-21,Puglia,Foggia,2022-03-06
2771,Melina,Comencini,PDRPLA77D08C934O,1957-04-11,Campania,Napoli,2016-09-17
2772,Isa,Tornatore,MRNRDF05D63D420V,1998-02-19,Valle d'Aosta,Aosta,2023-05-07
2773,Antonello,Puglisi,MNDRMO65R54L290Z,1978-10-08,Liguria,Genova,2016-01-09
2774,Ugolino,Gatto,MRTLRA88M01I622N,1946-09-11,Veneto,Treviso,2018-06-11
2775,Sergius,Roth,CLVDNL84D04D492V,1970-02-20,Basilicata,Matera,2024-06-25
2776,Marcello,Morpurgo,MRSMRH86A12B374A,1947-06-15,Valle d'Aosta,Aosta,2025-05-01
2777,Evangelista,Cabrini,GRBGUO35T67C992Y,2003-07-11,Liguria,La Spezia,2025-10-12
2778,Giuseppe,Bazzi,PCATRT68D44A778I,1964-06-04,Abruzzo,Pescara,2017-03-11
2779,Lorenzo,Boccaccio,SRNRND83T44I109L,1984-09-06,Piemonte,Novara,2021-08-25
2780,Eraldo,Gentileschi,BMBGTN51P55B205V,2005-04-06,Friuli-Venezia Giulia,Udine,2019-01-23
2781,Manuel,Persico,BRSRMN81M29L409X,1992-05-18,Veneto,Treviso,2024-01-13
2782,Roberto,Sabbatini,,1949-02-06,Umbria,Terni,2025-01-23
2783,Eliana,Interiano,RGGBLD37E54F100C,1963-07-24,Lazio,Frosinone,2018-03-24
2784,Aria,Magnani,GNNLDC92L31D204L,1963-09-07,Trentino-Alto Adige,Bolzano,2023-12-29
2785,Paoletta,Argenti,RNZVNL17R11F168M,1983-09-09,Lombardia,Pavia,2026-04-21
2786,Gian,Tarantino,CSLLRA74M12E888L,1968-08-14,Abruzzo,Pescara,2026-08-06
2787,Isa,Curci,RSMFRN13P13M407S,1950-03-01,Abruzzo,Pescara,2022-07-04
2788,Annalisa,Folliero,CNCPLN11H18D966I,1992-02-01,Friuli-Venezia Giulia,Trieste,2018-04-01
2789,Isa,Marinetti,,1998-06-27,Sardegna,Sassari,2025-01-29
2790,Silvia,Palmisano,VDNSBL80T09F776E,1973-11-10,Trentino-Alto Adige,Merano,2024-03-24
2791,Gioffre,Rinaldi,RMNRSR26E50I562O,1975-06-01,Calabria,Catanzaro,2022-09-21
2792,Oreste,Semitecolo,PLLFDG93B52H985P,1966-08-23,Abruzzo,Pescara,2020-10-28
2793,Elvira,Notarbartolo,BRGSRS34T70L977J,1985-11-10,Liguria,Genova,2019-08-17
2794,Cristina,Carosone,BCCRMR00H41M289X,1954-04-08,Lazio,Frosinone,2017-05-21
2795,Ernesto,Delle,TSLSTL12L19F932L,1983-03-19,Lazio,Frosinone,2017-09-15
2796,Benedetto,Ludovisi,GNTGLT35S16E156F,2000-05-02,Campania,Napoli,2023-05-06
2797,Ilaria,Biagi,ZNZGSN88M66E854L,1947-11-28,Marche,Ancona,2023-05-29
2798,Ivo,Asprucci,CVLNNT51E22G815V,1997-06-10,Marche,Ancona,2019-01-07
2799,Gioacchino,Finetti,CRBLDC81H30I059O,1994-04-23,Sardegna,Oristano,2015-04-24
2800,Amadeo,Pausini,CRLPLT24L13E882R,1989-06-14,Abruzzo,L'Aquila,2016-09-26
2801,Romeo,Castioni,PRDPRS55B41B502F,1964-05-20,Emilia-Romagna,Bologna,2016-10-20
2802,Luca,Pertini,LTTDNN04C26L153T,1945-12-20,Piemonte,Alessandria,2015-09-27
2803,Rosa,Ceri,GLTGMM78R18A397G,1967-10-09,Basilicata,Potenza,2021-04-09
2804,Benito,Fornaciari,RNDGNR53M52G612M,1995-07-12,Puglia,Lecce,2021-04-01
2805,Lucia,Antelami,SGRMRA78B11B605X,1995-06-30,Umbria,Perugia,2015-09-24
2806,Erika,Marinetti,PNNDNT35E41G608N,2000-03-30,Valle d'Aosta,Courmayeur,2022-04-16
2807,Ezio,Franceschi,NCLNTL58E28E248R,1959-03-06,Trentino-Alto Adige,Bolzano,2026-01-23
2808,Michelotto,Rizzo,CLBNCL06B58E125R,1964-12-08,Marche,Pesaro,2022-10-22
2809,Gioffre,Stein,PRSVNL08R19I428F,1956-04-03,Puglia,Bari,2024-08-27
2810,Luisa,Notarbartolo,MNTMCL74C61B936P,1959-11-30,Puglia,Foggia,2021-10-24
2811,Sebastiano,Rosiello,DNZCRL38R42A266S,1947-02-06,Lazio,Viterbo,2025-02-25
2812,Giampiero,Versace,CRBFRN95H51A647C,1982-07-25,Friuli-Venezia Giulia,Trieste,2026-02-08
2813,Lina,Folliero,LRUGVN70L56B513Z,1993-12-14,Piemonte,Torino,2015-03-25
2814,Filippo,Ubaldi,BTAGLT60D08A673P,1998-05-20,Basilicata,Potenza,2016-01-16
2815,Giosuè,Onisto,PPTBRN47S56D133L,1966-05-16,Campania,Salerno,2015-09-24
2816,Beatrice,Ficino,NGNBTC14E23I422F,1959-01-28,Marche,Ancona,2022-10-25
2817,Bianca,Satriani,MRCGML08C68H403H,1977-01-28,Sardegna,Cagliari,2016-07-04
2818,Agnolo,Luxardo,MLNGVN31M16G963E,1950-04-30,Puglia,Taranto,2017-07-18
2819,Raffaellino,Raurica,TSOLVR06T17I659N,1965-04-12,Veneto,Verona,2024-01-30
2820,Nico,Tebaldi,BNCBTN92T18F175Y,2000-12-18,Veneto,Padova,2019-05-06
2821,Gioachino,Briccialdi,FOACLD41B43C662I,1980-05-11,Friuli-Venezia Giulia,Trieste,2018-08-30
2822,Gianmarco,Rismondo,GHUPRS21S44M264M,1955-12-27,Piemonte,Novara,2017-10-31
2823,Nicoletta,Anguillara,VSPBPP70M44A459D,1984-11-11,Valle d'Aosta,Aosta,2022-06-23
2824,Diana,Pisacane,RMZLNE16H65E900Q,1957-01-05,Marche,Macerata,2016-04-07
2825,Rosa,Bernardini,VSPDMA18L67G204D,1986-04-02,Trentino-Alto Adige,Bolzano,2021-12-06
2826,Flavia,Ficino,BNNLCI33C23H986C,1998-05-29,Piemonte,Novara,2021-01-06
2827,Gabriele,Anastasi,BLTRNF23D42B959J,1997-07-27,Friuli-Venezia Giulia,Trieste,2017-12-20
2828,Tiziano,Rienzo,MNTLDA86H70I947H,1965-10-29,Valle d'Aosta,Courmayeur,2023-12-28
2829,Edoardo,Dibiasi,CTNCPN37C41E345J,2004-11-28,Toscana,Pisa,2026-05-30
2830,Pierangelo,Solari,CMSGRC09E11H936H,1947-04-13,Calabria,Reggio Calabria,2024-07-19
2831,Bianca,Zichichi,NTNBRC51L29C659Y,2004-03-13,Piemonte,Novara,2021-01-09
2832,Geronimo,Traversa,CRQCHR17E02A317G,1950-08-20,Trentino-Alto Adige,Trento,2022-12-08
2833,Lucio,Giannetti,FLLSTL22A12E060T,1963-10-31,Friuli-Venezia Giulia,Udine,2018-02-17
2834,Elladio,Babato,BFFNTN14D09F739G,1991-06-03,Abruzzo,Pescara,2024-11-26
2835,Livio,Forza,CLLLVR29S06D915H,1978-08-03,Veneto,Padova,2020-08-20
2836,Filippo,Traetta,CRSGML20D64G408A,2001-05-14,Umbria,Terni,2022-03-17
2837,Giovanni,Morabito,LPRMRN16D50B966S,1972-02-21,Trentino-Alto Adige,Trento,2025-11-01
2838,Temistocle,Piazzi,MNCRMR54A46C804Z,1963-10-01,Basilicata,Potenza,2020-04-04
2839,Berenice,Torricelli,RCCFRD34C64A546Q,1977-02-11,Emilia-Romagna,Bologna,2016-04-13
2840,Lina,Notarbartolo,RMNMRN81S16G692A,1969-09-01,Friuli-Venezia Giulia,Udine,2016-04-14
2841,Stefania,Golgi,VDNMCL22R56I941Z,1992-04-22,Campania,Caserta,2019-04-23
2842,Gianni,Nosiglia,BSNMRA88C53M391A,1987-11-14,Friuli-Venezia Giulia,Udine,2018-01-10
2843,Patrizio,Pagliaro,ZNCBCC34M65L676P,1956-03-30,Veneto,Treviso,2018-10-10
2844,Ottavio,Cristoforetti,GZZTLL07R70E480N,1978-06-27,Lazio,Viterbo,2016-10-18
2845,Piermaria,Mantegazza,NNCMRN47D08E351Z,1945-10-10,Trentino-Alto Adige,Bolzano,2017-05-20
2846,Sandra,Pagliaro,LRUMRA99E30I238F,1960-01-28,Sicilia,Siracusa,2021-09-22
2847,Panfilo,Rizzo,GNNMRN26P59H507C,2002-12-20,Campania,Napoli,2015-04-15
2848,Gloria,Pizzamano,,1952-10-28,Veneto,Vicenza,2021-06-12
2849,Gaspare,Pedroni,CNTLZR13H56A837G,1980-05-21,Piemonte,Cuneo,2018-10-26
2850,Ermenegildo,Satriani,FRRGNR41E47M173R,1975-09-30,Liguria,La Spezia,2016-03-07
2851,FLORA,Luciani,VSPMRL64T54C623F,2003-01-18,Valle d'Aosta,Courmayeur,2015-11-19
2852,Gemma,Aulenti,CLVPNL93P45D184G,1996-07-31,Molise,Campobasso,2019-12-05
2853,Annunziata,Segrè,VRGSTN09L04D824N,1971-09-22,Trentino-Alto Adige,Trento,2025-05-26
2854,Sonia,Garzoni,CLVLSI65S07H461Y,1982-09-02,Basilicata,Potenza,2015-06-24
2855,Romolo,Brunello,GTTLNA63D16B408T,1970-03-18,Piemonte,Cuneo,2023-12-23
2856,Nino,Biagiotti,DLLDLM12E58G575L,1984-02-10,Basilicata,Matera,2017-11-29
2857,Piersanti,Sonnino,VVLCLD49T09G160G,1946-04-28,Sicilia,Palermo,2022-04-21
2858,Giacinto,Casagrande,CSTGVN50D19I279T,2004-02-16,Valle d'Aosta,Courmayeur,2018-04-16
2859,LAZZARO,Roth,FLRLGU82E67B544C,1981-10-25,Basilicata,Potenza,2017-07-28
2860,Luigina,Dallara,MLNMTT96L47L909R,1984-01-20,Veneto,Verona,2021-09-20
2861,Patrizia,Federico,SBRCLD95R28I684V,1955-06-09,Friuli-Venezia Giulia,Udine,2019-05-30
2862,Bianca,Mantegna,GBRLVI73E17L123Q,1987-10-05,Liguria,La Spezia,2024-06-04
2863,Gabriella,Bottaro,FBRSMT52T30E118E,1999-03-24,Abruzzo,L'Aquila,2021-07-22
2864,Letizia,Maggioli,BRNPRG57S41E426C,1987-06-21,Calabria,Reggio Calabria,2022-05-09
2865,Giuliana,Vigliotti,GLTMLD28R04A329P,1989-05-10,Piemonte,Torino,2019-03-27
2866,Coluccio,Pelli,DNRJLD98R01B203Q,1964-08-31,Trentino-Alto Adige,Merano,2024-12-26
2867,Pasquale,Gradenigo,BNDBGI24D48C902H,1969-02-07,Toscana,Pisa,2022-09-30
2868,Guarino,Gadda,PCCSNN84D62C920Y,1985-04-01,Puglia,Taranto,2015-03-30
2869,Vittorio,Callegari,BCCGSN11T42M352N,1978-12-16,Liguria,Genova,2018-01-25
2870,Benedetto,Rizzo,GGLNGL09E70F857H,1991-04-09,Toscana,Pisa,2024-09-24
2871,Carlo,Cammarata,LTRGNZ74S63G324W,1998-06-09,Sardegna,Cagliari,2022-08-08
2872,Francesca,Brambilla,BLLGRL83C29L844D,1969-01-14,Friuli-Venezia Giulia,Pordenone,2018-11-29
2873,Angelo,Contrafatto,PRLDNL51P42I048M,1946-06-09,Campania,Caserta,2015-09-24
2874,Benito,Barsanti,MFFCLL15D09F408P,1949-06-24,Veneto,Treviso,2021-11-01
2875,Virginia,Moneta,VSCGLI19A47D455I,1985-11-16,Valle d'Aosta,Aosta,2026-05-01
2876,Gaetano,Borrani,BNGSNR72S44F239F,1978-08-29,Toscana,Siena,2016-11-05
2877,Romina,Calgari,VNTLLN07B11I475H,1968-01-02,Basilicata,Matera,2024-04-15
2878,Santino,Calarco,TLRCRL26C26H578D,1994-08-27,Molise,Isernia,2016-07-04
2879,Cirillo,Maspero,CHTGSP59S28A048I,1950-05-14,Umbria,Perugia,2018-05-06
2880,Ernesto,Treccani,LXRBTC15C27F734L,1991-05-21,Basilicata,Potenza,2021-11-28
2881,Romeo,Mannoia,CNCSBT89B65M050W,1946-11-01,Basilicata,Matera,2021-07-04
2882,Concetta,Fusani,SMNTLL47M53D162I,1948-04-11,Emilia-Romagna,Parma,2020-02-10
2883,Sonia,Renzi,BNGFLP70B02L920F,1963-12-16,Marche,Ancona,2015-08-10
2884,Etta,Tarchetti,CPNNNI15R50B805D,1987-04-04,Piemonte,Cuneo,2017-09-12
2885,Gionata,Corbo,NVRGRG06B23C531Z,1996-07-21,Emilia-Romagna,Rimini,2021-04-22
2886,Bruno,Morabito,MNTNNR52R22E668N,1974-07-11,Emilia-Romagna,Rimini,2019-11-22
2887,Fortunata,Fantini,BRDPRI70E67D725J,1987-03-26,Puglia,Foggia,2019-08-09
2888,Martino,Desio,DDUSTN94E69A765M,2000-06-08,Trentino-Alto Adige,Merano,2026-04-19
2889,Adamo,Cignaroli,LNGSRS92B63F023X,1946-12-19,Basilicata,Matera,2021-10-15
2890,Berenice,Venier,TRCVNN45L53G481N,2003-02-16,Emilia-Romagna,Parma,2024-06-23
2891,Ignazio,Toldo,BGIMLA47B19G736Q,1984-09-22,Liguria,Savona,2015-09-01
2892,Imelda,Morricone,SLVMRL84L47D938C,1959-08-12,Campania,Salerno,2015-05-02
2893,Mirco,Tiepolo,CMBFRN57S64A892T,2000-03-28,Trentino-Alto Adige,Merano,2016-10-18
2894,Rolando,Crespi,PVNDNT97S52E363E,1995-05-29,Lombardia,Milano,2018-06-14
2895,Mirko,Aulenti,,1986-08-06,Trentino-Alto Adige,Trento,2017-01-10
2896,Bruno,Majewski,CPNGNR00L57G936Z,1999-10-17,Emilia-Romagna,Parma,2020-11-19
2897,Pierpaolo,Errigo,BRTBLD56B69A055A,1998-01-20,Trentino-Alto Adige,Merano,2020-04-04
2898,Adamo,Polizzi,VNDTNF86E66I179J,2002-05-24,Sardegna,Sassari,2015-06-07
2899,Ciro,Speri,VLGCLL00M14B796U,1947-05-28,Sardegna,Sassari,2023-07-14
2900,Fredo,Tassoni,CSTJLD84C05C443M,1945-03-07,Umbria,Perugia,2023-04-02
2901,Emilio,Villarosa,FBBDNN71C10A131A,1995-05-15,Sardegna,Cagliari,2026-07-01
2902,Adelasia,Letta,MLSRMN67D52G494F,2005-11-08,Puglia,Lecce,2016-09-09
2903,Camilla,Malipiero,BBAGRN11A24I092N,1979-08-31,Toscana,Firenze,2023-06-15
2904,Angelica,Interminelli,CRRGNG47B63B223C,1997-01-10,Lombardia,Pavia,2016-02-29
2905,Gioffre,Nadi,MZZLVR40M30B562E,2004-01-18,Campania,Caserta,2018-03-08
2906,Ezio,Turchetta,LFRMRL37B21H523P,1949-02-28,Piemonte,Cuneo,2017-07-26
2907,Gabriella,Olivetti,VVNNNL76M57C556L,1948-10-25,Emilia-Romagna,Parma,2025-01-03
2908,Alphons,Ceravolo,BNMLLR38B20D081P,1985-10-03,Umbria,Perugia,2018-07-29
2909,Stefania,Moneta,MNZNTN78H28I174Z,2003-06-07,Emilia-Romagna,Modena,2021-08-21
2910,Dino,Tonisto,CVLGVN60P14I614Q,1986-01-22,Sicilia,Palermo,2018-04-21
2911,Rodolfo,Lupo,VGLNGC22B21F495R,2002-07-24,Sardegna,Cagliari,2025-06-22
2912,Gianna,Vitturi,RGRLLL28H16L856O,1998-10-25,Piemonte,Torino,2023-08-19
2913,Annalisa,Asmundo,SCRPLT74B22B565R,1995-01-06,Liguria,Genova,2015-09-29
2914,Cipriano,Gargallo,GRGGNI92L60G184I,2002-01-09,Lombardia,Milano,2018-12-06
2915,Alberto,Meucci,VLILGU44M66E007E,1969-03-01,Calabria,Catanzaro,2019-11-24
2916,Carla,Marrone,,1974-12-19,Trentino-Alto Adige,Bolzano,2025-11-13
2917,Achille,Pucci,ZTIRMD88E52L633Z,1971-10-05,Molise,Campobasso,2018-08-22
2918,Eraldo,Travia,NGLNCL08T42E177P,1959-01-06,Piemonte,Torino,2019-12-31
2919,Marco,Pugliese,GNTGNL57E52E793Z,1981-05-05,Sicilia,Siracusa,2016-04-26
2920,Vincenza,Battaglia,PNIGRL18M14A973B,1966-09-27,Piemonte,Alessandria,2023-06-03
2921,Gianfranco,Prodi,MNNRNT70A05D858C,1976-11-02,Friuli-Venezia Giulia,Udine,2019-12-27
2922,Giancarlo,Aporti,FRRSNT92L60G577Q,1977-12-11,Valle d'Aosta,Courmayeur,2021-03-30
2923,Ernesto,Petruzzi,JCZLNE58M68L817L,1990-10-04,Puglia,Taranto,2018-04-18
2924,Filippo,Miniati,TRCGRG86C08H994V,1991-06-15,Sardegna,Cagliari,2023-04-15
2925,Elmo,Gregori,FRSGSP65A25A320R,1965-09-16,Sardegna,Cagliari,2024-08-06
2926,Guglielmo,Bottaro,CCELVI14T51D697I,1981-08-01,Campania,Caserta,2021-05-13
2927,Gioffre,Pezzali,MNCNNI43H15D011V,2004-10-20,Marche,Pesaro,2018-11-27
2928,Rossana,Bacosi,DRGTLC72L41B729C,1961-07-22,Marche,Pesaro,2018-09-20
2929,Gustavo,Dallara,SMLGST30D48H037A,1951-07-10,Liguria,La Spezia,2025-03-05
2930,Emilio,Moretti,FFRFLP28B51G848M,1978-10-27,Trentino-Alto Adige,Bolzano,2018-06-18
2931,Adele,Cilea,GMTNTN35A70I917T,1964-04-27,Molise,Campobasso,2022-03-11
2932,Elladio,Rocca,FLRCRL56C44F233G,1986-08-18,Liguria,Savona,2026-02-10
2933,Laureano,Crispi,CHCLLR38B14E998X,1955-11-23,Emilia-Romagna,Parma,2020-07-16
2934,Alessandra,Eco,LBNTNI30R06L709V,1999-07-20,Basilicata,Matera,2020-07-16
2935,Pellegrino,Pasolini,SBLDLA50D05I826X,1952-08-05,Trentino-Alto Adige,Merano,2018-06-21
2936,Michelangelo,Balla,CSSFRN75C17A455D,1971-09-10,Calabria,Catanzaro,2016-02-11
2937,Leone,Turci,LFRFRN19A54A993A,1951-01-16,Liguria,Savona,2021-11-03
2938,Germana,Bellò,GRDSMT31D12G627Z,1964-07-14,Basilicata,Potenza,2021-09-27
2939,Gianluca,Stein,BRNGST00A61A223S,2002-01-08,Toscana,Pisa,2025-07-17
2940,Fiorino,Mortati,CLBNCL18C67D683K,1971-08-29,Lazio,Frosinone,2018-08-01
2941,Nicola,Lollobrigida,BCCBRT94H52G431B,1974-07-25,Friuli-Venezia Giulia,Trieste,2018-05-24
2942,Lodovico,Acerbi,CCCGNG00E66I402T,1983-04-11,Veneto,Treviso,2024-08-08
2943,Matteo,Gagliardi,GNNRRA49S21F048E,1956-03-23,Veneto,Treviso,2015-10-06
2944,Rosario,Udinesi,LCRMLD48E15H887U,1952-08-23,Lombardia,Milano,2025-08-17
2945,Ivo,Gotti,NDRDNL78E71I152U,1981-09-12,Emilia-Romagna,Rimini,2017-04-03
2946,Mauro,Ferrazzi,BTTSSN57M14E523U,1945-08-09,Toscana,Livorno,2021-12-11
2947,Lara,Rensi,BGIMTT22S56G935W,1973-07-12,Lombardia,Bergamo,2020-01-22
2948,Virginia,Prodi,CVLLLR73C18A893M,1953-09-12,Lazio,Frosinone,2015-04-15
2949,Pina,Micheletti,VRSRSN52S43I591T,1976-05-14,Trentino-Alto Adige,Bolzano,2016-05-23
2950,Licia,Bianchini,CHRFLV08S04E203S,1958-02-26,Abruzzo,Pescara,2022-06-25
2951,Sandro,Verri,RMNRLD80M61E599Y,1991-04-06,Molise,Campobasso,2025-11-11
2952,Gastone,Monti,CHTCRT25S16B309S,1972-11-09,Molise,Isernia,2021-03-03
2953,Adriana,Nordio,BNGCLD48S17H754S,1983-09-10,Campania,Salerno,2015-07-30
2954,Ippazio,Toscani,PRZGNR63B43D058N,1973-04-12,Lombardia,Bergamo,2016-06-22
2955,Rossana,Corcos,FRRLSS05A71I027R,1951-11-03,Toscana,Livorno,2016-08-07
2956,Gioele,Sanguineti,GZZNZE31T63A746S,1953-01-22,Abruzzo,L'Aquila,2025-11-03
2957,Giacinto,Cociarelli,RMNMTT76S61F411L,1952-01-15,Umbria,Terni,2021-01-04
2958,Serafina,Parmitano,FRNDNI61P63C744P,1995-02-03,Marche,Ancona,2022-12-10
2959,Claudio,Stradivari,TMBLCU43R03L508C,1973-10-18,Valle d'Aosta,Aosta,2025-02-18
2960,Massimiliano,Foà,BSDBRC12E22L388V,1999-01-13,Abruzzo,Pescara,2017-08-16
2961,Amadeo,Pedrazzini,DLLPMN50E46E644L,1970-07-29,Toscana,Firenze,2015-04-03
2962,Renzo,Galuppi,BCCMLE62C49D416Y,1972-12-20,Molise,Isernia,2017-08-18
2963,Matteo,GALUPPI,STFLTZ86L11M062S,1960-12-27,Veneto,Padova,2016-10-29
2964,Luisa,Pavone,PLNGLI67M57D145E,1948-07-31,Liguria,Genova,2020-05-08
2965,Bianca,Redi,,2001-05-16,Liguria,La Spezia,2015-06-22
2966,Rita,Casellati,MRTLRT80C11A060Q,1999-07-22,Liguria,Genova,2022-07-31
2967,Piergiuseppe,Cesaroni,MLSRST68H68B160G,1963-04-12,Emilia-Romagna,Modena,2020-04-23
2968,Emilio,Berrè,CCERCT53T56B903G,1971-11-30,Sicilia,Siracusa,2020-11-29
2969,Cassandra,Gianinazzi,RGNRNR74D49H372L,1988-09-22,Valle d'Aosta,Courmayeur,2015-12-15
2970,Tina,Jacuzzi,BNMCCL73B10E711P,1998-07-10,Sardegna,Cagliari,2018-10-09
2971,Stella,Pagnotto,FNTCNT25E29F323O,1993-07-10,Abruzzo,Pescara,2021-04-30
2972,Romolo,Vidoni,LDVSBL63T19E994N,1979-12-21,Basilicata,Potenza,2023-06-29
2973,Sole,Ciani,CRLMBT37T61A522H,1975-10-07,Friuli-Venezia Giulia,Trieste,2018-08-28
2974,Roman,Armani,GMMSNO78P05A977B,1947-11-26,Valle d'Aosta,Courmayeur,2021-08-15
2975,Lamberto,Sandi,,1973-02-17,Lombardia,Milano,2020-01-25
2976,Ermanno,Bertolucci,MRCZGL91L56E306H,1977-08-07,Toscana,Livorno,2021-03-31
2977,Marisa,Russo,PTRMME52S08H216I,2002-06-21,Valle d'Aosta,Aosta,2019-05-31
2978,Elladio,Trebbi,FLGDLM14B45L516P,1966-11-18,Molise,Isernia,2021-02-08
2979,Nadia,Corbo,BMBVRN86P10F424F,1981-07-22,Sardegna,Cagliari,2019-01-12
2980,Graziano,Celentano,GRSGSN26D54L153A,1965-10-28,Sicilia,Messina,2015-04-22
2981,Rocco,Parri,,1978-07-21,Friuli-Venezia Giulia,Trieste,2025-11-26
2982,Telemaco,Briccialdi,PRRDRN42S22C699Z,1981-01-01,Calabria,Cosenza,2016-02-01
2983,Clelia,Lucciano,CHRLFA71H70E506P,1966-06-01,Piemonte,Cuneo,2024-09-25
2984,Hugo,ZOPPETTO,CRLLSE18E20D977R,2003-01-17,Umbria,Perugia,2024-08-14
2985,Mariana,Cabrini,PLMNNS83A03B143V,1997-08-19,Lombardia,Bergamo,2015-12-25
2986,Vittoria,Montanariello,PRNCSN60H66L706H,1957-11-05,Molise,Campobasso,2023-03-08
2987,Virgilio,Bianchini,GGLNDD93P19G837M,1978-04-15,Abruzzo,L'Aquila,2025-06-26
2988,Maria,Barcaccia,GLTBLS07E42C900J,1980-03-16,Marche,Ancona,2015-12-08
2989,Gioacchino,Boccaccio,PSCRLD65H43H393Y,1976-04-18,Lombardia,Monza,2026-01-21
2990,Giampaolo,Montalcini,TRNSRN83B09F542E,1948-12-07,Veneto,Padova,2022-02-26
2991,Fabia,Gagliardi,MSTRMN40H57A502I,1965-03-14,Abruzzo,L'Aquila,2026-07-11
2992,Gabriele,Basso,CMSLRN66H13D011I,1998-05-27,Lombardia,Pavia,2023-09-25
2993,Ricciotti,Capone,SLVGSP04B60A373V,1974-08-16,Calabria,Catanzaro,2023-12-06
2994,Ermanno,Scandone,PRLRSO67T18G912A,1958-05-28,Puglia,Taranto,2017-10-07
2995,Irma,Fittipaldi,CMLRFL11B52F549M,1966-01-22,Emilia-Romagna,Bologna,2024-02-28
2996,Ottavio,Rapisardi,CRFCLD72R56I902V,1985-02-28,Umbria,Perugia,2015-03-27
2997,Rita,Pavarotti,NSGMBT25S47B705C,1946-06-10,Emilia-Romagna,Rimini,2017-12-09
2998,Piergiuseppe,Bodoni,BSSLDC03H58C216O,1951-05-16,Toscana,Firenze,2023-05-26
2999,Nico,Faugno,NTRBLS75H54D542S,1982-12-19,Veneto,Verona,2026-02-23
3000,Ranieri,Conti,GRDMRC30D59H026W,1978-07-03,Umbria,Perugia,2017-11-22
3001,Carla,Tomei,LMBDNI49L22B527F,1984-09-07,Marche,Pesaro,2020-12-13
3002,Cesare,Scialpi,MNTNTL08S51F798D,1953-09-16,Molise,Campobasso,2022-03-05
3003,Paoletta,Interminelli,RNSSBT77D41I775U,1956-01-18,Valle d'Aosta,Courmayeur,2016-10-16
3004,Tatiana,Finzi,CRBMRN43D06L722U,1971-12-12,Umbria,Terni,2024-01-28
3005,Raffaella,Scamarcio,SDRLLL55R18I729N,1962-06-24,Lombardia,Bergamo,2022-03-25
3006,Fabrizia,Gargallo,MRCBRL81H66H937K,1994-01-26,Umbria,Terni,2015-02-26
3007,Jolanda,Binaghi,MCCCTN66H10E588I,1987-11-28,Sardegna,Oristano,2025-08-19
3008,Coriolano,Giorgetti,VRCMRS24A18L897A,1995-07-28,Basilicata,Potenza,2019-03-01
3009,Annetta,Serlupi,LFNSLV58D18L316Y,1957-11-21,Veneto,Padova,2025-09-29
3010,Lauretta,Depero,SFFRGR58T71I139X,1970-12-09,Sardegna,Sassari,2020-10-23
3011,Daniele,Casini,CMRLCU16T64F183M,1980-06-02,Friuli-Venezia Giulia,Trieste,2025-04-27
3012,Fiamma,Terragni,FRMCHL99R42A089Z,1987-06-22,Veneto,Treviso,2020-04-23
3013,Rembrandt,Bramante,BNMNNS18T28C976O,2003-06-21,Umbria,Terni,2018-02-26
3014,Elmo,Ferrante,MCCSVN27S42D767M,1945-01-05,Marche,Pesaro,2016-06-18
3015,Loretta,Sordi,SDDCSR96R67M026L,1971-04-27,Trentino-Alto Adige,Bolzano,2018-02-06
3016,Mercedes,Renault,SBLBNC48H23G529V,1958-05-26,Marche,Macerata,2015-03-16
3017,Raffaellino,Nibali,PNMRLD52E42G506V,1969-02-09,Basilicata,Matera,2022-09-03
3018,Cristina,Papafava,FRRGVN99E01A182P,1995-12-30,Emilia-Romagna,Rimini,2016-07-22
3019,Diana,Ottino,CSNGRG17S13H342J,1970-07-06,Piemonte,Cuneo,2020-07-07
3020,Lara,Oscuro,SLARSN25T06B375D,1956-07-05,Emilia-Romagna,Modena,2026-01-19
3021,Romina,Brunelleschi,GCCFLV79T01E947I,1980-09-29,Valle d'Aosta,Aosta,2024-01-05
3022,Alessandro,Orengo,SBRGCN53A65B209E,1963-08-08,Puglia,Bari,2023-02-09
3023,Mario,Tacchini,BRMMLD04T23B003N,2000-12-22,Marche,Ancona,2026-04-17
3024,Antonello,Bompiani,CRBPRI01A57A327A,2002-06-12,Molise,Campobasso,2025-08-10
3025,Donato,Pietrangeli,ZGRGCT85E68F048Y,1946-08-30,Calabria,Catanzaro,2024-09-28
3026,Martino,SANUDO,GLPGRL36P17H677E,1957-05-10,Emilia-Romagna,Rimini,2023-04-30
3027,Geronimo,Odescalchi,BRNFLV13E59E337G,1948-08-04,Basilicata,Potenza,2020-06-30
3028,Sabatino,Burcardo,PSNGCN90P70E439E,1981-03-16,Sardegna,Oristano,2020-11-19
3029,Emma,Pedersoli,GLTRMN02D43M200X,1998-05-20,Emilia-Romagna,Parma,2025-11-22
3030,Simone,Cignaroli,RMZMRC18P45D347U,1996-03-15,Trentino-Alto Adige,Merano,2025-11-12
3031,Panfilo,Vasari,NNTFBA92M62B387H,1968-02-13,Basilicata,Potenza,2026-05-08
3032,Jacopo,Acerbi,BRCTZN94S22B520I,1946-04-11,Friuli-Venezia Giulia,Udine,2021-04-29
3033,Alessandro,Vergassola,BNDCLR38S64E053Y,1971-08-11,Puglia,Foggia,2019-11-09
3034,Monica,Antonelli,BRCLFA71H49C226A,1954-02-06,Veneto,Treviso,2017-12-07
3035,Priscilla,Cociarelli,CRCPSL83D64A574I,2004-04-05,Sicilia,Palermo,2017-05-04
3036,Tiziana,Ficino,MCCLCZ83D13G416E,1945-05-14,Veneto,Verona,2016-08-22
3037,Lara,Filzi,BRSNNT07T02G312X,1957-05-02,Sardegna,Cagliari,2019-05-01
3038,Arnaldo,Trobbiani,BZOPLA56P04H815W,1971-12-07,Friuli-Venezia Giulia,Udine,2018-11-15
3039,Adamo,Mastandrea,DVRNDD82D11H509Z,1990-03-21,Liguria,La Spezia,2026-01-10
3040,Gustavo,Boccioni,VNTFLP79S42G658X,1963-05-25,Lombardia,Bergamo,2025-02-05
3041,Loretta,Giammusso,CVLVNS28S15E485G,1971-01-11,Friuli-Venezia Giulia,Pordenone,2016-07-06
3042,Pietro,Brunello,PRCLSI21P30G872C,1967-12-01,Sardegna,Cagliari,2023-04-20
3043,Alfio,Torricelli,CMRCLD86S14F590F,1980-02-12,Marche,Pesaro,2015-07-20
3044,Baldassare,Navone,SLAGRM98M68A041X,1995-11-26,Emilia-Romagna,Parma,2023-09-04
3045,Sylvia,Napolitano,BRGBRR04H22F900K,1958-10-31,Piemonte,Cuneo,2019-07-08
3046,Giacomo,Gottardi,RNLMRD25R15G625M,1982-06-06,Valle d'Aosta,Aosta,2016-11-16
3047,Tiziano,Maccanelli,CCCPLT74B24D324Z,1985-05-04,Friuli-Venezia Giulia,Udine,2026-05-12
3048,Elladio,Querini,SGRLRT93H21A290S,1973-12-06,Sicilia,Siracusa,2022-05-09
3049,Maria,CAMMARATA,SPNPMP61T68B026N,1967-11-10,Valle d'Aosta,Aosta,2025-07-19
3050,Torquato,Taliercio,PZZDNI84P58I724M,1991-09-29,Umbria,Terni,2024-04-22
3051,Giampiero,Pizziol,RGHRNL67S22D855E,1982-03-17,Valle d'Aosta,Aosta,2023-08-01
3052,Alfio,Brugnaro,CSNRMO51C59B694P,1968-04-30,Calabria,Catanzaro,2016-07-16
3053,Fiorino,Raurica,RZZRNZ65T57A115G,1963-02-05,Friuli-Venezia Giulia,Trieste,2019-07-10
3054,Antonia,Ferrari,PTRCLD50H46B987F,1973-07-22,Piemonte,Novara,2025-07-16
3055,Amalia,Vanvitelli,SCRGLI74R08I702O,1962-05-28,Sardegna,Sassari,2016-01-09
3056,Luciano,Ziani,CHTDIA43R16F173Z,1990-12-30,Lombardia,Bergamo,2024-03-22
3057,Rosario,Corcos,MMNSMN48E41F906O,1947-09-24,Molise,Campobasso,2021-03-27
3058,Rosa,Farina,TRRLFA40A70A739S,2002-03-28,Piemonte,Cuneo,2016-06-26
3059,Jolanda,Maderna,RSSBNC99L11F206R,1957-02-08,Basilicata,Matera,2021-02-12
3060,Amanda,Farinelli,CGNRTI45L12I632V,1999-09-03,Trentino-Alto Adige,Bolzano,2021-01-23
3061,Carmelo,Udinesi,BTTDMN39P54A394V,1978-11-18,Toscana,Livorno,2026-01-14
3062,Arsenio,Onisto,GNSVNN77C09C872V,2002-06-09,Marche,Pesaro,2019-12-30
3063,Carolina,Fabbri,,1994-03-18,Marche,Macerata,2016-01-05
3064,Elena,Giannone,CPLRNT25A04B063L,1969-04-01,Molise,Isernia,2018-04-20
3065,Lisa,Conti,NDRZGL82P53I998T,1976-09-27,Veneto,Verona,2018-02-20
3066,Elena,Barcaccia,LNEFST73A53H096X,1973-01-03,Piemonte,Novara,2018-06-12
3067,Evangelista,Murialdo,FBRDNI29D14G482I,1970-08-19,Abruzzo,L'Aquila,2024-10-18
3068,Giacobbe,Casaleggio,PSNDNL05A26M329L,1950-12-26,Lombardia,Brescia,2026-07-08
3069,TELEMACO,Ferrata,CMPGBL22L21H642D,1959-04-07,Abruzzo,Chieti,2019-07-09
3070,Piersanti,Cignaroli,SLVMRC30M71I539C,2002-07-17,Basilicata,Matera,2023-11-22
3071,Lolita,Luria,MGHMLS88B26G866J,1966-12-15,Marche,Ancona,2019-12-06
3072,Mariana,Lerner,PPENNN52S65L807K,2000-11-12,Lazio,Frosinone,2021-04-12
3073,Simone,GUARANA,PRPLGO63D12G913Z,1953-11-07,Sicilia,Catania,2024-12-11
3074,Leopoldo,Grisoni,GLZGVN42T43C998J,2003-12-18,Basilicata,Potenza,2016-12-09
3075,Nino,Respighi,NTTBRT25S64L408B,1987-01-20,Calabria,Reggio Calabria,2026-03-25
3076,Graziano,Toldo,MLNPTZ94D22M169Z,1995-07-10,Puglia,Taranto,2022-01-03
3077,Mauro,Verri,CRTPRR63D54E210W,1966-02-19,Sicilia,Catania,2017-12-29
3078,Renata,Manolesso,GNTRLD03S66E968X,1990-02-02,Lombardia,Pavia,2015-08-09
3079,Salvatore,Ossani,GSTTRT77E48B696H,1950-01-30,Abruzzo,Chieti,2015-10-22
3080,Martina,Pizzetti,GRMGLT31T14G402B,1993-08-22,Friuli-Venezia Giulia,Udine,2025-01-18
3081,Graziella,Morellato,NSGLLR97T26D291F,1997-02-12,Toscana,Siena,2022-03-30
3082,Lucio,Bianchini,BLBFDC68E53E992E,1973-02-28,Emilia-Romagna,Parma,2019-07-18
3083,Ezio,Alfonsi,STRMME35C30I165R,1985-08-04,Basilicata,Potenza,2019-09-18
3084,Chiara,Ferrazzi,SCHMRA29T16L788U,1950-03-19,Friuli-Venezia Giulia,Pordenone,2021-10-14
3085,Elmo,Medici,MSTDLM30P70A288P,1981-05-02,Lazio,Latina,2019-09-18
3086,Azeglio,Quasimodo,MNTPTZ44B12A386S,1958-12-16,Trentino-Alto Adige,Trento,2015-05-19
3087,Giorgia,Chiappetta,MNTSIA02S06M388C,1954-10-05,Marche,Macerata,2019-01-17
3088,Annamaria,Caccianemico,FSCMSM29B45L812J,1952-11-30,Piemonte,Alessandria,2017-03-28
3089,Ronaldo,Iannuzzi,GRRMLN79H07A799U,2003-10-28,Umbria,Terni,2017-03-16
3090,Nedda,Callegari,CRDFLP84H19A294I,1945-08-19,Lazio,Frosinone,2024-01-05
3091,Guglielmo,Depero,DSCFRN58E45F927S,1949-03-23,Piemonte,Torino,2025-03-13
3092,Raffaellino,Parmitano,MRTCML88A17D913C,1979-10-11,Marche,Ancona,2020-03-07
3093,Simone,Garozzo,VSNVNN86H12D134J,2004-05-02,Sicilia,Siracusa,2021-10-24
3094,Massimo,Botticelli,RCLNNL77S43G271T,1982-09-30,Molise,Campobasso,2026-01-03
3095,Gianni,Moccia,BSSMTD85E12I924I,1962-02-19,Umbria,Perugia,2022-08-03
3096,Micheletto,Mazzeo,SNSVLT04L05F108X,1960-04-29,Emilia-Romagna,Bologna,2019-11-22
3097,Flavio,Venturi,PRGMRN25D15C662X,1984-06-22,Abruzzo,L'Aquila,2015-09-26
3098,Orlando,Caetani,BRGSTL40M12M420C,1964-12-22,Marche,Macerata,2026-08-02
3099,Piersanti,Depero,GCCCRI22L41F529S,1993-03-19,Friuli-Venezia Giulia,Pordenone,2019-09-11
3100,Girolamo,Trincavelli,TRLSPH56L06A145O,2003-06-11,Calabria,Reggio Calabria,2017-04-18
3101,Bianca,Bianchi,GNNBRN77L48A206L,1962-10-21,Puglia,Bari,2023-12-26
3102,Monica,Gibilisco,BRGRFL95M71A597H,1948-05-12,Molise,Campobasso,2024-10-27
3103,Lorenzo,Morabito,MNCVRN78R18B534B,1965-10-29,Valle d'Aosta,Aosta,2021-10-14
3104,Pina,Cavalcanti,RSSGNG86B46M329A,1981-12-18,Umbria,Terni,2025-08-11
3105,Maria,Gabrieli,GCCVRL71P42D325N,1983-05-02,Sardegna,Sassari,2021-09-08
3106,Tiziano,Muratori,MFFSNO19A05D975Z,1988-01-16,Lombardia,Brescia,2019-11-27
3107,Concetta,Golgi,MLPMRK05S45F944G,1989-09-12,Lombardia,Pavia,2023-03-18
3108,Federico,Gioberti,GZZFRC16M12I265K,2004-06-10,Abruzzo,Pescara,2024-11-06
3109,Napoleone,Rossini,SCHFRN77R43B166S,1948-05-21,Campania,Napoli,2018-01-24
3110,Letizia,Montanari,RMNVNI80E47L654W,2002-08-24,Sicilia,Messina,2018-09-02
3111,Calcedonio,Tremonti,MNNFLR55R12C394G,1951-03-11,Valle d'Aosta,Courmayeur,2022-10-13
3112,Natalia,Brenna,CRSSTL74M16B262T,1947-02-25,Emilia-Romagna,Rimini,2025-06-19
3113,Giovanna,Canevascini,NCHPRI18S59B216I,1979-11-18,Basilicata,Matera,2018-12-18
3114,Giada,Schicchi,PLLRMI08M07L237L,2003-05-06,Liguria,La Spezia,2016-11-05
3115,Ernesto,Tomei,RNRCLL87R03H990V,1983-02-07,Sicilia,Palermo,2016-06-05
3116,Arnulfo,Tencalla,GRMRMN20B59F915N,1991-01-30,Calabria,Reggio Calabria,2017-02-09
3117,Gioffre,Petrucelli,MLNMRA27S15E687V,1965-06-13,Sicilia,Palermo,2021-09-22
3118,Melania,Sorrentino,BBTLRA17R17H344Q,1998-01-02,Calabria,Cosenza,2020-09-21
3119,Rocco,Squarcione,RTHSMT37H28G378I,1956-07-11,Emilia-Romagna,Bologna,2017-10-24
3120,Lucia,Bottigliero,FRRRSN32E51A515A,1947-07-29,Veneto,Padova,2018-05-26
3121,Agostino,Einaudi,CHCSLO48T26F597P,1996-08-07,Sicilia,Palermo,2023-08-16
3122,Gioachino,Zaguri,VTTMCA27T71D338V,1985-08-03,Trentino-Alto Adige,Bolzano,2025-04-23
3123,Etta,Naccari,DNTRBT40P13E883Y,1945-02-19,Emilia-Romagna,Bologna,2018-02-17
3124,Maria,Petrucci,GBRSNO99A09A088A,1957-01-22,Veneto,Verona,2017-11-14
3125,Claudia,Fo,PZZRMO86H50G696L,1948-07-22,Marche,Macerata,2016-08-15
3126,Bartolomeo,Valguarnera,GLTLDC69P04A451G,1982-10-08,Emilia-Romagna,Modena,2025-12-13
3127,Benvenuto,Gonzaga,SBBDNN09A28I076I,1974-05-17,Basilicata,Potenza,2018-05-11
3128,Luca,Callegari,GTTGNN48A04F867F,2000-05-02,Veneto,Verona,2018-09-07
3129,Lodovico,Curatoli,CRBBTN30P22F883C,1977-05-05,Toscana,Siena,2024-09-27
3130,Fabrizio,Opizzi,DVRMND98P24C106B,1994-04-22,Puglia,Bari,2023-08-10
3131,Giulietta,Borsiere,TRVDRA92S54C361M,2002-09-03,Valle d'Aosta,Courmayeur,2023-07-22
3132,Pierluigi,Almagià,VLMPLN86S22A887D,1961-05-23,Campania,Caserta,2025-11-25
3133,FEDERICA,Soderini,PRPRMN01M24F498O,1999-07-15,Puglia,Taranto,2016-01-04
3134,Carla,Marsili,RNZSNN23A42A236G,1945-03-23,Sicilia,Messina,2019-01-05
3135,Michelangelo,Cesaroni,GRNVLT91B25A507H,1969-04-27,Molise,Campobasso,2021-06-21
3136,Salvatore,Almagià,CRNRFL30E58D932Z,1992-11-09,Toscana,Pisa,2020-02-17
3137,Sylvia,Babato,CMPFLP27M41F688V,1967-09-03,Sardegna,Cagliari,2023-02-06
3138,Niccolò,Bottigliero,BTTRSN33S10D896P,1971-03-27,Liguria,La Spezia,2019-06-10
3139,Giuliano,Ortese,SRMLME78L52D665A,1992-03-10,Campania,Salerno,2026-08-06
3140,Ottavio,Carosone,SNGLGN63B08E737B,1970-12-22,Lombardia,Milano,2015-04-25
3141,Riccardo,Carullo,CPLPTR30R52E313K,1953-07-03,Lazio,Frosinone,2026-07-11
3142,Coriolano,Chindamo,PRTRNR69D41E008R,1953-12-18,Toscana,Firenze,2025-10-10
3143,Mirco,Tagliafierro,SLABTN25P28L185O,1950-10-29,Valle d'Aosta,Aosta,2020-08-11
3144,Venancio,Smirnoff,BLLZEI93C47H396P,1988-08-04,Lazio,Roma,2016-09-27
3145,Filippa,Lussu,BMBLNE38L69E094M,1982-12-21,Emilia-Romagna,Parma,2021-10-03
3146,Federigo,Tagliafierro,FLNGNI00E71H320I,1957-10-23,Emilia-Romagna,Bologna,2024-08-05
3147,Costantino,Bongiorno,,1978-05-27,Puglia,Bari,2020-11-26
3148,Germana,Camicione,FNTLRN65D44G443I,1962-07-08,Piemonte,Novara,2016-03-20
3149,Paride,Turrini,FGZPRG33M41L069M,1975-01-25,Sardegna,Oristano,2015-06-04
3150,Giorgio,PEDRONI,PLCSVD75P69F208B,1953-08-07,Friuli-Venezia Giulia,Trieste,2021-06-27
3151,Alessio,Gagliano,VGRGNN00A49F822R,1951-10-07,Piemonte,Alessandria,2020-09-28
3152,Giancarlo,Spinelli,PGFVTR29T27A801K,1983-01-29,Valle d'Aosta,Courmayeur,2020-08-08
3153,Marina,Murialdo,CLLVNS76B22G887D,1969-12-06,Lombardia,Bergamo,2015-11-03
3154,Fabio,Soprano,PSSMLD76D09A657K,2004-08-24,Marche,Ancona,2018-12-13
3155,Antonello,Iannucci,PLCTNI18R04A841K,1951-10-11,Valle d'Aosta,Aosta,2017-07-21
3156,Alessia,Salvo,CREMRN20E16B319U,1962-04-07,Trentino-Alto Adige,Trento,2020-02-10
3157,Ugolino,Ferragamo,BRGNNT14M23G259W,1964-04-05,Sardegna,Cagliari,2018-07-20
3158,Martina,Piccio,SLRLND86M17G566K,1974-11-25,Basilicata,Matera,2017-10-31
3159,Lina,TRECCANI,SSMPPZ74R55G685Y,1999-09-04,Campania,Salerno,2024-12-05
3160,Cecilia,Bettin,CSNDRT13M44B169F,1962-05-06,Umbria,Terni,2021-01-01
3161,Gustavo,Vergassola,MRBPRR45P64A990I,1984-03-25,Sardegna,Cagliari,2025-03-06
3162,Angelica,Udinesi,LSALSU09M07G770M,2004-05-19,Puglia,Taranto,2023-02-01
3163,Nina,Mazzi,GNZCSR52D67A983H,1975-01-08,Emilia-Romagna,Bologna,2018-12-25
3164,Fabrizio,Scalera,NGGRCT22T68I117Y,1968-12-31,Puglia,Bari,2025-12-11
3165,Pierluigi,Camiscione,MRNPRR27M70G020N,1990-11-02,Campania,Caserta,2016-05-11
3166,Tonino,Bondumier,FRNNDD88T19G936Z,1964-08-30,Veneto,Vicenza,2020-08-03
3167,Beatrice,Bernetti,TRCFBA89A44I221U,1969-04-18,Friuli-Venezia Giulia,Udine,2023-11-01
3168,Giacinto,Andreotti,BRSPMP63H47I567V,1981-07-31,Trentino-Alto Adige,Merano,2017-11-08
3169,Giuliana,Donà,PLLFBA88D14L952F,1967-06-01,Calabria,Cosenza,2018-06-16
3170,Dante,Goldstein,SGNRSR67H09G206O,1998-02-23,Sardegna,Sassari,2018-05-19
3171,Amleto,Beccaria,BRTGCN60S46G446F,1962-08-19,Lazio,Frosinone,2020-01-14
3172,Michele,Malaparte,TZZMRN64D51H465F,1989-11-16,Emilia-Romagna,Parma,2024-08-16
3173,Pierpaolo,Gianvecchio,CRRMRA35T07G474U,1971-07-24,Valle d'Aosta,Aosta,2025-07-20
3174,Elvira,Cossiga,MLNSIA13M26C903Y,2003-12-20,Calabria,Cosenza,2016-09-24
3175,Bartolomeo,Fallaci,ZBRBLS80T67L743U,1954-02-09,Sicilia,Palermo,2023-10-30
3176,Rita,Grossi,PLCFRN13T46H593N,1966-12-20,Toscana,Firenze,2015-07-09
3177,Francesco,Pisani,CSSVLT69L08G141G,1945-05-14,Valle d'Aosta,Aosta,2017-02-20
3178,Caterina,Gulotta,GGLCRL26T65F965F,1946-09-18,Sardegna,Oristano,2018-02-20
3179,Giorgio,Merisi,CCCGRC49D25A529A,1970-08-12,Lombardia,Milano,2023-12-07
3180,Chiara,Golgi,SGRRMN51P22H918Q,1961-07-03,Campania,Salerno,2022-04-02
3181,Martino,Beffa,MRRMLI74P55B460W,1959-10-03,Sardegna,Oristano,2023-09-19
3182,Elisa,Letta,ZNZRSL77C23B132Q,1998-08-21,Trentino-Alto Adige,Trento,2017-06-10
3183,Romeo,Sordi,MNDSNO97B14E309E,1946-01-07,Puglia,Taranto,2019-10-30
3184,Torquato,Boccherini,FOAVNL79M07M104G,1954-11-09,Abruzzo,Chieti,2019-01-27
3185,Pomponio,Sandi,SBRTNO17B16H034N,1952-12-07,Friuli-Venezia Giulia,Udine,2024-03-12
3186,Gianluca,Magrassi,SPSGLR16S06G917O,1964-08-07,Calabria,Reggio Calabria,2022-05-16
3187,Fausto,Jovinelli,TRLVRN29A14H247F,1976-05-23,Liguria,Genova,2015-08-14
3188,Gioele,Falloppio,RTCGRC39A04L604F,1997-06-29,Marche,Macerata,2015-10-05
3189,Alessia,Calgari,MCCGRN21E65F943T,1964-04-30,Veneto,Vicenza,2025-09-06
3190,Sylvia,Juvara,BJMDNI88E08I703P,1992-11-11,Puglia,Taranto,2017-04-02
3191,Romina,Pacelli,MRZMRH52H23L641A,1950-07-28,Abruzzo,Pescara,2016-08-05
3192,Carlo,CASAGRANDE,BCLMRN53E41G565C,1993-11-04,Valle d'Aosta,Courmayeur,2017-01-16
3193,Nina,Lucarelli,MSCMLS44D20F795M,1947-03-28,Lazio,Roma,2016-01-25
3194,Donatella,Bocelli,SCHNGC40E27G809O,1958-07-04,Calabria,Reggio Calabria,2024-05-10
3195,Donato,Mantegazza,CBRRSN65C53L267C,1951-06-29,Umbria,Perugia,2015-11-21
3196,Benvenuto,Bonaventura,FLPGRL49H20C848E,1990-01-12,Campania,Salerno,2022-05-20
3197,Filippo,Duodo,DRSFLP61L23E100Q,1962-09-20,Valle d'Aosta,Courmayeur,2016-09-03
3198,Raffaele,Randazzo,DTTPRN44D08F774X,1998-01-31,Abruzzo,L'Aquila,2017-03-27
3199,Oreste,Cabrini,CBTBCC80P66I128W,1953-11-15,Friuli-Venezia Giulia,Udine,2016-12-08
3200,Fredo,Antelami,MRNCTN35S21L251B,1997-04-20,Campania,Napoli,2021-12-09
