id_polizza,id_cliente,id_tipo_polizza,premio_annuo,data_decorrenza,data_scadenza
1,1243,11,489.0,2023-11-27,2024-11-26
2,2134,12,93.22,2023-09-02,2024-09-01
3,2186,11,312.9,2023-10-07,2024-10-06
4,2856,3,242.71,2025-06-12,2026-06-12
5,2090,8,66.37,2025-05-27,2026-05-27
6,294,6,206.74,2023-06-13,2024-06-12
7,2610,10,442.19,2023-08-16,2024-08-15
8,1553,3,323.88,2023-12-13,2024-12-12
9,622,2,213.61,2023-04-09,2024-04-08
10,973,2,189.88,2023-04-16,2024-04-15
11,2718,11,319.86,2023-05-17,2024-05-16
12,1038,8,102.21,2024-10-23,2025-10-23
13,2687,11,565.86,2024-06-02,2023-06-03
14,2593,8,96.42,2023-05-14,2024-05-13
15,1911,13,156.07,2025-01-05,2026-01-05
16,2477,7,109.55,2023-03-04,2024-03-03
17,2421,8,68.04,2025-04-03,2026-04-03
18,1492,13,142.95,2024-01-13,2025-01-12
19,2968,2,271.39,2025-04-07,2026-04-07
20,2677,8,70.45,2024-06-14,2025-06-14
21,33,9,472.91,2023-06-19,2024-06-18
22,2679,7,97.78,2023-01-11,2024-01-11
23,1549,13,132.18,2024-06-17,2025-06-17
24,2869,13,149.27,2023-07-30,2024-07-29
25,15,10,386.13,2023-05-01,2024-04-30
26,3112,2,206.41,2024-10-15,2023-10-16
27,1670,4,169.83,2023-08-16,2024-08-15
28,2702,4,150.71,2026-02-04,2027-02-04
29,717,12,166.14,2026-01-02,2027-01-02
30,1339,6,123.85,2026-05-26,2027-05-26
31,1218,1,165.47,2023-03-21,2024-03-20
32,2271,8,84.1,2023-08-26,2024-08-25
33,417,1,182.15,2023-03-02,2024-03-01
34,3172,7,79.62,2025-06-26,2026-06-26
35,675,12,147.83,2023-01-16,2024-01-16
36,1789,7,104.38,2025-01-06,2026-01-06
37,2280,3,348.66,2025-12-09,2026-12-09
38,523,12,120.54,2023-02-18,2024-02-18
39,420,13,134.15,2024-11-05,2025-11-05
40,317,13,164.94,2023-09-16,2024-09-15
41,2092,3,219.0,2025-08-19,2026-08-19
42,1861,7,65.69,2023-12-25,2024-12-24
43,2089,12,144.13,2024-03-30,2025-03-30
44,2039,12,106.41,2024-04-10,2025-04-10
45,2397,3,229.77,2024-03-30,2025-03-30
46,2542,10,524.15,2024-05-05,2025-05-05
47,1649,12,121.17,2024-11-10,2025-11-10
48,1411,10,392.74,2024-09-18,2025-09-18
49,86,13,89.7,2023-01-02,2024-01-02
50,2469,11,492.42,2024-09-02,2025-09-02
51,628,13,129.3,2023-05-17,2024-05-16
52,1592,8,72.78,2024-04-23,2025-04-23
53,1120,8,99.42,2023-06-19,2024-06-18
54,590,10,289.28,2024-04-01,2025-04-01
55,2295,2,224.34,2026-02-04,2027-02-04
56,1466,6,143.49,2024-07-28,2025-07-28
57,2961,11,442.06,2026-08-04,2027-08-04
58,1630,8,73.09,2025-10-18,2026-10-18
59,739,7,85.78,2024-01-13,2025-01-12
60,577,7,62.4,2026-11-15,2025-11-15
61,131,7,84.46,2023-09-16,2024-09-15
62,2950,8,84.27,2025-03-26,2026-03-26
63,1342,13,137.14,2024-07-31,2025-07-31
64,2396,2,216.35,2025-10-18,2026-10-18
65,1552,1,319.66,2025-01-25,2026-01-25
66,980,4,178.85,2026-06-24,2027-06-24
67,2768,13,112.0,2024-03-31,2025-03-31
68,1320,12,140.4,2024-04-08,2025-04-08
69,83,6,194.84,2024-01-12,2025-01-11
70,2827,12,98.48,2023-07-23,2024-07-22
71,643,12,111.74,2023-02-24,2024-02-24
72,1669,11,436.33,2023-12-29,2024-12-28
73,1472,6,134.56,2025-04-11,2026-04-11
74,860,9,367.24,2023-09-16,2024-09-15
75,3079,1,223.1,2024-04-17,2025-04-17
76,2049,2,227.94,2026-01-03,2025-01-03
77,620,2,265.0,2026-04-13,2027-04-13
78,2362,6,159.92,2025-02-04,2026-02-04
79,2005,13,125.62,2024-05-06,2023-05-07
80,2647,1,225.1,2026-08-20,2027-08-20
81,408,9,339.68,2024-11-28,2025-11-28
82,2941,8,54.96,2025-01-24,2026-01-24
83,2457,7,84.49,2026-04-01,2027-04-01
84,585,4,162.45,2024-12-05,2025-12-05
85,890,6,167.76,2025-02-27,2026-02-27
86,1920,11,454.75,2024-08-06,2025-08-06
87,1187,11,644.01,2024-05-16,2025-05-16
88,3032,3,166.86,2024-12-23,2025-12-23
89,2517,1,238.6,2025-10-18,2026-10-18
90,1724,10,342.35,2023-12-29,2024-12-28
91,2655,9,371.04,2026-03-24,2027-03-24
92,355,8,86.24,2025-04-13,2026-04-13
93,2955,12,120.31,2024-05-18,2025-05-18
94,467,10,420.49,2025-06-23,2026-06-23
95,2578,11,445.59,2024-11-17,2025-11-17
96,620,6,220.36,2026-01-09,2027-01-09
97,637,1,221.06,2026-07-26,2027-07-26
98,1166,13,150.43,2025-10-16,2026-10-16
99,1172,6,129.47,2023-02-14,2024-02-14
100,3058,5,184.77,2024-05-18,2025-05-18
101,2204,12,194.17,2023-05-30,2024-05-29
102,1064,10,439.98,2026-07-06,2027-07-06
103,1557,11,342.86,2025-09-07,2026-09-07
104,2193,7,73.57,2026-02-08,2027-02-08
105,2798,10,372.97,2023-05-27,2024-05-26
106,1397,6,129.43,2023-07-13,2024-07-12
107,1126,2,263.04,2023-12-02,2024-12-01
108,1610,7,72.06,2024-03-27,2025-03-27
109,1511,1,209.25,2024-07-26,2025-07-26
110,1415,4,147.05,2025-01-18,2026-01-18
111,1287,11,412.2,2025-04-21,2026-04-21
112,1808,13,143.41,2023-11-24,2024-11-23
113,2367,8,110.87,2023-02-14,2024-02-14
114,2562,5,115.02,2025-04-26,2026-04-26
115,2325,10,387.04,2024-11-14,2025-11-14
116,586,2,265.54,2025-07-05,2026-07-05
117,2913,9,439.66,2024-04-18,2025-04-18
118,2877,3,263.63,2024-03-17,2025-03-17
119,1104,4,193.5,2023-08-14,2024-08-13
120,2691,7,127.66,2024-02-06,2025-02-05
121,2022,11,469.75,2023-01-13,2024-01-13
122,1413,11,435.3,2023-10-08,2024-10-07
123,2129,7,68.22,2024-02-21,2025-02-20
124,2503,12,105.05,2025-07-16,2026-07-16
125,590,4,135.76,2023-11-16,2024-11-15
126,2325,8,70.67,2025-03-19,2026-03-19
127,3138,9,410.33,2025-04-13,2026-04-13
128,2749,6,170.87,2023-01-09,2024-01-09
129,567,4,163.81,2023-04-11,2024-04-10
130,2950,13,143.67,2024-07-03,2025-07-03
131,1037,12,131.61,2024-03-11,2025-03-11
132,1849,13,102.11,2025-11-09,2026-11-09
133,2832,13,107.58,2026-07-30,2027-07-30
134,848,9,501.74,2026-08-03,2027-08-03
135,2485,8,106.2,2026-05-12,2027-05-12
136,2304,8,89.58,2023-04-17,2024-04-16
137,770,5,186.4,2023-07-11,2024-07-10
138,882,7,122.98,2023-01-02,2024-01-02
139,1360,8,77.56,2024-12-07,2025-12-07
140,2174,3,269.05,2024-03-19,2025-03-19
141,3006,12,113.06,2026-07-30,2027-07-30
142,1155,2,217.32,2024-12-14,2025-12-14
143,2085,7,80.48,2024-11-07,2025-11-07
144,2599,2,211.2,2024-03-20,2025-03-20
145,1877,8,64.7,2024-02-08,2025-02-07
146,2619,1,249.21,2025-11-23,2026-11-23
147,1563,8,70.37,2025-07-12,2026-07-12
148,148,3,172.6,2025-08-05,2026-08-05
149,2692,2,238.64,2025-12-15,2026-12-15
150,2646,5,191.29,2025-06-11,2026-06-11
151,1499,13,132.8,2025-11-25,2026-11-25
152,463,3,183.74,2025-02-28,2026-02-28
153,2373,12,143.96,2023-11-24,2024-11-23
154,1952,3,228.55,2023-02-27,2024-02-27
155,2197,5,140.2,2024-12-31,2025-12-31
156,275,13,142.47,2025-06-19,2026-06-19
157,2235,7,118.79,2024-05-05,2025-05-05
158,2370,12,139.47,2025-03-05,2026-03-05
159,582,2,277.14,2025-09-14,2026-09-14
160,178,3,181.05,2024-07-02,2025-07-02
161,1753,13,104.04,2025-03-02,2024-03-02
162,3181,4,151.17,2025-11-21,2026-11-21
163,646,9,413.58,2025-02-25,2026-02-25
164,2295,5,147.01,2026-07-30,2027-07-30
165,3026,1,221.25,2025-11-26,2026-11-26
166,1229,9,467.59,2023-01-10,2024-01-10
167,1914,4,168.04,2026-03-01,2027-03-01
168,513,3,272.66,2024-04-03,2025-04-03
169,2929,5,192.83,2025-08-18,2026-08-18
170,3060,1,217.05,2025-10-23,2026-10-23
171,1307,6,183.21,2025-10-29,2026-10-29
172,813,3,191.73,2025-06-25,2026-06-25
173,600,1,256.4,2024-07-24,2025-07-24
174,1210,8,68.32,2023-04-17,2024-04-16
175,2698,11,732.74,2025-08-19,2026-08-19
176,2536,9,513.14,2026-04-08,2027-04-08
177,444,10,744.02,2025-06-08,2026-06-08
178,1634,10,411.97,2023-03-25,2024-03-24
179,2964,11,477.07,2024-02-03,2025-02-02
180,1090,1,213.05,2025-01-20,2026-01-20
181,1154,6,185.78,2025-01-16,2026-01-16
182,1880,12,207.38,2024-01-09,2025-01-08
183,362,12,151.56,2024-05-14,2025-05-14
184,2882,2,197.21,2024-08-05,2025-08-05
185,997,9,585.65,2024-11-16,2025-11-16
186,2624,12,190.72,2024-11-04,2025-11-04
187,2876,1,207.63,2023-11-07,2024-11-06
188,126,12,121.83,2024-12-15,2025-12-15
189,2940,6,183.04,2025-08-17,2026-08-17
190,2449,11,383.95,2024-02-21,2025-02-20
191,1184,12,111.97,2023-07-02,2024-07-01
192,442,8,73.09,2023-07-06,2024-07-05
193,1575,6,194.08,2025-04-26,2026-04-26
194,1587,7,76.57,2023-02-16,2024-02-16
195,376,11,333.77,2025-04-14,2026-04-14
196,600,12,120.79,2026-01-08,2027-01-08
197,2426,6,129.06,2023-09-21,2024-09-20
198,162,3,304.03,2023-10-17,2024-10-16
199,1603,1,219.99,2025-02-11,2026-02-11
200,1310,3,218.9,2024-11-23,2025-11-23
201,587,9,540.91,2024-02-20,2025-02-19
202,2642,4,129.88,2025-05-11,2026-05-11
203,890,11,480.47,2024-02-16,2025-02-15
204,367,1,220.57,2026-04-21,2027-04-21
205,2438,12,100.23,2025-06-27,2026-06-27
206,2979,2,267.09,2025-12-24,2026-12-24
207,711,12,125.98,2024-07-24,2025-07-24
208,2228,12,161.59,2023-04-14,2024-04-13
209,943,2,224.93,2026-07-21,2027-07-21
210,1740,1,293.9,2025-03-17,2026-03-17
211,2633,3,287.16,2023-06-18,2024-06-17
212,562,11,389.3,2026-03-17,2027-03-17
213,1880,8,128.97,2024-12-12,2025-12-12
214,903,1,176.86,2024-12-15,2025-12-15
215,869,4,217.67,2025-06-05,2026-06-05
216,831,13,156.78,2024-08-17,2025-08-17
217,388,12,108.92,2023-10-14,2024-10-13
218,2484,5,233.19,2024-12-30,2025-12-30
219,3103,2,226.86,2025-05-24,2026-05-24
220,403,13,145.31,2023-09-14,2024-09-13
221,2223,5,179.68,2025-06-04,2026-06-04
222,2724,7,80.85,2025-03-23,2026-03-23
223,2621,5,253.48,2023-12-19,2024-12-18
224,754,10,416.08,2025-11-20,2026-11-20
225,2109,3,246.31,2024-02-03,2025-02-02
226,1627,2,463.58,2024-10-27,2025-10-27
227,2255,12,219.68,2026-04-04,2027-04-04
228,1303,12,113.08,2024-11-30,2025-11-30
229,1968,9,350.24,2026-05-20,2027-05-20
230,1558,7,76.91,2024-01-20,2025-01-19
231,1513,12,208.53,2023-05-29,2024-05-28
232,1192,2,177.66,2025-03-04,2026-03-04
233,2259,12,149.95,2023-10-12,2024-10-11
234,1444,10,434.75,2025-12-30,2026-12-30
235,329,2,263.66,2023-03-22,2024-03-21
236,2669,7,61.31,2026-05-20,2027-05-20
237,1105,12,144.62,2025-07-04,2026-07-04
238,2013,8,96.99,2026-07-06,2027-07-06
239,69,6,148.82,2023-09-10,2024-09-09
240,615,7,84.79,2025-11-04,2026-11-04
241,2563,2,217.66,2026-03-16,2027-03-16
242,95,11,446.33,2024-12-06,2025-12-06
243,743,4,144.63,2025-04-15,2026-04-15
244,488,12,126.81,2024-03-26,2023-03-27
245,2042,4,265.31,2024-06-19,2025-06-19
246,1577,9,337.14,2026-03-21,2027-03-21
247,980,11,431.1,2023-02-20,2024-02-20
248,1338,11,385.52,2026-08-07,2027-08-07
249,1250,11,648.05,2025-01-22,2026-01-22
250,2779,10,341.15,2025-02-18,2026-02-18
251,2020,5,197.57,2024-06-02,2025-06-02
252,897,8,69.53,2024-07-28,2025-07-28
253,1758,13,184.06,2025-11-18,2026-11-18
254,3062,7,89.12,2026-02-24,2027-02-24
255,937,8,98.27,2025-05-02,2026-05-02
256,885,10,598.05,2025-11-26,2026-11-26
257,632,3,269.32,2025-08-26,2026-08-26
258,1930,3,262.21,2024-08-18,2025-08-18
259,3167,11,320.06,2026-08-21,2027-08-21
260,999,11,405.5,2026-01-01,2027-01-01
261,98,8,106.78,2025-01-09,2026-01-09
262,131,12,134.91,2025-04-01,2026-04-01
263,3002,1,257.62,2024-07-28,2025-07-28
264,3106,12,142.39,2025-08-15,2026-08-15
265,3025,9,675.84,2026-04-23,2027-04-23
266,2601,7,78.23,2023-02-28,2024-02-28
267,565,8,81.56,2023-03-20,2024-03-19
268,2823,2,239.47,2023-02-17,2024-02-17
269,2304,2,242.39,2024-04-09,2025-04-09
270,571,11,370.76,2024-04-21,2025-04-21
271,3075,11,678.72,2024-11-08,2025-11-08
272,2956,1,224.95,2024-12-23,2025-12-23
273,1126,5,163.26,2025-08-01,2026-08-01
274,611,13,128.15,2025-02-17,2026-02-17
275,2736,7,80.6,2025-12-08,2026-12-08
276,916,12,131.53,2024-12-17,2025-12-17
277,1402,2,214.23,2025-06-02,2026-06-02
278,2473,3,360.86,2023-07-12,2024-07-11
279,2727,8,107.74,2024-10-02,2025-10-02
280,901,11,383.75,2025-05-05,2026-05-05
281,764,12,114.28,2024-02-14,2025-02-13
282,1025,9,429.72,2023-10-15,2024-10-14
283,2736,8,72.4,2025-05-16,2026-05-16
284,3124,5,138.75,2023-07-27,2024-07-26
285,1738,3,235.03,2023-08-31,2024-08-30
286,2683,10,427.56,2026-04-21,2027-04-21
287,243,11,427.61,2026-05-20,2027-05-20
288,986,1,366.57,2026-05-09,2027-05-09
289,303,11,469.37,2023-05-02,2024-05-01
290,134,7,105.41,2023-09-14,2024-09-13
291,2884,10,365.63,2023-07-24,2024-07-23
292,3116,5,273.03,2025-12-23,2026-12-23
293,2174,2,238.48,2023-07-05,2024-07-04
294,2664,4,165.39,2026-05-29,2027-05-29
295,1642,8,74.06,2023-10-24,2024-10-23
296,2959,4,134.81,2023-09-29,2024-09-28
297,3143,8,70.74,2024-01-14,2025-01-13
298,262,3,374.3,2026-04-24,2027-04-24
299,1169,7,104.7,2025-12-03,2026-12-03
300,832,7,81.21,2026-06-13,2027-06-13
301,347,3,256.17,2023-11-18,2024-11-17
302,2398,10,370.13,2026-08-08,2027-08-08
303,65,9,404.57,2023-08-23,2024-08-22
304,1916,12,186.44,2024-11-26,2025-11-26
305,1852,4,231.35,2025-05-25,2026-05-25
306,2517,3,191.13,2025-10-28,2026-10-28
307,2534,4,159.17,2026-01-31,2027-01-31
308,2324,2,175.86,2025-08-01,2026-08-01
309,1983,1,256.11,2026-03-02,2027-03-02
310,1849,9,373.21,2024-08-21,2025-08-21
311,2437,12,112.57,2024-02-07,2025-02-06
312,1123,7,92.19,2024-12-29,2023-12-30
313,3179,11,480.02,2024-05-14,2025-05-14
314,2274,12,133.22,2024-09-26,2025-09-26
315,227,6,176.38,2025-03-29,2026-03-29
316,1625,1,261.17,2023-04-08,2024-04-07
317,2477,5,182.28,2025-07-29,2026-07-29
318,1219,3,274.71,2023-10-27,2024-10-26
319,1737,12,115.13,2024-05-13,2025-05-13
320,2724,5,167.15,2023-04-10,2024-04-09
321,1285,1,280.68,2025-02-07,2026-02-07
322,2235,7,109.61,2023-07-21,2024-07-20
323,2694,12,143.56,2024-04-28,2025-04-28
324,3158,12,160.2,2023-06-07,2024-06-06
325,2753,11,292.53,2026-07-28,2027-07-28
326,1702,1,233.58,2023-06-26,2024-06-25
327,2873,9,750.77,2027-05-14,2026-05-14
328,3069,13,150.75,2025-05-27,2026-05-27
329,190,1,206.92,2023-06-15,2024-06-14
330,2938,1,311.92,2023-01-19,2024-01-19
331,1777,5,188.32,2023-02-26,2024-02-26
332,2750,13,117.9,2024-03-19,2025-03-19
333,2168,7,80.47,2026-04-11,2027-04-11
334,2549,8,118.66,2025-01-14,2026-01-14
335,1936,6,275.76,2024-11-24,2025-11-24
336,471,12,134.16,2025-10-17,2026-10-17
337,1799,11,390.42,2023-08-27,2024-08-26
338,2768,13,127.72,2025-05-21,2026-05-21
339,1452,9,372.42,2025-04-02,2026-04-02
340,1564,11,376.57,2023-02-21,2024-02-21
341,2026,5,171.94,2026-01-20,2027-01-20
342,2150,11,423.57,2023-04-06,2024-04-05
343,573,6,209.83,2024-08-14,2025-08-14
344,282,8,109.41,2025-02-19,2026-02-19
345,1738,6,166.76,2024-08-30,2025-08-30
346,453,2,298.69,2023-07-18,2024-07-17
347,714,2,171.55,2025-11-13,2026-11-13
348,2462,11,387.35,2024-02-29,2025-02-28
349,1703,8,54.15,2024-05-27,2025-05-27
350,1545,13,140.66,2025-09-16,2026-09-16
351,887,11,342.68,2025-04-18,2024-04-18
352,1140,12,99.98,2026-05-20,2027-05-20
353,934,11,333.06,2023-06-11,2024-06-10
354,2362,6,202.33,2026-05-01,2027-05-01
355,2638,5,169.53,2025-02-24,2026-02-24
356,914,7,81.77,2024-06-25,2025-06-25
357,3043,6,139.86,2026-01-17,2027-01-17
358,526,12,119.48,2023-09-12,2024-09-11
359,84,3,211.37,2026-04-09,2027-04-09
360,1641,2,326.41,2025-07-06,2026-07-06
361,2987,13,159.8,2025-09-04,2026-09-04
362,2383,13,142.11,2023-04-27,2024-04-26
363,553,2,301.55,2024-07-25,2025-07-25
364,1677,8,61.4,2023-07-14,2024-07-13
365,2190,1,220.32,2025-10-05,2026-10-05
366,2805,8,88.09,2023-07-13,2024-07-12
367,820,1,256.74,2025-01-20,2026-01-20
368,1838,6,145.32,2025-04-28,2026-04-28
369,2445,8,104.21,2026-02-22,2027-02-22
370,364,12,123.04,2026-04-23,2027-04-23
371,2398,2,245.96,2023-12-08,2024-12-07
372,467,6,184.38,2025-10-20,2026-10-20
373,2023,7,91.4,2023-12-18,2024-12-17
374,909,5,179.37,2024-05-10,2025-05-10
375,2515,13,125.51,2023-03-17,2024-03-16
376,186,7,78.25,2023-12-01,2024-11-30
377,3071,8,81.62,2024-11-12,2025-11-12
378,1400,9,641.88,2026-04-15,2027-04-15
379,507,5,216.92,2024-03-22,2025-03-22
380,632,5,191.87,2024-12-01,2025-12-01
381,1116,3,240.94,2024-01-13,2025-01-12
382,274,8,93.45,2024-01-03,2025-01-02
383,436,6,159.89,2023-03-18,2024-03-17
384,2221,9,458.85,2024-06-18,2025-06-18
385,401,6,165.37,2024-05-30,2025-05-30
386,385,8,112.53,2023-04-18,2024-04-17
387,36,11,519.15,2024-11-22,2025-11-22
388,2547,3,284.99,2024-09-18,2025-09-18
389,2373,13,119.36,2024-07-22,2025-07-22
390,132,12,148.83,2025-08-01,2026-08-01
391,3181,5,180.42,2023-07-10,2024-07-09
392,2082,1,237.2,2024-03-17,2025-03-17
393,1928,5,226.91,2025-09-06,2026-09-06
394,496,11,507.59,2024-08-24,2025-08-24
395,2894,5,156.51,2023-12-18,2024-12-17
396,3011,7,68.73,2025-12-11,2026-12-11
397,2957,4,152.1,2024-05-18,2025-05-18
398,962,10,397.71,2023-01-30,2024-01-30
399,2230,3,197.19,2024-08-17,2025-08-17
400,1215,13,170.92,2023-03-05,2024-03-04
401,1145,5,161.13,2026-05-15,2027-05-15
402,1685,7,84.23,2025-11-20,2026-11-20
403,267,8,86.14,2023-01-17,2024-01-17
404,2360,7,68.99,2024-12-20,2025-12-20
405,2209,12,162.97,2025-08-15,2026-08-15
406,1275,5,181.14,2023-07-11,2024-07-10
407,2555,3,277.46,2024-01-02,2025-01-01
408,312,1,290.26,2024-10-13,2025-10-13
409,2526,7,108.11,2026-04-30,2027-04-30
410,145,4,197.92,2025-02-20,2026-02-20
411,2720,11,477.54,2023-12-10,2024-12-09
412,958,6,164.77,2026-03-10,2027-03-10
413,268,12,144.37,2023-02-03,2024-02-03
414,945,7,59.73,2026-07-16,2027-07-16
415,1205,2,224.69,2023-12-30,2024-12-29
416,770,8,80.05,2024-09-06,2025-09-06
417,2207,12,140.81,2024-06-11,2025-06-11
418,1520,3,206.88,2025-06-12,2026-06-12
419,1043,3,338.22,2025-01-11,2026-01-11
420,720,7,81.52,2023-12-28,2024-12-27
421,2541,6,159.87,2023-02-12,2024-02-12
422,837,7,80.49,2024-12-12,2025-12-12
423,3110,13,178.6,2025-09-09,2026-09-09
424,34,6,170.9,2026-05-24,2027-05-24
425,1729,8,68.14,2026-05-15,2027-05-15
426,1927,10,340.47,2025-07-26,2026-07-26
427,2251,12,97.76,2026-04-27,2027-04-27
428,1394,7,76.95,2025-07-21,2026-07-21
429,1126,8,90.68,2025-11-23,2026-11-23
430,1761,11,385.79,2026-04-01,2027-04-01
431,68,11,341.21,2026-08-08,2027-08-08
432,1775,12,123.17,2024-06-18,2025-06-18
433,337,1,281.96,2024-03-16,2025-03-16
434,1068,9,346.82,2025-09-10,2026-09-10
435,1716,11,294.9,2024-11-24,2025-11-24
436,2982,13,223.07,2023-07-16,2024-07-15
437,2713,8,87.64,2024-01-06,2025-01-05
438,2844,5,206.79,2026-08-03,2027-08-03
439,2358,13,98.33,2024-07-23,2025-07-23
440,69,8,80.43,2026-03-26,2027-03-26
441,940,10,398.05,2023-10-05,2024-10-04
442,3070,7,106.63,2025-06-09,2026-06-09
443,2880,12,171.23,2025-07-01,2026-07-01
444,137,5,151.81,2024-05-07,2025-05-07
445,2891,10,461.07,2025-02-09,2026-02-09
446,1233,12,104.88,2024-05-25,2025-05-25
447,1178,12,195.22,2025-04-13,2026-04-13
448,213,9,420.86,2024-12-19,2025-12-19
449,2950,1,279.86,2023-10-17,2024-10-16
450,2368,11,371.76,2026-06-04,2027-06-04
451,7,8,77.09,2025-09-29,2026-09-29
452,2148,10,303.13,2024-03-18,2025-03-18
453,1700,4,195.55,2025-05-15,2026-05-15
454,1246,7,115.57,2024-06-12,2025-06-12
455,3199,13,108.93,2024-05-15,2025-05-15
456,2201,3,311.6,2024-02-06,2025-02-05
457,1802,9,311.06,2023-04-08,2024-04-07
458,901,2,243.65,2025-01-01,2026-01-01
459,1754,6,193.37,2023-10-06,2024-10-05
460,1608,11,389.99,2023-03-26,2024-03-25
461,2271,13,139.81,2024-06-26,2025-06-26
462,3168,8,73.54,2026-08-24,2027-08-24
463,1169,13,125.78,2024-12-26,2025-12-26
464,1828,10,531.06,2023-02-26,2024-02-26
465,984,10,531.22,2026-02-15,2027-02-15
466,103,7,74.89,2025-09-10,2026-09-10
467,1453,2,251.48,2024-12-19,2025-12-19
468,362,2,270.15,2024-03-01,2025-03-01
469,852,3,197.99,2023-03-08,2024-03-07
470,191,13,131.91,2025-04-17,2026-04-17
471,1463,12,141.34,2024-08-17,2025-08-17
472,1407,6,161.21,2024-11-14,2025-11-14
473,1732,7,78.54,2024-01-05,2025-01-04
474,2773,5,171.08,2023-03-07,2024-03-06
475,2749,1,223.51,2023-03-01,2024-02-29
476,2338,1,152.42,2024-05-17,2025-05-17
477,2396,8,75.0,2026-05-13,2027-05-13
478,2449,13,119.88,2023-06-14,2024-06-13
479,417,7,75.07,2025-07-06,2026-07-06
480,1134,10,478.94,2024-09-19,2025-09-19
481,1742,3,215.0,2026-08-19,2027-08-19
482,1995,2,275.55,2026-04-10,2027-04-10
483,2750,11,481.53,2027-06-11,2026-06-11
484,1528,5,146.34,2026-05-14,2027-05-14
485,69,12,119.28,2023-12-03,2024-12-02
486,2834,4,198.99,2026-03-22,2027-03-22
487,2034,10,462.1,2024-10-08,2025-10-08
488,1971,6,140.03,2023-12-24,2024-12-23
489,275,7,89.42,2024-03-18,2025-03-18
490,2179,10,319.92,2025-09-19,2026-09-19
491,998,6,194.02,2023-07-04,2024-07-03
492,3004,13,108.13,2025-07-21,2026-07-21
493,1239,4,178.03,2026-05-25,2027-05-25
494,423,3,288.95,2023-12-07,2024-12-06
495,926,13,146.09,2025-01-01,2026-01-01
496,2201,10,439.82,2025-10-14,2026-10-14
497,392,4,218.35,2025-01-20,2026-01-20
498,2762,4,153.81,2025-11-18,2026-11-18
499,1096,10,462.27,2023-06-10,2024-06-09
500,2548,13,142.73,2023-09-01,2024-08-31
501,2468,8,101.0,2026-06-23,2027-06-23
502,2365,13,161.27,2023-06-05,2024-06-04
503,2270,10,320.0,2025-11-28,2026-11-28
504,454,10,373.33,2026-06-25,2027-06-25
505,2204,4,228.02,2024-09-29,2025-09-29
506,2343,3,348.61,2023-03-26,2024-03-25
507,804,12,162.32,2025-02-27,2026-02-27
508,521,12,93.99,2023-11-18,2024-11-17
509,2492,8,89.96,2024-05-10,2025-05-10
510,214,12,104.55,2025-11-20,2026-11-20
511,1935,5,126.97,2023-06-28,2024-06-27
512,1645,1,246.04,2024-11-11,2025-11-11
513,1460,7,84.66,2023-05-09,2024-05-08
514,160,4,142.75,2025-08-30,2024-08-30
515,1807,12,141.28,2023-07-24,2024-07-23
516,2526,10,502.58,2024-09-12,2025-09-12
517,1282,8,111.64,2025-06-04,2026-06-04
518,1252,8,72.24,2026-02-17,2027-02-17
519,753,12,103.26,2026-06-11,2027-06-11
520,2450,8,75.62,2025-05-03,2026-05-03
521,337,12,114.12,2023-08-03,2024-08-02
522,3065,11,352.32,2026-06-15,2027-06-15
523,242,12,158.55,2024-05-27,2025-05-27
524,3032,2,181.55,2025-05-04,2026-05-04
525,516,6,189.93,2025-10-19,2026-10-19
526,2614,9,376.74,2025-02-19,2026-02-19
527,2329,9,357.31,2024-02-01,2025-01-31
528,2034,12,143.1,2023-01-23,2024-01-23
529,944,6,172.87,2026-07-21,2027-07-21
530,2596,8,56.41,2023-09-29,2024-09-28
531,1868,3,241.61,2023-10-26,2024-10-25
532,2644,10,319.85,2026-06-14,2027-06-14
533,528,7,65.82,2023-09-08,2024-09-07
534,1433,2,193.43,2023-04-02,2024-04-01
535,2097,3,308.55,2026-07-17,2027-07-17
536,1637,2,335.33,2026-02-05,2027-02-05
537,746,7,107.62,2025-01-04,2026-01-04
538,1955,8,103.37,2025-03-28,2026-03-28
539,2487,7,133.81,2023-02-17,2024-02-17
540,342,13,168.42,2024-06-15,2025-06-15
541,385,10,630.92,2024-12-26,2025-12-26
542,552,6,131.75,2025-12-23,2026-12-23
543,2091,11,404.85,2024-12-12,2025-12-12
544,2513,12,104.23,2025-03-08,2026-03-08
545,215,11,344.1,2023-10-10,2024-10-09
546,95,1,268.32,2024-02-01,2025-01-31
547,38,8,94.45,2024-07-21,2025-07-21
548,1832,3,253.03,2024-03-14,2025-03-14
549,850,7,90.39,2024-06-09,2025-06-09
550,2135,13,116.07,2026-02-21,2027-02-21
551,2942,13,109.96,2026-04-21,2027-04-21
552,500,8,110.14,2023-04-08,2024-04-07
553,956,8,74.09,2024-05-05,2025-05-05
554,381,10,303.26,2023-04-26,2024-04-25
555,1358,4,184.7,2025-03-17,2026-03-17
556,2280,8,127.7,2025-12-18,2026-12-18
557,1696,8,86.41,2023-11-02,2024-11-01
558,684,7,77.99,2023-11-22,2024-11-21
559,675,12,140.62,2023-08-15,2024-08-14
560,632,5,157.9,2025-06-13,2026-06-13
561,2107,8,98.03,2024-09-02,2025-09-02
562,1731,10,422.29,2026-10-25,2025-10-25
563,1636,8,83.44,2024-03-24,2025-03-24
564,1102,8,95.49,2025-08-30,2026-08-30
565,326,5,196.94,2023-06-16,2024-06-15
566,1321,8,87.76,2023-11-21,2024-11-20
567,2868,13,165.57,2025-07-25,2026-07-25
568,357,3,227.94,2025-12-14,2026-12-14
569,641,10,315.67,2023-09-04,2024-09-03
570,2671,3,234.65,2025-05-19,2026-05-19
571,918,8,94.72,2024-10-13,2025-10-13
572,1468,10,491.86,2026-06-06,2027-06-06
573,2169,13,163.3,2023-01-17,2024-01-17
574,205,12,115.77,2025-10-29,2026-10-29
575,250,2,210.84,2023-03-19,2024-03-18
576,3017,8,101.9,2023-11-14,2024-11-13
577,1151,4,180.45,2026-01-13,2027-01-13
578,881,7,82.45,2025-04-20,2026-04-20
579,2326,13,151.59,2023-04-11,2024-04-10
580,2596,12,92.72,2024-02-22,2025-02-21
581,1229,12,110.27,2024-11-14,2025-11-14
582,1797,5,192.9,2025-12-15,2026-12-15
583,3060,9,385.1,2024-10-30,2025-10-30
584,1708,2,226.92,2023-11-12,2024-11-11
585,168,13,142.74,2024-07-01,2025-07-01
586,1651,5,121.18,2026-07-12,2027-07-12
587,845,11,426.57,2024-09-04,2025-09-04
588,258,3,294.79,2025-12-22,2026-12-22
589,1430,10,363.35,2023-11-11,2024-11-10
590,1493,1,372.93,2025-01-01,2026-01-01
591,2960,6,168.49,2023-02-10,2024-02-10
592,1860,8,89.1,2023-07-02,2024-07-01
593,1583,5,262.52,2026-05-28,2027-05-28
594,1957,13,139.8,2026-03-20,2025-03-20
595,2299,12,127.78,2024-12-04,2025-12-04
596,2305,12,200.81,2023-05-13,2024-05-12
597,1535,7,85.39,2024-07-21,2025-07-21
598,1257,12,115.27,2023-07-25,2024-07-24
599,1129,12,137.26,2024-05-15,2025-05-15
600,2639,8,59.55,2025-06-30,2026-06-30
601,1554,7,64.17,2025-01-10,2026-01-10
602,2971,13,150.78,2024-03-06,2025-03-06
603,1254,5,149.47,2025-10-05,2026-10-05
604,1682,12,135.78,2023-01-06,2024-01-06
605,1089,12,117.14,2024-05-08,2025-05-08
606,462,7,87.84,2025-08-07,2026-08-07
607,209,1,279.09,2024-11-13,2025-11-13
608,1894,9,757.46,2026-06-12,2027-06-12
609,985,3,317.87,2026-01-03,2027-01-03
610,709,8,114.06,2025-10-21,2026-10-21
611,1043,1,327.35,2026-08-20,2027-08-20
612,2597,10,366.71,2025-12-29,2026-12-29
613,2658,8,62.43,2024-10-05,2025-10-05
614,593,13,154.72,2024-12-16,2025-12-16
615,3176,13,135.67,2026-05-09,2027-05-09
616,1999,7,85.44,2025-04-04,2026-04-04
617,2175,7,75.72,2025-04-20,2026-04-20
618,875,8,68.9,2023-02-07,2024-02-07
619,1031,11,523.96,2025-06-29,2026-06-29
620,394,8,105.39,2025-09-28,2026-09-28
621,2841,5,249.31,2024-12-16,2025-12-16
622,2343,7,111.39,2024-03-19,2025-03-19
623,1161,8,62.13,2025-08-03,2026-08-03
624,2493,9,505.44,2025-07-31,2026-07-31
625,2777,3,272.23,2023-08-03,2024-08-02
626,145,10,495.78,2026-08-16,2027-08-16
627,137,11,424.47,2026-05-08,2027-05-08
628,2167,8,93.02,2025-03-25,2026-03-25
629,640,3,273.87,2026-03-30,2027-03-30
630,969,13,147.85,2024-05-26,2025-05-26
631,811,10,566.33,2025-01-23,2026-01-23
632,1459,13,90.92,2023-04-29,2024-04-28
633,545,12,178.52,2023-06-24,2024-06-23
634,945,7,70.16,2027-06-07,2026-06-07
635,1115,4,168.1,2024-09-26,2025-09-26
636,2602,7,63.08,2024-04-05,2025-04-05
637,2918,13,126.58,2023-05-09,2024-05-08
638,1098,12,102.88,2023-01-23,2024-01-23
639,1869,5,181.6,2025-06-13,2026-06-13
640,2297,5,215.18,2025-11-17,2026-11-17
641,1404,6,188.11,2025-08-22,2026-08-22
642,1084,1,281.35,2025-12-07,2026-12-07
643,2390,1,382.59,2023-09-21,2024-09-20
644,681,2,414.36,2023-12-07,2024-12-06
645,652,9,461.4,2026-04-14,2027-04-14
646,2630,12,168.32,2026-06-21,2027-06-21
647,1616,8,115.41,2026-07-12,2027-07-12
648,1547,7,82.2,2024-10-11,2025-10-11
649,313,3,187.88,2025-12-26,2026-12-26
650,3132,7,129.02,2025-07-10,2026-07-10
651,75,7,66.58,2026-02-05,2027-02-05
652,2636,12,165.04,2024-03-19,2025-03-19
653,2959,11,333.98,2023-07-24,2024-07-23
654,1145,9,431.81,2023-10-03,2024-10-02
655,306,7,80.26,2024-10-24,2025-10-24
656,245,1,240.08,2023-12-13,2024-12-12
657,1595,1,159.48,2025-09-13,2026-09-13
658,1618,8,78.83,2023-04-05,2024-04-04
659,44,11,402.19,2025-06-10,2026-06-10
660,2227,5,167.93,2026-05-21,2027-05-21
661,1980,11,454.2,2023-05-15,2024-05-14
662,760,2,202.85,2024-07-31,2025-07-31
663,2115,11,386.57,2024-09-05,2025-09-05
664,1598,12,123.61,2023-11-28,2024-11-27
665,1219,8,84.59,2025-05-29,2026-05-29
666,448,12,166.4,2024-10-23,2025-10-23
667,2805,6,166.56,2025-03-03,2026-03-03
668,1025,12,136.36,2025-09-23,2026-09-23
669,940,7,82.74,2023-08-23,2024-08-22
670,2442,11,409.93,2026-02-05,2027-02-05
671,1531,12,96.15,2026-01-20,2027-01-20
672,1603,9,406.8,2023-12-25,2024-12-24
673,1361,4,175.44,2026-07-29,2027-07-29
674,2985,5,206.62,2025-04-02,2026-04-02
675,576,4,147.34,2023-02-21,2024-02-21
676,2090,10,369.52,2026-11-19,2025-11-19
677,2472,4,187.56,2025-01-23,2026-01-23
678,3097,13,128.41,2026-06-26,2027-06-26
679,18,10,528.08,2024-10-30,2025-10-30
680,1967,8,79.07,2025-02-11,2026-02-11
681,3161,7,71.91,2023-11-30,2024-11-29
682,1247,1,191.82,2026-01-17,2027-01-17
683,356,13,184.97,2026-07-24,2027-07-24
684,1976,12,156.42,2024-11-25,2025-11-25
685,2470,9,411.08,2025-10-06,2026-10-06
686,1991,1,204.59,2025-04-21,2026-04-21
687,234,13,110.35,2024-06-03,2025-06-03
688,2862,9,400.82,2025-03-14,2026-03-14
689,950,13,113.72,2025-07-06,2026-07-06
690,1061,3,232.01,2025-04-06,2026-04-06
691,2733,9,402.72,2024-07-27,2025-07-27
692,1330,13,106.5,2024-04-22,2025-04-22
693,2618,9,302.62,2024-04-07,2025-04-07
694,2377,11,483.26,2025-07-13,2026-07-13
695,3093,10,628.28,2024-11-27,2025-11-27
696,2,8,96.37,2023-03-30,2024-03-29
697,2871,11,459.53,2023-08-28,2024-08-27
698,1411,9,427.08,2024-08-15,2025-08-15
699,211,11,529.92,2026-04-10,2027-04-10
700,1475,13,197.92,2025-04-26,2026-04-26
701,431,1,344.06,2026-03-25,2027-03-25
702,1257,10,353.43,2024-12-20,2025-12-20
703,1890,6,154.66,2025-07-22,2026-07-22
704,1587,12,100.13,2024-11-22,2025-11-22
705,2787,1,263.25,2026-05-31,2027-05-31
706,2807,11,377.04,2026-05-03,2025-05-03
707,1778,11,577.14,2026-05-08,2027-05-08
708,2663,9,323.89,2023-09-28,2024-09-27
709,2245,9,504.37,2025-06-25,2026-06-25
710,1869,11,385.87,2023-03-25,2024-03-24
711,841,13,117.25,2024-04-01,2025-04-01
712,2414,6,187.59,2025-06-28,2026-06-28
713,350,2,223.15,2025-01-02,2026-01-02
714,2269,13,104.51,2023-03-08,2024-03-07
715,2676,5,152.45,2024-04-19,2025-04-19
716,3180,4,314.08,2024-03-17,2025-03-17
717,942,8,70.75,2025-04-01,2026-04-01
718,113,11,506.43,2024-06-13,2025-06-13
719,2786,2,266.05,2023-09-25,2024-09-24
720,1793,13,137.53,2023-10-15,2024-10-14
721,371,6,153.69,2025-09-14,2026-09-14
722,199,2,267.73,2024-06-26,2025-06-26
723,2277,8,76.46,2024-11-28,2025-11-28
724,477,12,127.59,2025-01-11,2026-01-11
725,1274,6,274.77,2024-10-25,2025-10-25
726,1819,10,493.91,2025-01-17,2026-01-17
727,123,11,512.99,2025-05-18,2026-05-18
728,2612,11,380.3,2024-01-05,2025-01-04
729,2958,12,112.0,2024-05-25,2025-05-25
730,1969,1,272.21,2024-10-29,2025-10-29
731,1699,6,191.77,2023-09-27,2024-09-26
732,1934,13,116.67,2025-11-29,2026-11-29
733,2866,2,211.97,2024-09-26,2025-09-26
734,1675,6,220.86,2025-08-28,2026-08-28
735,2366,10,396.53,2026-05-24,2025-05-24
736,798,6,173.03,2023-01-14,2024-01-14
737,80,7,152.83,2024-01-02,2025-01-01
738,1279,7,74.73,2023-02-13,2024-02-13
739,653,1,281.29,2025-09-28,2026-09-28
740,1502,7,78.36,2025-12-21,2026-12-21
741,564,1,302.91,2024-07-05,2025-07-05
742,540,10,433.23,2023-02-06,2024-02-06
743,1457,5,199.82,2026-03-15,2027-03-15
744,1130,4,159.1,2025-03-26,2026-03-26
745,2190,8,87.69,2024-01-22,2025-01-21
746,2347,8,78.54,2024-05-02,2025-05-02
747,886,11,407.68,2023-01-22,2024-01-22
748,361,8,76.95,2026-05-02,2027-05-02
749,552,10,268.1,2025-12-24,2026-12-24
750,2883,3,235.84,2023-01-15,2024-01-15
751,182,3,237.81,2026-06-01,2027-06-01
752,1980,4,195.74,2024-12-18,2025-12-18
753,536,1,387.09,2023-11-13,2024-11-12
754,2953,7,130.21,2023-11-02,2024-11-01
755,1844,2,210.27,2024-02-09,2025-02-08
756,2399,7,90.43,2023-07-31,2024-07-30
757,2588,8,93.87,2023-06-08,2024-06-07
758,865,13,153.85,2026-05-16,2027-05-16
759,80,10,772.63,2025-07-30,2026-07-30
760,454,7,75.61,2025-08-15,2026-08-15
761,2388,9,400.28,2024-12-09,2025-12-09
762,2119,12,130.02,2023-12-31,2024-12-30
763,2356,11,404.99,2026-08-15,2027-08-15
764,1889,9,546.84,2024-06-12,2025-06-12
765,2603,7,77.07,2024-12-02,2025-12-02
766,2551,11,380.14,2026-05-21,2027-05-21
767,1542,8,55.98,2025-04-11,2026-04-11
768,1260,6,211.74,2026-08-19,2027-08-19
769,642,12,137.62,2024-04-08,2025-04-08
770,2188,3,178.85,2024-08-23,2025-08-23
771,1716,3,150.62,2023-04-13,2024-04-12
772,39,12,132.55,2024-12-26,2025-12-26
773,1958,9,415.5,2023-12-10,2024-12-09
774,2845,4,132.04,2026-05-01,2027-05-01
775,136,5,218.44,2024-04-17,2025-04-17
776,3115,3,355.53,2026-07-13,2027-07-13
777,411,7,109.44,2023-08-11,2024-08-10
778,466,9,481.9,2025-03-22,2026-03-22
779,270,8,99.27,2024-11-03,2025-11-03
780,53,3,163.69,2024-06-28,2025-06-28
781,2501,4,225.4,2026-06-04,2027-06-04
782,3019,8,91.56,2023-12-02,2024-12-01
783,2207,6,170.85,2026-06-16,2027-06-16
784,1702,10,444.05,2023-06-18,2024-06-17
785,1021,12,157.69,2023-12-07,2024-12-06
786,670,8,96.47,2024-04-28,2025-04-28
787,44,3,195.71,2026-05-24,2027-05-24
788,2354,3,401.62,2023-04-24,2024-04-23
789,1857,9,503.7,2026-08-13,2027-08-13
790,597,11,356.98,2024-10-27,2025-10-27
791,2698,3,454.3,2023-12-27,2024-12-26
792,512,11,402.13,2023-10-22,2024-10-21
793,3072,3,270.41,2025-01-14,2026-01-14
794,1097,12,137.52,2024-09-18,2025-09-18
795,2802,13,133.01,2024-07-21,2025-07-21
796,869,12,165.66,2024-12-11,2025-12-11
797,1921,12,124.55,2024-02-10,2025-02-09
798,2093,1,163.83,2025-09-12,2026-09-12
799,1395,6,171.86,2024-03-02,2025-03-02
800,943,10,317.32,2024-01-02,2025-01-01
801,3106,10,363.52,2026-03-13,2027-03-13
802,782,9,284.89,2024-04-16,2025-04-16
803,1328,2,184.21,2024-05-24,2025-05-24
804,1338,1,255.15,2023-07-03,2024-07-02
805,1461,8,84.46,2026-04-18,2027-04-18
806,1093,2,158.05,2026-08-19,2027-08-19
807,2766,8,106.67,2023-05-26,2024-05-25
808,2543,5,204.22,2023-06-29,2024-06-28
809,953,12,115.59,2025-11-24,2026-11-24
810,374,6,150.04,2024-12-08,2025-12-08
811,1431,6,190.49,2026-06-05,2027-06-05
812,3122,3,206.16,2025-08-21,2026-08-21
813,2835,10,349.48,2023-09-06,2024-09-05
814,1607,9,398.01,2025-11-20,2026-11-20
815,539,8,105.31,2025-05-31,2026-05-31
816,1682,4,160.14,2026-01-03,2027-01-03
817,2934,9,440.76,2023-01-19,2024-01-19
818,4,10,463.64,2024-10-02,2025-10-02
819,631,2,217.81,2025-02-28,2026-02-28
820,1469,11,404.41,2023-06-08,2024-06-07
821,2810,6,267.19,2023-02-19,2024-02-19
822,2070,3,209.61,2023-03-19,2024-03-18
823,323,8,96.59,2023-04-13,2024-04-12
824,2458,5,143.75,2025-12-10,2026-12-10
825,403,12,123.29,2025-03-11,2026-03-11
826,1581,6,185.95,2025-04-14,2026-04-14
827,1938,13,119.64,2024-12-24,2025-12-24
828,2441,2,254.05,2026-04-25,2027-04-25
829,1640,12,112.86,2023-12-27,2024-12-26
830,50,9,394.21,2023-11-17,2024-11-16
831,2966,12,144.39,2024-08-17,2025-08-17
832,2590,5,207.85,2025-05-10,2026-05-10
833,1910,12,149.99,2023-02-28,2024-02-28
834,910,2,185.72,2025-12-01,2026-12-01
835,2393,13,120.34,2024-06-06,2025-06-06
836,1164,12,129.43,2023-06-12,2024-06-11
837,1970,7,95.61,2025-02-15,2026-02-15
838,2963,10,351.32,2026-02-23,2027-02-23
839,2013,1,224.72,2024-12-26,2025-12-26
840,1439,13,151.27,2024-02-29,2025-02-28
841,1020,3,177.75,2026-07-05,2027-07-05
842,859,12,143.76,2023-03-08,2024-03-07
843,2168,8,69.55,2024-03-14,2025-03-14
844,1924,10,404.25,2023-02-07,2024-02-07
845,408,10,405.11,2025-09-12,2026-09-12
846,659,9,462.48,2026-01-26,2027-01-26
847,630,1,229.56,2023-04-28,2024-04-27
848,1536,8,60.63,2023-04-29,2024-04-28
849,1212,12,146.73,2023-03-16,2024-03-15
850,2401,12,176.2,2025-10-12,2026-10-12
851,1877,6,129.59,2023-10-04,2024-10-03
852,399,9,317.45,2024-07-31,2025-07-31
853,901,1,219.42,2023-06-12,2024-06-11
854,1282,6,215.44,2024-04-07,2025-04-07
855,2015,7,92.09,2026-03-09,2027-03-09
856,2638,10,418.34,2025-04-26,2026-04-26
857,626,13,152.97,2025-01-05,2026-01-05
858,2481,9,373.99,2023-11-14,2024-11-13
859,1341,9,379.53,2023-09-18,2024-09-17
860,532,5,150.79,2025-02-21,2026-02-21
861,1850,1,263.47,2025-01-25,2026-01-25
862,3018,2,203.73,2025-11-23,2026-11-23
863,680,12,126.02,2025-04-25,2026-04-25
864,178,12,120.48,2024-03-21,2025-03-21
865,1999,13,137.98,2025-09-22,2026-09-22
866,138,13,147.11,2025-05-02,2026-05-02
867,576,10,381.28,2026-02-03,2027-02-03
868,1155,8,75.69,2023-10-24,2024-10-23
869,1064,12,124.74,2026-01-19,2027-01-19
870,784,1,294.25,2024-04-25,2025-04-25
871,1230,7,81.12,2023-05-31,2024-05-30
872,451,12,183.69,2025-02-17,2026-02-17
873,2586,12,172.29,2023-09-06,2024-09-05
874,1019,13,101.42,2023-06-24,2024-06-23
875,1861,3,183.53,2023-09-12,2024-09-11
876,2377,12,150.3,2025-02-13,2026-02-13
877,2772,12,130.02,2025-09-22,2026-09-22
878,2262,5,109.9,2023-04-03,2024-04-02
879,322,7,57.92,2023-05-23,2024-05-22
880,455,12,208.15,2024-12-01,2025-12-01
881,2857,4,207.4,2023-08-26,2024-08-25
882,2406,2,299.73,2023-03-20,2024-03-19
883,1697,3,263.79,2023-04-08,2024-04-07
884,1583,9,645.9,2025-10-27,2026-10-27
885,872,1,218.33,2024-06-21,2025-06-21
886,1449,10,419.58,2023-09-14,2024-09-13
887,625,10,510.42,2025-08-25,2026-08-25
888,224,11,338.17,2024-03-31,2025-03-31
889,1843,8,67.18,2026-04-04,2027-04-04
890,2152,9,380.38,2024-04-15,2025-04-15
891,437,5,160.09,2026-06-13,2027-06-13
892,762,10,477.85,2026-02-28,2025-02-28
893,688,10,433.57,2023-05-14,2024-05-13
894,2280,2,319.1,2025-03-23,2026-03-23
895,2808,1,189.06,2025-12-29,2026-12-29
896,2638,8,71.46,2023-07-13,2024-07-12
897,926,9,417.94,2024-08-14,2025-08-14
898,1151,10,501.34,2025-03-30,2026-03-30
899,1231,13,160.11,2026-07-26,2027-07-26
900,2126,13,126.66,2025-11-24,2026-11-24
901,50,5,167.21,2023-02-21,2024-02-21
902,1868,9,511.03,2025-06-29,2026-06-29
903,3135,6,186.94,2026-03-21,2027-03-21
904,2440,4,179.87,2023-03-17,2024-03-16
905,423,1,251.21,2026-03-21,2027-03-21
906,1734,1,255.77,2023-02-18,2024-02-18
907,381,8,64.31,2024-12-31,2025-12-31
908,2425,10,414.17,2024-04-20,2025-04-20
909,2712,13,204.55,2025-04-13,2026-04-13
910,1403,7,90.4,2023-08-12,2024-08-11
911,2785,1,267.82,2025-01-07,2026-01-07
912,6,2,234.52,2026-04-14,2027-04-14
913,1576,10,436.59,2025-03-01,2026-03-01
914,3030,13,113.05,2025-07-23,2026-07-23
915,1862,6,322.01,2025-05-25,2026-05-25
916,634,8,92.17,2023-11-08,2024-11-07
917,804,13,163.65,2025-02-09,2026-02-09
918,2709,6,175.68,2025-09-08,2026-09-08
919,1590,13,189.41,2024-06-18,2025-06-18
920,989,7,106.49,2025-09-13,2026-09-13
921,1600,9,546.6,2025-01-18,2026-01-18
922,2626,2,274.42,2024-10-16,2025-10-16
923,514,3,156.19,2023-10-07,2024-10-06
924,1611,12,173.03,2025-01-29,2026-01-29
925,1611,8,87.23,2026-04-28,2027-04-28
926,2442,9,417.95,2024-08-29,2025-08-29
927,2574,8,75.28,2024-04-17,2025-04-17
928,973,7,75.01,2023-07-22,2024-07-21
929,1619,11,575.81,2023-11-06,2024-11-05
930,517,12,114.86,2026-06-26,2027-06-26
931,1596,1,227.53,2023-06-14,2024-06-13
932,456,1,213.05,2025-05-18,2026-05-18
933,289,13,122.01,2024-06-12,2025-06-12
934,3160,12,106.95,2023-06-29,2024-06-28
935,5,3,268.92,2025-11-14,2026-11-14
936,3129,6,196.44,2025-02-07,2026-02-07
937,2558,3,250.77,2026-02-22,2027-02-22
938,1959,4,156.36,2024-03-22,2025-03-22
939,1081,7,87.45,2025-08-12,2026-08-12
940,1004,10,561.3,2025-05-08,2026-05-08
941,568,4,191.56,2025-12-22,2026-12-22
942,573,2,249.66,2023-06-17,2024-06-16
943,1629,7,64.15,2023-05-10,2024-05-09
944,2570,4,151.4,2025-04-26,2026-04-26
945,477,11,395.73,2025-11-03,2026-11-03
946,2563,12,128.14,2025-08-05,2026-08-05
947,62,4,170.54,2026-03-28,2027-03-28
948,2921,12,105.89,2024-12-04,2025-12-04
949,2186,6,152.79,2025-07-19,2026-07-19
950,717,11,510.27,2026-04-09,2027-04-09
951,2559,13,136.37,2023-12-05,2024-12-04
952,1283,6,157.62,2024-06-10,2025-06-10
953,2801,13,143.75,2024-05-23,2025-05-23
954,3060,11,362.29,2025-06-09,2026-06-09
955,476,2,351.28,2024-03-31,2025-03-31
956,1746,7,129.0,2025-11-30,2026-11-30
957,2302,10,346.03,2024-11-14,2025-11-14
958,1425,12,133.26,2025-03-06,2026-03-06
959,684,11,333.52,2026-06-02,2027-06-02
960,1460,12,125.23,2023-02-02,2024-02-02
961,1092,9,420.87,2023-08-27,2024-08-26
962,2968,10,578.78,2024-03-19,2025-03-19
963,1328,13,104.17,2023-01-14,2024-01-14
964,1309,8,86.69,2024-04-10,2025-04-10
965,2340,6,190.95,2025-09-28,2026-09-28
966,1294,7,86.73,2026-08-10,2027-08-10
967,1044,10,333.05,2023-05-31,2024-05-30
968,2767,5,213.68,2026-07-22,2025-07-22
969,2911,13,117.43,2024-12-28,2025-12-28
970,2675,10,290.53,2023-11-25,2024-11-24
971,2276,7,103.71,2023-03-04,2024-03-03
972,2225,2,185.49,2024-05-25,2025-05-25
973,2082,6,175.26,2026-07-10,2027-07-10
974,2612,12,126.77,2024-04-02,2025-04-02
975,702,1,261.18,2025-12-04,2026-12-04
976,341,6,148.26,2025-05-24,2026-05-24
977,3124,8,66.59,2023-01-06,2024-01-06
978,27,3,244.25,2023-02-16,2024-02-16
979,565,13,134.04,2023-05-23,2024-05-22
980,2935,5,143.72,2025-05-30,2026-05-30
981,858,10,312.89,2026-07-03,2027-07-03
982,1341,8,80.97,2024-02-09,2023-02-09
983,1489,1,218.8,2026-06-20,2027-06-20
984,2203,7,70.89,2023-12-21,2024-12-20
985,196,1,174.37,2025-07-14,2026-07-14
986,986,7,101.67,2025-12-19,2026-12-19
987,2890,6,156.51,2023-10-19,2024-10-18
988,2621,7,129.44,2024-11-08,2025-11-08
989,2353,2,223.73,2023-10-17,2024-10-16
990,2295,3,188.94,2025-05-01,2026-05-01
991,906,2,386.13,2025-05-23,2026-05-23
992,2287,11,736.02,2023-01-19,2024-01-19
993,6,8,75.04,2024-06-01,2025-06-01
994,78,9,460.03,2024-06-24,2025-06-24
995,18,3,312.39,2024-08-17,2025-08-17
996,1357,12,101.59,2023-07-14,2024-07-13
997,1227,6,201.93,2023-12-15,2024-12-14
998,2402,5,154.27,2026-01-04,2025-01-04
999,75,13,126.78,2025-05-01,2026-05-01
1000,2945,4,159.88,2023-11-29,2024-11-28
1001,1526,6,227.35,2023-11-30,2024-11-29
1002,2264,2,218.05,2026-01-27,2027-01-27
1003,1868,11,438.87,2024-12-17,2025-12-17
1004,3032,3,200.86,2024-09-18,2025-09-18
1005,1658,5,140.01,2024-02-11,2025-02-10
1006,192,1,278.29,2024-11-06,2025-11-06
1007,1330,8,71.96,2025-08-06,2026-08-06
1008,2226,12,117.89,2024-03-28,2025-03-28
1009,1824,7,94.19,2023-02-10,2024-02-10
1010,1470,12,107.54,2026-04-29,2027-04-29
1011,2227,9,469.01,2024-09-25,2025-09-25
1012,538,6,204.7,2024-03-26,2025-03-26
1013,2878,8,99.26,2025-01-16,2026-01-16
1014,742,2,207.7,2024-12-23,2025-12-23
1015,1815,8,84.75,2026-05-28,2027-05-28
1016,362,3,222.11,2025-07-08,2026-07-08
1017,2246,4,187.76,2024-11-09,2025-11-09
1018,585,10,400.12,2023-08-02,2024-08-01
1019,1594,3,215.15,2024-12-31,2025-12-31
1020,2337,9,345.45,2023-08-12,2024-08-11
1021,2701,4,112.23,2024-02-25,2025-02-24
1022,2906,13,109.78,2025-11-18,2026-11-18
1023,1879,11,437.32,2023-09-24,2024-09-23
1024,2604,12,89.51,2025-10-12,2026-10-12
1025,434,3,210.66,2026-03-17,2027-03-17
1026,2618,11,405.31,2026-05-02,2027-05-02
1027,431,8,143.04,2024-03-27,2025-03-27
1028,2773,11,431.49,2025-11-29,2026-11-29
1029,597,13,123.97,2026-02-22,2027-02-22
1030,2098,11,588.96,2026-01-23,2027-01-23
1031,1058,6,169.68,2024-05-12,2025-05-12
1032,2329,3,202.21,2024-04-30,2025-04-30
1033,1166,13,169.89,2024-10-02,2025-10-02
1034,2632,8,68.18,2023-03-30,2024-03-29
1035,2382,6,152.86,2025-02-28,2026-02-28
1036,1407,7,64.41,2025-07-14,2026-07-14
1037,2327,3,197.37,2024-06-14,2025-06-14
1038,2375,12,123.09,2025-11-22,2026-11-22
1039,2567,12,124.64,2026-05-26,2027-05-26
1040,2345,10,417.46,2024-10-05,2025-10-05
1041,3098,6,162.19,2025-05-03,2026-05-03
1042,2262,2,177.96,2024-09-25,2025-09-25
1043,894,7,84.55,2024-03-07,2025-03-07
1044,1814,3,271.72,2025-08-11,2026-08-11
1045,385,5,262.48,2026-08-07,2027-08-07
1046,2015,12,140.77,2023-11-17,2024-11-16
1047,809,13,92.99,2024-04-28,2025-04-28
1048,1675,13,135.39,2026-02-09,2027-02-09
1049,3137,3,212.87,2023-06-28,2024-06-27
1050,567,10,321.09,2025-07-28,2026-07-28
1051,2845,7,64.1,2025-07-11,2026-07-11
1052,2434,1,235.96,2023-09-20,2024-09-19
1053,1975,9,520.14,2026-06-08,2027-06-08
1054,137,12,149.19,2024-10-04,2025-10-04
1055,2847,9,792.25,2023-11-01,2024-10-31
1056,1684,2,206.36,2024-02-03,2025-02-02
1057,1267,8,101.79,2025-08-20,2026-08-20
1058,456,4,140.79,2024-05-25,2025-05-25
1059,2446,3,209.63,2023-01-30,2024-01-30
1060,1331,2,193.77,2023-07-31,2024-07-30
1061,692,6,155.12,2026-07-18,2027-07-18
1062,1582,8,82.53,2024-12-23,2025-12-23
1063,18,8,105.78,2024-11-27,2025-11-27
1064,210,5,133.1,2024-11-12,2025-11-12
1065,2047,10,498.72,2026-05-25,2027-05-25
1066,1277,4,180.15,2025-09-26,2026-09-26
1067,786,12,131.88,2025-04-21,2026-04-21
1068,2129,6,149.8,2024-05-15,2025-05-15
1069,1545,5,198.6,2027-02-26,2026-02-26
1070,2809,4,196.14,2025-06-28,2026-06-28
1071,1382,2,166.21,2026-05-25,2027-05-25
1072,2636,9,552.76,2023-05-18,2024-05-17
1073,2778,1,215.88,2024-02-29,2025-02-28
1074,856,8,84.27,2025-07-25,2026-07-25
1075,1949,4,155.84,2023-06-01,2024-05-31
1076,794,6,214.75,2026-04-19,2027-04-19
1077,298,12,142.9,2025-02-12,2026-02-12
1078,2497,4,206.76,2024-11-21,2025-11-21
1079,1968,1,182.13,2025-05-05,2026-05-05
1080,228,12,154.22,2025-11-12,2026-11-12
1081,1898,11,310.68,2025-07-18,2026-07-18
1082,1293,8,110.36,2026-01-13,2027-01-13
1083,1823,6,254.18,2023-05-08,2024-05-07
1084,618,6,179.03,2023-02-22,2024-02-22
1085,686,11,424.17,2024-08-19,2025-08-19
1086,2883,10,394.61,2024-10-25,2025-10-25
1087,1109,10,298.77,2026-03-08,2027-03-08
1088,2837,3,187.37,2024-06-27,2025-06-27
1089,2846,8,98.49,2025-08-02,2026-08-02
1090,2254,11,553.2,2025-10-10,2026-10-10
1091,2197,7,76.85,2026-05-26,2027-05-26
1092,1303,10,397.37,2023-04-19,2024-04-18
1093,354,6,176.11,2026-05-27,2027-05-27
1094,628,13,136.73,2025-12-05,2026-12-05
1095,2453,6,193.03,2023-10-28,2024-10-27
1096,2815,3,416.7,2025-02-12,2026-02-12
1097,1793,1,247.24,2025-10-06,2026-10-06
1098,2114,9,316.98,2025-03-25,2026-03-25
1099,44,4,167.0,2026-08-06,2027-08-06
1100,1252,11,449.68,2026-07-26,2027-07-26
1101,1910,12,158.09,2023-12-23,2024-12-22
1102,1076,6,211.83,2024-05-02,2025-05-02
1103,2754,7,138.93,2023-02-06,2024-02-06
1104,2474,3,282.08,2024-06-19,2025-06-19
1105,2140,9,616.61,2023-08-31,2024-08-30
1106,2836,13,121.39,2023-07-30,2024-07-29
1107,162,10,494.23,2023-04-23,2024-04-22
1108,1169,2,232.28,2025-05-19,2026-05-19
1109,2372,8,102.93,2025-07-16,2026-07-16
1110,2655,8,75.17,2023-04-20,2024-04-19
1111,276,1,270.07,2026-03-14,2027-03-14
1112,210,9,396.91,2025-10-13,2026-10-13
1113,1484,3,216.56,2025-02-01,2026-02-01
1114,1426,8,126.56,2026-07-07,2027-07-07
1115,2797,12,106.13,2023-01-25,2024-01-25
1116,706,13,143.7,2026-07-02,2027-07-02
1117,1939,8,105.56,2024-11-14,2025-11-14
1118,2455,10,323.72,2025-07-13,2026-07-13
1119,1043,5,219.42,2026-06-14,2027-06-14
1120,1057,4,158.77,2025-04-08,2026-04-08
1121,1431,5,166.24,2025-01-20,2026-01-20
1122,769,5,180.25,2026-06-08,2027-06-08
1123,1820,10,339.41,2026-05-30,2027-05-30
1124,2186,3,203.74,2025-02-10,2026-02-10
1125,20,13,146.7,2023-07-01,2024-06-30
1126,1876,7,98.65,2025-12-02,2026-12-02
1127,2964,11,426.86,2024-07-17,2025-07-17
1128,2508,3,184.96,2024-11-22,2025-11-22
1129,701,7,68.41,2025-06-28,2026-06-28
1130,1355,3,271.84,2026-02-16,2027-02-16
1131,749,8,97.58,2024-10-11,2025-10-11
1132,1808,12,120.05,2023-08-27,2024-08-26
1133,233,13,147.16,2023-05-26,2024-05-25
1134,1026,11,405.8,2025-11-13,2026-11-13
1135,2738,7,95.12,2023-06-06,2024-06-05
1136,2363,9,604.72,2024-03-05,2025-03-05
1137,2700,11,573.2,2024-07-17,2025-07-17
1138,2179,1,246.43,2023-10-30,2024-10-29
1139,1715,7,83.03,2025-10-11,2026-10-11
1140,550,2,272.66,2024-08-30,2025-08-30
1141,672,13,159.22,2026-01-27,2027-01-27
1142,2942,12,136.49,2024-07-31,2025-07-31
1143,2798,8,79.71,2026-03-02,2025-03-02
1144,715,12,151.65,2023-08-01,2024-07-31
1145,2244,8,100.05,2024-01-05,2025-01-04
1146,1761,2,194.25,2024-11-19,2025-11-19
1147,1112,7,89.35,2024-01-06,2025-01-05
1148,1753,13,103.53,2026-01-14,2027-01-14
1149,1928,8,106.6,2025-11-16,2026-11-16
1150,1852,7,104.9,2023-01-09,2024-01-09
1151,2501,6,222.54,2024-03-12,2025-03-12
1152,14,8,127.46,2025-07-18,2026-07-18
1153,263,12,124.74,2024-05-25,2025-05-25
1154,112,1,286.03,2025-12-17,2026-12-17
1155,1207,11,326.82,2024-12-16,2025-12-16
1156,287,8,89.26,2025-04-03,2026-04-03
1157,542,4,171.09,2025-08-11,2026-08-11
1158,1716,8,64.98,2024-10-09,2025-10-09
1159,419,9,364.13,2023-09-25,2024-09-24
1160,1227,4,148.51,2025-06-20,2026-06-20
1161,722,9,340.18,2026-07-25,2027-07-25
1162,1165,8,77.98,2024-12-22,2025-12-22
1163,257,1,240.51,2024-03-05,2025-03-05
1164,59,11,476.01,2026-02-15,2027-02-15
1165,2211,2,241.45,2024-10-15,2025-10-15
1166,1224,8,111.21,2025-02-10,2026-02-10
1167,1774,8,69.53,2023-02-28,2024-02-28
1168,2257,12,115.25,2023-06-05,2024-06-04
1169,2715,13,112.17,2023-03-26,2024-03-25
1170,1295,13,96.68,2026-05-25,2027-05-25
1171,1271,6,175.36,2023-11-17,2024-11-16
1172,2182,8,85.55,2024-11-03,2025-11-03
1173,994,3,215.55,2023-12-10,2024-12-09
1174,2214,13,166.68,2023-12-10,2024-12-09
1175,653,1,294.17,2025-02-20,2026-02-20
1176,1201,5,179.82,2025-09-11,2026-09-11
1177,558,11,445.36,2024-11-23,2025-11-23
1178,590,13,116.4,2023-03-01,2024-02-29
1179,613,3,284.5,2025-09-16,2026-09-16
1180,928,8,98.49,2023-01-15,2024-01-15
1181,2728,12,127.5,2024-06-28,2025-06-28
1182,1422,8,78.26,2025-05-20,2026-05-20
1183,2664,5,188.17,2023-03-16,2024-03-15
1184,1355,5,190.17,2026-04-11,2027-04-11
1185,250,5,125.17,2026-07-26,2027-07-26
1186,519,6,235.84,2025-07-06,2026-07-06
1187,93,7,157.08,2023-03-27,2024-03-26
1188,625,8,94.11,2025-04-20,2026-04-20
1189,2976,6,192.98,2025-07-27,2026-07-27
1190,1201,1,211.53,2026-02-16,2027-02-16
1191,284,8,77.27,2024-08-07,2025-08-07
1192,2642,9,339.11,2024-12-04,2025-12-04
1193,42,8,86.23,2024-06-25,2025-06-25
1194,1767,11,487.64,2024-01-19,2025-01-18
1195,2555,3,215.43,2026-01-19,2027-01-19
1196,1443,13,163.98,2025-06-15,2026-06-15
1197,2701,9,285.62,2026-06-13,2027-06-13
1198,1282,13,207.48,2025-05-13,2026-05-13
1199,2000,9,431.25,2026-05-02,2027-05-02
1200,243,1,309.86,2023-04-07,2024-04-06
1201,1004,12,165.24,2024-05-09,2025-05-09
1202,2067,9,378.06,2025-02-08,2026-02-08
1203,917,5,125.81,2026-07-03,2027-07-03
1204,2246,1,246.83,2023-02-04,2024-02-04
1205,1500,4,127.26,2024-02-09,2025-02-08
1206,1878,1,268.14,2025-07-10,2026-07-10
1207,2096,9,550.3,2025-02-19,2026-02-19
1208,1768,13,153.01,2026-04-05,2027-04-05
1209,1212,8,88.97,2024-12-03,2025-12-03
1210,1520,7,83.65,2024-10-25,2025-10-25
1211,984,9,549.1,2026-07-17,2027-07-17
1212,470,8,112.4,2024-08-09,2025-08-09
1213,2291,6,160.75,2023-11-25,2024-11-24
1214,537,7,107.08,2023-05-07,2024-05-06
1215,2740,12,196.21,2023-06-02,2024-06-01
1216,1284,1,212.72,2024-01-14,2025-01-13
1217,1533,10,489.73,2024-10-16,2025-10-16
1218,838,3,213.14,2026-07-15,2027-07-15
1219,2552,8,77.08,2025-11-16,2026-11-16
1220,2241,5,255.5,2024-01-22,2025-01-21
1221,1485,4,188.65,2023-07-07,2024-07-06
1222,3023,8,67.59,2023-12-21,2024-12-20
1223,3166,9,340.91,2023-02-15,2024-02-15
1224,370,6,198.22,2026-02-03,2027-02-03
1225,1482,5,161.15,2024-10-11,2025-10-11
1226,251,2,269.97,2025-09-06,2026-09-06
1227,1036,1,282.54,2024-04-29,2025-04-29
1228,1331,8,53.73,2026-02-07,2027-02-07
1229,357,1,240.12,2024-04-22,2025-04-22
1230,2058,8,78.66,2024-03-14,2025-03-14
1231,2809,13,191.13,2025-08-03,2026-08-03
1232,1704,1,235.23,2024-08-17,2025-08-17
1233,476,1,268.46,2023-12-05,2024-12-04
1234,2851,6,126.61,2024-04-03,2025-04-03
1235,1188,13,197.73,2023-11-30,2024-11-29
1236,2468,3,252.38,2025-12-17,2026-12-17
1237,2370,11,456.22,2025-01-08,2026-01-08
1238,480,12,139.96,2026-04-23,2027-04-23
1239,632,3,219.91,2024-10-19,2025-10-19
1240,2301,4,171.82,2023-11-07,2024-11-06
1241,1766,10,265.78,2024-09-07,2025-09-07
1242,2915,2,296.92,2024-03-21,2025-03-21
1243,2307,3,204.77,2025-11-02,2026-11-02
1244,1963,7,103.94,2023-03-03,2024-03-02
1245,2959,4,123.56,2024-05-24,2025-05-24
1246,1080,13,175.08,2025-10-06,2026-10-06
1247,2127,10,373.3,2025-10-12,2026-10-12
1248,3077,5,237.09,2025-07-29,2026-07-29
1249,309,11,391.31,2025-03-18,2026-03-18
1250,803,11,426.09,2023-06-07,2024-06-06
1251,2752,2,279.92,2025-06-19,2026-06-19
1252,127,6,191.56,2024-02-26,2025-02-25
1253,1635,9,504.28,2026-05-01,2027-05-01
1254,1650,13,124.62,2026-05-23,2027-05-23
1255,2932,4,158.41,2025-08-02,2026-08-02
1256,2020,3,277.55,2025-12-06,2026-12-06
1257,109,13,201.83,2023-05-15,2024-05-14
1258,199,13,119.69,2024-01-09,2025-01-08
1259,883,2,198.48,2025-12-30,2026-12-30
1260,1201,7,81.71,2023-12-17,2024-12-16
1261,1373,12,144.18,2025-10-06,2026-10-06
1262,2149,7,88.3,2026-02-01,2027-02-01
1263,3043,8,76.09,2023-08-19,2024-08-18
1264,3152,3,236.84,2023-02-19,2024-02-19
1265,1274,12,212.13,2024-04-26,2025-04-26
1266,2223,12,123.97,2025-09-28,2026-09-28
1267,2305,4,287.59,2026-12-25,2025-12-25
1268,1058,5,157.25,2025-01-15,2026-01-15
1269,1693,10,414.52,2025-09-09,2026-09-09
1270,1089,2,190.82,2023-06-30,2024-06-29
1271,1640,4,149.09,2024-12-07,2025-12-07
1272,2356,10,397.97,2023-09-07,2024-09-06
1273,2103,7,64.86,2023-08-16,2024-08-15
1274,1104,7,105.78,2024-01-01,2024-12-31
1275,2895,7,73.98,2023-05-21,2024-05-20
1276,2208,9,406.4,2025-03-02,2026-03-02
1277,813,9,338.9,2026-05-29,2027-05-29
1278,3066,2,218.16,2026-07-15,2027-07-15
1279,1437,7,99.86,2025-10-22,2026-10-22
1280,1556,13,134.74,2024-04-19,2025-04-19
1281,367,7,66.2,2024-07-12,2025-07-12
1282,1290,8,84.62,2024-12-26,2025-12-26
1283,1737,1,221.07,2023-01-15,2024-01-15
1284,380,13,143.01,2023-10-09,2024-10-08
1285,3177,4,171.22,2025-02-09,2026-02-09
1286,1932,7,80.56,2025-06-30,2026-06-30
1287,851,11,386.55,2025-01-22,2026-01-22
1288,227,13,163.25,2026-07-16,2027-07-16
1289,2399,5,147.11,2026-05-23,2027-05-23
1290,1665,7,84.26,2023-05-23,2024-05-22
1291,2840,7,58.85,2025-12-16,2026-12-16
1292,2302,7,93.56,2025-08-28,2026-08-28
1293,139,3,199.4,2025-09-24,2026-09-24
1294,1355,13,165.18,2023-09-12,2024-09-11
1295,743,13,92.05,2026-06-09,2027-06-09
1296,1753,13,93.37,2023-06-23,2024-06-22
1297,3079,11,478.23,2024-12-25,2025-12-25
1298,535,10,317.78,2023-01-16,2024-01-16
1299,460,11,405.94,2023-05-17,2024-05-16
1300,1831,5,141.27,2026-04-02,2027-04-02
1301,1166,7,90.59,2023-08-29,2024-08-28
1302,2915,6,225.94,2023-11-29,2024-11-28
1303,3000,13,131.07,2023-04-05,2024-04-04
1304,1823,2,313.4,2023-07-31,2024-07-30
1305,2917,13,153.18,2024-11-22,2025-11-22
1306,307,4,248.35,2026-03-05,2027-03-05
1307,1155,3,272.57,2024-08-13,2025-08-13
1308,2891,5,188.06,2023-11-03,2024-11-02
1309,2220,6,158.11,2023-12-13,2024-12-12
1310,1933,8,102.1,2026-03-21,2027-03-21
1311,511,4,200.31,2025-04-29,2026-04-29
1312,1550,8,106.44,2025-08-25,2026-08-25
1313,340,7,112.68,2023-05-13,2024-05-12
1314,1920,3,270.06,2026-05-02,2027-05-02
1315,2956,2,276.18,2023-09-05,2024-09-04
1316,1707,1,210.15,2025-04-01,2026-04-01
1317,1564,1,278.95,2025-10-30,2026-10-30
1318,3106,13,132.69,2024-09-13,2025-09-13
1319,3144,8,89.86,2025-11-23,2026-11-23
1320,2669,7,67.28,2025-09-15,2026-09-15
1321,2292,10,361.01,2025-08-18,2026-08-18
1322,496,5,210.33,2024-11-15,2025-11-15
1323,643,3,193.28,2026-02-10,2027-02-10
1324,2256,4,133.94,2026-03-16,2027-03-16
1325,248,13,204.7,2025-04-23,2026-04-23
1326,608,13,127.1,2024-02-21,2025-02-20
1327,881,13,127.36,2025-04-19,2026-04-19
1328,3105,12,155.1,2023-01-03,2024-01-03
1329,774,9,498.7,2026-04-30,2027-04-30
1330,87,9,421.14,2025-09-25,2026-09-25
1331,249,13,114.82,2025-06-09,2026-06-09
1332,2376,4,142.88,2023-03-13,2024-03-12
1333,2109,5,166.31,2026-05-01,2027-05-01
1334,2848,10,395.21,2026-01-12,2027-01-12
1335,1677,6,125.17,2023-05-02,2024-05-01
1336,1174,8,86.27,2025-06-23,2026-06-23
1337,1929,10,484.49,2023-07-03,2024-07-02
1338,2089,6,191.38,2026-04-15,2027-04-15
1339,1953,13,121.55,2023-03-24,2024-03-23
1340,1368,4,125.47,2025-06-14,2026-06-14
1341,1627,12,188.88,2023-09-14,2024-09-13
1342,1594,8,67.17,2025-01-30,2026-01-30
1343,913,4,185.8,2023-03-09,2024-03-08
1344,1891,7,89.61,2024-04-10,2025-04-10
1345,1773,13,88.33,2023-11-01,2024-10-31
1346,1638,10,358.93,2024-12-02,2025-12-02
1347,820,11,445.58,2023-02-20,2024-02-20
1348,1468,5,192.61,2025-04-15,2026-04-15
1349,856,4,161.95,2024-04-17,2025-04-17
1350,1057,4,173.51,2024-12-27,2025-12-27
1351,653,12,144.64,2024-03-24,2025-03-24
1352,724,5,190.29,2024-03-01,2025-03-01
1353,955,6,219.25,2024-04-18,2023-04-19
1354,2839,13,115.91,2024-03-01,2025-03-01
1355,140,6,175.65,2024-07-01,2025-07-01
1356,956,6,147.93,2026-07-07,2027-07-07
1357,2108,6,158.75,2025-03-27,2026-03-27
1358,338,5,135.57,2026-01-26,2027-01-26
1359,52,8,90.07,2023-07-26,2024-07-25
1360,2912,7,82.39,2025-05-12,2026-05-12
1361,1580,12,130.23,2026-07-09,2027-07-09
1362,1514,8,79.15,2023-10-23,2024-10-22
1363,2005,12,144.55,2023-11-19,2024-11-18
1364,124,7,87.09,2026-07-12,2027-07-12
1365,812,13,127.25,2025-01-12,2026-01-12
1366,1078,6,204.72,2024-03-13,2025-03-13
1367,2344,1,265.28,2026-06-10,2027-06-10
1368,1920,12,141.55,2023-06-14,2024-06-13
1369,94,4,139.88,2025-11-10,2026-11-10
1370,2383,10,468.81,2023-06-15,2024-06-14
1371,2980,1,289.82,2025-03-22,2026-03-22
1372,3017,13,157.77,2023-03-17,2024-03-16
1373,1875,5,138.1,2025-08-22,2026-08-22
1374,1220,13,176.96,2026-02-19,2027-02-19
1375,2967,12,149.63,2023-01-02,2024-01-02
1376,1372,5,157.37,2025-08-19,2026-08-19
1377,626,2,243.34,2025-03-31,2026-03-31
1378,2774,10,330.41,2025-04-29,2026-04-29
1379,2473,8,163.35,2025-08-14,2024-08-14
1380,2279,13,130.66,2024-08-08,2025-08-08
1381,1784,7,59.13,2023-04-30,2024-04-29
1382,890,1,225.59,2024-07-05,2023-07-06
1383,600,9,386.64,2025-02-09,2026-02-09
1384,3043,5,175.43,2025-08-02,2026-08-02
1385,2886,4,195.65,2024-02-23,2025-02-22
1386,2069,10,366.21,2026-05-10,2027-05-10
1387,1746,9,666.01,2026-04-03,2027-04-03
1388,2471,2,239.67,2025-06-01,2026-06-01
1389,2979,3,233.62,2023-11-12,2024-11-11
1390,1247,11,430.99,2026-07-10,2027-07-10
1391,2722,11,460.2,2025-01-13,2026-01-13
1392,1145,2,314.24,2023-04-30,2024-04-29
1393,2525,3,229.81,2023-07-18,2024-07-17
1394,1199,7,78.5,2024-12-17,2025-12-17
1395,1012,8,87.51,2026-03-22,2027-03-22
1396,1045,9,381.43,2024-04-23,2025-04-23
1397,3147,12,194.33,2024-10-28,2025-10-28
1398,2346,3,253.6,2025-06-13,2026-06-13
1399,360,12,112.55,2024-09-12,2025-09-12
1400,1813,3,240.65,2026-01-10,2027-01-10
1401,1823,7,122.62,2024-12-27,2025-12-27
1402,1652,13,131.41,2025-10-27,2026-10-27
1403,647,7,56.85,2023-04-03,2024-04-02
1404,2338,13,92.92,2026-05-30,2027-05-30
1405,678,7,64.42,2024-04-20,2025-04-20
1406,2165,11,506.3,2023-08-18,2024-08-17
1407,419,8,72.09,2024-04-26,2025-04-26
1408,261,3,213.42,2024-03-05,2025-03-05
1409,1272,11,449.19,2026-05-24,2025-05-24
1410,1228,12,90.57,2025-04-04,2026-04-04
1411,1132,10,435.43,2026-04-08,2027-04-08
1412,3038,2,153.72,2023-12-30,2024-12-29
1413,1385,1,345.14,2025-04-09,2026-04-09
1414,1439,13,146.11,2023-05-24,2024-05-23
1415,2617,1,379.94,2024-09-11,2025-09-11
1416,2135,12,97.15,2025-02-02,2026-02-02
1417,2228,11,519.29,2026-04-01,2025-04-01
1418,916,13,121.02,2023-01-01,2024-01-01
1419,107,6,217.93,2025-09-13,2026-09-13
1420,2125,1,224.44,2023-03-05,2024-03-04
1421,1206,8,59.61,2026-01-14,2027-01-14
1422,1536,12,96.5,2023-07-05,2024-07-04
1423,2489,12,160.37,2025-04-01,2026-04-01
1424,2966,7,98.92,2024-11-19,2025-11-19
1425,389,12,167.82,2026-03-26,2027-03-26
1426,1795,3,230.36,2025-10-05,2026-10-05
1427,32,12,150.46,2026-06-03,2027-06-03
1428,2448,6,166.53,2026-02-17,2027-02-17
1429,1498,2,316.29,2023-07-27,2024-07-26
1430,343,6,136.83,2023-10-15,2024-10-14
1431,798,8,75.11,2023-10-04,2024-10-03
1432,3161,7,90.65,2024-03-12,2025-03-12
1433,2770,2,319.88,2025-12-05,2026-12-05
1434,1579,6,154.09,2027-01-12,2026-01-12
1435,1637,1,423.02,2024-01-07,2025-01-06
1436,3034,6,127.16,2024-04-15,2025-04-15
1437,1591,13,198.26,2025-05-29,2026-05-29
1438,2760,1,206.59,2026-02-09,2027-02-09
1439,2635,3,153.76,2023-09-06,2024-09-05
1440,540,6,176.38,2026-05-31,2027-05-31
1441,802,1,289.08,2026-04-10,2027-04-10
1442,2081,11,491.31,2023-10-05,2024-10-04
1443,618,4,186.59,2024-11-29,2025-11-29
1444,2274,12,131.56,2026-04-08,2027-04-08
1445,2594,3,432.83,2026-01-26,2027-01-26
1446,1181,7,65.5,2023-07-02,2024-07-01
1447,3091,1,253.67,2023-01-13,2024-01-13
1448,1659,7,127.39,2026-02-14,2027-02-14
1449,1037,8,105.01,2026-01-13,2027-01-13
1450,2834,13,163.44,2024-06-09,2025-06-09
1451,3173,12,105.91,2026-02-28,2027-02-28
1452,1149,13,84.32,2026-04-07,2025-04-07
1453,2786,7,89.54,2023-09-27,2024-09-26
1454,1871,8,93.5,2026-05-01,2027-05-01
1455,2803,13,154.35,2023-03-25,2024-03-24
1456,581,13,114.23,2023-10-21,2024-10-20
1457,2695,2,272.11,2025-07-19,2026-07-19
1458,2665,10,299.14,2024-01-26,2025-01-25
1459,2569,13,169.5,2025-03-10,2026-03-10
1460,2460,7,70.12,2025-03-11,2026-03-11
1461,1171,9,420.05,2026-07-14,2027-07-14
1462,1923,8,104.54,2024-10-17,2025-10-17
1463,59,6,168.54,2026-05-31,2027-05-31
1464,1590,1,348.59,2025-03-03,2026-03-03
1465,2946,13,133.32,2024-01-24,2025-01-23
1466,2139,5,152.92,2025-03-30,2026-03-30
1467,2436,10,635.77,2023-09-13,2024-09-12
1468,1551,5,194.0,2024-08-27,2025-08-27
1469,258,8,115.0,2024-02-27,2025-02-26
1470,605,7,80.86,2024-02-20,2025-02-19
1471,1400,9,501.6,2024-10-19,2025-10-19
1472,2141,13,160.28,2023-05-09,2024-05-08
1473,443,7,65.4,2024-11-03,2023-11-04
1474,1475,5,206.94,2023-06-29,2024-06-28
1475,488,13,126.23,2026-04-27,2025-04-27
1476,2510,12,166.4,2023-11-02,2024-11-01
1477,520,1,286.63,2023-10-28,2024-10-27
1478,2371,8,104.51,2024-04-08,2025-04-08
1479,1136,2,215.95,2026-01-07,2027-01-07
1480,1989,12,105.6,2024-02-08,2025-02-07
1481,2602,10,323.37,2026-01-19,2027-01-19
1482,1245,1,176.77,2023-08-24,2024-08-23
1483,2175,4,119.13,2025-10-04,2026-10-04
1484,2318,12,143.61,2023-02-01,2024-02-01
1485,2790,13,94.78,2024-09-28,2025-09-28
1486,1673,8,65.0,2026-06-16,2027-06-16
1487,1783,6,165.25,2025-10-29,2026-10-29
1488,1157,7,94.12,2024-09-07,2025-09-07
1489,2184,4,140.13,2025-10-08,2026-10-08
1490,611,8,68.64,2024-01-16,2025-01-15
1491,1319,5,149.13,2025-08-12,2026-08-12
1492,2784,12,109.59,2024-11-09,2025-11-09
1493,1023,8,81.85,2026-02-08,2027-02-08
1494,765,13,88.75,2024-06-20,2025-06-20
1495,1937,10,511.41,2023-04-01,2024-03-31
1496,2214,13,180.44,2025-10-22,2026-10-22
1497,2962,4,196.27,2024-10-03,2025-10-03
1498,2802,6,189.37,2026-02-11,2027-02-11
1499,777,2,266.47,2023-10-07,2024-10-06
1500,391,2,271.82,2023-06-18,2024-06-17
1501,1079,4,202.69,2024-09-06,2023-09-07
1502,1588,2,272.65,2024-12-29,2025-12-29
1503,2448,10,433.88,2025-08-02,2026-08-02
1504,839,4,167.64,2026-06-08,2027-06-08
1505,397,3,200.89,2024-04-09,2025-04-09
1506,996,8,102.11,2025-06-04,2026-06-04
1507,1915,1,188.94,2023-04-04,2024-04-03
1508,2594,7,132.95,2026-05-13,2027-05-13
1509,1493,13,198.59,2025-04-26,2026-04-26
1510,3006,12,136.05,2025-09-02,2026-09-02
1511,220,4,158.47,2026-04-24,2027-04-24
1512,2487,7,122.68,2024-03-25,2025-03-25
1513,2012,7,101.18,2024-03-07,2025-03-07
1514,657,4,159.06,2026-05-18,2027-05-18
1515,2281,2,217.98,2025-07-11,2026-07-11
1516,482,7,93.49,2026-02-11,2027-02-11
1517,1884,11,467.56,2025-06-07,2024-06-07
1518,74,5,168.39,2024-12-24,2025-12-24
1519,16,10,492.71,2023-10-13,2024-10-12
1520,2252,4,197.15,2024-01-06,2025-01-05
1521,2642,12,93.69,2024-03-11,2025-03-11
1522,2063,11,416.53,2026-02-11,2027-02-11
1523,3124,9,358.1,2024-03-17,2025-03-17
1524,810,2,226.05,2025-01-07,2026-01-07
1525,1765,12,154.48,2023-03-17,2024-03-16
1526,1643,9,633.98,2026-01-17,2027-01-17
1527,949,1,161.15,2024-06-25,2025-06-25
1528,1393,13,129.66,2026-02-25,2027-02-25
1529,2134,8,61.3,2023-11-12,2024-11-11
1530,743,1,202.22,2024-04-26,2025-04-26
1531,2795,2,301.05,2023-02-08,2024-02-08
1532,2910,5,202.68,2025-12-19,2026-12-19
1533,2824,11,372.38,2024-12-17,2025-12-17
1534,3024,13,150.0,2024-06-12,2025-06-12
1535,2551,5,160.78,2024-02-09,2025-02-08
1536,855,9,536.1,2025-03-17,2026-03-17
1537,2034,5,163.93,2025-05-25,2026-05-25
1538,1951,10,494.98,2025-01-09,2026-01-09
1539,1742,1,228.34,2024-09-24,2025-09-24
1540,1053,12,147.66,2024-03-26,2025-03-26
1541,2275,3,261.49,2024-09-01,2025-09-01
1542,2013,4,149.07,2027-05-27,2026-05-27
1543,2008,9,448.37,2023-02-26,2024-02-26
1544,308,1,412.08,2024-11-15,2025-11-15
1545,1,8,78.16,2024-02-12,2025-02-11
1546,1029,11,336.05,2023-06-02,2024-06-01
1547,2397,12,125.73,2025-12-10,2026-12-10
1548,399,10,423.06,2027-05-25,2026-05-25
1549,2576,12,146.65,2025-09-12,2026-09-12
1550,2710,2,189.18,2026-03-18,2027-03-18
1551,2730,5,163.33,2023-03-16,2024-03-15
1552,1616,1,305.19,2024-02-01,2025-01-31
1553,1771,7,78.2,2023-04-28,2024-04-27
1554,1585,13,116.95,2024-06-30,2025-06-30
1555,2542,9,482.56,2026-08-15,2027-08-15
1556,2794,11,433.45,2025-09-28,2026-09-28
1557,486,3,374.9,2026-06-20,2027-06-20
1558,1911,9,504.47,2024-01-10,2025-01-09
1559,1695,3,254.59,2024-11-27,2025-11-27
1560,2261,13,140.37,2023-03-13,2024-03-12
1561,2146,8,80.33,2024-12-11,2025-12-11
1562,1962,13,130.9,2024-02-03,2025-02-02
1563,1683,8,140.85,2023-04-15,2024-04-14
1564,823,5,124.55,2025-10-06,2026-10-06
1565,3135,8,104.01,2024-06-24,2025-06-24
1566,2123,11,470.3,2025-02-27,2026-02-27
1567,2390,8,134.94,2024-12-15,2025-12-15
1568,2574,5,169.56,2024-06-01,2025-06-01
1569,2654,3,415.98,2024-06-02,2025-06-02
1570,1494,5,156.57,2026-05-14,2027-05-14
1571,2291,8,79.5,2024-04-09,2025-04-09
1572,1060,7,77.25,2024-12-16,2025-12-16
1573,134,11,372.57,2024-04-15,2025-04-15
1574,814,13,167.61,2026-04-03,2027-04-03
1575,2956,12,131.14,2026-05-15,2027-05-15
1576,3033,12,191.42,2024-07-20,2025-07-20
1577,120,9,410.68,2023-04-24,2024-04-23
1578,1126,2,197.73,2025-03-02,2026-03-02
1579,2894,7,83.81,2023-04-04,2024-04-03
1580,579,10,540.54,2025-12-27,2026-12-27
1581,2382,9,342.01,2024-08-19,2025-08-19
1582,1914,8,76.4,2025-03-18,2026-03-18
1583,3054,1,208.45,2023-10-07,2024-10-06
1584,806,13,128.0,2024-11-18,2025-11-18
1585,220,13,143.18,2023-05-23,2024-05-22
1586,364,1,227.35,2025-06-12,2026-06-12
1587,2185,3,202.27,2024-11-02,2025-11-02
1588,1225,13,111.0,2025-08-03,2026-08-03
1589,2597,9,428.2,2024-04-28,2025-04-28
1590,89,9,329.41,2024-03-16,2025-03-16
1591,1832,8,93.8,2025-08-26,2026-08-26
1592,862,7,79.72,2024-12-05,2025-12-05
1593,3148,5,139.5,2025-08-15,2026-08-15
1594,1653,13,119.13,2025-08-21,2026-08-21
1595,349,12,160.18,2026-05-13,2027-05-13
1596,2945,9,463.13,2026-03-13,2027-03-13
1597,769,10,348.7,2026-05-10,2027-05-10
1598,2134,7,68.98,2024-02-29,2025-02-28
1599,1018,10,421.88,2026-07-02,2025-07-02
1600,2841,12,221.61,2023-05-16,2024-05-15
1601,2573,11,298.92,2023-03-03,2024-03-02
1602,1095,2,150.94,2025-07-20,2026-07-20
1603,3119,13,129.38,2024-07-04,2025-07-04
1604,804,1,239.45,2024-12-20,2025-12-20
1605,1773,8,68.77,2023-01-15,2024-01-15
1606,1075,12,170.98,2025-11-18,2026-11-18
1607,41,4,193.08,2026-02-08,2027-02-08
1608,2073,6,182.26,2024-06-08,2025-06-08
1609,339,10,397.93,2024-10-28,2025-10-28
1610,2059,8,109.96,2023-03-27,2024-03-26
1611,2700,13,201.4,2026-04-18,2027-04-18
1612,819,6,150.47,2026-07-06,2027-07-06
1613,1785,3,307.45,2023-11-13,2024-11-12
1614,2560,1,249.78,2023-11-22,2024-11-21
1615,2659,1,318.74,2026-05-09,2027-05-09
1616,1648,9,392.79,2026-05-14,2027-05-14
1617,677,5,181.75,2025-03-29,2026-03-29
1618,14,4,280.13,2026-08-09,2027-08-09
1619,1447,7,89.62,2025-08-06,2026-08-06
1620,670,1,218.51,2026-07-10,2027-07-10
1621,881,3,268.14,2025-10-30,2024-10-30
1622,1197,4,150.04,2025-12-24,2026-12-24
1623,160,11,273.54,2023-04-24,2024-04-23
1624,510,3,205.29,2023-04-25,2024-04-24
1625,1420,8,86.97,2024-03-21,2025-03-21
1626,1471,10,463.22,2024-02-23,2025-02-22
1627,2153,5,174.55,2024-11-05,2025-11-05
1628,1342,6,209.39,2025-02-06,2026-02-06
1629,2195,5,142.7,2024-01-20,2025-01-19
1630,566,10,777.72,2026-04-16,2027-04-16
1631,404,13,172.87,2025-01-12,2026-01-12
1632,1913,11,456.89,2023-06-12,2024-06-11
1633,1387,12,202.96,2025-11-17,2026-11-17
1634,1734,13,173.24,2024-06-20,2025-06-20
1635,1858,9,569.67,2025-11-24,2024-11-24
1636,2903,8,90.19,2023-08-24,2024-08-23
1637,1333,3,223.18,2024-06-06,2025-06-06
1638,2916,7,62.98,2024-11-11,2025-11-11
1639,1692,13,111.51,2024-12-22,2025-12-22
1640,3169,5,279.77,2025-11-07,2026-11-07
1641,254,12,121.23,2025-07-03,2026-07-03
1642,1351,8,125.85,2025-07-14,2026-07-14
1643,2020,8,96.49,2024-01-04,2025-01-03
1644,2901,1,215.27,2025-07-05,2026-07-05
1645,1182,12,138.36,2025-08-20,2026-08-20
1646,70,9,600.19,2024-11-08,2025-11-08
1647,2457,8,80.27,2025-05-02,2026-05-02
1648,1087,2,269.79,2024-02-09,2025-02-08
1649,1397,11,400.61,2023-08-29,2024-08-28
1650,1492,12,119.53,2023-03-03,2024-03-02
1651,3181,10,409.0,2026-07-02,2027-07-02
1652,86,10,273.28,2023-11-14,2024-11-13
1653,627,9,484.89,2025-03-24,2026-03-24
1654,258,8,114.89,2026-07-09,2027-07-09
1655,423,11,496.74,2023-04-25,2024-04-24
1656,1494,7,86.19,2024-12-24,2025-12-24
1657,1378,8,81.4,2023-09-09,2024-09-08
1658,2287,4,273.57,2025-09-17,2026-09-17
1659,3131,10,359.44,2026-02-21,2027-02-21
1660,2510,7,107.5,2026-04-03,2027-04-03
1661,2060,11,367.85,2024-02-16,2025-02-15
1662,364,8,83.25,2026-02-19,2027-02-19
1663,650,3,275.34,2025-07-24,2026-07-24
1664,914,11,451.65,2023-04-05,2024-04-04
1665,2524,4,204.85,2025-05-10,2026-05-10
1666,2359,13,105.47,2023-02-20,2024-02-20
1667,137,8,98.35,2026-02-04,2027-02-04
1668,321,1,215.45,2024-02-24,2025-02-23
1669,663,10,378.87,2026-06-05,2027-06-05
1670,2810,6,208.35,2026-03-14,2027-03-14
1671,2048,12,102.45,2023-01-05,2024-01-05
1672,968,13,108.31,2023-05-09,2024-05-08
1673,2519,6,120.2,2025-07-10,2026-07-10
1674,3084,10,306.3,2024-05-23,2025-05-23
1675,1119,6,145.82,2024-04-21,2025-04-21
1676,2865,1,214.4,2025-04-08,2026-04-08
1677,1970,7,89.49,2025-04-25,2026-04-25
1678,123,8,98.86,2024-02-02,2025-02-01
1679,3134,5,228.9,2025-06-08,2026-06-08
1680,1812,13,108.3,2026-01-30,2027-01-30
1681,1239,7,93.2,2025-12-14,2026-12-14
1682,362,8,85.94,2026-06-02,2027-06-02
1683,2331,13,177.14,2024-10-31,2025-10-31
1684,1791,10,447.85,2024-02-06,2025-02-05
1685,42,6,164.49,2026-04-09,2027-04-09
1686,2276,13,165.18,2026-04-21,2027-04-21
1687,1714,12,136.1,2023-09-07,2024-09-06
1688,2203,4,166.6,2023-10-26,2024-10-25
1689,3163,5,163.0,2025-10-01,2026-10-01
1690,215,5,146.16,2025-09-22,2026-09-22
1691,3169,7,145.0,2023-05-12,2024-05-11
1692,1695,10,489.15,2025-12-02,2026-12-02
1693,2031,12,113.01,2024-06-27,2025-06-27
1694,1343,13,114.48,2024-10-28,2025-10-28
1695,1841,11,670.66,2025-01-31,2026-01-31
1696,1886,13,139.19,2023-01-05,2024-01-05
1697,1445,7,123.92,2023-09-27,2024-09-26
1698,2610,11,414.54,2026-08-01,2027-08-01
1699,2465,7,74.9,2024-04-04,2025-04-04
1700,150,8,67.9,2025-06-08,2026-06-08
1701,1030,7,84.06,2024-08-20,2025-08-20
1702,2806,13,112.57,2025-07-22,2026-07-22
1703,1511,4,138.35,2023-06-19,2024-06-18
1704,380,13,144.27,2023-02-14,2024-02-14
1705,1675,7,90.63,2024-10-10,2025-10-10
1706,2242,7,65.53,2026-07-05,2027-07-05
1707,769,4,168.05,2025-10-22,2026-10-22
1708,1949,10,422.47,2024-02-24,2025-02-23
1709,2007,12,165.05,2023-09-21,2024-09-20
1710,2245,1,267.51,2025-11-01,2026-11-01
1711,318,9,264.1,2023-11-06,2024-11-05
1712,334,13,102.1,2024-08-28,2025-08-28
1713,3141,10,503.27,2023-02-12,2024-02-12
1714,544,9,335.31,2024-12-20,2025-12-20
1715,1759,1,274.18,2024-03-17,2025-03-17
1716,2064,4,158.85,2023-01-13,2024-01-13
1717,1963,7,100.15,2025-05-26,2026-05-26
1718,2439,4,247.77,2026-01-30,2027-01-30
1719,1178,7,128.03,2023-08-14,2024-08-13
1720,1831,4,127.72,2024-05-18,2025-05-18
1721,518,10,360.38,2023-06-28,2024-06-27
1722,1741,10,440.99,2023-03-30,2024-03-29
1723,825,9,790.14,2024-12-29,2025-12-29
1724,91,9,512.21,2024-10-29,2025-10-29
1725,614,10,386.44,2023-04-21,2024-04-20
1726,1660,11,361.22,2025-07-20,2026-07-20
1727,462,1,290.31,2024-12-30,2025-12-30
1728,2807,11,334.5,2025-05-22,2026-05-22
1729,1308,9,455.35,2023-12-31,2024-12-30
1730,2141,2,272.37,2026-05-11,2027-05-11
1731,739,5,187.1,2024-01-20,2025-01-19
1732,941,4,169.55,2025-01-28,2026-01-28
1733,1155,13,154.8,2025-05-07,2026-05-07
1734,230,11,521.06,2023-10-25,2024-10-24
1735,2893,12,90.43,2024-07-09,2025-07-09
1736,2800,8,100.12,2024-11-15,2025-11-15
1737,2803,7,99.29,2023-10-20,2024-10-19
1738,1248,3,364.71,2024-10-23,2025-10-23
1739,2230,12,110.02,2023-07-21,2024-07-20
1740,907,5,163.44,2025-01-17,2026-01-17
1741,919,9,449.23,2023-01-14,2024-01-14
1742,2903,8,78.47,2024-04-18,2023-04-19
1743,2213,7,78.56,2024-06-23,2025-06-23
1744,1839,3,201.82,2023-07-16,2024-07-15
1745,44,8,66.67,2024-01-12,2025-01-11
1746,2868,12,182.55,2024-04-03,2025-04-03
1747,2571,13,92.65,2026-08-07,2027-08-07
1748,2209,8,93.17,2025-07-18,2026-07-18
1749,1821,7,94.68,2023-07-13,2024-07-12
1750,3029,6,185.63,2024-05-04,2025-05-04
1751,2874,1,223.44,2025-01-13,2026-01-13
1752,2416,2,252.3,2026-01-27,2027-01-27
1753,2939,2,250.82,2025-02-08,2026-02-08
1754,2047,3,270.49,2024-06-11,2025-06-11
1755,177,10,574.99,2026-07-13,2027-07-13
1756,1454,6,182.75,2024-02-19,2025-02-18
1757,1510,9,567.6,2025-02-21,2026-02-21
1758,28,13,96.74,2023-01-26,2024-01-26
1759,2655,8,77.08,2024-01-09,2025-01-08
1760,2380,5,143.82,2023-09-21,2024-09-20
1761,2587,11,481.83,2023-05-13,2024-05-12
1762,1787,12,127.29,2023-02-24,2024-02-24
1763,903,9,378.29,2023-05-20,2024-05-19
1764,2342,3,174.71,2025-08-15,2026-08-15
1765,805,5,200.42,2023-12-11,2024-12-10
1766,1412,13,99.25,2025-10-02,2026-10-02
1767,204,2,189.85,2025-08-08,2026-08-08
1768,1580,12,129.73,2023-07-25,2024-07-24
1769,1376,11,457.64,2026-05-13,2027-05-13
1770,1254,9,415.13,2025-07-09,2026-07-09
1771,1303,13,124.31,2026-02-26,2027-02-26
1772,2429,4,124.26,2023-09-04,2024-09-03
1773,1509,9,442.02,2026-03-11,2027-03-11
1774,2716,10,652.32,2026-06-02,2027-06-02
1775,184,2,214.48,2025-05-19,2026-05-19
1776,1089,13,123.25,2024-01-23,2025-01-22
1777,495,12,208.99,2025-09-30,2026-09-30
1778,1074,13,123.94,2024-07-31,2025-07-31
1779,2488,5,155.54,2026-06-11,2027-06-11
1780,2731,8,80.81,2024-04-26,2025-04-26
1781,2476,13,148.04,2023-12-30,2024-12-29
1782,3167,1,186.21,2023-05-07,2024-05-06
1783,1042,11,496.63,2023-11-01,2024-10-31
1784,2011,3,198.26,2025-05-10,2026-05-10
1785,2357,4,220.35,2023-03-18,2024-03-17
1786,313,6,155.67,2024-03-19,2025-03-19
1787,2628,11,399.57,2025-09-04,2026-09-04
1788,965,8,83.75,2023-12-18,2024-12-17
1789,2451,8,78.57,2025-10-29,2026-10-29
1790,764,12,113.78,2026-04-21,2027-04-21
1791,3056,7,88.02,2026-03-14,2027-03-14
1792,523,6,125.19,2025-06-21,2026-06-21
1793,2092,10,474.27,2023-01-17,2024-01-17
1794,2326,8,95.33,2026-08-12,2027-08-12
1795,1296,8,95.37,2025-10-10,2026-10-10
1796,3199,12,99.03,2024-02-22,2025-02-21
1797,515,7,75.69,2024-10-15,2025-10-15
1798,1015,12,146.84,2024-11-07,2025-11-07
1799,130,12,151.68,2025-07-29,2026-07-29
1800,2536,7,107.56,2024-01-21,2025-01-20
1801,2875,8,77.42,2025-05-05,2026-05-05
1802,2506,7,67.88,2023-07-25,2024-07-24
1803,1547,9,494.82,2026-01-04,2027-01-04
1804,68,11,429.04,2024-04-11,2025-04-11
1805,2373,8,96.67,2023-05-04,2024-05-03
1806,277,2,281.58,2025-09-23,2026-09-23
1807,2429,10,373.3,2024-12-15,2025-12-15
1808,2395,4,168.81,2023-01-03,2024-01-03
1809,2149,3,234.22,2026-08-04,2027-08-04
1810,2504,12,103.59,2023-11-15,2024-11-14
1811,2571,12,102.84,2024-10-19,2025-10-19
1812,1257,12,105.35,2024-10-27,2025-10-27
1813,154,5,172.76,2025-03-21,2026-03-21
1814,379,10,465.16,2023-11-27,2024-11-26
1815,1237,8,78.61,2024-11-29,2023-11-30
1816,729,1,261.79,2024-05-28,2025-05-28
1817,2552,4,181.17,2026-03-12,2027-03-12
1818,2008,2,245.74,2024-08-27,2025-08-27
1819,1577,9,419.76,2026-07-02,2027-07-02
1820,1062,11,284.28,2023-04-14,2024-04-13
1821,1024,12,103.29,2026-03-29,2027-03-29
1822,1465,2,274.94,2023-10-01,2024-09-30
1823,2591,3,221.18,2023-12-16,2024-12-15
1824,2594,2,375.21,2023-05-18,2024-05-17
1825,171,13,105.28,2023-06-25,2024-06-24
1826,1376,7,80.06,2024-02-08,2025-02-07
1827,1474,1,237.19,2026-05-08,2027-05-08
1828,276,8,90.57,2024-10-16,2025-10-16
1829,1800,12,128.93,2025-08-27,2026-08-27
1830,2318,3,241.3,2024-09-14,2025-09-14
1831,698,3,253.43,2026-08-10,2027-08-10
1832,2665,7,70.85,2026-05-29,2027-05-29
1833,463,7,59.82,2023-06-22,2024-06-21
1834,2103,8,73.42,2026-04-05,2027-04-05
1835,496,7,111.85,2024-11-11,2023-11-12
1836,495,6,209.15,2025-07-11,2026-07-11
1837,176,4,186.25,2025-11-02,2026-11-02
1838,2875,8,76.78,2025-10-27,2026-10-27
1839,2133,10,392.95,2024-08-31,2025-08-31
1840,2831,12,127.53,2026-05-13,2027-05-13
1841,2712,10,684.59,2024-10-31,2025-10-31
1842,417,10,388.32,2026-08-02,2027-08-02
1843,1284,4,158.65,2026-02-20,2027-02-20
1844,390,1,207.0,2024-10-06,2025-10-06
1845,892,2,252.69,2025-12-28,2026-12-28
1846,966,7,93.61,2023-01-26,2024-01-26
1847,605,8,77.89,2025-03-15,2026-03-15
1848,335,4,125.98,2023-10-13,2024-10-12
1849,3104,7,71.5,2025-05-18,2026-05-18
1850,162,10,451.83,2024-09-28,2025-09-28
1851,2536,6,232.79,2026-04-23,2027-04-23
1852,2022,11,388.7,2025-08-20,2026-08-20
1853,2209,10,503.49,2023-06-03,2024-06-02
1854,2664,7,103.52,2023-04-17,2024-04-16
1855,896,2,244.18,2023-02-08,2024-02-08
1856,3090,13,179.67,2023-10-24,2024-10-23
1857,1893,5,213.03,2025-06-04,2026-06-04
1858,266,11,668.88,2025-12-25,2026-12-25
1859,850,12,128.51,2025-06-08,2026-06-08
1860,3087,6,165.18,2024-01-15,2025-01-14
1861,2694,3,238.68,2025-11-13,2026-11-13
1862,1562,6,230.97,2025-07-29,2026-07-29
1863,1747,12,113.94,2023-03-23,2024-03-22
1864,2666,5,157.45,2025-07-24,2026-07-24
1865,947,3,212.99,2025-01-22,2026-01-22
1866,290,3,299.77,2026-03-30,2027-03-30
1867,2763,3,229.23,2024-05-25,2025-05-25
1868,1916,2,287.68,2025-08-19,2026-08-19
1869,2685,2,223.92,2023-01-13,2024-01-13
1870,2260,8,99.19,2026-06-02,2027-06-02
1871,1637,5,281.69,2025-10-30,2026-10-30
1872,1699,4,159.58,2023-01-24,2024-01-24
1873,2371,7,95.74,2024-06-10,2025-06-10
1874,3031,8,105.07,2023-11-30,2024-11-29
1875,2387,8,59.76,2024-01-22,2025-01-21
1876,3042,7,81.43,2023-07-17,2024-07-16
1877,853,7,131.88,2023-07-23,2024-07-22
1878,1683,10,572.2,2024-04-16,2025-04-16
1879,1757,5,270.87,2027-05-24,2026-05-24
1880,1373,2,196.36,2024-05-01,2025-05-01
1881,584,4,262.62,2025-05-09,2026-05-09
1882,1995,13,161.55,2023-03-22,2024-03-21
1883,814,4,196.76,2026-01-21,2027-01-21
1884,2114,2,163.52,2025-12-13,2026-12-13
1885,2679,12,129.5,2024-09-21,2025-09-21
1886,3039,7,101.23,2023-09-03,2024-09-02
1887,661,11,386.36,2026-04-05,2027-04-05
1888,3103,9,305.77,2024-09-18,2025-09-18
1889,844,4,213.74,2025-12-31,2026-12-31
1890,664,4,194.21,2024-11-15,2025-11-15
1891,2382,7,65.74,2025-12-26,2026-12-26
1892,77,6,134.48,2026-01-25,2027-01-25
1893,2930,3,161.83,2023-04-02,2024-04-01
1894,2052,5,134.11,2024-06-01,2025-06-01
1895,358,9,333.25,2024-06-20,2025-06-20
1896,257,11,410.04,2025-12-27,2026-12-27
1897,2591,4,194.82,2024-07-30,2025-07-30
1898,2351,9,625.44,2023-09-20,2024-09-19
1899,1148,6,129.46,2025-10-11,2026-10-11
1900,2967,5,158.46,2023-08-02,2024-08-01
1901,1480,1,248.97,2024-08-25,2025-08-25
1902,8,1,267.54,2023-08-15,2024-08-14
1903,961,8,71.36,2025-07-21,2026-07-21
1904,546,3,223.37,2023-10-28,2024-10-27
1905,524,6,160.11,2025-05-16,2026-05-16
1906,2837,9,353.95,2025-09-28,2026-09-28
1907,3200,3,400.27,2026-05-13,2027-05-13
1908,2291,13,141.73,2025-07-18,2026-07-18
1909,1951,10,544.01,2024-03-21,2025-03-21
1910,1904,1,239.37,2026-05-27,2027-05-27
1911,2184,12,104.39,2026-08-10,2027-08-10
1912,659,2,277.38,2024-04-05,2025-04-05
1913,1480,3,206.47,2024-11-30,2025-11-30
1914,1679,12,153.63,2025-07-23,2026-07-23
1915,915,7,82.25,2023-03-04,2024-03-03
1916,2371,10,482.78,2023-03-24,2024-03-23
1917,2596,2,202.43,2024-10-15,2025-10-15
1918,2539,6,130.94,2026-01-09,2027-01-09
1919,977,11,491.12,2025-01-10,2026-01-10
1920,1253,12,151.9,2026-04-10,2027-04-10
1921,333,13,91.93,2025-04-20,2026-04-20
1922,1287,10,346.65,2023-04-22,2024-04-21
1923,2601,2,213.67,2026-02-18,2027-02-18
1924,762,3,363.55,2025-01-05,2026-01-05
1925,1427,7,68.41,2024-06-30,2025-06-30
1926,3111,2,223.12,2025-11-23,2026-11-23
1927,2776,10,354.42,2025-10-27,2026-10-27
1928,2204,12,180.69,2023-10-05,2024-10-04
1929,434,3,194.3,2023-10-14,2024-10-13
1930,38,7,92.67,2026-06-20,2027-06-20
1931,3113,1,295.0,2024-08-27,2025-08-27
1932,2819,10,388.45,2026-01-05,2027-01-05
1933,1145,1,310.64,2024-09-28,2025-09-28
1934,1675,9,487.36,2024-06-10,2025-06-10
1935,611,9,391.33,2024-09-07,2025-09-07
1936,2039,3,164.6,2026-01-28,2027-01-28
1937,337,1,283.31,2025-10-25,2026-10-25
1938,3190,1,292.11,2024-10-30,2025-10-30
1939,193,8,66.85,2023-03-01,2024-02-29
1940,552,8,68.09,2025-12-21,2026-12-21
1941,2514,11,482.51,2026-05-15,2027-05-15
1942,2783,1,289.89,2023-04-27,2024-04-26
1943,933,12,134.59,2025-06-24,2026-06-24
1944,3034,12,108.07,2026-03-20,2027-03-20
1945,1914,2,258.59,2023-09-06,2024-09-05
1946,2786,4,158.87,2025-05-22,2026-05-22
1947,1182,4,163.53,2024-06-25,2025-06-25
1948,2824,10,339.92,2023-09-13,2024-09-12
1949,1505,12,158.09,2025-08-30,2026-08-30
1950,1007,7,101.81,2025-07-31,2026-07-31
1951,2986,5,213.14,2025-08-18,2026-08-18
1952,2822,7,79.62,2024-10-07,2025-10-07
1953,2660,4,144.7,2024-11-20,2025-11-20
1954,2610,1,251.07,2023-02-25,2024-02-25
1955,114,9,410.52,2024-05-22,2025-05-22
1956,2661,12,109.43,2023-03-09,2024-03-08
1957,527,4,332.63,2024-09-25,2025-09-25
1958,2650,10,565.77,2024-05-15,2025-05-15
1959,1498,6,183.31,2023-10-06,2024-10-05
1960,1739,1,251.1,2023-08-11,2024-08-10
1961,1281,13,116.37,2023-10-18,2024-10-17
1962,2875,3,189.26,2024-11-05,2025-11-05
1963,1797,7,84.69,2023-09-18,2024-09-17
1964,2560,7,83.98,2024-07-06,2025-07-06
1965,2378,7,102.83,2024-01-28,2025-01-27
1966,1423,13,143.62,2024-12-13,2025-12-13
1967,2842,6,139.59,2026-07-11,2027-07-11
1968,2642,6,139.22,2024-11-19,2025-11-19
1969,2031,7,96.72,2025-11-07,2026-11-07
1970,2811,9,460.75,2024-08-26,2025-08-26
1971,1467,5,191.42,2025-08-27,2026-08-27
1972,1977,8,70.72,2024-07-14,2025-07-14
1973,1084,12,117.04,2025-05-24,2026-05-24
1974,217,2,266.58,2026-03-09,2027-03-09
1975,2094,5,171.75,2025-06-08,2026-06-08
1976,3039,10,470.02,2024-03-01,2025-03-01
1977,2432,6,162.89,2024-08-17,2025-08-17
1978,1556,3,181.47,2023-09-06,2024-09-05
1979,1042,2,244.35,2025-01-08,2026-01-08
1980,1451,6,135.31,2023-07-09,2024-07-08
1981,248,12,170.0,2026-07-18,2027-07-18
1982,1920,2,243.49,2025-03-24,2026-03-24
1983,1477,3,241.52,2024-02-17,2025-02-16
1984,1615,1,156.82,2023-05-01,2024-04-30
1985,947,13,104.86,2026-07-23,2027-07-23
1986,2176,8,100.74,2025-07-30,2026-07-30
1987,1465,6,253.5,2025-05-25,2026-05-25
1988,2046,13,135.17,2024-06-21,2025-06-21
1989,1255,13,238.47,2024-12-26,2025-12-26
1990,3003,12,101.99,2024-01-31,2025-01-30
1991,2020,7,92.15,2023-08-07,2024-08-06
1992,544,6,119.44,2023-02-18,2024-02-18
1993,2457,5,176.24,2023-09-22,2024-09-21
1994,420,10,419.74,2024-07-08,2025-07-08
1995,3140,7,82.7,2025-03-08,2026-03-08
1996,1502,1,199.58,2025-02-12,2026-02-12
1997,326,1,248.01,2023-10-06,2024-10-05
1998,538,12,114.81,2026-08-23,2027-08-23
1999,2607,8,75.3,2025-12-13,2026-12-13
2000,553,10,602.71,2024-07-12,2025-07-12
2001,2560,5,177.35,2024-03-20,2025-03-20
2002,939,9,449.49,2023-09-30,2024-09-29
2003,2131,6,182.94,2026-03-30,2027-03-30
2004,1412,1,149.48,2026-02-15,2025-02-15
2005,1807,4,157.37,2026-07-10,2027-07-10
2006,2855,13,149.28,2026-03-11,2027-03-11
2007,1568,7,109.25,2023-05-20,2024-05-19
2008,1461,9,419.57,2023-02-23,2024-02-23
2009,18,12,146.65,2025-07-17,2026-07-17
2010,2725,13,113.03,2026-06-29,2027-06-29
2011,955,10,601.75,2024-04-11,2025-04-11
2012,534,13,170.81,2024-07-17,2025-07-17
2013,3040,8,75.78,2023-11-24,2024-11-23
2014,1860,7,88.4,2025-04-23,2026-04-23
2015,76,3,178.47,2023-11-05,2024-11-04
2016,2297,9,529.97,2023-09-06,2024-09-05
2017,3083,8,86.28,2026-05-06,2027-05-06
2018,2866,8,75.62,2023-09-27,2024-09-26
2019,309,8,103.11,2023-08-24,2024-08-23
2020,1825,12,154.42,2025-02-06,2024-02-07
2021,2257,12,134.24,2023-01-07,2024-01-07
2022,1160,2,234.66,2023-12-13,2024-12-12
2023,3008,7,111.64,2023-02-19,2024-02-19
2024,2103,13,100.23,2024-12-16,2025-12-16
2025,1985,8,80.37,2024-11-23,2025-11-23
2026,21,13,142.76,2023-07-18,2024-07-17
2027,177,8,98.45,2024-05-23,2025-05-23
2028,2548,8,76.5,2023-12-31,2024-12-30
2029,1390,3,292.24,2024-08-12,2025-08-12
2030,551,2,267.81,2024-04-07,2025-04-07
2031,1108,7,91.12,2024-06-14,2025-06-14
2032,599,2,289.21,2024-06-18,2025-06-18
2033,1212,12,164.28,2024-08-09,2025-08-09
2034,2929,10,390.13,2023-03-10,2024-03-09
2035,2781,13,120.23,2025-01-07,2026-01-07
2036,1829,7,133.34,2023-06-26,2024-06-25
2037,2645,10,455.42,2025-05-28,2026-05-28
2038,376,13,127.17,2026-03-31,2027-03-31
2039,2504,7,72.65,2023-04-18,2024-04-17
2040,656,7,95.85,2023-08-13,2024-08-12
2041,1090,7,84.54,2024-06-13,2025-06-13
2042,1797,12,125.64,2023-01-06,2024-01-06
2043,1977,12,96.64,2023-05-20,2024-05-19
2044,1832,8,96.21,2024-01-01,2024-12-31
2045,2856,12,163.89,2024-03-27,2025-03-27
2046,2971,5,213.03,2024-12-02,2025-12-02
2047,483,5,159.78,2025-09-17,2026-09-17
2048,297,4,153.31,2026-02-05,2027-02-05
2049,1876,13,152.87,2023-08-24,2024-08-23
2050,582,7,82.86,2025-03-06,2026-03-06
2051,29,12,148.95,2024-11-14,2025-11-14
2052,2203,5,170.86,2023-04-05,2024-04-04
2053,842,1,203.99,2024-07-04,2025-07-04
2054,1008,10,414.93,2023-09-14,2024-09-13
2055,1324,11,488.91,2024-06-30,2025-06-30
2056,2784,13,121.07,2025-06-22,2026-06-22
2057,114,9,401.7,2023-02-20,2024-02-20
2058,1546,2,196.96,2024-05-21,2025-05-21
2059,129,2,254.53,2023-06-12,2024-06-11
2060,2706,10,406.27,2024-08-04,2025-08-04
2061,2294,9,732.29,2026-07-28,2027-07-28
2062,1563,6,185.11,2025-07-27,2026-07-27
2063,325,8,95.83,2024-09-08,2025-09-08
2064,3028,8,99.63,2025-10-24,2026-10-24
2065,500,12,143.89,2026-01-09,2027-01-09
2066,1260,2,231.95,2025-11-02,2026-11-02
2067,958,2,206.48,2026-05-22,2027-05-22
2068,1926,5,146.13,2024-06-12,2025-06-12
2069,705,3,199.4,2024-02-24,2025-02-23
2070,2361,12,110.01,2026-02-27,2027-02-27
2071,59,11,472.35,2024-03-09,2025-03-09
2072,568,2,261.59,2025-11-13,2026-11-13
2073,3198,8,90.78,2025-09-16,2026-09-16
2074,2732,7,91.65,2025-08-09,2026-08-09
2075,1556,9,341.8,2025-05-05,2026-05-05
2076,945,12,113.89,2025-04-03,2026-04-03
2077,3026,8,83.14,2025-03-31,2026-03-31
2078,2734,10,462.63,2025-08-28,2026-08-28
2079,1577,10,364.87,2025-03-18,2026-03-18
2080,1446,4,199.27,2024-12-01,2025-12-01
2081,573,13,144.97,2024-10-18,2025-10-18
2082,290,10,457.12,2026-03-19,2027-03-19
2083,2128,11,490.0,2026-02-17,2027-02-17
2084,589,10,396.34,2024-07-18,2025-07-18
2085,21,9,462.22,2026-02-08,2027-02-08
2086,167,11,385.55,2026-01-03,2027-01-03
2087,2783,6,201.04,2024-07-18,2025-07-18
2088,1557,9,355.42,2025-06-03,2026-06-03
2089,154,4,193.24,2023-06-29,2024-06-28
2090,228,4,177.91,2024-01-24,2025-01-23
2091,980,4,192.74,2023-08-11,2024-08-10
2092,2083,7,84.66,2024-05-30,2025-05-30
2093,1325,8,86.57,2023-10-01,2024-09-30
2094,1457,6,181.29,2024-12-04,2025-12-04
2095,790,11,353.13,2024-06-02,2025-06-02
2096,2898,12,125.13,2025-07-16,2026-07-16
2097,2238,6,138.45,2023-07-02,2024-07-01
2098,1345,8,115.12,2026-06-18,2027-06-18
2099,1014,6,158.29,2026-03-23,2027-03-23
2100,3050,13,128.82,2023-05-20,2024-05-19
2101,2187,5,201.88,2025-03-03,2026-03-03
2102,2837,3,199.72,2026-04-09,2027-04-09
2103,3175,9,494.15,2025-05-19,2026-05-19
2104,1256,10,445.54,2023-12-11,2024-12-10
2105,1612,13,119.45,2025-12-11,2026-12-11
2106,479,11,375.22,2025-06-08,2026-06-08
2107,2978,12,125.9,2023-01-09,2024-01-09
2108,2026,3,301.23,2026-06-24,2027-06-24
2109,2951,4,168.13,2025-07-19,2026-07-19
2110,527,2,415.76,2026-03-17,2027-03-17
2111,1123,8,98.28,2024-09-16,2025-09-16
2112,2962,8,100.16,2023-11-05,2024-11-04
2113,1601,8,111.69,2026-07-18,2027-07-18
2114,2465,6,122.66,2025-12-04,2026-12-04
2115,773,5,164.3,2024-05-07,2025-05-07
2116,375,7,62.93,2026-08-10,2027-08-10
2117,1284,13,97.77,2024-07-14,2025-07-14
2118,252,5,167.71,2024-01-24,2025-01-23
2119,1420,2,208.56,2023-01-30,2024-01-30
2120,3055,12,144.28,2024-05-20,2025-05-20
2121,2112,3,273.84,2026-03-03,2027-03-03
2122,1908,1,235.69,2023-01-09,2024-01-09
2123,829,1,218.92,2023-01-25,2024-01-25
2124,395,12,104.44,2024-11-03,2025-11-03
2125,990,5,173.76,2026-08-10,2027-08-10
2126,1787,8,69.37,2025-03-25,2026-03-25
2127,522,10,408.69,2024-04-06,2025-04-06
2128,1270,12,123.8,2023-07-19,2024-07-18
2129,1596,10,407.01,2024-05-20,2025-05-20
2130,3162,12,185.94,2024-01-03,2025-01-02
2131,209,4,218.48,2026-08-07,2027-08-07
2132,1044,6,118.11,2023-04-14,2024-04-13
2133,1936,13,222.75,2024-08-12,2025-08-12
2134,1939,4,213.2,2026-03-03,2027-03-03
2135,540,12,119.44,2023-08-18,2024-08-17
2136,450,5,162.6,2024-05-11,2025-05-11
2137,1486,8,79.98,2023-06-29,2024-06-28
2138,741,3,231.35,2024-01-18,2025-01-17
2139,138,11,448.1,2024-10-28,2025-10-28
2140,188,3,177.49,2024-05-29,2025-05-29
2141,1029,5,144.35,2024-05-29,2025-05-29
2142,657,13,140.43,2024-06-01,2025-06-01
2143,2827,3,152.2,2026-07-12,2027-07-12
2144,1809,11,694.34,2024-10-15,2025-10-15
2145,2084,3,249.18,2025-07-02,2026-07-02
2146,1310,9,387.67,2024-03-23,2025-03-23
2147,3075,7,104.95,2023-03-31,2024-03-30
2148,246,9,445.02,2023-10-15,2024-10-14
2149,2994,11,647.34,2025-07-02,2026-07-02
2150,1162,10,492.27,2023-09-04,2024-09-03
2151,2265,8,82.54,2024-05-09,2025-05-09
2152,1726,4,134.96,2024-08-10,2025-08-10
2153,1449,11,415.05,2023-05-14,2024-05-13
2154,3067,11,402.15,2023-09-05,2024-09-04
2155,2028,5,225.01,2023-05-20,2024-05-19
2156,2109,7,91.18,2025-10-20,2026-10-20
2157,2764,10,455.12,2026-03-05,2027-03-05
2158,2376,10,452.77,2023-01-26,2024-01-26
2159,2624,6,258.53,2024-10-06,2025-10-06
2160,2333,11,557.63,2024-06-08,2025-06-08
2161,362,3,219.68,2023-09-19,2024-09-18
2162,3000,8,74.48,2026-04-18,2027-04-18
2163,2951,5,197.26,2024-04-15,2025-04-15
2164,1693,2,201.14,2023-10-22,2024-10-21
2165,1258,4,148.18,2025-08-24,2026-08-24
2166,318,5,113.95,2026-04-24,2027-04-24
2167,500,3,303.13,2025-01-10,2026-01-10
2168,609,7,90.81,2023-12-07,2024-12-06
2169,1513,1,426.52,2024-09-17,2025-09-17
2170,546,13,105.82,2025-06-04,2026-06-04
2171,2735,13,124.85,2023-04-22,2024-04-21
2172,1917,12,105.91,2024-08-25,2025-08-25
2173,1651,11,350.13,2023-04-14,2024-04-13
2174,1796,12,167.78,2025-03-28,2026-03-28
2175,1607,11,418.65,2026-02-24,2027-02-24
2176,2803,3,312.04,2026-07-21,2027-07-21
2177,2122,11,427.39,2024-12-30,2025-12-30
2178,68,13,119.18,2024-01-06,2025-01-05
2179,2594,9,711.08,2024-01-13,2025-01-12
2180,2317,4,167.16,2023-10-20,2024-10-19
2181,3009,5,138.12,2024-09-14,2025-09-14
2182,1692,12,116.61,2023-04-23,2024-04-22
2183,1108,9,372.82,2024-05-08,2025-05-08
2184,1030,10,466.87,2023-04-05,2024-04-04
2185,1222,13,123.26,2023-04-09,2024-04-08
2186,2103,9,313.78,2026-01-29,2027-01-29
2187,3027,13,173.45,2026-06-15,2027-06-15
2188,1114,8,78.39,2024-05-18,2025-05-18
2189,3110,13,147.7,2025-05-24,2026-05-24
2190,1328,9,345.58,2024-09-05,2025-09-05
2191,2300,12,107.15,2024-04-26,2025-04-26
2192,2231,6,136.17,2025-03-20,2026-03-20
2193,781,8,87.06,2023-05-20,2024-05-19
2194,2644,5,149.68,2026-05-18,2027-05-18
2195,1015,12,148.15,2023-11-20,2024-11-19
2196,114,2,212.81,2025-10-23,2026-10-23
2197,739,1,245.99,2024-05-07,2025-05-07
2198,1491,4,129.24,2024-02-04,2025-02-03
2199,1618,6,117.9,2023-01-10,2024-01-10
2200,727,1,209.05,2024-01-11,2025-01-10
2201,2250,13,145.57,2023-03-13,2024-03-12
2202,750,13,121.86,2024-05-16,2025-05-16
2203,3168,10,351.5,2025-03-27,2026-03-27
2204,2857,1,328.41,2023-08-04,2024-08-03
2205,2617,2,331.32,2024-12-02,2025-12-02
2206,871,5,181.76,2025-12-20,2026-12-20
2207,896,13,105.89,2023-05-29,2024-05-28
2208,2945,10,403.0,2023-08-25,2024-08-24
2209,2566,3,240.13,2026-07-15,2025-07-15
2210,1977,6,149.76,2023-03-09,2024-03-08
2211,219,3,186.62,2026-11-30,2025-11-30
2212,2234,5,157.86,2026-03-09,2027-03-09
2213,733,4,172.95,2023-01-26,2024-01-26
2214,2459,4,212.14,2023-06-05,2024-06-04
2215,569,7,106.82,2025-02-26,2026-02-26
2216,605,1,209.21,2023-08-17,2024-08-16
2217,1915,13,136.01,2023-12-06,2024-12-05
2218,3052,4,282.29,2025-10-08,2026-10-08
2219,416,2,206.25,2023-08-15,2024-08-14
2220,1774,11,399.16,2023-10-05,2024-10-04
2221,29,5,146.32,2024-01-22,2025-01-21
2222,1051,5,180.87,2023-02-02,2024-02-02
2223,168,13,123.1,2024-11-23,2025-11-23
2224,95,7,83.48,2024-02-09,2025-02-08
2225,2138,7,66.65,2024-12-02,2025-12-02
2226,1321,7,85.67,2025-10-24,2026-10-24
2227,2244,8,98.36,2025-07-03,2026-07-03
2228,2034,13,129.14,2026-06-03,2027-06-03
2229,3006,3,229.34,2024-04-10,2025-04-10
2230,2665,10,309.86,2024-08-25,2025-08-25
2231,1392,12,101.08,2023-01-16,2024-01-16
2232,670,9,427.75,2026-05-03,2027-05-03
2233,993,6,168.1,2023-02-22,2024-02-22
2234,2825,12,94.04,2025-01-09,2026-01-09
2235,3078,4,198.91,2024-06-07,2025-06-07
2236,801,11,357.39,2026-06-19,2027-06-19
2237,1491,1,195.98,2025-04-01,2026-04-01
2238,271,11,384.43,2024-07-13,2025-07-13
2239,1945,3,180.62,2023-04-11,2024-04-10
2240,1113,13,168.32,2025-06-19,2026-06-19
2241,2090,13,124.24,2026-07-15,2027-07-15
2242,670,7,87.89,2026-05-22,2027-05-22
2243,2600,7,90.19,2026-01-15,2027-01-15
2244,2135,3,163.47,2023-09-12,2024-09-11
2245,3085,8,106.39,2025-10-20,2026-10-20
2246,1648,10,422.04,2023-05-26,2024-05-25
2247,1386,5,175.36,2023-03-01,2024-02-29
2248,160,12,110.4,2025-07-10,2026-07-10
2249,1357,2,236.67,2025-08-13,2026-08-13
2250,165,4,165.69,2027-02-10,2026-02-10
2251,2884,7,77.51,2025-10-30,2026-10-30
2252,1804,11,470.7,2024-01-24,2025-01-23
2253,243,13,157.68,2026-08-12,2027-08-12
2254,2180,8,93.1,2025-01-08,2026-01-08
2255,2044,5,330.63,2026-06-22,2027-06-22
2256,779,6,148.99,2025-08-25,2026-08-25
2257,2569,1,328.5,2024-06-06,2025-06-06
2258,2509,6,221.63,2025-05-17,2026-05-17
2259,2484,13,169.05,2024-08-09,2025-08-09
2260,1092,6,172.58,2026-04-14,2027-04-14
2261,1308,11,394.78,2024-05-06,2025-05-06
2262,2266,13,139.3,2025-04-09,2026-04-09
2263,638,9,295.72,2024-04-07,2025-04-07
2264,1277,2,248.95,2023-04-26,2024-04-25
2265,1684,9,359.97,2023-05-02,2024-05-01
2266,2831,4,158.93,2024-02-06,2025-02-05
2267,2823,7,85.7,2025-05-01,2026-05-01
2268,702,13,115.12,2024-03-20,2025-03-20
2269,1882,2,220.08,2025-01-15,2026-01-15
2270,2936,3,394.1,2024-09-19,2025-09-19
2271,1190,4,110.52,2025-08-14,2026-08-14
2272,2359,8,75.42,2024-11-11,2025-11-11
2273,1184,4,158.1,2025-12-24,2026-12-24
2274,736,8,68.87,2023-08-13,2024-08-12
2275,306,6,155.21,2025-04-15,2026-04-15
2276,2012,12,155.04,2025-03-04,2026-03-04
2277,2403,13,133.88,2025-06-22,2026-06-22
2278,1324,6,199.66,2026-06-20,2027-06-20
2279,2031,7,81.7,2023-01-05,2024-01-05
2280,1295,2,171.33,2023-06-04,2024-06-03
2281,903,8,85.55,2023-12-30,2024-12-29
2282,961,2,242.98,2026-02-16,2027-02-16
2283,1329,4,139.16,2025-10-27,2026-10-27
2284,1029,10,433.27,2024-05-03,2025-05-03
2285,2192,9,313.98,2023-04-08,2024-04-07
2286,2604,2,200.84,2023-01-28,2024-01-28
2287,3017,13,130.83,2023-02-24,2024-02-24
2288,2437,9,398.65,2024-09-25,2025-09-25
2289,603,3,350.85,2026-05-09,2027-05-09
2290,2576,2,261.46,2025-05-19,2026-05-19
2291,3166,8,64.89,2027-04-05,2026-04-05
2292,441,5,191.43,2024-01-27,2025-01-26
2293,181,2,256.8,2024-01-19,2025-01-18
2294,1969,6,215.72,2026-06-25,2027-06-25
2295,2095,6,153.35,2023-12-20,2024-12-19
2296,1602,2,300.14,2026-06-17,2027-06-17
2297,578,7,100.19,2026-06-20,2027-06-20
2298,1560,13,179.7,2024-06-19,2025-06-19
2299,253,2,164.94,2024-07-06,2025-07-06
2300,1607,3,254.12,2025-09-27,2026-09-27
2301,2890,13,112.53,2024-12-25,2025-12-25
2302,695,13,108.68,2026-05-13,2027-05-13
2303,1326,11,416.35,2025-09-30,2026-09-30
2304,2494,12,151.02,2023-02-28,2024-02-28
2305,2044,11,686.99,2026-05-15,2027-05-15
2306,856,10,385.36,2025-08-18,2026-08-18
2307,2564,1,225.2,2024-03-23,2025-03-23
2308,2990,12,110.3,2024-07-28,2025-07-28
2309,942,12,133.43,2024-11-29,2025-11-29
2310,1777,1,258.94,2026-02-03,2027-02-03
2311,2536,10,519.55,2026-06-18,2027-06-18
2312,1464,8,113.48,2026-03-15,2025-03-15
2313,1992,7,101.61,2023-06-28,2024-06-27
2314,2050,7,72.79,2023-10-08,2024-10-07
2315,2685,7,81.91,2023-09-25,2024-09-24
2316,1415,13,97.59,2024-12-15,2025-12-15
2317,2485,5,182.1,2024-05-07,2025-05-07
2318,1133,5,191.61,2026-04-24,2027-04-24
2319,1832,11,487.51,2024-10-22,2025-10-22
2320,916,10,411.41,2024-12-23,2025-12-23
2321,3072,5,170.41,2023-12-16,2024-12-15
2322,3050,13,118.61,2026-04-28,2027-04-28
2323,211,3,275.97,2024-10-26,2025-10-26
2324,647,11,340.48,2023-12-25,2024-12-24
2325,2305,10,682.62,2024-03-04,2025-03-04
2326,1628,10,484.75,2026-04-12,2027-04-12
2327,2310,12,113.37,2024-04-03,2025-04-03
2328,1391,7,139.94,2023-05-01,2024-04-30
2329,3112,2,241.41,2023-06-18,2024-06-17
2330,1159,5,154.61,2024-10-17,2025-10-17
2331,1312,6,174.13,2023-05-22,2024-05-21
2332,827,13,130.51,2024-05-22,2025-05-22
2333,2520,8,72.42,2023-09-25,2024-09-24
2334,3064,4,173.48,2025-11-12,2026-11-12
2335,92,9,302.05,2025-04-14,2026-04-14
2336,2160,13,108.56,2024-01-22,2025-01-21
2337,2136,6,145.21,2024-12-16,2025-12-16
2338,773,6,188.68,2024-08-10,2025-08-10
2339,2511,2,180.35,2025-02-26,2026-02-26
2340,1005,6,142.53,2024-04-18,2025-04-18
2341,1531,8,59.43,2026-08-24,2027-08-24
2342,1719,9,511.01,2023-02-02,2024-02-02
2343,816,1,202.99,2026-02-07,2027-02-07
2344,2995,6,193.42,2023-03-06,2024-03-05
2345,1702,11,468.72,2025-04-26,2026-04-26
2346,1875,10,306.14,2025-05-02,2026-05-02
2347,1869,10,383.46,2024-09-03,2025-09-03
2348,239,5,146.77,2025-10-29,2026-10-29
2349,1356,7,105.34,2023-08-16,2024-08-15
2350,207,5,192.33,2026-03-21,2027-03-21
2351,842,4,130.8,2023-10-05,2024-10-04
2352,1022,6,229.62,2023-06-18,2024-06-17
2353,2781,2,244.12,2025-12-01,2026-12-01
2354,3059,2,225.22,2025-02-10,2026-02-10
2355,1771,5,123.12,2025-06-20,2026-06-20
2356,435,7,70.01,2024-08-31,2025-08-31
2357,2077,10,336.17,2025-05-10,2026-05-10
2358,2304,6,226.06,2023-10-06,2024-10-05
2359,2372,9,410.17,2026-04-09,2027-04-09
2360,1790,13,151.46,2023-12-12,2024-12-11
2361,2731,1,225.55,2025-01-09,2026-01-09
2362,845,10,415.63,2023-11-26,2024-11-25
2363,741,13,152.26,2026-02-19,2027-02-19
2364,347,13,151.69,2025-01-03,2026-01-03
2365,1574,7,155.15,2026-04-10,2027-04-10
2366,1613,8,72.1,2024-10-20,2025-10-20
2367,2393,1,228.01,2025-01-28,2026-01-28
2368,640,13,138.98,2025-01-18,2026-01-18
2369,2023,1,230.79,2025-08-20,2026-08-20
2370,2454,7,86.87,2024-09-08,2025-09-08
2371,179,12,135.56,2023-10-21,2024-10-20
2372,1408,3,217.0,2025-10-28,2026-10-28
2373,235,7,74.65,2023-03-08,2024-03-07
2374,2029,5,183.36,2025-05-17,2026-05-17
2375,1017,2,205.58,2025-09-02,2024-09-02
2376,1997,12,134.55,2023-06-29,2024-06-28
2377,1099,8,80.63,2023-12-30,2024-12-29
2378,1183,6,151.44,2024-02-17,2025-02-16
2379,3115,13,171.61,2025-10-25,2026-10-25
2380,370,7,112.28,2025-03-12,2026-03-12
2381,2082,2,199.98,2025-08-16,2026-08-16
2382,1332,8,73.38,2023-06-15,2024-06-14
2383,1699,13,158.69,2026-03-04,2027-03-04
2384,3057,5,172.18,2027-08-02,2026-08-02
2385,2330,8,72.24,2025-04-26,2026-04-26
2386,294,4,193.78,2025-04-30,2026-04-30
2387,768,5,147.07,2023-06-02,2024-06-01
2388,1529,11,519.91,2026-04-30,2027-04-30
2389,596,11,440.44,2024-09-30,2025-09-30
2390,3113,11,468.09,2024-09-14,2025-09-14
2391,2340,13,144.37,2023-06-24,2024-06-23
2392,920,2,199.48,2026-07-08,2027-07-08
2393,2903,5,179.51,2024-01-11,2025-01-10
2394,1424,12,111.74,2023-09-30,2024-09-29
2395,494,5,170.74,2026-04-15,2027-04-15
2396,3139,1,395.54,2024-02-22,2025-02-21
2397,3085,12,158.72,2025-10-25,2026-10-25
2398,999,11,400.44,2025-12-09,2026-12-09
2399,1417,5,191.6,2023-11-04,2024-11-03
2400,50,9,348.27,2025-08-21,2026-08-21
2401,3019,8,81.74,2025-03-12,2026-03-12
2402,1186,6,170.95,2024-05-12,2023-05-13
2403,1221,3,194.03,2023-11-23,2024-11-22
2404,76,4,141.4,2025-12-08,2026-12-08
2405,1821,8,89.66,2024-10-27,2025-10-27
2406,2969,5,164.69,2023-06-15,2024-06-14
2407,2109,4,192.43,2027-01-11,2026-01-11
2408,1759,13,139.46,2025-04-25,2026-04-25
2409,2709,3,261.14,2026-08-23,2027-08-23
2410,263,1,256.39,2023-12-02,2024-12-01
2411,322,10,345.15,2023-03-03,2024-03-02
2412,857,10,451.84,2024-04-13,2025-04-13
2413,2950,13,142.53,2025-11-04,2026-11-04
2414,1009,5,202.31,2024-10-30,2025-10-30
2415,1147,7,84.21,2025-10-03,2026-10-03
2416,2938,6,204.57,2024-07-23,2025-07-23
2417,127,5,175.76,2024-12-07,2025-12-07
2418,811,3,248.48,2024-05-28,2025-05-28
2419,517,11,358.64,2025-07-13,2026-07-13
2420,2385,7,91.91,2024-05-26,2025-05-26
2421,1650,13,131.6,2025-07-23,2026-07-23
2422,516,10,473.59,2026-06-29,2027-06-29
2423,2220,12,136.35,2023-11-24,2024-11-23
2424,2456,12,155.39,2023-12-13,2024-12-12
2425,2921,2,156.15,2026-04-17,2027-04-17
2426,2035,10,445.52,2024-05-18,2025-05-18
2427,348,10,438.82,2024-12-10,2025-12-10
2428,683,6,187.12,2025-03-03,2026-03-03
2429,2325,8,88.93,2026-02-28,2027-02-28
2430,98,6,180.82,2024-06-23,2025-06-23
2431,1215,6,279.05,2024-06-08,2025-06-08
2432,1311,10,474.01,2025-04-18,2026-04-18
2433,315,6,173.7,2025-06-13,2026-06-13
2434,1393,3,260.66,2023-03-11,2024-03-10
2435,2387,3,183.49,2024-12-10,2025-12-10
2436,3051,11,320.1,2024-03-02,2025-03-02
2437,2668,7,66.44,2023-02-01,2024-02-01
2438,2373,7,77.29,2025-07-30,2026-07-30
2439,1569,3,246.68,2024-04-15,2025-04-15
2440,2890,13,133.59,2025-06-16,2026-06-16
2441,2740,4,262.31,2024-04-02,2025-04-02
2442,2917,6,216.45,2023-07-25,2024-07-24
2443,647,3,186.59,2025-03-22,2026-03-22
2444,1756,5,220.49,2023-02-05,2024-02-05
2445,1818,5,211.87,2025-10-27,2026-10-27
2446,1538,8,77.96,2025-07-31,2026-07-31
2447,2373,2,235.59,2024-10-29,2025-10-29
2448,1176,6,134.03,2025-09-06,2026-09-06
2449,1068,10,329.83,2024-05-14,2025-05-14
2450,1030,12,159.76,2024-11-30,2025-11-30
2451,1744,13,147.79,2024-05-08,2025-05-08
2452,206,8,82.12,2023-04-30,2024-04-29
2453,1354,4,174.53,2026-04-22,2027-04-22
2454,1731,9,377.84,2025-10-11,2026-10-11
2455,200,3,168.83,2023-04-16,2024-04-15
2456,372,8,74.72,2024-10-08,2025-10-08
2457,1913,1,199.71,2026-04-02,2027-04-02
2458,144,9,486.91,2024-10-17,2025-10-17
2459,1807,6,160.4,2025-10-13,2026-10-13
2460,1647,12,162.38,2026-07-26,2027-07-26
2461,2272,13,117.92,2023-08-08,2024-08-07
2462,1303,13,129.05,2025-12-08,2026-12-08
2463,448,4,210.07,2023-09-15,2024-09-14
2464,2219,7,83.4,2023-05-19,2024-05-18
2465,2388,1,259.12,2026-05-16,2027-05-16
2466,3064,3,242.97,2026-03-28,2027-03-28
2467,744,8,91.27,2026-04-22,2027-04-22
2468,2799,4,156.76,2026-01-15,2027-01-15
2469,2783,10,465.45,2025-05-31,2026-05-31
2470,2592,9,440.14,2025-12-08,2026-12-08
2471,1312,1,261.19,2025-09-26,2024-09-26
2472,871,13,128.44,2025-12-29,2026-12-29
2473,1189,4,232.83,2025-11-11,2026-11-11
2474,979,6,200.64,2024-02-23,2025-02-22
2475,2803,11,391.39,2025-02-27,2026-02-27
2476,993,12,165.24,2025-08-24,2026-08-24
2477,1266,12,148.92,2023-08-29,2024-08-28
2478,432,2,218.51,2023-04-26,2024-04-25
2479,1840,10,393.27,2026-04-29,2027-04-29
2480,2885,12,143.89,2024-04-11,2025-04-11
2481,640,13,130.62,2025-06-15,2026-06-15
2482,1465,12,156.81,2023-01-27,2024-01-27
2483,54,10,557.77,2025-09-14,2026-09-14
2484,2636,5,216.92,2025-08-24,2026-08-24
2485,717,10,529.62,2025-08-11,2026-08-11
2486,1659,8,109.82,2024-06-13,2025-06-13
2487,389,8,87.9,2024-12-30,2025-12-30
2488,1456,11,404.88,2024-08-31,2025-08-31
2489,2123,12,162.16,2024-10-23,2025-10-23
2490,1718,12,192.07,2025-12-02,2026-12-02
2491,427,1,232.83,2025-06-05,2026-06-05
2492,1023,6,192.95,2023-06-02,2024-06-01
2493,1753,8,64.45,2023-03-17,2024-03-16
2494,247,11,261.0,2026-05-31,2027-05-31
2495,2065,4,196.79,2024-04-02,2025-04-02
2496,1326,1,265.0,2024-10-17,2025-10-17
2497,1755,1,257.97,2024-09-04,2025-09-04
2498,1410,9,738.89,2024-02-28,2025-02-27
2499,2368,4,151.31,2025-01-06,2026-01-06
2500,3152,8,62.55,2023-06-07,2024-06-06
2501,1382,11,386.25,2026-07-30,2027-07-30
2502,788,12,148.21,2024-02-19,2025-02-18
2503,1104,5,190.3,2023-08-14,2024-08-13
2504,3062,9,423.15,2025-11-13,2026-11-13
2505,1548,13,124.48,2024-05-28,2025-05-28
2506,2963,4,158.14,2023-02-20,2024-02-20
2507,2280,8,114.11,2025-06-28,2026-06-28
2508,2847,5,288.57,2026-03-14,2027-03-14
2509,776,3,226.06,2026-03-17,2027-03-17
2510,370,6,208.8,2025-11-11,2026-11-11
2511,4,9,382.28,2026-04-02,2027-04-02
2512,3000,3,207.44,2024-11-30,2025-11-30
2513,264,12,161.52,2025-12-21,2026-12-21
2514,980,2,257.15,2023-04-15,2024-04-14
2515,1422,9,349.43,2023-11-21,2024-11-20
2516,1766,9,294.96,2024-09-12,2025-09-12
2517,38,8,87.18,2026-01-24,2027-01-24
2518,1476,9,414.87,2025-10-28,2026-10-28
2519,1789,4,178.49,2025-01-20,2026-01-20
2520,1712,6,151.89,2026-01-03,2027-01-03
2521,1197,5,171.58,2023-04-14,2024-04-13
2522,2146,12,125.45,2026-03-26,2027-03-26
2523,1481,13,123.85,2026-05-09,2027-05-09
2524,2621,8,109.45,2024-03-13,2025-03-13
2525,320,9,388.34,2026-02-08,2027-02-08
2526,172,2,219.51,2025-03-18,2026-03-18
2527,624,12,120.1,2024-02-29,2025-02-28
2528,1660,7,88.1,2024-08-04,2025-08-04
2529,2735,10,445.02,2026-07-17,2027-07-17
2530,982,7,108.72,2023-03-12,2024-03-11
2531,390,3,280.91,2023-07-20,2024-07-19
2532,963,10,366.91,2023-10-22,2024-10-21
2533,1487,8,106.35,2023-01-06,2024-01-06
2534,1357,11,419.2,2025-02-13,2026-02-13
2535,2355,7,93.52,2023-08-02,2024-08-01
2536,2095,8,75.06,2025-02-22,2026-02-22
2537,3171,11,408.39,2023-05-04,2024-05-03
2538,1596,2,261.61,2023-02-06,2024-02-06
2539,1812,8,62.08,2026-07-22,2027-07-22
2540,2946,9,483.87,2024-07-22,2025-07-22
2541,98,10,490.63,2026-01-22,2027-01-22
2542,1309,9,476.15,2023-10-30,2024-10-29
2543,1764,7,106.14,2024-07-14,2025-07-14
2544,867,12,131.9,2024-06-04,2025-06-04
2545,58,9,444.46,2026-08-08,2027-08-08
2546,2815,9,721.91,2025-02-06,2026-02-06
2547,999,2,228.13,2023-03-04,2024-03-03
2548,1777,9,410.08,2024-11-26,2025-11-26
2549,911,4,138.36,2023-06-15,2024-06-14
2550,2355,8,78.63,2023-05-16,2024-05-15
2551,2263,5,200.49,2026-03-31,2027-03-31
2552,24,6,192.03,2026-01-29,2027-01-29
2553,2678,4,179.52,2024-12-26,2025-12-26
2554,1805,11,345.96,2023-11-20,2024-11-19
2555,1762,5,203.1,2024-11-01,2025-11-01
2556,1955,6,156.71,2026-05-14,2027-05-14
2557,2461,7,68.82,2023-12-12,2024-12-11
2558,3039,5,160.35,2025-03-24,2026-03-24
2559,982,12,150.97,2024-07-30,2025-07-30
2560,3108,5,193.47,2024-12-27,2025-12-27
2561,2442,13,136.69,2026-02-25,2027-02-25
2562,3021,12,102.69,2023-02-23,2024-02-23
2563,2624,7,132.61,2025-04-22,2026-04-22
2564,525,12,180.31,2023-02-11,2024-02-11
2565,235,8,79.8,2024-11-16,2025-11-16
2566,1291,3,201.11,2024-03-08,2025-03-08
2567,698,1,234.3,2025-09-16,2026-09-16
2568,1054,11,453.26,2026-03-09,2027-03-09
2569,294,9,454.45,2024-05-29,2025-05-29
2570,41,1,255.4,2024-12-31,2025-12-31
2571,2784,13,122.89,2025-12-21,2026-12-21
2572,2762,9,422.46,2024-07-23,2025-07-23
2573,1659,9,526.95,2024-03-24,2025-03-24
2574,2989,2,278.37,2025-08-20,2026-08-20
2575,607,3,210.65,2023-01-04,2024-01-04
2576,2117,12,179.44,2023-11-12,2024-11-11
2577,544,13,83.46,2024-03-18,2025-03-18
2578,3170,7,82.93,2023-10-08,2024-10-07
2579,3171,8,115.76,2025-02-03,2026-02-03
2580,1764,11,424.07,2026-02-18,2027-02-18
2581,889,2,287.1,2025-08-20,2026-08-20
2582,1884,7,78.81,2026-08-19,2027-08-19
2583,1018,7,75.32,2024-07-02,2025-07-02
2584,2111,6,150.19,2024-03-04,2025-03-04
2585,3125,7,83.94,2023-10-05,2024-10-04
2586,1627,3,418.0,2024-12-09,2025-12-09
2587,2458,13,113.47,2024-08-17,2025-08-17
2588,124,1,206.55,2026-05-18,2027-05-18
2589,2949,8,80.49,2024-07-11,2025-07-11
2590,827,10,358.25,2026-04-20,2027-04-20
2591,164,13,219.3,2023-05-19,2024-05-18
2592,1494,10,390.48,2025-07-12,2026-07-12
2593,1577,1,221.84,2024-05-28,2025-05-28
2594,1926,5,164.66,2026-04-03,2027-04-03
2595,210,12,106.7,2023-08-13,2024-08-12
2596,2036,8,115.42,2024-07-23,2025-07-23
2597,130,11,475.16,2023-08-02,2024-08-01
2598,2060,13,146.88,2023-05-20,2024-05-19
2599,1739,12,121.42,2025-11-02,2026-11-02
2600,949,9,293.01,2023-05-24,2024-05-23
2601,1081,13,133.52,2026-02-12,2027-02-12
2602,1719,9,556.59,2025-02-27,2026-02-27
2603,1955,6,199.25,2026-02-07,2027-02-07
2604,3155,12,101.72,2025-10-01,2026-10-01
2605,2556,13,166.95,2023-12-04,2024-12-03
2606,2760,12,139.13,2025-04-08,2026-04-08
2607,2171,7,91.22,2024-12-13,2025-12-13
2608,2295,8,70.2,2024-04-09,2025-04-09
2609,1140,5,146.75,2024-02-21,2025-02-20
2610,1315,8,107.08,2023-02-14,2024-02-14
2611,505,11,499.1,2024-06-06,2025-06-06
2612,392,8,78.1,2023-05-02,2024-05-01
2613,1114,2,183.63,2023-04-03,2024-04-02
2614,3172,1,253.99,2024-10-01,2025-10-01
2615,166,11,312.08,2026-04-11,2027-04-11
2616,3034,4,163.33,2025-10-27,2026-10-27
2617,1353,7,81.71,2024-02-27,2025-02-26
2618,1060,13,135.43,2026-05-12,2027-05-12
2619,1536,3,205.08,2025-09-10,2026-09-10
2620,1684,11,437.78,2024-10-20,2025-10-20
2621,1825,8,123.41,2024-05-13,2025-05-13
2622,1984,1,234.48,2024-10-22,2025-10-22
2623,2405,5,174.42,2026-04-23,2027-04-23
2624,1762,10,370.37,2024-10-25,2025-10-25
2625,1644,3,199.66,2024-08-15,2025-08-15
2626,2870,2,206.97,2023-11-20,2024-11-19
2627,242,2,278.85,2023-07-23,2024-07-22
2628,1626,10,404.04,2025-09-10,2026-09-10
2629,3,9,486.36,2025-07-06,2026-07-06
2630,2895,9,328.96,2024-03-12,2025-03-12
2631,1335,2,288.92,2024-08-28,2025-08-28
2632,2853,9,343.91,2026-05-29,2027-05-29
2633,2817,7,86.14,2026-07-12,2027-07-12
2634,2947,10,419.3,2023-12-10,2024-12-09
2635,1796,1,346.37,2024-09-30,2025-09-30
2636,295,11,521.96,2024-04-20,2025-04-20
2637,1305,13,151.01,2024-07-12,2025-07-12
2638,517,8,66.48,2024-08-02,2025-08-02
2639,1915,12,147.02,2023-04-02,2024-04-01
2640,1786,12,138.15,2023-08-09,2024-08-08
2641,2880,7,102.26,2024-01-14,2025-01-13
2642,265,5,136.28,2026-07-01,2027-07-01
2643,1931,4,201.28,2023-11-13,2024-11-12
2644,2753,3,187.72,2025-06-18,2026-06-18
2645,1323,7,117.07,2026-07-24,2027-07-24
2646,643,3,201.57,2026-03-03,2027-03-03
2647,1372,6,158.59,2025-10-22,2026-10-22
2648,301,11,331.27,2025-01-18,2026-01-18
2649,278,6,116.26,2024-11-12,2025-11-12
2650,766,1,184.19,2025-06-27,2026-06-27
2651,3102,13,136.2,2024-11-11,2025-11-11
2652,547,9,503.61,2023-03-03,2024-03-02
2653,3011,8,75.2,2023-01-18,2024-01-18
2654,641,13,90.58,2025-03-27,2026-03-27
2655,1094,7,70.83,2024-01-27,2025-01-26
2656,2760,13,140.55,2024-10-13,2025-10-13
2657,2445,5,210.66,2025-06-01,2026-06-01
2658,1569,5,171.54,2023-05-09,2024-05-08
2659,1977,13,107.13,2025-01-13,2026-01-13
2660,2397,5,212.45,2024-05-27,2025-05-27
2661,893,1,272.44,2024-02-10,2025-02-09
2662,1029,7,82.94,2026-07-02,2027-07-02
2663,1734,4,178.67,2024-07-04,2025-07-04
2664,366,10,404.56,2023-06-07,2024-06-06
2665,2867,10,388.95,2023-10-17,2024-10-16
2666,2766,8,93.28,2025-11-10,2026-11-10
2667,10,2,271.64,2023-08-10,2024-08-09
2668,2952,9,474.89,2026-01-01,2027-01-01
2669,3172,13,120.58,2024-09-10,2025-09-10
2670,3131,1,232.6,2025-11-21,2026-11-21
2671,3089,12,101.5,2023-01-30,2024-01-30
2672,75,7,73.85,2025-11-06,2026-11-06
2673,495,7,111.46,2024-08-01,2025-08-01
2674,104,7,65.74,2023-08-19,2024-08-18
2675,198,8,80.55,2024-03-29,2025-03-29
2676,2628,13,161.88,2026-04-26,2027-04-26
2677,2600,4,171.71,2023-05-21,2024-05-20
2678,2874,11,342.65,2023-02-15,2024-02-15
2679,2607,1,268.96,2024-08-18,2025-08-18
2680,1836,10,373.83,2023-08-24,2024-08-23
2681,2808,7,78.31,2023-11-22,2024-11-21
2682,1096,13,150.61,2024-10-19,2025-10-19
2683,706,9,528.45,2024-10-31,2023-11-01
2684,918,3,309.2,2025-06-05,2026-06-05
2685,2814,8,103.99,2023-09-03,2024-09-02
2686,1601,8,129.12,2025-11-15,2026-11-15
2687,865,2,372.81,2026-07-01,2027-07-01
2688,235,7,86.68,2026-03-12,2027-03-12
2689,1623,7,84.58,2024-12-21,2025-12-21
2690,1580,6,158.0,2026-02-28,2027-02-28
2691,779,4,154.77,2023-02-17,2024-02-17
2692,606,8,85.99,2023-07-12,2024-07-11
2693,1693,1,249.39,2026-03-10,2027-03-10
2694,3192,8,67.53,2026-01-19,2027-01-19
2695,2065,3,228.72,2025-10-29,2026-10-29
2696,1006,7,74.26,2025-01-25,2026-01-25
2697,1144,6,135.28,2025-11-20,2026-11-20
2698,2313,12,147.89,2023-02-01,2024-02-01
2699,1570,8,86.23,2023-12-31,2024-12-30
2700,2450,9,480.85,2025-06-11,2026-06-11
2701,569,5,201.9,2023-06-19,2024-06-18
2702,1926,7,92.43,2023-09-09,2024-09-08
2703,2511,13,136.36,2026-07-24,2027-07-24
2704,2298,1,268.36,2023-10-02,2024-10-01
2705,73,2,204.8,2023-02-24,2024-02-24
2706,2311,8,93.44,2023-02-06,2024-02-06
2707,1584,13,105.68,2024-04-02,2025-04-02
2708,2732,5,146.29,2026-08-08,2027-08-08
2709,1011,12,102.43,2024-03-20,2025-03-20
2710,977,3,312.79,2025-05-24,2026-05-24
2711,2348,2,236.96,2025-09-23,2026-09-23
2712,1053,10,470.24,2023-10-06,2024-10-05
2713,2919,1,324.5,2023-05-06,2024-05-05
2714,2259,6,172.15,2025-08-17,2026-08-17
2715,711,9,458.16,2026-08-08,2027-08-08
2716,1921,11,447.68,2026-08-12,2027-08-12
2717,3060,7,60.52,2024-03-09,2025-03-09
2718,2523,4,161.13,2025-01-07,2026-01-07
2719,2018,10,454.97,2025-07-22,2026-07-22
2720,1484,11,402.15,2023-12-04,2024-12-03
2721,2697,13,119.18,2023-07-24,2024-07-23
2722,1155,13,130.36,2023-03-13,2024-03-12
2723,1551,6,162.48,2025-03-22,2026-03-22
2724,2189,11,374.05,2024-09-01,2025-09-01
2725,65,8,73.89,2026-07-05,2027-07-05
2726,2408,12,116.5,2025-10-27,2026-10-27
2727,1275,10,334.41,2025-02-24,2026-02-24
2728,2959,6,152.12,2025-12-13,2026-12-13
2729,536,1,403.91,2024-10-11,2025-10-11
2730,333,11,331.23,2026-08-14,2027-08-14
2731,1188,11,705.29,2026-08-13,2027-08-13
2732,2722,3,323.4,2026-03-12,2027-03-12
2733,1780,6,134.32,2023-06-10,2024-06-09
2734,2352,8,109.16,2024-11-02,2025-11-02
2735,2400,6,149.98,2023-08-24,2024-08-23
2736,1374,9,548.88,2026-07-19,2027-07-19
2737,2582,1,333.3,2025-08-01,2026-08-01
2738,1997,13,106.88,2024-02-07,2025-02-06
2739,2390,10,561.76,2026-02-26,2027-02-26
2740,2022,11,346.13,2025-09-07,2026-09-07
2741,2588,4,141.94,2026-01-31,2027-01-31
2742,506,1,198.92,2024-06-07,2025-06-07
2743,1671,11,334.64,2024-01-09,2025-01-08
2744,1319,10,428.83,2023-08-09,2024-08-08
2745,2387,3,205.27,2025-06-30,2026-06-30
2746,2857,3,308.68,2023-01-04,2024-01-04
2747,2586,8,110.1,2024-07-12,2025-07-12
2748,715,11,468.35,2024-08-23,2025-08-23
2749,2952,13,142.55,2023-09-21,2024-09-20
2750,2115,4,217.1,2024-12-08,2025-12-08
2751,510,13,111.42,2024-11-10,2025-11-10
2752,2673,5,132.77,2024-04-26,2025-04-26
2753,1770,10,417.8,2025-09-18,2026-09-18
2754,872,7,84.29,2024-11-16,2025-11-16
2755,1975,7,103.77,2024-05-22,2023-05-23
2756,2904,13,143.91,2025-06-09,2024-06-09
2757,1956,3,349.02,2026-07-09,2027-07-09
2758,2089,2,263.96,2026-03-26,2027-03-26
2759,1972,8,71.1,2025-04-24,2026-04-24
2760,2038,8,66.64,2023-07-04,2024-07-03
2761,3075,5,271.87,2025-01-24,2026-01-24
2762,2050,6,128.06,2023-11-11,2024-11-10
2763,808,11,364.06,2023-10-23,2024-10-22
2764,1335,13,154.65,2025-02-16,2026-02-16
2765,1312,2,276.53,2023-07-11,2024-07-10
2766,2709,9,487.49,2024-04-03,2025-04-03
2767,1219,10,412.45,2025-04-30,2026-04-30
2768,295,6,176.87,2024-06-17,2025-06-17
2769,2618,12,120.93,2024-04-29,2025-04-29
2770,2348,9,477.93,2025-06-22,2026-06-22
2771,2860,8,68.49,2023-03-20,2024-03-19
2772,261,13,113.38,2025-04-01,2026-04-01
2773,68,3,217.33,2025-03-09,2026-03-09
2774,484,2,217.52,2025-03-07,2026-03-07
2775,1825,13,193.96,2026-08-20,2027-08-20
2776,1231,12,125.9,2025-01-15,2026-01-15
2777,3088,6,179.06,2026-07-17,2027-07-17
2778,2585,6,161.27,2023-11-24,2024-11-23
2779,2575,6,233.5,2026-01-19,2027-01-19
2780,1888,11,350.34,2025-01-08,2026-01-08
2781,2428,12,137.97,2024-01-09,2025-01-08
2782,2479,11,512.97,2023-07-16,2024-07-15
2783,2883,12,146.72,2026-09-06,2025-09-06
2784,2691,6,261.3,2023-08-03,2024-08-02
2785,528,11,321.25,2025-08-22,2026-08-22
2786,1724,1,196.32,2025-06-08,2026-06-08
2787,2195,7,77.29,2025-09-14,2026-09-14
2788,555,12,137.55,2023-12-20,2024-12-19
2789,2647,7,81.39,2024-12-24,2025-12-24
2790,3084,2,175.44,2025-01-16,2026-01-16
2791,2458,4,116.81,2025-01-24,2026-01-24
2792,532,13,141.87,2023-02-22,2024-02-22
2793,1791,4,192.26,2023-11-06,2024-11-05
2794,2241,6,253.79,2024-04-27,2025-04-27
2795,589,13,137.59,2025-10-16,2026-10-16
2796,2975,5,197.47,2026-05-10,2027-05-10
2797,1231,9,442.93,2024-09-26,2025-09-26
2798,2044,8,132.1,2025-01-07,2026-01-07
2799,1864,6,156.67,2023-01-21,2024-01-21
2800,504,13,162.3,2023-04-11,2024-04-10
2801,202,13,123.73,2024-09-27,2025-09-27
2802,1437,3,271.79,2026-01-16,2027-01-16
2803,50,7,65.54,2026-02-25,2027-02-25
2804,2278,10,416.15,2024-06-16,2025-06-16
2805,1783,3,219.51,2025-12-24,2026-12-24
2806,2990,13,112.72,2025-02-25,2026-02-25
2807,1212,10,416.67,2024-03-25,2025-03-25
2808,1820,10,339.64,2025-04-16,2026-04-16
2809,814,11,518.38,2023-10-30,2024-10-29
2810,2837,9,336.17,2026-06-15,2027-06-15
2811,1413,1,220.04,2024-08-17,2025-08-17
2812,2617,9,560.99,2024-10-03,2025-10-03
2813,675,3,214.07,2024-10-16,2025-10-16
2814,16,8,76.58,2025-05-03,2026-05-03
2815,1959,13,101.62,2023-06-05,2024-06-04
2816,2407,10,374.98,2025-04-19,2026-04-19
2817,2344,13,147.45,2026-05-27,2027-05-27
2818,1799,8,87.97,2024-04-19,2025-04-19
2819,1495,6,244.08,2025-12-18,2026-12-18
2820,2147,10,412.93,2026-05-04,2027-05-04
2821,1419,8,124.26,2023-08-20,2024-08-19
2822,2508,13,141.1,2024-06-24,2025-06-24
2823,2961,13,116.05,2025-06-10,2026-06-10
2824,2313,7,87.18,2024-05-28,2025-05-28
2825,1980,7,92.12,2023-11-20,2024-11-19
2826,911,13,108.18,2025-06-29,2026-06-29
2827,298,12,159.53,2026-02-26,2027-02-26
2828,1922,8,73.62,2026-01-06,2027-01-06
2829,905,6,164.81,2026-05-02,2027-05-02
2830,3191,1,240.82,2023-01-26,2024-01-26
2831,1437,2,232.64,2024-10-21,2025-10-21
2832,1165,2,207.24,2023-05-18,2024-05-17
2833,1136,7,64.24,2023-09-15,2024-09-14
2834,3029,9,479.73,2024-01-21,2025-01-20
2835,1012,2,234.66,2024-02-19,2025-02-18
2836,798,8,79.47,2026-04-13,2027-04-13
2837,83,13,181.31,2023-11-17,2024-11-16
2838,2992,3,240.36,2023-01-01,2024-01-01
2839,2295,11,358.01,2025-08-21,2026-08-21
2840,2262,6,141.8,2024-01-25,2025-01-24
2841,1741,4,193.84,2025-08-18,2026-08-18
2842,2380,12,150.21,2025-02-27,2026-02-27
2843,2332,11,550.24,2025-10-18,2026-10-18
2844,1335,7,101.42,2023-04-24,2024-04-23
2845,1198,8,150.89,2025-06-27,2026-06-27
2846,2461,9,454.09,2023-02-25,2024-02-25
2847,71,11,333.6,2024-01-08,2025-01-07
2848,605,10,374.34,2025-11-24,2026-11-24
2849,1187,9,579.47,2026-06-26,2027-06-26
2850,322,8,64.57,2023-05-19,2024-05-18
2851,1309,6,178.34,2025-06-24,2026-06-24
2852,2612,7,87.19,2026-04-23,2027-04-23
2853,2266,11,346.56,2025-11-02,2026-11-02
2854,1246,2,289.58,2024-10-07,2025-10-07
2855,2830,12,184.77,2025-03-13,2026-03-13
2856,2567,9,385.75,2024-03-20,2025-03-20
2857,1520,2,221.85,2023-02-19,2024-02-19
2858,778,2,265.53,2025-07-07,2026-07-07
2859,3193,6,172.5,2025-03-05,2026-03-05
2860,2265,9,423.37,2024-01-11,2025-01-10
2861,2133,7,83.42,2026-02-14,2027-02-14
2862,458,7,86.27,2024-04-01,2025-04-01
2863,1964,4,166.29,2025-05-22,2026-05-22
2864,2320,3,196.04,2024-03-17,2025-03-17
2865,2291,7,98.72,2025-05-20,2026-05-20
2866,3126,12,128.57,2023-11-28,2024-11-27
2867,1617,10,459.22,2023-04-05,2024-04-04
2868,1945,10,429.47,2024-12-17,2025-12-17
2869,1839,6,157.94,2024-10-31,2025-10-31
2870,13,8,77.91,2023-09-25,2024-09-24
2871,49,7,65.71,2025-12-27,2026-12-27
2872,3021,12,96.21,2026-01-12,2027-01-12
2873,1333,13,107.45,2024-12-02,2025-12-02
2874,1196,8,84.76,2023-04-06,2024-04-05
2875,627,7,78.56,2024-08-09,2025-08-09
2876,243,11,542.59,2024-09-12,2025-09-12
2877,479,10,317.52,2023-09-01,2024-08-31
2878,2788,1,169.78,2025-01-21,2026-01-21
2879,1789,1,290.73,2023-02-04,2024-02-04
2880,1805,7,72.38,2024-09-30,2025-09-30
2881,1233,3,182.67,2023-10-10,2024-10-09
2882,1957,2,303.44,2026-03-14,2027-03-14
2883,153,10,464.29,2024-09-22,2025-09-22
2884,1361,11,390.74,2026-08-23,2027-08-23
2885,167,6,172.47,2026-02-25,2027-02-25
2886,1200,9,378.48,2024-09-15,2025-09-15
2887,3159,12,221.25,2025-12-09,2026-12-09
2888,966,7,101.14,2024-08-30,2025-08-30
2889,2736,5,139.52,2026-07-26,2027-07-26
2890,2510,10,598.59,2026-05-29,2027-05-29
2891,167,2,236.42,2026-04-26,2027-04-26
2892,2909,12,121.8,2026-01-31,2027-01-31
2893,2228,10,505.56,2024-10-09,2025-10-09
2894,42,13,115.66,2025-06-15,2026-06-15
2895,2374,13,200.46,2025-10-16,2026-10-16
2896,2417,12,162.49,2025-04-12,2026-04-12
2897,2298,1,267.41,2024-04-15,2025-04-15
2898,2235,8,128.91,2024-01-05,2025-01-04
2899,1495,1,331.88,2024-10-28,2025-10-28
2900,1675,9,462.23,2024-04-19,2025-04-19
2901,1431,5,155.01,2025-06-22,2026-06-22
2902,2051,10,477.35,2023-11-28,2024-11-27
2903,2393,8,98.4,2026-08-01,2027-08-01
2904,1266,10,435.64,2026-02-11,2027-02-11
2905,2311,13,112.38,2024-04-19,2025-04-19
2906,367,8,63.57,2025-05-18,2026-05-18
2907,1138,5,265.1,2023-06-18,2024-06-17
2908,3154,8,69.75,2025-05-04,2026-05-04
2909,1086,7,136.64,2025-05-30,2026-05-30
2910,1414,12,130.57,2025-04-28,2026-04-28
2911,1171,8,73.67,2026-03-20,2027-03-20
2912,470,6,220.88,2026-02-16,2027-02-16
2913,2437,13,130.87,2023-10-04,2024-10-03
2914,776,12,140.77,2026-05-01,2027-05-01
2915,1333,5,178.19,2025-08-31,2026-08-31
2916,10,10,496.0,2023-09-05,2024-09-04
2917,1072,7,76.2,2025-06-10,2026-06-10
2918,780,7,78.56,2024-10-28,2025-10-28
2919,1579,3,195.31,2025-05-31,2026-05-31
2920,362,6,164.04,2023-09-09,2024-09-08
2921,1475,7,128.8,2026-03-24,2027-03-24
2922,1119,6,167.02,2023-10-17,2024-10-16
2923,1390,2,247.67,2026-01-13,2027-01-13
2924,253,13,113.04,2025-12-12,2026-12-12
2925,2856,2,237.49,2023-05-28,2024-05-27
2926,771,5,124.04,2024-01-13,2025-01-12
2927,868,11,411.73,2024-05-23,2025-05-23
2928,1925,5,126.44,2023-11-13,2024-11-12
2929,514,10,358.07,2025-05-29,2026-05-29
2930,1780,13,122.75,2025-11-07,2026-11-07
2931,2379,8,90.63,2025-07-03,2026-07-03
2932,1876,7,104.02,2024-08-15,2025-08-15
2933,2501,4,173.96,2025-09-28,2026-09-28
2934,2028,6,210.28,2025-04-05,2026-04-05
2935,1068,12,134.14,2024-11-07,2025-11-07
2936,2659,10,564.34,2024-03-04,2025-03-04
2937,131,4,165.54,2024-02-27,2025-02-26
2938,1982,11,403.61,2024-05-13,2025-05-13
2939,850,12,115.45,2023-07-28,2024-07-27
2940,2723,3,267.34,2025-03-26,2026-03-26
2941,2215,1,215.59,2023-10-04,2024-10-03
2942,489,12,126.31,2026-06-12,2027-06-12
2943,1497,4,135.96,2024-07-19,2025-07-19
2944,2737,6,174.32,2023-07-13,2024-07-12
2945,1008,7,91.17,2026-04-02,2027-04-02
2946,89,10,298.67,2025-05-10,2026-05-10
2947,966,10,380.57,2025-03-24,2026-03-24
2948,579,11,477.78,2023-10-21,2024-10-20
2949,2026,12,136.17,2024-11-20,2025-11-20
2950,2254,5,288.34,2023-07-23,2024-07-22
2951,3180,5,241.36,2025-05-01,2026-05-01
2952,248,13,162.84,2024-10-23,2025-10-23
2953,2514,13,156.03,2023-02-06,2024-02-06
2954,2905,12,187.27,2026-06-06,2027-06-06
2955,1450,5,152.89,2025-05-06,2026-05-06
2956,204,12,97.66,2023-07-10,2024-07-09
2957,2283,4,157.62,2025-06-25,2026-06-25
2958,1930,4,167.49,2025-07-17,2026-07-17
2959,1150,6,141.8,2027-06-21,2026-06-21
2960,636,1,235.09,2025-03-12,2026-03-12
2961,163,9,327.73,2024-08-05,2025-08-05
2962,2104,8,88.45,2025-12-30,2026-12-30
2963,2524,4,175.93,2025-08-03,2026-08-03
2964,481,7,78.87,2024-02-29,2025-02-28
2965,2355,11,442.03,2024-11-02,2025-11-02
2966,460,7,75.08,2024-08-28,2025-08-28
2967,1507,7,149.87,2025-11-02,2026-11-02
2968,1276,8,81.74,2023-04-17,2024-04-16
2969,2578,12,158.19,2024-07-06,2025-07-06
2970,888,10,470.17,2025-12-07,2026-12-07
2971,1436,8,101.77,2024-07-27,2025-07-27
2972,1378,12,116.35,2025-01-09,2026-01-09
2973,3038,11,309.78,2023-03-06,2024-03-05
2974,223,4,171.91,2023-10-24,2024-10-23
2975,319,5,269.32,2026-10-21,2025-10-21
2976,791,4,151.93,2025-02-06,2026-02-06
2977,2379,10,363.03,2023-04-10,2024-04-09
2978,1662,1,275.58,2024-02-14,2025-02-13
2979,856,7,67.52,2025-06-09,2026-06-09
2980,714,9,357.35,2024-02-29,2025-02-28
2981,1589,7,108.49,2025-03-27,2026-03-27
2982,929,4,159.2,2024-08-22,2025-08-22
2983,2252,4,151.66,2023-05-11,2024-05-10
2984,2831,9,417.18,2026-04-07,2027-04-07
2985,1906,7,88.78,2023-08-14,2024-08-13
2986,2609,13,114.39,2023-05-31,2024-05-30
2987,2908,1,243.21,2024-11-12,2025-11-12
2988,1807,6,163.27,2025-05-04,2026-05-04
2989,1495,13,166.41,2025-06-04,2026-06-04
2990,746,7,100.86,2023-02-27,2024-02-27
2991,761,13,132.5,2023-07-20,2024-07-19
2992,1697,8,73.32,2024-08-26,2025-08-26
2993,792,8,112.96,2024-08-11,2025-08-11
2994,1233,12,95.9,2023-06-25,2024-06-24
2995,785,4,158.35,2026-07-02,2027-07-02
2996,2021,7,86.24,2023-09-07,2024-09-06
2997,1903,12,141.42,2026-02-08,2027-02-08
2998,405,9,335.98,2023-08-21,2024-08-20
2999,1058,6,157.7,2023-11-18,2024-11-17
3000,2052,8,88.77,2025-05-02,2026-05-02
3001,305,5,118.26,2025-08-20,2026-08-20
3002,2925,7,87.94,2023-01-02,2024-01-02
3003,1648,13,130.18,2024-10-12,2025-10-12
3004,2224,8,79.85,2023-01-11,2024-01-11
3005,31,3,208.8,2023-07-05,2024-07-04
3006,1652,2,189.23,2023-08-02,2024-08-01
3007,151,1,339.14,2025-07-14,2026-07-14
3008,908,3,355.0,2026-07-17,2027-07-17
3009,360,9,300.78,2024-05-15,2025-05-15
3010,1926,13,120.14,2025-05-14,2026-05-14
3011,126,3,211.54,2026-08-24,2027-08-24
3012,1300,7,96.05,2023-04-28,2024-04-27
3013,1793,12,163.95,2023-06-03,2024-06-02
3014,1148,5,150.77,2023-12-20,2024-12-19
3015,2707,1,222.95,2025-08-26,2026-08-26
3016,1195,10,393.55,2025-12-17,2026-12-17
3017,938,3,249.73,2024-08-24,2025-08-24
3018,301,2,205.13,2024-06-19,2025-06-19
3019,919,13,113.89,2024-11-23,2025-11-23
3020,976,8,119.9,2023-10-28,2024-10-27
3021,3087,10,384.04,2024-10-27,2025-10-27
3022,957,2,256.04,2024-07-07,2025-07-07
3023,1289,2,176.67,2024-10-24,2025-10-24
3024,1180,1,251.13,2024-03-12,2025-03-12
3025,2676,1,247.17,2024-08-18,2025-08-18
3026,3043,6,140.47,2023-01-25,2024-01-25
3027,2226,12,127.76,2026-01-01,2027-01-01
3028,2804,8,125.07,2023-04-20,2024-04-19
3029,3138,12,158.85,2024-07-15,2025-07-15
3030,2760,8,89.86,2025-09-27,2026-09-27
3031,2042,4,212.31,2024-04-01,2025-04-01
3032,2681,13,163.98,2026-05-19,2027-05-19
3033,385,11,660.81,2023-11-16,2024-11-15
3034,1487,4,263.17,2025-09-17,2026-09-17
3035,1310,2,304.53,2026-02-28,2027-02-28
3036,76,3,182.54,2024-11-01,2025-11-01
3037,2282,13,134.81,2023-02-06,2024-02-06
3038,1469,6,141.99,2024-12-26,2025-12-26
3039,1435,11,402.77,2023-05-19,2024-05-18
3040,1831,5,146.03,2023-04-12,2024-04-11
3041,842,12,93.18,2025-05-22,2026-05-22
3042,389,3,254.94,2024-07-05,2025-07-05
3043,2827,9,339.21,2025-11-16,2026-11-16
3044,2505,3,283.09,2023-04-21,2024-04-20
3045,825,1,349.73,2023-08-30,2024-08-29
3046,2387,7,78.12,2023-11-01,2024-10-31
3047,657,4,202.54,2024-01-15,2025-01-14
3048,1991,9,403.18,2024-03-14,2025-03-14
3049,1410,9,676.41,2025-08-01,2026-08-01
3050,1070,1,208.5,2023-12-24,2024-12-23
3051,2902,9,491.84,2024-10-08,2025-10-08
3052,953,10,279.28,2023-07-27,2024-07-26
3053,1268,4,153.1,2024-01-15,2025-01-14
3054,2433,5,138.94,2025-01-26,2026-01-26
3055,1866,3,219.62,2024-08-11,2025-08-11
3056,207,7,97.39,2024-11-06,2025-11-06
3057,2626,3,232.14,2026-01-26,2027-01-26
3058,2490,12,127.3,2024-01-09,2025-01-08
3059,1886,13,134.18,2024-03-31,2025-03-31
3060,2568,2,281.75,2023-05-27,2024-05-26
3061,609,1,228.53,2023-07-28,2024-07-27
3062,2608,1,215.89,2023-04-14,2024-04-13
3063,1948,7,90.01,2023-04-01,2024-03-31
3064,1066,11,517.64,2025-12-11,2026-12-11
3065,1182,1,224.04,2023-09-16,2024-09-15
3066,697,3,242.12,2024-05-25,2025-05-25
3067,1318,9,499.93,2026-03-24,2027-03-24
3068,2396,1,241.78,2025-12-14,2026-12-14
3069,2302,11,362.54,2026-06-19,2027-06-19
3070,923,2,255.49,2026-02-08,2027-02-08
3071,1540,3,181.11,2026-05-05,2027-05-05
3072,277,7,120.22,2023-06-02,2024-06-01
3073,2226,8,84.15,2026-01-20,2027-01-20
3074,3165,6,237.45,2025-06-28,2026-06-28
3075,2663,11,395.53,2026-01-18,2027-01-18
3076,915,5,138.03,2024-05-27,2025-05-27
3077,1621,5,247.28,2024-10-03,2025-10-03
3078,1801,9,328.96,2024-04-21,2025-04-21
3079,1319,12,149.59,2024-06-24,2025-06-24
3080,415,3,161.18,2026-02-11,2027-02-11
3081,2313,6,215.52,2023-04-29,2024-04-28
3082,559,13,135.96,2026-04-26,2027-04-26
3083,3129,5,176.2,2024-12-26,2025-12-26
3084,288,8,105.8,2023-07-25,2024-07-24
3085,962,6,147.34,2023-02-03,2024-02-03
3086,1705,9,470.05,2025-04-02,2026-04-02
3087,955,1,315.17,2023-05-22,2024-05-21
3088,2855,1,269.15,2026-04-23,2027-04-23
3089,3046,4,152.39,2025-09-30,2026-09-30
3090,468,5,186.36,2024-04-16,2025-04-16
3091,2551,2,181.25,2024-03-16,2025-03-16
3092,2585,4,161.18,2026-01-07,2027-01-07
3093,209,2,373.36,2025-01-29,2026-01-29
3094,185,9,667.98,2025-03-12,2026-03-12
3095,1108,11,387.92,2024-09-03,2025-09-03
3096,1106,9,315.2,2024-10-19,2025-10-19
3097,1740,7,99.36,2026-05-25,2027-05-25
3098,2935,5,152.88,2025-06-22,2026-06-22
3099,491,4,316.68,2023-11-22,2024-11-21
3100,3064,3,247.59,2026-01-28,2027-01-28
3101,2480,1,179.97,2025-10-19,2024-10-19
3102,2201,3,278.66,2025-04-28,2026-04-28
3103,3062,8,76.24,2024-10-30,2025-10-30
3104,1830,12,119.55,2025-07-04,2026-07-04
3105,760,2,211.75,2026-07-26,2027-07-26
3106,348,8,89.72,2025-07-28,2024-07-28
3107,714,1,207.24,2026-08-15,2027-08-15
3108,1295,12,84.52,2023-02-19,2024-02-19
3109,1055,2,245.56,2024-12-15,2025-12-15
3110,2208,2,281.01,2023-02-09,2024-02-09
3111,1044,8,61.47,2025-11-29,2026-11-29
3112,201,1,232.26,2023-03-18,2024-03-17
3113,2922,10,401.07,2024-05-30,2025-05-30
3114,1578,12,126.81,2026-01-01,2027-01-01
3115,1438,5,151.81,2024-07-31,2025-07-31
3116,2260,12,164.35,2025-03-22,2026-03-22
3117,1296,10,369.29,2024-01-30,2025-01-29
3118,2854,11,443.24,2023-06-12,2024-06-11
3119,2078,1,243.82,2023-08-07,2024-08-06
3120,1574,7,151.84,2025-02-02,2026-02-02
3121,2765,2,327.55,2026-05-17,2027-05-17
3122,985,2,397.92,2025-06-18,2026-06-18
3123,290,10,458.8,2025-06-05,2026-06-05
3124,1971,11,354.45,2024-01-22,2025-01-21
3125,416,3,243.3,2024-04-13,2025-04-13
3126,641,4,142.34,2025-04-03,2026-04-03
3127,665,8,85.48,2023-07-24,2024-07-23
3128,1041,8,72.54,2025-05-08,2026-05-08
3129,3118,12,177.27,2024-09-23,2025-09-23
3130,2721,12,119.11,2023-05-18,2024-05-17
3131,992,11,379.15,2024-07-25,2025-07-25
3132,2918,12,141.55,2025-07-26,2026-07-26
3133,1330,12,107.91,2024-06-29,2025-06-29
3134,1227,13,113.98,2023-01-11,2024-01-11
3135,1268,10,401.26,2026-01-19,2027-01-19
3136,1660,6,154.61,2024-08-15,2025-08-15
3137,2061,11,348.05,2025-09-03,2026-09-03
3138,1960,11,398.76,2025-09-04,2026-09-04
3139,1044,13,115.04,2025-07-16,2026-07-16
3140,1318,5,200.75,2024-12-19,2025-12-19
3141,409,13,87.51,2023-09-17,2024-09-16
3142,2342,10,351.19,2025-07-26,2026-07-26
3143,2844,9,515.49,2023-06-17,2024-06-16
3144,2464,5,155.15,2024-06-02,2025-06-02
3145,2363,12,168.14,2025-06-10,2026-06-10
3146,2033,3,380.61,2025-05-11,2026-05-11
3147,1833,7,63.41,2025-02-06,2026-02-06
3148,1787,6,156.0,2025-05-01,2026-05-01
3149,2710,8,75.92,2025-09-04,2026-09-04
3150,455,7,135.93,2025-07-11,2026-07-11
3151,1918,1,297.31,2023-02-07,2024-02-07
3152,1475,8,105.71,2024-07-31,2025-07-31
3153,2544,13,120.24,2024-10-25,2025-10-25
3154,1596,5,177.74,2024-07-01,2025-07-01
3155,2252,8,82.75,2024-11-20,2025-11-20
3156,2681,10,644.46,2025-04-19,2026-04-19
3157,1386,7,71.24,2024-11-14,2025-11-14
3158,2316,7,70.76,2025-07-09,2026-07-09
3159,3006,9,384.37,2023-10-20,2024-10-19
3160,2343,8,94.08,2026-02-11,2027-02-11
3161,1117,6,193.93,2025-05-23,2026-05-23
3162,94,5,185.93,2026-06-03,2027-06-03
3163,2606,5,153.35,2024-09-19,2025-09-19
3164,707,13,96.47,2025-01-08,2026-01-08
3165,1975,13,197.87,2025-06-04,2026-06-04
3166,1959,10,380.46,2024-06-08,2025-06-08
3167,2012,2,284.48,2026-03-01,2027-03-01
3168,2402,2,222.51,2025-05-27,2026-05-27
3169,89,9,339.14,2023-12-27,2024-12-26
3170,406,11,413.38,2025-05-24,2026-05-24
3171,2172,2,213.74,2023-10-18,2024-10-17
3172,1959,1,206.67,2024-02-07,2025-02-06
3173,3071,7,71.24,2025-09-10,2026-09-10
3174,729,11,543.3,2023-12-26,2024-12-25
3175,1142,13,148.54,2023-01-08,2024-01-08
3176,1554,13,114.43,2026-06-09,2027-06-09
3177,2642,6,154.77,2025-05-11,2026-05-11
3178,162,4,226.2,2026-01-15,2027-01-15
3179,1893,12,164.87,2025-01-01,2026-01-01
3180,393,3,229.7,2024-01-22,2025-01-21
3181,2306,2,331.55,2025-02-27,2026-02-27
3182,2786,11,460.11,2023-11-12,2024-11-11
3183,1189,6,244.46,2025-09-13,2026-09-13
3184,2769,7,76.42,2024-09-06,2025-09-06
3185,1942,9,389.04,2026-01-31,2027-01-31
3186,1330,3,163.67,2024-01-03,2025-01-02
3187,1946,6,166.42,2025-07-18,2026-07-18
3188,306,9,413.38,2024-11-06,2025-11-06
3189,647,10,326.12,2023-10-26,2024-10-25
3190,2682,7,106.13,2023-10-22,2024-10-21
3191,2288,11,392.48,2024-05-07,2025-05-07
3192,2728,13,128.94,2023-06-12,2024-06-11
3193,2157,10,376.96,2025-09-25,2026-09-25
3194,2040,13,167.33,2023-06-20,2024-06-19
3195,74,10,455.31,2023-12-05,2024-12-04
3196,2542,10,407.37,2024-07-30,2025-07-30
3197,1298,9,363.67,2025-11-18,2026-11-18
3198,75,7,72.09,2023-01-17,2024-01-17
3199,419,12,116.81,2024-07-27,2025-07-27
3200,2820,5,128.36,2024-01-04,2025-01-03
3201,1794,12,129.27,2025-03-21,2026-03-21
3202,1465,7,94.78,2024-03-05,2025-03-05
3203,259,1,289.7,2024-10-24,2025-10-24
3204,1513,10,775.68,2023-07-07,2024-07-06
3205,1955,3,210.06,2023-05-15,2024-05-14
3206,2839,10,421.55,2023-07-08,2024-07-07
3207,1848,8,87.31,2025-10-20,2026-10-20
3208,28,4,138.22,2025-06-30,2026-06-30
3209,873,6,177.81,2026-07-21,2027-07-21
3210,342,1,324.36,2024-08-15,2025-08-15
3211,1695,4,209.21,2026-02-03,2027-02-03
3212,648,6,185.88,2025-06-18,2024-06-18
3213,1,9,383.2,2025-02-19,2026-02-19
3214,2837,13,123.3,2023-04-19,2024-04-18
3215,2664,7,109.38,2024-07-08,2025-07-08
3216,2223,2,242.26,2023-06-20,2024-06-19
3217,2282,1,302.15,2024-11-25,2025-11-25
3218,1294,4,181.78,2026-03-17,2027-03-17
3219,2504,9,398.78,2023-11-06,2024-11-05
3220,2460,6,186.6,2025-10-09,2026-10-09
3221,2487,10,511.72,2024-11-01,2025-11-01
3222,2058,8,81.21,2025-08-25,2026-08-25
3223,1120,4,163.88,2024-06-18,2025-06-18
3224,1585,13,106.04,2025-10-21,2026-10-21
3225,450,10,466.74,2023-08-05,2024-08-04
3226,653,10,395.94,2023-08-26,2024-08-25
3227,2286,2,191.27,2026-02-13,2027-02-13
3228,310,13,106.32,2024-11-07,2025-11-07
3229,2008,3,238.78,2025-10-04,2026-10-04
3230,1563,7,74.6,2024-08-16,2025-08-16
3231,1225,7,72.12,2024-06-17,2025-06-17
3232,3067,10,492.43,2023-02-08,2024-02-08
3233,249,7,54.98,2023-09-11,2024-09-10
3234,2741,13,170.33,2023-12-29,2024-12-28
3235,1033,13,99.31,2023-10-20,2024-10-19
3236,1684,12,117.43,2023-01-12,2024-01-12
3237,1566,12,143.33,2023-01-22,2024-01-22
3238,2191,2,236.38,2025-01-07,2026-01-07
3239,632,6,190.13,2025-08-15,2026-08-15
3240,3020,3,199.31,2024-05-30,2025-05-30
3241,1881,2,226.59,2025-10-09,2026-10-09
3242,330,10,526.34,2023-08-16,2024-08-15
3243,2200,1,247.5,2025-08-27,2026-08-27
3244,734,13,161.72,2025-01-12,2026-01-12
3245,421,13,155.92,2025-09-14,2026-09-14
3246,1776,10,293.64,2023-07-09,2024-07-08
3247,653,6,204.88,2024-09-05,2025-09-05
3248,481,7,74.53,2026-07-24,2027-07-24
3249,619,2,230.89,2023-12-28,2024-12-27
3250,2549,11,547.31,2025-05-15,2026-05-15
3251,1900,7,94.23,2026-03-26,2027-03-26
3252,2814,2,277.61,2024-07-02,2025-07-02
3253,2819,11,414.74,2025-03-11,2026-03-11
3254,2185,12,86.41,2023-12-05,2024-12-04
3255,1659,4,223.83,2025-04-29,2026-04-29
3256,60,12,119.97,2025-10-02,2026-10-02
3257,158,2,294.84,2023-12-11,2024-12-10
3258,3012,11,334.81,2023-05-08,2024-05-07
3259,1523,8,88.72,2026-06-29,2027-06-29
3260,505,10,508.95,2023-06-07,2024-06-06
3261,1694,6,182.14,2024-12-12,2025-12-12
3262,1625,5,200.71,2023-04-22,2024-04-21
3263,1474,5,170.52,2024-01-21,2025-01-20
3264,249,12,89.4,2024-07-19,2025-07-19
3265,2252,2,252.95,2023-02-07,2024-02-07
3266,2291,9,457.45,2026-08-23,2027-08-23
3267,2040,3,298.39,2026-07-26,2027-07-26
3268,481,1,260.42,2025-06-14,2026-06-14
3269,2212,8,167.02,2024-05-08,2025-05-08
3270,3094,12,169.09,2023-01-12,2024-01-12
3271,254,6,163.32,2026-08-24,2027-08-24
3272,6,13,142.99,2025-02-25,2026-02-25
3273,2799,5,164.14,2023-01-11,2024-01-11
3274,1915,12,132.12,2024-10-06,2025-10-06
3275,994,2,235.86,2023-09-17,2024-09-16
3276,2170,12,123.03,2025-07-21,2026-07-21
3277,1509,1,187.34,2023-04-08,2024-04-07
3278,2583,1,238.47,2026-01-22,2027-01-22
3279,1343,10,312.86,2024-03-05,2025-03-05
3280,2081,3,241.99,2025-09-19,2026-09-19
3281,1568,6,171.54,2024-10-28,2025-10-28
3282,1821,5,186.65,2025-01-11,2024-01-12
3283,2841,6,272.38,2024-10-16,2025-10-16
3284,230,1,301.66,2024-06-01,2025-06-01
3285,377,11,696.69,2025-12-08,2024-12-08
3286,1481,1,289.59,2026-06-28,2027-06-28
3287,494,13,123.3,2023-02-20,2024-02-20
3288,380,7,76.48,2023-01-07,2024-01-07
3289,2589,2,193.77,2025-02-04,2026-02-04
3290,1753,12,90.72,2023-11-12,2024-11-11
3291,2868,12,196.81,2025-02-22,2026-02-22
3292,2392,8,90.31,2025-08-11,2026-08-11
3293,832,3,264.93,2025-01-27,2026-01-27
3294,835,12,140.15,2023-04-15,2024-04-14
3295,814,9,447.36,2023-11-01,2024-10-31
3296,505,5,165.93,2024-08-31,2025-08-31
3297,561,7,87.77,2025-05-31,2026-05-31
3298,1177,5,128.81,2025-05-25,2026-05-25
3299,2840,4,136.11,2024-10-07,2025-10-07
3300,2442,8,115.02,2026-02-04,2027-02-04
3301,1508,3,237.21,2023-08-11,2024-08-10
3302,1563,6,186.15,2023-08-09,2024-08-08
3303,2529,13,145.79,2024-04-12,2025-04-12
3304,2760,1,213.78,2024-07-29,2025-07-29
3305,861,4,176.91,2025-12-11,2026-12-11
3306,981,3,254.5,2023-01-09,2024-01-09
3307,1329,3,248.44,2023-11-11,2024-11-10
3308,1059,1,258.15,2024-05-17,2025-05-17
3309,2238,10,327.77,2024-09-12,2025-09-12
3310,2047,5,158.81,2023-11-25,2024-11-24
3311,1953,13,168.98,2024-02-19,2025-02-18
3312,119,7,165.98,2025-09-21,2026-09-21
3313,238,12,119.84,2023-03-30,2024-03-29
3314,122,3,259.67,2026-04-04,2027-04-04
3315,1207,10,303.32,2025-08-13,2026-08-13
3316,2145,9,309.92,2026-02-27,2027-02-27
3317,2562,9,324.9,2025-12-16,2026-12-16
3318,2809,6,242.35,2023-05-20,2024-05-19
3319,2231,13,105.21,2025-02-13,2026-02-13
3320,1635,12,218.55,2023-11-23,2024-11-22
3321,193,7,70.51,2026-01-19,2027-01-19
3322,1546,7,62.86,2023-06-03,2024-06-02
3323,2445,4,240.96,2023-07-26,2024-07-25
3324,2498,11,360.13,2024-03-20,2025-03-20
3325,2284,3,277.27,2026-02-18,2027-02-18
3326,2531,13,129.89,2024-06-13,2025-06-13
3327,2174,11,427.03,2024-07-10,2025-07-10
3328,2188,4,126.8,2024-10-13,2025-10-13
3329,2835,11,384.16,2025-03-03,2026-03-03
3330,410,4,136.65,2025-10-29,2026-10-29
3331,1730,11,448.88,2024-09-01,2025-09-01
3332,2622,13,142.63,2024-09-13,2025-09-13
3333,100,13,139.06,2023-01-18,2024-01-18
3334,867,11,385.97,2026-08-08,2027-08-08
3335,2892,5,247.59,2025-05-06,2026-05-06
3336,2155,13,150.17,2023-06-14,2024-06-13
3337,1311,11,490.98,2023-07-21,2024-07-20
3338,3007,9,447.07,2024-08-04,2025-08-04
3339,490,11,380.86,2023-10-09,2024-10-08
3340,2434,13,174.62,2024-05-31,2025-05-31
3341,456,11,296.83,2024-04-07,2025-04-07
3342,160,8,62.56,2023-10-04,2024-10-03
3343,1266,2,263.24,2025-04-01,2026-04-01
3344,56,2,256.22,2024-08-25,2025-08-25
3345,1582,4,175.53,2025-09-21,2026-09-21
3346,1297,10,435.22,2024-10-09,2025-10-09
3347,2720,7,101.74,2026-02-25,2027-02-25
3348,1647,9,474.07,2026-03-18,2027-03-18
3349,1898,4,161.18,2025-05-10,2026-05-10
3350,1112,2,251.84,2023-07-22,2024-07-21
3351,3169,7,112.96,2023-12-02,2024-12-01
3352,956,13,139.73,2025-12-12,2026-12-12
3353,970,12,150.45,2026-01-03,2027-01-03
3354,2482,13,169.77,2025-01-03,2026-01-03
3355,1036,11,448.08,2025-05-12,2026-05-12
3356,1689,9,335.01,2025-01-08,2026-01-08
3357,2037,7,127.07,2024-10-01,2025-10-01
3358,2670,3,322.95,2026-04-02,2027-04-02
3359,597,9,373.87,2023-01-09,2024-01-09
3360,129,3,201.71,2025-05-26,2026-05-26
3361,1169,11,498.09,2026-04-14,2027-04-14
3362,310,7,66.04,2024-06-20,2023-06-21
3363,2447,2,251.76,2026-04-29,2027-04-29
3364,1266,8,108.09,2024-05-24,2025-05-24
3365,394,11,544.76,2025-03-30,2026-03-30
3366,3012,11,341.98,2023-11-17,2024-11-16
3367,18,7,122.85,2023-09-25,2024-09-24
3368,2764,13,145.01,2024-02-09,2025-02-08
3369,3170,4,148.68,2025-03-23,2026-03-23
3370,3171,11,547.62,2023-04-04,2024-04-03
3371,243,13,163.59,2023-05-15,2024-05-14
3372,2027,1,365.89,2025-06-01,2024-06-01
3373,602,7,133.05,2025-04-13,2026-04-13
3374,605,10,484.83,2024-06-10,2025-06-10
3375,2357,8,108.95,2025-06-01,2026-06-01
3376,1459,2,223.24,2024-08-05,2025-08-05
3377,2009,7,69.58,2026-04-22,2025-04-22
3378,2083,8,78.43,2026-01-30,2027-01-30
3379,2042,8,119.23,2026-02-22,2027-02-22
3380,1297,12,113.37,2023-05-23,2024-05-22
3381,1324,6,189.5,2023-12-04,2024-12-03
3382,204,2,205.32,2024-07-14,2025-07-14
3383,84,6,203.18,2023-10-02,2024-10-01
3384,2028,11,434.87,2026-08-10,2027-08-10
3385,931,6,193.0,2026-04-29,2027-04-29
3386,1414,11,384.56,2025-10-18,2026-10-18
3387,2997,7,78.93,2025-08-25,2026-08-25
3388,531,8,87.26,2026-06-24,2027-06-24
3389,3026,12,139.3,2024-08-28,2025-08-28
3390,42,10,434.75,2023-06-02,2024-06-01
3391,2444,13,117.11,2024-08-20,2025-08-20
3392,2514,12,140.0,2024-05-22,2025-05-22
3393,2606,7,68.27,2025-10-26,2026-10-26
3394,1457,13,169.38,2025-08-20,2026-08-20
3395,207,5,185.49,2024-05-26,2023-05-27
3396,2635,8,65.98,2026-03-09,2027-03-09
3397,3142,13,123.69,2024-12-19,2025-12-19
3398,1435,3,229.9,2024-04-01,2025-04-01
3399,1087,7,107.0,2025-08-15,2026-08-15
3400,2106,2,387.67,2024-03-19,2025-03-19
3401,3006,6,147.66,2026-08-21,2027-08-21
3402,1322,11,447.2,2024-07-05,2025-07-05
3403,2537,3,246.24,2023-09-10,2024-09-09
3404,670,3,214.68,2023-05-27,2024-05-26
3405,1264,4,188.53,2025-11-12,2026-11-12
3406,1049,8,80.4,2025-10-31,2026-10-31
3407,3143,11,416.04,2023-04-17,2024-04-16
3408,1516,2,161.02,2025-01-29,2026-01-29
3409,2956,3,247.69,2023-09-24,2024-09-23
3410,891,5,169.57,2024-06-06,2025-06-06
3411,3126,4,165.53,2025-07-16,2026-07-16
3412,3150,11,316.25,2024-06-06,2025-06-06
3413,165,11,396.53,2026-08-05,2027-08-05
3414,2476,13,136.08,2024-11-04,2025-11-04
3415,2670,6,256.64,2025-06-09,2026-06-09
3416,800,11,504.55,2025-11-29,2026-11-29
3417,1136,7,77.84,2026-04-15,2027-04-15
3418,920,13,124.23,2026-03-10,2027-03-10
3419,679,9,388.0,2023-02-06,2024-02-06
3420,1442,2,225.49,2026-03-28,2027-03-28
3421,1973,8,103.35,2026-01-17,2027-01-17
3422,2024,2,322.49,2024-04-03,2025-04-03
3423,839,3,221.34,2024-04-11,2025-04-11
3424,2725,6,159.79,2025-10-10,2026-10-10
3425,1569,3,251.05,2023-07-14,2024-07-13
3426,1555,7,68.84,2023-02-11,2024-02-11
3427,178,5,139.71,2024-09-22,2025-09-22
3428,3159,13,251.88,2025-12-04,2026-12-04
3429,3094,9,498.76,2024-12-19,2025-12-19
3430,513,7,100.06,2023-04-20,2024-04-19
3431,1728,4,239.61,2023-01-06,2024-01-06
3432,884,10,626.76,2024-03-02,2025-03-02
3433,2279,11,445.7,2023-12-10,2024-12-09
3434,2040,8,102.92,2024-01-02,2025-01-01
3435,2112,13,137.24,2023-07-01,2024-06-30
3436,1426,6,262.55,2024-02-27,2025-02-26
3437,549,2,240.95,2026-05-19,2027-05-19
3438,398,8,74.28,2026-05-31,2027-05-31
3439,472,13,143.76,2024-10-08,2025-10-08
3440,2354,9,632.16,2024-02-19,2025-02-18
3441,26,12,169.11,2025-07-03,2026-07-03
3442,305,8,77.54,2024-04-13,2025-04-13
3443,1696,13,104.96,2025-06-29,2026-06-29
3444,2761,3,305.31,2023-07-01,2024-06-30
3445,486,1,341.53,2025-12-24,2026-12-24
3446,535,2,194.86,2023-08-04,2024-08-03
3447,3039,8,85.53,2023-06-08,2024-06-07
3448,1649,11,386.12,2023-01-20,2024-01-20
3449,2949,7,74.3,2024-04-25,2025-04-25
3450,7,1,283.94,2025-03-14,2026-03-14
3451,1402,10,382.13,2025-08-03,2026-08-03
3452,2632,10,388.45,2024-01-30,2025-01-29
3453,2409,10,494.42,2023-06-21,2024-06-20
3454,1383,2,206.38,2026-06-12,2027-06-12
3455,3082,4,154.88,2026-06-07,2027-06-07
3456,1746,4,232.97,2025-09-20,2026-09-20
3457,1713,2,260.21,2024-11-15,2025-11-15
3458,1896,4,129.96,2024-08-29,2025-08-29
3459,2443,2,425.58,2023-05-24,2024-05-23
3460,1712,6,140.89,2026-03-24,2027-03-24
3461,1548,2,216.31,2025-09-07,2026-09-07
3462,207,10,390.07,2026-05-21,2027-05-21
3463,1776,9,316.63,2023-05-01,2024-04-30
3464,490,11,449.91,2026-08-03,2027-08-03
3465,1923,11,437.33,2024-02-20,2025-02-19
3466,2357,8,113.07,2026-03-08,2027-03-08
3467,1587,3,189.64,2026-06-15,2027-06-15
3468,284,4,152.9,2025-11-13,2026-11-13
3469,2102,11,405.48,2025-08-18,2026-08-18
3470,2307,12,121.02,2024-03-19,2025-03-19
3471,2547,11,523.54,2026-01-06,2027-01-06
3472,725,10,461.03,2024-01-19,2025-01-18
3473,960,1,283.35,2025-06-20,2026-06-20
3474,1329,8,91.94,2026-04-24,2027-04-24
3475,66,1,358.82,2024-03-18,2025-03-18
3476,621,1,257.03,2025-02-21,2026-02-21
3477,2998,12,125.95,2026-01-02,2027-01-02
3478,2191,5,204.41,2025-04-10,2026-04-10
3479,2495,3,214.82,2023-06-13,2024-06-12
3480,1336,3,194.24,2026-08-03,2027-08-03
3481,888,2,262.62,2025-04-16,2026-04-16
3482,1922,12,126.42,2023-08-30,2024-08-29
3483,2504,2,177.43,2023-06-02,2024-06-01
3484,1562,12,144.35,2025-06-20,2026-06-20
3485,1245,11,334.51,2026-05-10,2027-05-10
3486,3154,7,76.43,2026-05-23,2027-05-23
3487,2525,7,92.08,2026-03-02,2027-03-02
3488,2881,3,312.92,2023-11-25,2024-11-24
3489,2191,12,122.44,2025-10-22,2026-10-22
3490,1745,3,269.45,2025-12-06,2026-12-06
3491,1194,7,108.01,2026-08-01,2027-08-01
3492,2960,9,387.18,2025-08-13,2026-08-13
3493,2496,7,87.79,2025-04-18,2026-04-18
3494,1921,3,273.51,2024-12-02,2025-12-02
3495,3048,7,102.39,2023-01-24,2024-01-24
3496,2653,10,600.38,2026-04-22,2027-04-22
3497,1321,9,381.82,2023-01-14,2024-01-14
3498,241,4,144.34,2025-11-30,2026-11-30
3499,379,10,429.3,2026-05-31,2027-05-31
3500,3167,6,120.78,2024-09-14,2025-09-14
3501,1918,10,470.14,2023-07-25,2024-07-24
3502,2416,7,78.1,2025-01-13,2026-01-13
3503,2346,1,224.05,2025-04-06,2026-04-06
3504,1075,12,200.62,2025-06-26,2026-06-26
3505,1992,9,452.74,2026-03-28,2027-03-28
3506,2782,5,157.15,2024-04-25,2025-04-25
3507,3046,8,67.85,2024-07-23,2025-07-23
3508,745,1,193.67,2023-01-09,2024-01-09
3509,1284,8,71.42,2024-07-20,2025-07-20
3510,2754,7,112.24,2026-01-22,2027-01-22
3511,1485,7,77.38,2024-02-24,2025-02-23
3512,58,12,133.99,2024-05-11,2025-05-11
3513,1310,5,165.68,2024-03-27,2025-03-27
3514,962,7,75.55,2024-02-23,2025-02-22
3515,3040,11,491.73,2024-10-29,2025-10-29
3516,680,12,133.04,2024-04-01,2025-04-01
3517,51,11,361.74,2024-10-29,2025-10-29
3518,2951,12,171.31,2024-09-16,2025-09-16
3519,700,13,111.36,2026-01-13,2027-01-13
3520,1553,5,215.23,2025-12-04,2026-12-04
3521,737,12,218.02,2025-07-14,2026-07-14
3522,1753,6,135.31,2025-11-03,2026-11-03
3523,2966,5,146.52,2023-05-04,2024-05-03
3524,2206,6,137.33,2023-10-22,2024-10-21
3525,2895,2,224.58,2025-02-03,2026-02-03
3526,261,2,188.45,2023-10-05,2024-10-04
3527,1841,1,385.57,2023-07-15,2024-07-14
3528,1170,10,384.68,2025-02-16,2026-02-16
3529,2232,13,139.71,2025-09-25,2026-09-25
3530,1801,13,105.06,2023-03-05,2024-03-04
3531,2828,7,73.95,2026-01-10,2027-01-10
3532,2256,1,205.6,2024-04-01,2025-04-01
3533,2506,10,361.39,2025-01-14,2026-01-14
3534,3111,10,330.18,2024-08-13,2025-08-13
3535,650,8,81.37,2023-12-13,2024-12-12
3536,2219,5,191.53,2024-06-09,2025-06-09
3537,539,13,156.22,2025-11-26,2026-11-26
3538,308,13,187.82,2025-06-04,2026-06-04
3539,2672,6,181.19,2024-11-27,2025-11-27
3540,1575,12,151.64,2023-11-08,2024-11-07
3541,290,9,624.57,2025-11-23,2026-11-23
3542,1548,2,204.92,2025-09-19,2026-09-19
3543,2872,9,340.34,2024-05-17,2025-05-17
3544,781,2,238.09,2024-11-13,2025-11-13
3545,2665,9,314.83,2023-03-12,2024-03-11
3546,1571,13,100.53,2024-03-14,2025-03-14
3547,2241,12,182.63,2026-01-28,2027-01-28
3548,3112,13,143.85,2025-12-11,2026-12-11
3549,15,9,352.44,2023-12-24,2024-12-23
3550,837,9,347.52,2025-04-27,2026-04-27
3551,2080,8,101.67,2024-07-11,2025-07-11
3552,1999,4,181.23,2023-12-22,2024-12-21
3553,2925,10,466.88,2024-03-11,2025-03-11
3554,917,3,184.72,2025-10-29,2026-10-29
3555,1247,6,177.81,2024-05-07,2025-05-07
3556,2422,11,426.07,2024-11-05,2025-11-05
3557,1540,13,108.5,2026-02-11,2027-02-11
3558,3110,1,340.13,2025-08-25,2026-08-25
3559,681,12,238.63,2024-04-12,2025-04-12
3560,654,10,428.85,2025-06-21,2026-06-21
3561,31,4,112.88,2024-03-11,2025-03-11
3562,296,11,377.12,2023-02-04,2024-02-04
3563,2881,4,193.32,2024-10-06,2025-10-06
3564,2259,1,264.33,2026-06-05,2027-06-05
3565,100,9,337.65,2024-06-19,2025-06-19
3566,1410,5,253.5,2025-03-22,2026-03-22
3567,2321,1,223.38,2024-04-06,2025-04-06
3568,175,1,189.54,2024-01-06,2025-01-05
3569,264,5,249.18,2023-12-14,2024-12-13
3570,2226,1,196.64,2025-07-08,2026-07-08
3571,724,3,256.13,2026-02-20,2027-02-20
3572,373,13,119.24,2024-07-21,2025-07-21
3573,1588,3,216.85,2025-04-05,2026-04-05
3574,1907,9,482.85,2023-11-17,2024-11-16
3575,3044,8,71.79,2026-03-16,2027-03-16
3576,30,11,350.22,2024-02-24,2025-02-23
3577,1438,4,181.49,2025-01-12,2026-01-12
3578,1648,5,156.48,2023-05-20,2024-05-19
3579,2361,8,93.33,2025-09-20,2026-09-20
3580,1488,3,319.05,2023-07-25,2024-07-24
3581,2694,4,199.79,2025-06-26,2026-06-26
3582,2403,5,225.18,2025-09-05,2026-09-05
3583,2613,5,179.29,2025-05-09,2026-05-09
3584,979,6,156.14,2025-02-25,2026-02-25
3585,2120,8,76.73,2024-03-29,2025-03-29
3586,2409,7,93.7,2023-02-26,2024-02-26
3587,1223,2,242.88,2025-02-11,2026-02-11
3588,180,3,227.65,2025-11-29,2026-11-29
3589,497,8,87.93,2023-02-06,2024-02-06
3590,1048,8,89.81,2024-08-17,2025-08-17
3591,3043,7,68.95,2025-10-25,2026-10-25
3592,2645,12,122.11,2024-12-12,2023-12-13
3593,1538,7,81.09,2026-01-26,2027-01-26
3594,29,11,343.96,2026-05-01,2027-05-01
3595,1994,7,77.25,2024-12-04,2025-12-04
3596,3044,12,127.06,2025-08-03,2026-08-03
3597,1452,2,235.23,2025-03-12,2026-03-12
3598,2712,6,260.76,2025-11-21,2026-11-21
3599,1163,6,175.77,2025-06-02,2026-06-02
3600,2204,13,188.93,2024-12-03,2023-12-04
3601,15,8,67.18,2023-03-03,2024-03-02
3602,1571,7,70.07,2025-02-10,2026-02-10
3603,363,8,83.01,2025-08-18,2026-08-18
3604,2385,10,380.71,2023-05-12,2024-05-11
3605,1489,13,115.94,2026-02-20,2027-02-20
3606,204,6,134.32,2023-02-07,2024-02-07
3607,2945,13,123.23,2024-02-05,2025-02-04
3608,1740,7,107.16,2023-10-12,2024-10-11
3609,833,11,308.52,2026-06-03,2027-06-03
3610,2133,5,159.5,2026-08-13,2027-08-13
3611,1082,11,312.67,2023-03-26,2024-03-25
3612,812,9,386.06,2023-08-19,2024-08-18
3613,1753,1,159.37,2023-12-14,2024-12-13
3614,829,1,176.08,2023-07-11,2024-07-10
3615,764,6,126.91,2026-03-25,2027-03-25
3616,284,10,329.7,2023-03-06,2024-03-05
3617,1014,11,301.59,2026-01-30,2027-01-30
3618,675,12,126.75,2026-06-10,2027-06-10
3619,3094,13,152.29,2023-07-31,2024-07-30
3620,3127,12,166.18,2025-05-16,2026-05-16
3621,1450,9,321.72,2023-05-05,2024-05-04
3622,1568,8,89.51,2025-04-17,2026-04-17
3623,1965,10,552.93,2024-12-29,2025-12-29
3624,1356,3,282.46,2024-12-23,2025-12-23
3625,2788,3,201.85,2024-09-18,2025-09-18
3626,2350,12,211.5,2023-02-01,2024-02-01
3627,2372,6,194.63,2023-01-17,2024-01-17
3628,1411,7,71.74,2025-12-18,2026-12-18
3629,628,8,87.42,2024-05-19,2025-05-19
3630,2755,13,128.75,2026-03-01,2027-03-01
3631,3124,3,231.05,2025-12-19,2026-12-19
3632,1430,6,155.21,2026-05-23,2027-05-23
3633,175,7,57.73,2025-06-05,2026-06-05
3634,62,12,161.96,2024-04-09,2025-04-09
3635,2160,7,59.85,2025-06-01,2026-06-01
3636,1901,11,381.42,2023-05-14,2024-05-13
3637,2649,3,175.5,2023-01-27,2024-01-27
3638,416,13,98.99,2024-12-25,2025-12-25
3639,1202,8,102.81,2024-07-22,2025-07-22
3640,1788,12,121.94,2024-05-21,2025-05-21
3641,1778,9,569.91,2024-09-17,2025-09-17
3642,3161,8,83.25,2025-05-19,2026-05-19
3643,2456,11,428.17,2025-02-11,2026-02-11
3644,1676,4,168.39,2024-03-23,2025-03-23
3645,1084,5,194.61,2024-01-26,2025-01-25
3646,2600,12,124.93,2023-03-24,2024-03-23
3647,1661,7,102.44,2024-06-27,2025-06-27
3648,957,7,70.99,2025-07-07,2026-07-07
3649,2671,4,187.27,2025-11-04,2026-11-04
3650,2848,12,123.33,2025-06-02,2026-06-02
3651,1451,3,166.15,2023-01-16,2024-01-16
3652,1098,4,143.96,2024-05-07,2025-05-07
3653,2986,5,172.09,2023-04-03,2024-04-02
3654,309,13,124.59,2023-06-03,2024-06-02
3655,2761,11,526.09,2025-06-14,2026-06-14
3656,586,9,362.38,2024-08-10,2025-08-10
3657,699,2,218.91,2025-08-02,2026-08-02
3658,3073,6,209.59,2023-09-05,2024-09-04
3659,1326,8,98.73,2025-07-14,2026-07-14
3660,795,3,205.58,2025-03-22,2026-03-22
3661,1339,12,104.12,2024-04-18,2025-04-18
3662,2975,1,252.42,2026-08-18,2027-08-18
3663,2476,7,89.1,2023-04-03,2024-04-02
3664,2241,8,110.97,2023-08-02,2024-08-01
3665,1776,3,194.12,2023-04-07,2024-04-06
3666,1084,3,264.16,2023-03-19,2024-03-18
3667,2749,5,162.37,2025-04-03,2026-04-03
3668,757,12,123.36,2025-08-15,2026-08-15
3669,2837,9,384.98,2026-01-21,2027-01-21
3670,3130,9,479.26,2026-03-01,2027-03-01
3671,384,12,121.89,2023-10-01,2024-09-30
3672,2415,6,179.91,2023-01-15,2024-01-15
3673,28,4,141.33,2026-08-08,2027-08-08
3674,3025,5,254.83,2023-06-15,2024-06-14
3675,2008,10,483.27,2025-09-04,2026-09-04
3676,2829,11,470.56,2024-02-21,2025-02-20
3677,2983,11,352.41,2023-11-27,2024-11-26
3678,2850,12,139.04,2025-01-15,2026-01-15
3679,851,12,130.04,2025-10-28,2026-10-28
3680,140,4,160.64,2025-09-23,2026-09-23
3681,211,4,199.51,2023-05-29,2024-05-28
3682,1940,13,113.8,2023-11-13,2024-11-12
3683,1269,12,127.92,2025-04-27,2026-04-27
3684,2809,7,95.77,2023-03-04,2024-03-03
3685,361,10,385.55,2023-12-22,2024-12-21
3686,2742,5,200.97,2024-03-29,2025-03-29
3687,2213,7,93.43,2023-04-29,2024-04-28
3688,636,5,187.9,2025-11-24,2026-11-24
3689,1744,13,124.68,2024-10-10,2025-10-10
3690,3171,11,486.5,2023-11-01,2024-10-31
3691,3180,4,279.99,2026-07-19,2027-07-19
3692,2096,9,528.11,2023-06-25,2024-06-24
3693,2753,4,161.69,2025-03-07,2026-03-07
3694,121,3,276.05,2025-02-28,2026-02-28
3695,347,7,98.07,2026-02-23,2027-02-23
3696,4,8,81.25,2023-11-21,2024-11-20
3697,2302,5,144.97,2026-01-28,2027-01-28
3698,2064,8,75.77,2025-07-07,2026-07-07
3699,2279,11,370.73,2024-03-29,2025-03-29
3700,533,10,389.73,2023-02-21,2024-02-21
3701,3106,6,201.94,2024-11-10,2025-11-10
3702,2892,5,291.57,2026-04-07,2027-04-07
3703,1474,10,352.21,2025-04-25,2026-04-25
3704,1029,5,151.72,2024-05-14,2025-05-14
3705,1949,8,88.97,2025-11-04,2026-11-04
3706,907,8,83.5,2025-10-12,2026-10-12
3707,1484,12,145.08,2024-07-20,2025-07-20
3708,2069,5,126.12,2025-11-16,2026-11-16
3709,786,10,419.18,2026-03-04,2027-03-04
3710,779,13,90.63,2023-09-25,2024-09-24
3711,1329,1,218.92,2025-03-09,2026-03-09
3712,255,4,197.91,2025-11-24,2026-11-24
3713,1364,12,253.8,2023-08-11,2024-08-10
3714,960,11,469.06,2023-11-28,2024-11-27
3715,11,6,198.3,2023-03-05,2024-03-04
3716,2011,7,86.57,2025-06-14,2026-06-14
3717,2249,3,221.18,2024-10-14,2025-10-14
3718,493,3,241.2,2023-07-28,2024-07-27
3719,2432,9,468.72,2025-10-25,2026-10-25
3720,847,1,241.59,2024-09-14,2025-09-14
3721,2770,10,576.74,2024-01-07,2025-01-06
3722,176,2,237.82,2025-01-16,2026-01-16
3723,1945,8,68.21,2023-11-01,2024-10-31
3724,45,11,495.61,2023-01-07,2024-01-07
3725,1616,2,323.12,2025-09-07,2026-09-07
3726,2938,7,82.0,2026-04-08,2025-04-08
3727,118,10,348.67,2025-04-15,2026-04-15
3728,2761,3,327.38,2023-06-12,2024-06-11
3729,1663,3,245.05,2024-08-20,2025-08-20
3730,1543,13,184.1,2023-07-07,2024-07-06
3731,1202,4,194.8,2025-03-03,2026-03-03
3732,1850,8,93.93,2025-01-11,2026-01-11
3733,69,11,360.53,2024-01-05,2025-01-04
3734,1527,4,187.09,2026-01-24,2027-01-24
3735,2580,8,80.78,2025-02-11,2026-02-11
3736,2240,3,253.3,2024-10-17,2025-10-17
3737,149,7,59.93,2023-02-10,2024-02-10
3738,914,8,88.93,2023-08-04,2024-08-03
3739,3044,9,469.48,2024-05-08,2025-05-08
3740,2509,1,271.61,2026-05-28,2027-05-28
3741,91,13,166.78,2023-05-24,2024-05-23
3742,348,5,215.6,2024-10-24,2025-10-24
3743,1801,12,144.38,2025-08-31,2026-08-31
3744,1643,11,557.06,2024-05-26,2025-05-26
3745,2625,5,122.47,2025-12-15,2026-12-15
3746,1811,3,277.53,2023-08-12,2024-08-11
3747,216,7,79.74,2025-09-21,2026-09-21
3748,1556,11,349.9,2026-04-02,2027-04-02
3749,2637,6,169.16,2023-09-29,2024-09-28
3750,2464,10,384.57,2023-06-12,2024-06-11
3751,1932,8,82.86,2026-04-08,2027-04-08
3752,542,3,191.4,2024-06-24,2025-06-24
3753,669,13,151.78,2024-02-21,2025-02-20
3754,3018,12,126.48,2026-04-19,2027-04-19
3755,2341,7,68.81,2025-03-06,2026-03-06
3756,1105,13,160.22,2026-05-22,2027-05-22
3757,1601,12,180.56,2025-09-07,2026-09-07
3758,951,12,158.99,2024-08-31,2025-08-31
3759,2838,5,199.29,2026-06-30,2027-06-30
3760,217,8,105.88,2024-07-25,2025-07-25
3761,219,9,341.49,2024-07-12,2025-07-12
3762,617,11,382.32,2023-05-05,2024-05-04
3763,1035,11,475.68,2025-08-31,2026-08-31
3764,225,10,427.52,2026-06-10,2027-06-10
3765,508,8,86.39,2024-05-04,2025-05-04
3766,690,12,123.68,2025-04-27,2026-04-27
3767,2451,12,141.47,2023-02-08,2024-02-08
3768,2650,8,109.96,2023-01-01,2024-01-01
3769,1924,7,65.48,2026-03-25,2027-03-25
3770,2557,6,154.05,2024-10-22,2025-10-22
3771,1851,13,137.6,2024-09-15,2025-09-15
3772,1616,4,217.16,2025-09-08,2026-09-08
3773,275,13,130.44,2025-04-12,2026-04-12
3774,3010,13,113.86,2024-04-21,2025-04-21
3775,3136,13,122.72,2025-12-29,2026-12-29
3776,43,4,269.85,2025-04-19,2026-04-19
3777,2806,13,107.08,2026-06-03,2027-06-03
3778,1625,8,91.53,2025-07-15,2026-07-15
3779,1282,5,214.63,2024-05-23,2025-05-23
3780,2307,8,73.37,2023-08-12,2024-08-11
3781,1558,4,172.22,2023-03-06,2024-03-05
3782,2870,6,182.2,2024-06-05,2025-06-05
3783,670,12,159.02,2026-04-21,2027-04-21
3784,77,7,77.66,2024-10-20,2025-10-20
3785,2593,8,97.68,2026-06-21,2027-06-21
3786,162,1,278.35,2024-03-23,2025-03-23
3787,1295,5,107.74,2024-07-11,2025-07-11
3788,504,8,91.14,2024-06-30,2025-06-30
3789,596,10,450.57,2023-07-10,2024-07-09
3790,715,10,456.3,2026-03-14,2027-03-14
3791,809,4,117.64,2024-11-04,2025-11-04
3792,2522,7,61.7,2026-02-03,2027-02-03
3793,1313,10,648.46,2023-06-21,2024-06-20
3794,2939,6,195.7,2025-01-15,2026-01-15
3795,1698,7,78.48,2023-06-09,2024-06-08
3796,259,9,473.68,2026-07-31,2027-07-31
3797,576,5,158.24,2025-05-26,2026-05-26
3798,1483,8,93.05,2023-09-19,2024-09-18
3799,253,6,128.0,2025-04-22,2026-04-22
3800,711,10,388.51,2023-04-17,2024-04-16
3801,2466,12,165.85,2025-11-10,2026-11-10
3802,470,7,110.77,2024-03-10,2025-03-10
3803,2624,7,135.31,2025-05-30,2026-05-30
3804,2183,11,470.34,2025-10-13,2026-10-13
3805,2094,1,280.94,2025-11-03,2026-11-03
3806,2915,10,676.31,2024-05-16,2025-05-16
3807,1054,2,257.79,2026-06-20,2027-06-20
3808,3012,7,72.4,2026-01-02,2027-01-02
3809,568,7,95.36,2024-10-07,2025-10-07
3810,1711,7,80.63,2025-04-02,2026-04-02
3811,2712,9,521.22,2024-12-15,2025-12-15
3812,1861,6,126.49,2024-11-03,2025-11-03
3813,5,4,167.7,2024-07-12,2025-07-12
3814,934,13,108.49,2023-09-19,2024-09-18
3815,2818,8,122.11,2023-05-06,2024-05-05
3816,676,4,170.3,2023-04-08,2024-04-07
3817,2295,9,317.69,2024-12-01,2025-12-01
3818,2384,1,221.82,2024-07-10,2025-07-10
3819,3128,4,164.0,2023-11-22,2024-11-21
3820,583,2,293.89,2025-01-23,2026-01-23
3821,2969,9,405.83,2024-09-09,2025-09-09
3822,1522,10,396.55,2025-06-25,2026-06-25
3823,900,6,117.81,2026-04-03,2027-04-03
3824,851,1,249.95,2024-12-20,2025-12-20
3825,2210,13,137.57,2026-01-25,2027-01-25
3826,766,12,114.2,2026-03-04,2027-03-04
3827,738,12,200.6,2025-11-27,2026-11-27
3828,2794,3,286.44,2025-06-04,2026-06-04
3829,2586,13,145.75,2026-07-24,2027-07-24
3830,73,10,338.94,2025-05-09,2026-05-09
3831,1309,11,420.84,2024-03-04,2025-03-04
3832,1833,3,232.17,2025-11-05,2026-11-05
3833,2132,10,334.07,2026-04-02,2027-04-02
3834,131,4,170.74,2023-09-17,2024-09-16
3835,1640,12,133.21,2024-08-11,2025-08-11
3836,86,10,358.47,2024-05-29,2025-05-29
3837,2028,6,171.75,2023-11-02,2024-11-01
3838,1047,7,90.15,2024-04-27,2025-04-27
3839,2352,9,551.31,2026-07-02,2027-07-02
3840,2,1,210.06,2024-02-06,2025-02-05
3841,2001,6,182.2,2026-08-22,2027-08-22
3842,1618,13,123.35,2025-06-06,2026-06-06
3843,2616,10,638.21,2024-07-16,2025-07-16
3844,120,11,426.97,2024-12-10,2025-12-10
3845,1400,10,529.37,2023-02-21,2024-02-21
3846,436,4,188.22,2023-06-04,2024-06-03
3847,328,12,102.2,2024-11-07,2025-11-07
3848,2330,1,257.33,2025-10-05,2026-10-05
3849,3025,10,648.34,2024-07-02,2025-07-02
3850,155,13,116.58,2024-08-30,2025-08-30
3851,2718,4,142.45,2023-10-15,2024-10-14
3852,1232,11,336.21,2024-07-29,2025-07-29
3853,157,9,369.29,2023-05-06,2024-05-05
3854,2638,5,168.16,2025-12-18,2026-12-18
3855,2534,4,169.11,2026-01-17,2027-01-17
3856,246,9,470.04,2023-02-22,2024-02-22
3857,1054,11,470.57,2025-12-27,2026-12-27
3858,2976,3,209.77,2023-05-05,2024-05-04
3859,3144,10,477.97,2025-05-27,2026-05-27
3860,2210,8,88.29,2025-07-10,2026-07-10
3861,923,5,173.33,2024-10-17,2025-10-17
3862,3074,8,111.14,2023-06-20,2024-06-19
3863,85,12,132.07,2025-09-16,2026-09-16
3864,2212,10,614.21,2023-03-30,2024-03-29
3865,1184,7,67.73,2024-03-10,2025-03-10
3866,2507,12,90.21,2025-08-06,2026-08-06
3867,9,1,217.23,2025-08-17,2026-08-17
3868,1073,10,342.04,2026-06-15,2027-06-15
3869,1191,2,249.42,2023-10-13,2024-10-12
3870,427,9,481.99,2026-07-23,2027-07-23
3871,789,7,85.67,2023-12-25,2024-12-24
3872,923,4,168.55,2023-04-19,2024-04-18
3873,3067,7,93.36,2025-11-21,2026-11-21
3874,2846,1,272.46,2025-01-22,2026-01-22
3875,1240,7,121.51,2024-10-14,2025-10-14
3876,3191,10,390.85,2023-07-24,2024-07-23
3877,439,11,368.24,2026-03-02,2027-03-02
3878,389,10,534.61,2024-04-22,2025-04-22
3879,528,2,158.07,2025-05-06,2026-05-06
3880,2677,9,306.05,2025-07-14,2026-07-14
3881,1618,13,108.58,2025-06-06,2026-06-06
3882,3024,7,87.37,2024-04-26,2025-04-26
3883,2486,8,101.31,2024-11-18,2025-11-18
3884,1912,7,61.11,2024-10-12,2025-10-12
3885,1556,13,126.41,2024-03-28,2025-03-28
3886,2346,7,93.16,2025-03-01,2026-03-01
3887,2971,6,194.0,2025-09-10,2026-09-10
3888,124,2,239.08,2023-02-04,2024-02-04
3889,1446,3,271.07,2026-08-16,2027-08-16
3890,1439,3,252.57,2025-02-17,2026-02-17
3891,2586,4,175.44,2024-09-20,2025-09-20
3892,2013,5,178.4,2025-05-07,2026-05-07
3893,375,8,73.6,2026-07-12,2027-07-12
3894,943,13,101.26,2023-09-15,2024-09-14
3895,2800,12,140.29,2026-01-26,2027-01-26
3896,2085,2,225.88,2025-04-16,2026-04-16
3897,2711,4,207.71,2026-03-25,2027-03-25
3898,1440,3,322.72,2024-06-22,2025-06-22
3899,1123,12,166.76,2024-10-20,2025-10-20
3900,251,13,129.45,2026-07-12,2027-07-12
3901,1020,8,66.47,2024-06-17,2025-06-17
3902,1739,10,346.29,2026-01-04,2027-01-04
3903,1189,4,239.86,2024-08-08,2025-08-08
3904,535,12,100.69,2025-12-17,2026-12-17
3905,1237,13,110.57,2026-07-31,2027-07-31
3906,1375,2,325.56,2026-02-21,2027-02-21
3907,166,13,95.25,2025-12-13,2026-12-13
3908,1547,5,183.04,2024-02-26,2025-02-25
3909,767,7,74.17,2026-02-21,2027-02-21
3910,1612,9,391.52,2024-06-08,2025-06-08
3911,2552,11,381.34,2025-08-15,2026-08-15
3912,2929,4,163.51,2026-06-05,2027-06-05
3913,1357,2,216.78,2023-05-17,2024-05-16
3914,296,9,397.03,2023-10-22,2024-10-21
3915,1217,8,67.71,2023-03-01,2024-02-29
3916,1340,3,188.77,2025-06-19,2026-06-19
3917,1363,12,135.61,2025-05-09,2026-05-09
3918,1883,13,99.71,2026-01-22,2027-01-22
3919,488,5,166.01,2025-10-11,2026-10-11
3920,963,5,175.92,2026-01-12,2027-01-12
3921,523,8,60.37,2026-01-13,2027-01-13
3922,1585,3,160.33,2025-01-16,2026-01-16
3923,1267,2,269.56,2024-12-23,2025-12-23
3924,437,7,63.8,2026-03-31,2027-03-31
3925,134,2,271.44,2025-08-05,2026-08-05
3926,2328,3,209.14,2026-03-27,2027-03-27
3927,2672,5,176.46,2024-07-30,2025-07-30
3928,2909,3,203.47,2025-07-28,2026-07-28
3929,555,10,454.2,2024-10-20,2025-10-20
3930,2056,7,90.26,2027-05-17,2026-05-17
3931,2420,3,244.39,2024-07-09,2025-07-09
3932,1034,3,170.14,2024-01-29,2025-01-28
3933,3100,12,171.67,2026-07-24,2027-07-24
3934,1649,7,86.0,2025-03-07,2026-03-07
3935,3068,7,78.93,2026-03-03,2027-03-03
3936,1724,8,72.44,2025-05-01,2026-05-01
3937,2274,9,370.39,2023-12-12,2024-12-11
3938,1577,8,67.34,2025-04-27,2026-04-27
3939,55,12,112.25,2026-01-18,2027-01-18
3940,493,12,115.76,2025-05-21,2024-05-21
3941,1361,5,171.95,2026-01-23,2027-01-23
3942,2146,11,384.08,2026-07-08,2027-07-08
3943,3096,4,167.09,2023-05-06,2024-05-05
3944,2222,2,249.35,2023-12-15,2024-12-14
3945,840,13,148.55,2026-08-19,2027-08-19
3946,463,8,55.07,2023-05-19,2024-05-18
3947,2300,2,148.91,2023-09-17,2024-09-16
3948,550,12,151.77,2026-05-02,2027-05-02
3949,634,13,120.54,2026-01-06,2027-01-06
3950,974,7,69.06,2025-03-10,2026-03-10
3951,2387,13,112.95,2024-07-05,2025-07-05
3952,1439,12,115.52,2023-10-16,2024-10-15
3953,3058,4,158.08,2025-12-10,2026-12-10
3954,1866,6,155.13,2024-06-21,2025-06-21
3955,883,12,133.24,2023-06-17,2024-06-16
3956,110,8,80.06,2026-02-10,2027-02-10
3957,852,3,201.13,2026-04-17,2027-04-17
3958,1114,12,125.29,2026-06-02,2027-06-02
3959,1756,11,569.13,2023-11-18,2024-11-17
3960,767,11,451.6,2025-11-06,2026-11-06
3961,2993,2,325.66,2024-06-23,2025-06-23
3962,332,3,207.08,2023-09-05,2024-09-04
3963,663,13,135.52,2025-11-22,2026-11-22
3964,3026,10,424.32,2023-03-29,2024-03-28
3965,2361,5,144.83,2025-11-24,2026-11-24
3966,1420,12,146.98,2025-10-07,2026-10-07
3967,88,3,220.01,2023-02-16,2024-02-16
3968,85,3,247.82,2024-08-07,2025-08-07
3969,3124,8,71.03,2023-10-28,2024-10-27
3970,2527,5,165.93,2025-02-04,2026-02-04
3971,1728,12,191.76,2026-01-25,2027-01-25
3972,2457,1,188.36,2026-02-25,2027-02-25
3973,3197,5,165.6,2024-07-13,2025-07-13
3974,1202,13,152.73,2024-03-17,2023-03-18
3975,1413,3,259.45,2025-03-16,2026-03-16
3976,1837,5,186.91,2025-05-20,2026-05-20
3977,1473,11,556.96,2023-11-23,2024-11-22
3978,2182,10,340.82,2025-03-02,2026-03-02
3979,223,12,128.57,2023-09-28,2024-09-27
3980,2471,3,203.11,2023-04-27,2024-04-26
3981,2830,9,556.6,2025-07-31,2026-07-31
3982,3156,3,160.32,2024-06-24,2025-06-24
3983,552,3,158.18,2025-02-02,2024-02-03
3984,3199,13,113.33,2025-07-24,2026-07-24
3985,3184,11,489.93,2024-01-19,2025-01-18
3986,1967,10,388.43,2025-01-07,2026-01-07
3987,1422,5,172.11,2026-02-15,2027-02-15
3988,1574,13,186.31,2025-05-22,2026-05-22
3989,1096,13,147.63,2025-03-31,2026-03-31
3990,2090,9,304.3,2023-04-16,2024-04-15
3991,1407,8,66.95,2024-06-26,2025-06-26
3992,1022,5,195.5,2025-11-09,2026-11-09
3993,2397,8,87.28,2023-01-13,2024-01-13
3994,485,8,58.21,2025-02-28,2026-02-28
3995,803,9,414.98,2024-11-16,2025-11-16
3996,269,12,136.1,2026-08-20,2027-08-20
3997,2191,10,481.06,2024-12-14,2025-12-14
3998,1145,4,198.68,2023-07-31,2024-07-30
3999,1009,5,149.93,2026-06-12,2027-06-12
4000,1893,1,322.48,2023-08-10,2024-08-09
4001,1546,11,343.93,2024-08-26,2025-08-26
4002,794,9,523.29,2026-01-22,2027-01-22
4003,11,13,136.69,2025-06-17,2026-06-17
4004,1058,6,166.64,2024-07-09,2025-07-09
4005,2476,6,163.65,2025-09-09,2026-09-09
4006,2117,12,192.56,2025-05-05,2026-05-05
4007,2589,3,205.25,2025-09-11,2026-09-11
4008,1570,8,83.69,2023-04-25,2024-04-24
4009,775,3,174.12,2024-10-13,2025-10-13
4010,276,11,445.31,2026-08-04,2027-08-04
4011,1316,6,149.23,2026-05-09,2025-05-09
4012,1305,10,342.86,2026-07-10,2027-07-10
4013,2178,8,115.28,2026-01-06,2027-01-06
4014,1810,11,336.44,2026-03-03,2027-03-03
4015,386,5,176.22,2024-04-10,2025-04-10
4016,2124,5,166.09,2023-08-12,2024-08-11
4017,2847,5,293.94,2024-09-20,2025-09-20
4018,3018,6,198.09,2024-11-02,2025-11-02
4019,707,4,153.07,2025-11-23,2026-11-23
4020,3069,5,174.89,2025-10-20,2026-10-20
4021,417,9,371.61,2025-08-10,2026-08-10
4022,851,7,99.92,2024-08-02,2025-08-02
4023,2107,9,411.51,2023-04-23,2024-04-22
4024,409,10,327.89,2023-03-10,2024-03-09
4025,3046,1,237.36,2023-01-06,2024-01-06
4026,1985,9,408.74,2024-07-14,2025-07-14
4027,1147,9,407.19,2025-02-07,2026-02-07
4028,853,6,220.12,2024-07-22,2025-07-22
4029,1653,6,179.25,2025-10-11,2026-10-11
4030,701,7,55.64,2023-06-30,2024-06-29
4031,2621,5,248.2,2023-07-15,2024-07-14
4032,2661,6,159.32,2025-11-05,2026-11-05
4033,1079,8,85.93,2023-04-16,2024-04-15
4034,3077,6,258.57,2024-11-14,2025-11-14
4035,1928,4,211.45,2024-10-16,2025-10-16
4036,1476,4,191.07,2023-06-07,2024-06-06
4037,925,12,113.25,2025-01-18,2026-01-18
4038,2476,5,167.12,2026-07-23,2027-07-23
4039,1098,3,204.43,2025-02-05,2026-02-05
4040,2723,4,217.59,2025-01-02,2026-01-02
4041,2086,7,65.14,2023-11-12,2024-11-11
4042,860,13,113.52,2025-03-08,2026-03-08
4043,174,2,280.7,2025-09-27,2026-09-27
4044,855,6,160.87,2026-07-01,2027-07-01
4045,516,11,517.01,2026-03-29,2027-03-29
4046,42,8,84.5,2025-01-28,2026-01-28
4047,1864,7,80.9,2025-03-13,2026-03-13
4048,1324,12,143.1,2024-10-23,2025-10-23
4049,1626,13,153.33,2023-09-30,2024-09-29
4050,694,7,81.72,2025-05-06,2024-05-06
4051,1636,6,128.77,2023-08-04,2024-08-03
4052,1760,13,216.09,2023-07-26,2024-07-25
4053,1009,9,402.26,2023-06-10,2024-06-09
4054,373,7,102.75,2023-11-12,2024-11-11
4055,446,4,199.95,2026-02-08,2027-02-08
4056,3115,2,255.21,2023-09-27,2024-09-26
4057,1352,7,125.69,2026-05-02,2027-05-02
4058,1177,4,121.77,2023-09-27,2024-09-26
4059,229,1,176.76,2023-09-23,2024-09-22
4060,2473,6,301.53,2023-11-26,2024-11-25
4061,966,7,96.68,2025-09-27,2026-09-27
4062,2926,5,259.63,2023-11-28,2024-11-27
4063,1560,3,368.54,2025-04-21,2026-04-21
4064,1150,13,127.87,2025-09-26,2026-09-26
4065,1171,3,258.95,2026-05-05,2027-05-05
4066,1878,13,129.56,2023-05-22,2024-05-21
4067,15,12,101.16,2025-08-10,2026-08-10
4068,221,9,472.92,2024-05-01,2025-05-01
4069,528,9,357.43,2024-11-15,2025-11-15
4070,2966,5,149.47,2024-02-10,2025-02-09
4071,2408,5,147.25,2026-05-10,2027-05-10
4072,2344,11,440.35,2025-07-20,2026-07-20
4073,2975,6,166.79,2025-10-26,2026-10-26
4074,1145,9,485.42,2023-12-06,2024-12-05
4075,658,12,160.8,2023-06-19,2024-06-18
4076,1333,6,138.8,2024-11-22,2025-11-22
4077,115,9,311.98,2023-02-26,2024-02-26
4078,2890,7,95.81,2023-07-16,2024-07-15
4079,1226,1,210.99,2023-11-25,2024-11-24
4080,635,8,119.77,2023-02-23,2024-02-23
4081,2643,12,117.75,2024-04-09,2025-04-09
4082,2857,7,102.37,2023-11-17,2024-11-16
4083,2514,4,183.82,2025-07-29,2026-07-29
4084,1444,5,165.29,2024-04-24,2025-04-24
4085,2140,11,563.93,2026-04-07,2027-04-07
4086,2557,3,233.4,2026-06-02,2027-06-02
4087,993,3,273.78,2024-07-02,2025-07-02
4088,1976,8,74.45,2024-01-15,2025-01-14
4089,1954,4,123.34,2025-01-26,2024-01-27
4090,1975,3,311.71,2023-05-24,2024-05-23
4091,2470,8,81.79,2025-07-23,2026-07-23
4092,2946,7,94.91,2023-07-20,2024-07-19
4093,1023,8,96.62,2023-03-26,2024-03-25
4094,3159,11,608.08,2023-10-13,2024-10-12
4095,2706,3,182.09,2023-09-24,2024-09-23
4096,1512,7,93.45,2023-05-08,2024-05-07
4097,1508,8,73.89,2024-09-13,2025-09-13
4098,586,11,412.18,2025-05-11,2026-05-11
4099,2079,3,317.72,2024-06-27,2025-06-27
4100,3027,8,90.32,2023-03-14,2024-03-13
4101,1738,7,103.0,2024-10-27,2025-10-27
4102,2930,4,135.08,2024-07-08,2025-07-08
4103,3001,4,188.88,2026-07-22,2027-07-22
4104,904,7,100.38,2024-03-01,2025-03-01
4105,1415,6,135.83,2023-09-03,2024-09-02
4106,267,8,74.64,2023-03-03,2024-03-02
4107,3020,7,91.44,2023-06-09,2024-06-08
4108,764,5,133.9,2025-04-02,2026-04-02
4109,1820,8,65.66,2023-05-07,2024-05-06
4110,2665,10,310.91,2025-11-02,2026-11-02
4111,954,2,283.56,2023-03-03,2024-03-02
4112,325,3,212.0,2023-03-17,2024-03-16
4113,1206,7,66.16,2026-05-26,2027-05-26
4114,528,1,194.01,2025-09-14,2026-09-14
4115,2402,1,229.84,2026-04-11,2027-04-11
4116,224,2,186.42,2024-01-29,2025-01-28
4117,2999,7,88.54,2024-08-03,2025-08-03
4118,852,3,222.22,2024-08-15,2025-08-15
4119,1086,1,339.33,2025-07-27,2026-07-27
4120,1125,4,136.26,2024-12-13,2025-12-13
4121,39,4,167.16,2025-12-05,2026-12-05
4122,2252,7,84.26,2023-02-01,2024-02-01
4123,1823,7,101.9,2024-06-26,2025-06-26
4124,1416,2,198.22,2026-03-06,2027-03-06
4125,1089,5,149.95,2023-11-16,2024-11-15
4126,3189,6,145.52,2023-08-03,2024-08-02
4127,501,1,256.86,2025-06-08,2026-06-08
4128,2970,9,381.87,2025-01-27,2026-01-27
4129,1079,1,259.22,2026-08-18,2027-08-18
4130,1334,3,281.75,2025-10-18,2026-10-18
4131,1301,7,108.44,2023-03-15,2024-03-14
4132,2045,1,243.26,2025-06-17,2026-06-17
4133,3006,3,228.82,2024-09-19,2025-09-19
4134,2968,5,253.64,2026-01-28,2027-01-28
4135,2946,3,252.56,2026-04-29,2027-04-29
4136,3137,4,166.17,2023-07-23,2024-07-22
4137,2386,12,117.99,2026-04-24,2027-04-24
4138,3167,7,54.12,2026-05-03,2027-05-03
4139,2069,1,228.42,2026-07-02,2027-07-02
4140,2898,3,208.67,2026-08-09,2027-08-09
4141,2134,10,338.49,2024-11-17,2025-11-17
4142,1053,12,158.23,2024-06-26,2025-06-26
4143,1221,7,73.06,2025-05-23,2026-05-23
4144,712,9,702.0,2025-06-06,2026-06-06
4145,1613,10,364.3,2023-06-20,2024-06-19
4146,288,6,203.02,2023-10-05,2024-10-04
4147,1919,5,115.44,2025-05-22,2026-05-22
4148,2039,12,106.05,2025-07-21,2026-07-21
4149,273,2,287.23,2023-10-03,2024-10-02
4150,221,12,139.52,2023-06-20,2024-06-19
4151,897,6,140.7,2024-12-28,2025-12-28
4152,731,3,228.28,2024-05-24,2025-05-24
4153,1579,3,209.44,2024-12-01,2023-12-02
4154,1828,6,214.33,2024-10-28,2025-10-28
4155,2783,5,209.09,2025-04-01,2026-04-01
4156,2794,13,178.85,2025-05-16,2026-05-16
4157,359,3,248.01,2024-05-05,2025-05-05
4158,3041,12,105.88,2025-09-04,2026-09-04
4159,1981,5,162.02,2025-12-18,2026-12-18
4160,847,6,205.76,2024-12-10,2025-12-10
4161,1602,11,565.92,2026-05-26,2025-05-26
4162,2933,8,70.95,2026-08-15,2027-08-15
4163,152,7,80.26,2023-04-20,2024-04-19
4164,177,11,559.88,2025-01-08,2026-01-08
4165,2907,12,125.32,2025-01-29,2026-01-29
4166,1209,7,75.94,2024-08-12,2025-08-12
4167,520,7,96.83,2025-03-14,2026-03-14
4168,53,6,144.79,2026-04-11,2027-04-11
4169,174,10,393.26,2023-08-29,2024-08-28
4170,2068,3,291.1,2024-09-27,2025-09-27
4171,2198,5,220.89,2024-06-23,2025-06-23
4172,971,4,281.08,2024-07-25,2025-07-25
4173,2849,1,251.64,2025-06-10,2026-06-10
4174,1522,3,245.77,2023-03-25,2024-03-24
4175,2023,7,89.77,2023-08-04,2024-08-03
4176,1826,7,101.49,2026-06-25,2027-06-25
4177,2934,12,167.31,2025-03-17,2026-03-17
4178,811,12,139.79,2025-10-12,2026-10-12
4179,1759,10,491.23,2025-08-24,2026-08-24
4180,834,7,101.36,2024-05-23,2025-05-23
4181,2862,10,382.22,2023-10-07,2024-10-06
4182,2123,1,210.94,2026-01-22,2027-01-22
4183,2930,1,191.7,2023-07-02,2024-07-01
4184,474,1,254.58,2023-01-12,2024-01-12
4185,981,7,99.04,2026-04-09,2025-04-09
4186,2808,12,129.59,2024-12-12,2025-12-12
4187,2131,13,127.07,2025-03-31,2026-03-31
4188,2305,2,390.83,2024-06-17,2025-06-17
4189,2455,2,162.43,2026-04-23,2027-04-23
4190,2751,11,325.47,2026-08-17,2027-08-17
4191,2825,5,147.34,2025-06-28,2026-06-28
4192,429,2,188.8,2026-08-20,2027-08-20
4193,155,6,171.73,2024-01-04,2025-01-03
4194,1239,10,520.27,2026-04-12,2027-04-12
4195,373,13,137.77,2025-11-04,2026-11-04
4196,1025,12,131.73,2026-04-13,2027-04-13
4197,1125,7,91.63,2023-05-10,2024-05-09
4198,722,6,128.64,2025-06-21,2026-06-21
4199,2618,8,67.63,2024-04-04,2025-04-04
4200,3147,9,536.53,2026-08-12,2027-08-12
4201,2542,3,246.14,2024-11-26,2025-11-26
4202,3024,11,426.61,2025-03-14,2026-03-14
4203,429,12,120.83,2024-01-04,2025-01-03
4204,66,1,296.85,2026-04-30,2027-04-30
4205,1996,13,88.69,2024-02-20,2025-02-19
4206,2968,2,262.29,2023-11-23,2024-11-22
4207,1747,10,387.11,2025-12-07,2026-12-07
4208,1675,1,231.36,2025-05-24,2026-05-24
4209,2072,13,222.58,2023-11-24,2024-11-23
4210,531,8,77.31,2023-09-25,2024-09-24
4211,896,13,111.59,2026-07-31,2027-07-31
4212,2573,8,67.35,2023-02-06,2024-02-06
4213,2353,13,102.79,2024-02-11,2025-02-10
4214,1545,11,462.65,2025-12-07,2026-12-07
4215,1055,8,91.7,2023-10-09,2024-10-08
4216,1657,7,75.69,2026-02-12,2027-02-12
4217,914,2,284.02,2024-02-17,2025-02-16
4218,69,11,444.14,2023-08-02,2024-08-01
4219,1194,13,173.16,2023-02-16,2024-02-16
4220,255,12,150.59,2024-05-03,2025-05-03
4221,1136,7,61.61,2025-12-16,2026-12-16
4222,2645,8,82.56,2023-06-28,2024-06-27
4223,817,11,396.98,2024-09-15,2025-09-15
4224,3084,7,73.03,2023-02-18,2024-02-18
4225,1264,6,181.44,2023-04-04,2024-04-03
4226,2437,7,79.53,2023-04-24,2024-04-23
4227,1753,10,352.86,2025-11-15,2024-11-15
4228,3184,7,107.11,2024-10-14,2025-10-14
4229,2610,11,361.54,2024-03-26,2025-03-26
4230,1853,4,161.88,2023-05-20,2024-05-19
4231,1038,10,480.47,2024-12-30,2025-12-30
4232,382,11,385.41,2026-06-15,2027-06-15
4233,1703,3,165.61,2023-11-17,2024-11-16
4234,1084,5,166.85,2024-12-01,2025-12-01
4235,2161,6,190.39,2025-01-10,2026-01-10
4236,1942,4,186.96,2023-05-20,2024-05-19
4237,1602,1,276.05,2024-06-06,2025-06-06
4238,2440,10,330.33,2023-05-04,2024-05-03
4239,2984,12,114.79,2025-11-12,2026-11-12
4240,2773,8,97.48,2025-07-02,2026-07-02
4241,2564,13,131.01,2025-02-22,2026-02-22
4242,1,4,163.17,2025-08-22,2026-08-22
4243,1160,7,101.28,2025-07-14,2026-07-14
4244,27,6,187.98,2023-12-01,2024-11-30
4245,1459,10,299.33,2024-04-01,2025-04-01
4246,1542,10,301.61,2025-07-19,2026-07-19
4247,1032,8,96.17,2024-09-16,2025-09-16
4248,2090,12,111.49,2025-01-09,2026-01-09
4249,1349,5,145.78,2026-07-10,2027-07-10
4250,743,3,164.8,2023-03-10,2024-03-09
4251,1065,10,340.97,2024-02-16,2025-02-15
4252,3143,1,236.14,2025-08-17,2026-08-17
4253,2832,12,119.93,2023-05-08,2024-05-07
4254,984,13,196.0,2023-10-28,2024-10-27
4255,2128,9,627.07,2024-12-24,2025-12-24
4256,2121,5,300.76,2026-08-21,2027-08-21
4257,921,1,241.83,2026-06-23,2027-06-23
4258,1910,6,167.84,2024-07-07,2025-07-07
4259,724,7,77.34,2024-06-15,2025-06-15
4260,2194,2,287.33,2025-11-21,2026-11-21
4261,2878,12,148.33,2025-07-13,2026-07-13
4262,1045,5,130.74,2025-06-18,2026-06-18
4263,425,2,188.61,2025-07-23,2026-07-23
4264,2200,2,246.76,2023-09-09,2024-09-08
4265,1654,4,269.53,2024-03-09,2025-03-09
4266,1941,1,374.53,2025-10-11,2026-10-11
4267,1196,3,236.27,2024-03-17,2025-03-17
4268,2332,2,299.64,2023-09-04,2024-09-03
4269,1273,11,467.78,2025-12-06,2026-12-06
4270,2634,10,430.13,2025-03-16,2026-03-16
4271,3017,3,235.86,2024-10-01,2025-10-01
4272,2578,4,172.62,2025-04-09,2026-04-09
4273,2262,10,264.56,2025-07-22,2026-07-22
4274,1816,3,217.05,2026-03-14,2027-03-14
4275,2498,5,149.02,2025-01-28,2026-01-28
4276,788,7,88.65,2023-04-23,2024-04-22
4277,107,12,166.65,2023-05-24,2024-05-23
4278,1809,5,270.46,2023-09-21,2024-09-20
4279,1960,1,206.35,2024-10-06,2025-10-06
4280,761,4,174.95,2026-03-04,2027-03-04
4281,1822,3,282.34,2025-07-12,2026-07-12
4282,1781,10,424.22,2026-05-25,2027-05-25
4283,480,4,186.74,2025-03-12,2026-03-12
4284,1220,7,126.81,2024-01-31,2025-01-30
4285,1213,5,181.98,2023-01-17,2024-01-17
4286,1478,4,196.75,2023-12-25,2024-12-24
4287,363,1,185.77,2024-09-06,2025-09-06
4288,1848,7,70.28,2026-04-20,2027-04-20
4289,1468,13,137.83,2024-04-21,2025-04-21
4290,1967,2,187.5,2023-09-15,2024-09-14
4291,804,4,160.36,2024-06-28,2025-06-28
4292,887,8,66.14,2024-01-31,2025-01-30
4293,1929,12,143.22,2025-06-06,2026-06-06
4294,2592,8,87.26,2026-04-01,2027-04-01
4295,480,3,228.01,2024-02-02,2025-02-01
4296,1690,9,421.17,2026-07-21,2027-07-21
4297,2907,2,206.82,2026-04-03,2027-04-03
4298,2524,12,163.86,2023-07-03,2024-07-02
4299,717,8,105.97,2024-03-11,2025-03-11
4300,2584,7,85.57,2025-09-16,2026-09-16
