id_sinistro,id_polizza,data_denuncia,tipo_danno,tipo_modulo_cai,regione_sinistro,importo_stimato_perito,importo_indennizzo_liquidato,esito_sinistro,data_offerta,data_accettazione_danneggiato,data_liquidazione
1,1389,2024-02-26,Corpi di veicoli terrestri,,Sardegna,2559.93,2472.26,liquidato,2024-03-15,2024-03-22,2024-04-02
2,4140,2026-08-10,Corpi di veicoli terrestri,,Sardegna,3484.41,3390.63,liquidato,2026-08-20,2026-09-01,2026-09-13
3,2442,2024-03-03,Incendio ed elementi naturali,,Molise,2657.02,,respinto,,,
4,4202,2025-03-17,Incendio ed elementi naturali,,Piemonte,8381.35,,aperto,,,
5,2213,2023-03-07,Incendio ed elementi naturali,,Lazio,,14158.98,liquidato,2023-04-03,2023-04-11,2023-04-20
6,2931,2025-08-24,Altri danni ai beni,,Lombardia,347.09,,respinto,,,
7,2819,2026-05-28,Incendio ed elementi naturali,,Calabria,11410.03,11333.17,liquidato,2026-06-12,2026-06-28,2026-07-10
8,883,2024-02-20,Corpi di veicoli terrestri,,Liguria,981.71,,aperto,,,
9,545,2024-05-10,RC autoveicoli terrestri,congiunto,Marche,4441.09,4568.53,liquidato,2024-05-31,2024-06-10,2024-06-21
10,3260,2023-07-15,RC generale,,Abruzzo,15367.69,14773.57,liquidato,2023-08-27,2023-08-30,2023-09-07
11,1776,2024-12-07,RC generale,,Veneto,6680.98,6563.96,liquidato,2025-01-26,2025-02-02,2025-02-15
12,4038,2026-08-18,Incendio ed elementi naturali,,Sicilia,14725.94,14116.36,liquidato,2026-09-04,2026-09-15,2026-09-21
13,238,2026-08-24,Altri danni ai beni,,Piemonte,1267.45,1179.86,liquidato,2026-09-22,2026-10-10,2026-10-21
14,143,2025-09-08,Altri danni ai beni,,Veneto,2595.52,2382.84,liquidato,2025-10-04,2025-10-22,2025-11-05
15,2919,2026-03-18,Corpi di veicoli terrestri,,Abruzzo,3383.62,3309.73,liquidato,2026-04-18,2026-05-03,2026-05-18
16,2370,2025-06-24,Altri danni ai beni,,Lazio,1266.49,1070.76,liquidato,2025-07-16,2025-07-17,2025-07-23
17,603,2026-04-27,Incendio ed elementi naturali,,Valle d'Aosta,2853.2,2421.53,liquidato,2026-06-19,2026-06-24,2026-06-28
18,2722,2023-09-22,RC generale,,Sardegna,9102.86,8610.03,liquidato,2023-11-16,2023-11-23,2023-12-05
19,115,2025-08-12,RC generale,,Piemonte,6864.67,,respinto,,,
20,2658,2024-03-15,Incendio ed elementi naturali,,Marche,10268.29,,respinto,,,
21,370,2026-06-22,RC generale,,Campania,9508.17,9164.97,liquidato,2026-08-06,2026-08-20,2026-09-01
22,2506,2023-03-23,Incendio ed elementi naturali,,Veneto,14396.68,13363.53,liquidato,2023-05-05,2023-05-23,2023-05-27
23,2100,2023-11-14,RC generale,,Umbria,8189.32,7728.43,liquidato,2023-12-14,2023-12-17,2023-12-28
24,3165,2025-06-05,RC generale,,Puglia,6900.15,6656.02,liquidato,2025-07-02,2025-07-14,2025-07-21
25,895,2026-07-06,Corpi di veicoli terrestri,,Marche,4255.47,3644.7,liquidato,2026-07-22,2026-08-10,2026-08-17
26,1356,2026-08-20,Incendio ed elementi naturali,,Emilia-Romagna,14944.12,14538.24,liquidato,2026-09-08,2026-09-20,2026-09-29
27,2204,2024-07-23,Corpi di veicoli terrestri,,Sicilia,4390.68,3788.59,liquidato,2024-08-05,2024-08-07,2024-08-19
28,1059,2023-06-09,Corpi di veicoli terrestri,,Sardegna,200,48.83,liquidato,2023-07-16,2023-07-20,2023-07-27
29,1919,2025-08-05,RC autoveicoli terrestri,congiunto,Puglia,6474.56,6596.3,liquidato,2025-08-28,2025-09-02,2025-09-06
30,3383,2024-06-22,Incendio ed elementi naturali,,Liguria,200,0.0,liquidato,2024-08-15,2024-08-17,2024-08-20
31,1350,2025-12-18,Incendio ed elementi naturali,,Sardegna,18195.43,17027.53,liquidato,2026-01-21,2026-02-02,2026-02-15
32,3807,2026-07-14,Corpi di veicoli terrestri,,Toscana,3762.17,3378.96,liquidato,2026-08-12,2026-08-20,2026-08-27
33,1392,2024-01-04,Corpi di veicoli terrestri,,Basilicata,3293.49,2995.72,liquidato,2024-01-26,2024-02-14,2024-02-29
34,2808,2025-09-01,RC autoveicoli terrestri,unilaterale,Friuli-Venezia Giulia,10899.47,10471.29,liquidato,2025-10-22,2025-11-09,2025-11-15
35,2715,2026-08-24,RC autoveicoli terrestri,congiunto,Sardegna,2861.38,,in_contenzioso,2026-09-06,,
36,3054,2025-07-24,Incendio ed elementi naturali,,Veneto,12403.09,,respinto,,,
37,4170,2024-11-09,Corpi di veicoli terrestri,,Abruzzo,2393.13,2223.92,liquidato,2024-12-26,2025-01-07,2025-01-12
38,2098,2026-07-05,Altri danni ai beni,,Lazio,2382.81,2231.89,liquidato,2026-07-27,2026-08-06,2026-08-11
39,4297,2026-05-16,Corpi di veicoli terrestri,,Emilia-Romagna,2938.73,2657.29,liquidato,2026-06-04,2026-06-19,2026-06-24
40,872,2025-07-01,RC generale,,Sicilia,8358.96,7917.96,liquidato,2025-07-30,2025-08-15,2025-08-26
41,2001,2024-09-30,Incendio ed elementi naturali,,Piemonte,15773.03,15624.66,liquidato,2024-10-13,2024-10-22,2024-10-26
42,125,2024-04-08,Incendio ed elementi naturali,,Trentino-Alto Adige,16400.04,15108.9,liquidato,2024-05-07,2024-05-17,2024-05-23
43,3917,2025-05-23,RC generale,,Toscana,13228.25,12451.86,liquidato,2025-07-11,2025-07-16,2025-07-26
44,193,2025-05-23,Incendio ed elementi naturali,,Basilicata,10722.11,,respinto,,,
45,3273,2023-11-20,Incendio ed elementi naturali,,Sardegna,200,,in_contenzioso,2024-01-13,,
46,3301,2024-01-14,Corpi di veicoli terrestri,,Piemonte,1214.01,1054.28,liquidato,2024-02-06,2024-02-21,2024-03-06
47,2376,2023-09-22,RC generale,,Umbria,6846.94,6313.0,liquidato,2023-11-07,2023-11-08,2023-11-11
48,869,2026-04-09,RC generale,,Liguria,2290.39,1774.94,liquidato,2026-06-07,2026-06-13,2026-06-18
49,542,2026-07-23,Incendio ed elementi naturali,,Friuli-Venezia Giulia,1110.23,841.77,liquidato,2026-08-20,2026-09-01,2026-09-13
50,1929,2024-01-29,Corpi di veicoli terrestri,,Piemonte,3828.76,,respinto,,,
51,2495,2024-05-10,Incendio ed elementi naturali,,Toscana,6435.39,,aperto,,,
52,3864,2024-01-22,RC autoveicoli terrestri,unilaterale,Campania,7886.55,7557.59,liquidato,2024-03-03,2024-03-23,2024-04-03
53,2708,2026-08-11,Incendio ed elementi naturali,,Emilia-Romagna,6841.94,6373.48,liquidato,2026-09-05,2026-09-12,2026-09-22
54,3023,2024-10-29,Corpi di veicoli terrestri,,Veneto,5100.6,4694.09,liquidato,2024-11-27,2024-12-10,2024-12-15
55,2477,2024-01-22,RC generale,,Molise,7217.9,,aperto,,,
56,2304,2023-08-24,RC generale,,Molise,1823.63,,aperto,,,
57,189,2026-07-04,Incendio ed elementi naturali,,Lazio,23530.21,,aperto,,,
58,2115,2024-06-06,Incendio ed elementi naturali,,Molise,17030.73,16853.38,liquidato,2024-07-17,2024-08-03,2024-08-15
59,2263,2024-07-20,RC autoveicoli terrestri,unilaterale,Friuli-Venezia Giulia,3647.6,3355.38,liquidato,2024-08-18,2024-08-31,2024-09-15
60,3757,2025-10-15,RC generale,,Puglia,11647.44,10925.92,liquidato,2025-11-27,2025-12-13,2025-12-27
61,1805,2023-09-28,Altri danni ai beni,,Toscana,977.96,871.37,liquidato,2023-10-26,2023-10-31,2023-11-10
62,1986,2026-06-22,Altri danni ai beni,,Liguria,1291.83,1163.55,liquidato,2026-08-04,2026-08-18,2026-08-28
63,2334,2026-05-02,Incendio ed elementi naturali,,Molise,10251.58,9341.44,liquidato,2026-06-02,2026-06-22,2026-07-02
64,245,2024-07-20,Incendio ed elementi naturali,,Puglia,22098.28,21277.96,liquidato,2024-08-27,2024-09-06,2024-09-19
65,2764,2025-03-24,RC generale,,Piemonte,6901.81,,aperto,,,
66,3857,2026-06-08,RC autoveicoli terrestri,congiunto,Toscana,6643.88,6665.49,liquidato,2026-07-08,2026-07-21,2026-07-31
67,2117,2025-06-09,RC generale,,Valle d'Aosta,11308.26,,aperto,,,
68,3844,2025-02-27,RC autoveicoli terrestri,congiunto,Sardegna,5515.56,,aperto,,,
69,1276,2025-08-06,RC autoveicoli terrestri,congiunto,Basilicata,9532.63,,aperto,,,
70,1042,2025-02-21,Corpi di veicoli terrestri,,Molise,5885.18,,aperto,,,
71,3749,2024-09-28,Incendio ed elementi naturali,,Basilicata,22433.18,,respinto,,,
72,4207,2026-04-04,RC autoveicoli terrestri,congiunto,Molise,8807.68,8415.38,liquidato,2026-04-25,2026-05-14,2026-05-20
73,961,2024-07-10,RC autoveicoli terrestri,unilaterale,Toscana,7190.69,6858.64,liquidato,2024-07-20,2024-08-01,2024-08-04
74,3181,2025-08-17,Corpi di veicoli terrestri,,Puglia,4535.63,,aperto,,,
75,2233,2023-09-13,Incendio ed elementi naturali,,Molise,11996.3,11413.12,liquidato,2023-11-09,2023-11-11,2023-11-26
76,1398,2026-01-05,RC generale,,Basilicata,18807.13,,respinto,,,
77,3375,2025-07-20,Altri danni ai beni,,Puglia,2035.16,,in_contenzioso,2025-08-28,,
78,3083,2025-10-17,Incendio ed elementi naturali,,Toscana,9405.5,8917.8,liquidato,2025-11-17,2025-11-29,2025-12-05
79,2217,2024-03-06,RC generale,,Marche,11255.62,10818.74,liquidato,2024-04-03,2024-04-05,2024-04-15
80,1360,2026-03-24,Altri danni ai beni,,Piemonte,2750.85,,in_contenzioso,2026-05-11,,
81,4151,2025-09-03,Incendio ed elementi naturali,,Friuli-Venezia Giulia,15276.44,,respinto,,,
82,3983,2025-01-21,Corpi di veicoli terrestri,,Friuli-Venezia Giulia,3067.79,2981.94,liquidato,2025-03-14,2025-03-29,2025-04-04
83,4227,2024-12-01,RC autoveicoli terrestri,unilaterale,Friuli-Venezia Giulia,5355.65,,in_contenzioso,2024-12-20,,
84,1823,2024-02-29,Corpi di veicoli terrestri,,Lombardia,2618.37,2444.0,liquidato,2024-04-10,2024-04-19,2024-04-26
85,246,2026-05-31,RC autoveicoli terrestri,congiunto,Veneto,2263.67,1908.84,liquidato,2026-06-23,2026-06-27,2026-07-11
86,859,2024-02-24,RC autoveicoli terrestri,congiunto,Molise,5115.89,4742.97,liquidato,2024-03-23,2024-04-11,2024-04-23
87,1084,2024-01-31,Incendio ed elementi naturali,,Emilia-Romagna,4770.87,4590.82,liquidato,2024-03-28,2024-04-07,2024-04-17
88,597,2025-02-24,Altri danni ai beni,,Basilicata,2807.12,2630.46,liquidato,2025-04-16,2025-04-28,2025-05-05
89,365,2026-06-12,Corpi di veicoli terrestri,,Marche,,2550.41,liquidato,2026-07-18,2026-07-20,2026-07-28
90,2633,2026-07-22,Altri danni ai beni,,Sardegna,1851.07,1682.53,liquidato,2026-08-29,2026-09-07,2026-09-16
91,2667,2023-08-14,Corpi di veicoli terrestri,,Basilicata,2691.07,,aperto,,,
92,697,2024-03-16,RC autoveicoli terrestri,congiunto,Abruzzo,11781.45,,respinto,,,
93,1525,2023-04-22,RC generale,,Molise,9118.85,8419.27,liquidato,2023-05-23,2023-06-04,2023-06-16
94,3721,2024-11-07,RC autoveicoli terrestri,congiunto,Puglia,5202.37,5132.02,liquidato,2024-11-21,2024-11-26,2024-12-08
95,2853,2026-04-20,RC autoveicoli terrestri,unilaterale,Emilia-Romagna,7436.66,,aperto,,,
96,3320,2024-02-12,RC generale,,Calabria,4032.29,3604.49,liquidato,2024-03-16,2024-04-02,2024-04-08
97,116,2025-11-02,Corpi di veicoli terrestri,,Toscana,4926.13,4713.19,liquidato,2025-12-28,2026-01-04,2026-01-14
98,3215,2025-05-28,Altri danni ai beni,,Molise,1786.54,1578.42,liquidato,2025-07-01,2025-07-14,2025-07-23
99,194,2023-08-24,Altri danni ai beni,,Sicilia,,1042.8,liquidato,2023-09-14,2023-09-30,2023-10-08
100,1653,2025-11-19,RC autoveicoli terrestri,congiunto,Molise,7694.4,,aperto,,,
101,293,2023-08-18,Corpi di veicoli terrestri,,Sardegna,3252.88,2915.44,liquidato,2023-09-27,2023-10-03,2023-10-13
102,1866,2026-07-12,Corpi di veicoli terrestri,,Sicilia,6138.28,,in_contenzioso,2026-09-05,,
103,2281,2024-03-19,Altri danni ai beni,,Veneto,865.71,,aperto,,,
104,2020,2024-10-25,RC generale,,Sicilia,9036.81,8439.17,liquidato,2024-12-22,2025-01-07,2025-01-12
105,4220,2024-10-26,RC generale,,Emilia-Romagna,7382.99,,aperto,,,
106,617,2025-05-05,Altri danni ai beni,,Basilicata,1526.52,1344.33,liquidato,2025-06-19,2025-06-28,2025-07-01
107,1894,2024-08-15,Incendio ed elementi naturali,,Umbria,22400.78,21487.75,liquidato,2024-09-02,2024-09-14,2024-09-26
108,3193,2026-05-30,RC autoveicoli terrestri,unilaterale,Liguria,6332.78,6035.1,liquidato,2026-06-18,2026-06-29,2026-07-07
109,2623,2026-08-11,Incendio ed elementi naturali,,Sardegna,2839.32,2304.74,liquidato,2026-09-18,2026-09-22,2026-09-26
110,3233,2023-10-16,Altri danni ai beni,,Friuli-Venezia Giulia,1061.7,856.48,liquidato,2023-11-29,2023-12-09,2023-12-21
111,871,2024-01-04,Altri danni ai beni,,Lombardia,1833.69,,respinto,,,
112,3804,2026-05-03,RC autoveicoli terrestri,unilaterale,Abruzzo,6210.65,,respinto,,,
113,3924,2026-08-09,Altri danni ai beni,,Valle d'Aosta,3505.63,3296.4,liquidato,2026-08-19,2026-08-26,2026-09-09
114,715,2024-10-04,Incendio ed elementi naturali,,Emilia-Romagna,18794.04,,aperto,,,
115,3366,2024-08-03,RC autoveicoli terrestri,unilaterale,Veneto,2707.24,2700.44,liquidato,2024-09-06,2024-09-20,2024-10-03
116,2910,2026-02-19,RC generale,,Marche,17249.87,16628.36,liquidato,2026-04-08,2026-04-22,2026-05-04
117,504,2026-07-14,RC autoveicoli terrestri,congiunto,Marche,2685.94,,aperto,,,
118,2371,2024-03-06,RC generale,,Lombardia,6429.27,5841.02,liquidato,2024-04-28,2024-05-03,2024-05-10
119,3426,2023-10-23,Altri danni ai beni,,Umbria,301.65,,respinto,,,
120,1484,2024-01-15,RC generale,,Abruzzo,10530.96,9794.86,liquidato,2024-03-06,2024-03-25,2024-04-04
121,4205,2025-02-03,RC generale,,Friuli-Venezia Giulia,200,0.0,liquidato,2025-02-26,2025-03-09,2025-03-13
122,1448,2026-04-15,Altri danni ai beni,,Sicilia,873.9,,respinto,,,
123,4147,2026-01-19,Incendio ed elementi naturali,,Friuli-Venezia Giulia,16065.78,15180.6,liquidato,2026-02-18,2026-02-25,2026-03-05
124,1653,2025-04-26,RC autoveicoli terrestri,unilaterale,Molise,8123.9,,respinto,,,
125,529,2026-08-02,Incendio ed elementi naturali,,Umbria,12284.37,11932.21,liquidato,2026-09-25,2026-10-04,2026-10-10
126,4145,2024-02-23,RC autoveicoli terrestri,congiunto,Valle d'Aosta,3975.88,,aperto,,,
127,1153,2024-12-14,RC generale,,Liguria,11128.14,,in_contenzioso,2025-01-30,,
128,2087,2024-08-08,Incendio ed elementi naturali,,Lazio,10510.03,10525.47,liquidato,2024-09-19,2024-10-01,2024-10-11
129,3422,2024-05-24,Corpi di veicoli terrestri,,Sicilia,3605.95,3291.51,liquidato,2024-06-08,2024-06-14,2024-06-22
130,1602,2025-11-24,Corpi di veicoli terrestri,,Friuli-Venezia Giulia,918.23,,respinto,,,
131,1641,2026-02-10,RC generale,,Valle d'Aosta,11450.73,11179.84,liquidato,2026-03-10,2026-03-13,2026-03-22
132,89,2026-06-06,Corpi di veicoli terrestri,,Marche,4298.37,,respinto,,,
133,1941,2026-07-15,RC autoveicoli terrestri,unilaterale,Puglia,10931.14,,aperto,,,
134,1961,2024-06-06,RC generale,,Marche,9156.59,,aperto,,,
135,2479,2026-08-05,RC autoveicoli terrestri,congiunto,Marche,200,51.06,liquidato,2026-08-19,2026-08-28,2026-09-01
136,1391,2025-08-28,RC autoveicoli terrestri,unilaterale,Trentino-Alto Adige,9406.75,9379.81,liquidato,2025-10-17,2025-11-04,2025-11-13
137,4026,2024-09-25,RC autoveicoli terrestri,unilaterale,Trentino-Alto Adige,4569.84,,aperto,,,
138,2744,2024-03-18,RC autoveicoli terrestri,unilaterale,Abruzzo,4220.21,4005.24,liquidato,2024-05-12,2024-05-21,2024-05-24
139,3818,2024-12-29,Corpi di veicoli terrestri,,Liguria,3131.28,,aperto,,,
140,2411,2023-04-03,RC autoveicoli terrestri,unilaterale,Friuli-Venezia Giulia,9932.21,9604.15,liquidato,2023-05-08,2023-05-10,2023-05-16
141,2639,2023-07-06,RC generale,,Marche,12946.6,12813.81,liquidato,2023-08-24,2023-09-09,2023-09-20
142,2529,2026-08-09,RC autoveicoli terrestri,unilaterale,Lombardia,13676.59,13828.06,liquidato,2026-08-25,2026-09-09,2026-09-24
143,2026,2024-02-03,RC generale,,Lombardia,7107.04,6944.52,liquidato,2024-03-05,2024-03-14,2024-03-20
144,3335,2026-01-18,Incendio ed elementi naturali,,Campania,3586.86,3079.72,liquidato,2026-02-01,2026-02-05,2026-02-20
145,1739,2024-01-07,RC generale,,Friuli-Venezia Giulia,7300.55,6925.73,liquidato,2024-02-09,2024-02-23,2024-03-07
146,2760,2024-05-09,Altri danni ai beni,,Veneto,2286.23,2151.53,liquidato,2024-06-14,2024-06-16,2024-06-28
147,3783,2026-06-01,RC generale,,Lombardia,7761.92,7349.42,liquidato,2026-06-24,2026-07-14,2026-07-21
148,698,2024-11-04,RC autoveicoli terrestri,congiunto,Umbria,4041.56,,aperto,,,
149,2540,2025-02-12,RC autoveicoli terrestri,congiunto,Toscana,3360.6,3069.83,liquidato,2025-02-26,2025-03-10,2025-03-20
150,2534,2026-01-21,Altri danni ai beni,,Veneto,2008.07,,respinto,,,
151,3812,2025-02-13,Incendio ed elementi naturali,,Friuli-Venezia Giulia,2861.21,2540.71,liquidato,2025-03-09,2025-03-24,2025-04-08
152,3618,2026-07-21,RC generale,,Piemonte,16468.16,15489.56,liquidato,2026-09-10,2026-09-11,2026-09-20
153,2897,2024-06-04,Corpi di veicoli terrestri,,Emilia-Romagna,2468.54,1942.61,liquidato,2024-06-28,2024-07-12,2024-07-16
154,343,2024-09-15,Incendio ed elementi naturali,,Lazio,8617.53,8193.29,liquidato,2024-10-27,2024-11-01,2024-11-06
155,1176,2026-07-24,Incendio ed elementi naturali,,Liguria,15712.48,,respinto,,,
156,768,2026-08-24,Incendio ed elementi naturali,,Molise,12669.1,,aperto,,,
157,450,2026-07-04,RC autoveicoli terrestri,congiunto,Marche,4417.85,4447.86,liquidato,2026-07-22,2026-08-07,2026-08-15
158,2400,2025-10-29,RC autoveicoli terrestri,congiunto,Veneto,6742.01,,aperto,,,
159,1727,2025-11-19,Corpi di veicoli terrestri,,Abruzzo,200,,aperto,,,
160,2807,2024-08-20,RC autoveicoli terrestri,congiunto,Molise,4053.91,3917.77,liquidato,2024-08-31,2024-09-10,2024-09-14
161,963,2023-12-18,RC generale,,Toscana,11201.27,10863.31,liquidato,2024-01-09,2024-01-28,2024-02-03
162,2382,2024-02-18,Altri danni ai beni,,Trentino-Alto Adige,1251.89,,respinto,,,
163,1593,2026-07-14,Incendio ed elementi naturali,,Piemonte,13021.39,12674.31,liquidato,2026-09-10,2026-09-25,2026-09-29
164,1245,2024-08-13,Incendio ed elementi naturali,,Calabria,21951.97,21166.36,liquidato,2024-09-16,2024-09-30,2024-10-13
165,1352,2024-10-23,Incendio ed elementi naturali,,Abruzzo,20870.4,20567.69,liquidato,2024-11-07,2024-11-08,2024-11-19
166,498,2026-08-22,Incendio ed elementi naturali,,Liguria,11520.31,10834.17,liquidato,2026-09-26,2026-10-12,2026-10-15
167,1151,2024-09-10,Incendio ed elementi naturali,,Basilicata,200,0.0,liquidato,2024-10-12,2024-10-21,2024-11-03
168,570,2025-11-13,Corpi di veicoli terrestri,,Marche,4625.49,4462.43,liquidato,2026-01-11,2026-01-17,2026-01-28
169,3213,2025-06-17,RC autoveicoli terrestri,unilaterale,Liguria,3964.45,3604.09,liquidato,2025-06-30,2025-07-16,2025-07-29
170,617,2026-02-21,Altri danni ai beni,,Valle d'Aosta,1790.3,1560.84,liquidato,2026-04-13,2026-04-25,2026-05-10
171,4270,2025-07-14,RC autoveicoli terrestri,unilaterale,Umbria,2382.95,,in_contenzioso,2025-07-29,,
172,3939,2026-05-31,RC generale,,Veneto,6035.73,5691.9,liquidato,2026-07-04,2026-07-15,2026-07-21
173,2421,2026-07-12,RC generale,,Friuli-Venezia Giulia,7620.59,7460.95,liquidato,2026-08-27,2026-09-04,2026-09-15
174,2827,2026-03-04,RC generale,,Lombardia,13250.1,13073.57,liquidato,2026-04-26,2026-05-08,2026-05-21
175,2525,2026-02-09,RC autoveicoli terrestri,unilaterale,Liguria,,5249.19,liquidato,2026-04-06,2026-04-24,2026-05-04
176,1547,2026-07-29,RC generale,,Molise,9507.52,9068.21,liquidato,2026-09-16,2026-09-21,2026-09-29
177,1976,2025-02-17,RC autoveicoli terrestri,congiunto,Liguria,5707.67,5434.7,liquidato,2025-03-14,2025-03-17,2025-03-20
178,3719,2026-04-10,RC autoveicoli terrestri,unilaterale,Sardegna,11647.74,,in_contenzioso,2026-04-27,,
179,1759,2024-09-17,Altri danni ai beni,,Liguria,1875.23,,aperto,,,
180,1734,2023-12-16,RC autoveicoli terrestri,congiunto,Friuli-Venezia Giulia,3084.44,3072.76,liquidato,2024-01-08,2024-01-26,2024-02-07
181,968,2026-02-20,Incendio ed elementi naturali,,Abruzzo,18275.1,17857.33,liquidato,2026-03-25,2026-04-06,2026-04-17
182,3011,2026-08-24,Corpi di veicoli terrestri,,Lombardia,6399.23,6279.25,liquidato,2026-09-07,2026-09-13,2026-09-25
183,2672,2026-04-10,Altri danni ai beni,,Sicilia,2051.14,1897.63,liquidato,2026-05-13,2026-05-28,2026-06-06
184,3702,2026-05-21,Incendio ed elementi naturali,,Campania,10321.71,10078.17,liquidato,2026-06-26,2026-07-13,2026-07-21
185,2554,2024-10-24,RC autoveicoli terrestri,unilaterale,Sardegna,4808.36,,respinto,,,
186,3333,2023-02-13,RC generale,,Piemonte,13724.06,13659.76,liquidato,2023-04-02,2023-04-21,2023-04-30
187,2762,2024-10-04,Incendio ed elementi naturali,,Veneto,20299.59,,aperto,,,
188,3382,2025-02-16,Corpi di veicoli terrestri,,Friuli-Venezia Giulia,3579.81,3279.72,liquidato,2025-04-06,2025-04-18,2025-04-21
189,386,2023-11-07,Altri danni ai beni,,Calabria,1712.69,,in_contenzioso,2023-12-11,,
190,1504,2026-06-21,Incendio ed elementi naturali,,Umbria,12383.75,11359.63,liquidato,2026-08-18,2026-08-19,2026-09-03
191,1334,2026-04-07,RC generale,,Veneto,10308.08,,respinto,,,
192,103,2026-01-20,RC autoveicoli terrestri,unilaterale,Umbria,8347.85,,respinto,,,
193,1102,2024-10-14,Incendio ed elementi naturali,,Lazio,14593.78,,aperto,,,
194,2160,2025-05-17,RC autoveicoli terrestri,congiunto,Calabria,6104.58,6268.61,liquidato,2025-06-15,2025-06-24,2025-07-02
195,1970,2025-07-15,RC autoveicoli terrestri,congiunto,Lazio,8827.82,8563.88,liquidato,2025-08-03,2025-08-23,2025-09-05
196,546,2024-07-28,Corpi di veicoli terrestri,,Toscana,3420.48,,aperto,,,
197,2784,2024-04-01,Incendio ed elementi naturali,,Campania,8954.14,8741.4,liquidato,2024-04-11,2024-04-13,2024-04-17
198,4068,2024-06-02,RC autoveicoli terrestri,congiunto,Sardegna,4159.53,3950.7,liquidato,2024-06-21,2024-07-05,2024-07-11
199,209,2026-07-27,Corpi di veicoli terrestri,,Veneto,4025.54,3764.11,liquidato,2026-08-24,2026-09-04,2026-09-16
200,836,2024-05-09,RC generale,,Sardegna,8357.02,,in_contenzioso,2024-05-22,,
201,2967,2026-07-26,Altri danni ai beni,,Campania,2317.23,,in_contenzioso,2026-08-27,,
202,2233,2023-05-16,Incendio ed elementi naturali,,Umbria,24741.7,25086.62,liquidato,2023-06-27,2023-06-30,2023-07-11
203,3335,2025-12-30,Incendio ed elementi naturali,,Campania,8451.19,7890.73,liquidato,2026-02-23,2026-02-27,2026-03-07
204,990,2025-12-21,Corpi di veicoli terrestri,,Umbria,3183.78,3080.95,liquidato,2026-01-28,2026-01-29,2026-02-08
205,3106,2024-09-13,Altri danni ai beni,,Abruzzo,2592.07,2531.01,liquidato,2024-10-06,2024-10-10,2024-10-15
206,2151,2024-11-19,Altri danni ai beni,,Umbria,1284.6,,aperto,,,
207,2950,2023-10-12,Incendio ed elementi naturali,,Calabria,2240.06,,respinto,,,
208,1077,2026-01-14,RC generale,,Lombardia,9720.81,9159.21,liquidato,2026-02-16,2026-02-25,2025-12-16
209,171,2026-07-10,Incendio ed elementi naturali,,Emilia-Romagna,10941.73,10598.15,liquidato,2026-08-03,2026-08-06,2026-08-19
210,2121,2026-06-09,Corpi di veicoli terrestri,,Molise,3657.96,3602.99,liquidato,2026-07-10,2026-07-26,2026-08-01
211,2142,2025-04-22,RC generale,,Toscana,7394.35,7301.49,liquidato,2025-06-07,2025-06-16,2025-06-28
212,1989,2025-12-22,RC generale,,Campania,6454.14,6060.08,liquidato,2026-01-01,2026-01-18,2026-01-22
213,717,2025-11-29,Altri danni ai beni,,Valle d'Aosta,379.96,,in_contenzioso,2025-12-22,,
214,2179,2024-08-26,RC autoveicoli terrestri,unilaterale,Campania,2252.13,1996.44,liquidato,2024-10-04,2024-10-08,2024-10-13
215,3975,2025-07-19,Corpi di veicoli terrestri,,Toscana,3445.25,,aperto,,,
216,4200,2026-08-14,RC autoveicoli terrestri,unilaterale,Puglia,2755.56,,respinto,,,
217,1161,2026-08-15,RC autoveicoli terrestri,congiunto,Umbria,7442.27,7138.33,liquidato,2026-09-13,2026-10-01,2026-10-05
218,2093,2023-10-18,Altri danni ai beni,,Abruzzo,1187.75,,aperto,,,
219,2792,2023-03-01,RC generale,,Lombardia,6392.61,6018.8,liquidato,2023-03-29,2023-04-07,2023-04-22
220,359,2026-06-05,Corpi di veicoli terrestri,,Liguria,200,,aperto,,,
221,1955,2024-06-08,RC autoveicoli terrestri,congiunto,Emilia-Romagna,7602.93,7407.59,liquidato,2024-06-28,2024-07-14,2024-07-26
222,745,2024-07-17,Altri danni ai beni,,Marche,3665.01,3545.44,liquidato,2024-08-10,2024-08-16,2024-08-31
223,670,2026-07-31,RC autoveicoli terrestri,congiunto,Lazio,3128.19,3110.18,liquidato,2026-08-19,2026-08-22,2026-08-26
224,3701,2024-12-02,Corpi di veicoli terrestri,,Lombardia,3654.28,3470.35,liquidato,2024-12-18,2024-12-27,2024-12-30
225,3093,2025-12-20,Corpi di veicoli terrestri,,Puglia,1808.31,1474.63,liquidato,2026-02-04,2026-02-12,2026-02-26
226,823,2024-02-17,Altri danni ai beni,,Lombardia,3212.75,3202.18,liquidato,2024-04-11,2024-04-30,2024-02-12
227,677,2025-10-10,Incendio ed elementi naturali,,Sardegna,24895.14,24136.87,liquidato,2025-11-06,2025-11-25,2025-12-02
228,3598,2026-02-04,Incendio ed elementi naturali,,Calabria,6941.11,6512.48,liquidato,2026-04-03,2026-04-19,2026-04-26
229,2512,2025-07-17,Corpi di veicoli terrestri,,Umbria,4433.82,4155.79,liquidato,2025-09-02,2025-09-11,2025-09-20
230,2323,2025-10-16,Corpi di veicoli terrestri,,Lazio,1957.35,,aperto,,,
231,4234,2025-05-12,Incendio ed elementi naturali,,Lombardia,13728.04,,aperto,,,
232,3227,2026-02-17,Corpi di veicoli terrestri,,Marche,4294.76,,aperto,,,
233,204,2026-06-20,Corpi di veicoli terrestri,,Valle d'Aosta,4814.42,4210.33,liquidato,2026-08-07,2026-08-21,2026-09-04
234,4090,2024-04-03,Corpi di veicoli terrestri,,Puglia,2865.61,2712.96,liquidato,2024-05-14,2024-05-19,2024-06-02
235,3616,2023-05-22,RC autoveicoli terrestri,congiunto,Valle d'Aosta,7335.35,,in_contenzioso,2023-06-01,,
236,1725,2023-07-22,RC autoveicoli terrestri,congiunto,Umbria,7877.3,7919.13,liquidato,2023-08-15,2023-08-17,2023-08-27
237,564,2026-05-01,Altri danni ai beni,,Sardegna,3084.78,,aperto,,,
238,1923,2026-07-10,Corpi di veicoli terrestri,,Sardegna,4299.52,4096.15,liquidato,2026-08-24,2026-09-08,2026-09-14
239,3055,2025-05-09,Corpi di veicoli terrestri,,Valle d'Aosta,2331.9,,in_contenzioso,2025-06-17,,
240,1469,2024-05-18,Altri danni ai beni,,Lazio,2727.54,,in_contenzioso,2024-06-30,,
241,3028,2024-01-30,Altri danni ai beni,,Puglia,284.24,185.11,liquidato,2024-03-24,2024-03-27,2024-04-07
242,817,2023-11-02,RC autoveicoli terrestri,congiunto,Basilicata,5692.24,5306.55,liquidato,2023-11-29,2023-12-04,2023-12-19
243,3373,2026-02-08,Altri danni ai beni,,Puglia,1742.69,1571.45,liquidato,2026-03-02,2026-03-09,2026-03-15
244,3718,2024-03-11,Corpi di veicoli terrestri,,Lombardia,200,49.31,liquidato,2024-03-21,2024-04-09,2024-04-22
245,1518,2025-04-03,Incendio ed elementi naturali,,Toscana,19516.62,,aperto,,,
246,201,2024-08-30,RC autoveicoli terrestri,congiunto,Campania,200,0.0,liquidato,2024-09-13,2024-09-21,2024-09-24
247,4080,2023-07-03,Altri danni ai beni,,Calabria,1139.82,1066.2,liquidato,2023-07-14,2023-07-18,2023-07-23
248,1369,2026-08-13,Incendio ed elementi naturali,,Marche,12552.59,,in_contenzioso,2026-09-19,,
249,640,2026-08-01,Altri danni ai beni,,Basilicata,2479.6,2038.56,liquidato,2026-08-21,2026-08-31,2026-09-13
250,1446,2024-04-19,Altri danni ai beni,,Trentino-Alto Adige,668.07,464.02,liquidato,2024-05-03,2024-05-21,2024-05-27
251,3798,2023-11-12,Altri danni ai beni,,Sardegna,1041.73,,aperto,,,
252,396,2025-12-21,Altri danni ai beni,,Friuli-Venezia Giulia,2179.02,,respinto,,,
253,3194,2023-08-23,RC generale,,Molise,9774.24,9448.75,liquidato,2023-10-02,2023-10-03,2023-08-10
254,3367,2024-03-02,Altri danni ai beni,,Sicilia,2679.79,2543.96,liquidato,2024-04-30,2024-05-16,2024-05-29
255,2213,2023-12-19,Incendio ed elementi naturali,,Lazio,13072.18,,respinto,,,
256,3000,2025-08-26,Altri danni ai beni,,Umbria,1441.06,,aperto,,,
257,878,2024-01-02,Incendio ed elementi naturali,,Friuli-Venezia Giulia,15321.48,,in_contenzioso,2024-02-11,,
258,2706,2024-01-11,Altri danni ai beni,,Sardegna,2573.6,2509.8,liquidato,2024-01-23,2024-01-30,2024-02-14
259,432,2025-01-29,RC generale,,Abruzzo,10221.89,,aperto,,,
260,1429,2023-10-13,Corpi di veicoli terrestri,,Lazio,3574.13,3231.18,liquidato,2023-11-12,2023-11-25,2023-12-03
261,2283,2025-12-05,Incendio ed elementi naturali,,Piemonte,9594.19,8827.35,liquidato,2026-01-22,2026-01-24,2026-01-30
262,1846,2023-06-19,Altri danni ai beni,,Abruzzo,1962.95,1756.71,liquidato,2023-07-12,2023-07-21,2023-07-30
263,3146,2025-12-06,Corpi di veicoli terrestri,,Calabria,5204.47,5098.15,liquidato,2026-01-04,2026-01-23,2026-01-26
264,2914,2026-05-22,RC generale,,Abruzzo,6276.55,,respinto,,,
265,1399,2025-04-18,RC generale,,Valle d'Aosta,8102.41,7579.55,liquidato,2025-06-05,2025-06-07,2025-06-16
266,3951,2025-06-05,RC generale,,Trentino-Alto Adige,22300.43,,aperto,,,
267,1549,2026-05-31,RC generale,,Lazio,1860.59,1354.73,liquidato,2026-06-16,2026-06-20,2026-06-28
268,2812,2025-01-05,RC autoveicoli terrestri,unilaterale,Calabria,1511.64,,aperto,,,
269,2605,2023-12-06,RC generale,,Molise,9806.86,,respinto,,,
270,3812,2025-10-29,Incendio ed elementi naturali,,Friuli-Venezia Giulia,12715.3,12111.35,liquidato,2025-12-13,2025-12-30,2026-01-05
271,3025,2025-07-14,Corpi di veicoli terrestri,,Emilia-Romagna,4680.03,4213.55,liquidato,2025-08-09,2025-08-24,2025-09-01
272,3678,2026-01-14,RC generale,,Liguria,7958.51,7391.13,liquidato,2026-02-01,2026-02-11,2026-02-16
273,474,2023-06-24,Incendio ed elementi naturali,,Liguria,9280.28,8788.25,liquidato,2023-07-29,2023-08-17,2023-08-27
274,2686,2026-07-04,Altri danni ai beni,,Puglia,2161.53,2107.79,liquidato,2026-08-24,2026-09-09,2026-09-14
275,1906,2025-09-30,RC autoveicoli terrestri,congiunto,Trentino-Alto Adige,3315.09,2971.95,liquidato,2025-10-29,2025-11-02,2025-11-06
276,1823,2024-05-09,Corpi di veicoli terrestri,,Lombardia,3021.17,2896.27,liquidato,2024-05-23,2024-06-11,2024-06-23
277,3803,2025-07-23,Altri danni ai beni,,Campania,1916.26,1728.89,liquidato,2025-09-21,2025-10-03,2025-10-15
278,1561,2025-09-23,Altri danni ai beni,,Lombardia,1814.89,,aperto,,,
279,456,2024-02-27,Corpi di veicoli terrestri,,Basilicata,2286.59,2153.41,liquidato,2024-04-20,2024-04-23,2024-04-30
280,3338,2025-04-07,RC autoveicoli terrestri,unilaterale,Sardegna,5563.02,5367.63,liquidato,2025-05-23,2025-06-02,2025-06-06
281,1732,2025-02-04,Incendio ed elementi naturali,,Marche,4048.25,3090.32,liquidato,2025-03-31,2025-04-17,2025-04-29
282,581,2025-02-19,RC generale,,Piemonte,14086.77,,aperto,,,
283,3970,2025-09-26,RC autoveicoli terrestri,congiunto,Liguria,3037.88,2534.19,liquidato,2025-10-13,2025-10-17,2025-10-26
284,1174,2024-08-17,RC generale,,Calabria,5912.87,5521.64,liquidato,2024-08-30,2024-08-31,2024-09-09
285,3626,2024-01-19,RC generale,,Sardegna,7422.92,6976.8,liquidato,2024-02-21,2024-03-05,2024-03-14
286,585,2024-07-02,RC generale,,Abruzzo,,9291.39,liquidato,2024-08-02,2024-08-17,2024-08-20
287,511,2023-09-12,Incendio ed elementi naturali,,Valle d'Aosta,12005.93,11433.97,liquidato,2023-11-05,2023-11-12,2023-11-24
288,785,2024-09-11,RC generale,,Lombardia,6601.59,,aperto,,,
289,1606,2026-01-14,RC generale,,Sicilia,13412.77,12926.84,liquidato,2026-03-04,2026-03-20,2026-03-24
290,901,2023-04-03,Incendio ed elementi naturali,,Veneto,12191.98,,aperto,,,
291,3487,2026-04-09,Altri danni ai beni,,Abruzzo,1766.1,1591.75,liquidato,2026-05-05,2026-05-24,2026-06-01
292,3164,2025-03-04,RC generale,,Trentino-Alto Adige,4731.09,4351.97,liquidato,2025-04-14,2025-04-19,2025-04-27
293,2470,2025-12-26,RC autoveicoli terrestri,congiunto,Marche,11507.95,,aperto,,,
294,686,2025-07-02,Corpi di veicoli terrestri,,Liguria,3021.71,,aperto,,,
295,2158,2023-12-08,RC autoveicoli terrestri,unilaterale,Campania,8010.19,,in_contenzioso,2023-12-28,,
296,2064,2026-02-11,Altri danni ai beni,,Sardegna,1113.92,994.42,liquidato,2026-03-16,2026-03-20,2026-04-02
297,2625,2024-10-17,Corpi di veicoli terrestri,,Piemonte,5986.02,5666.76,liquidato,2024-11-05,2024-11-08,2024-11-22
298,1068,2024-12-13,Corpi di veicoli terrestri,,Trentino-Alto Adige,200,0.0,liquidato,2025-02-07,2025-02-22,2025-03-01
299,1370,2024-02-25,RC autoveicoli terrestri,unilaterale,Liguria,10321.33,10239.77,liquidato,2024-03-25,2024-04-02,2024-04-05
300,3168,2026-01-05,Corpi di veicoli terrestri,,Lombardia,2230.52,1876.27,liquidato,2026-02-08,2026-02-14,2026-03-01
301,3557,2026-07-17,RC generale,,Umbria,1002.59,765.78,liquidato,2026-08-12,2026-08-28,2026-09-01
302,2440,2025-10-25,RC generale,,Emilia-Romagna,3325.25,,in_contenzioso,2025-11-24,,
303,2169,2025-03-12,Corpi di veicoli terrestri,,Campania,776.35,281.58,liquidato,2025-05-05,2025-05-20,2025-05-24
304,2087,2025-05-11,Incendio ed elementi naturali,,Lazio,13917.08,13684.4,liquidato,2025-06-01,2025-06-16,2025-07-01
305,1422,2024-02-08,RC generale,,Friuli-Venezia Giulia,12364.67,,respinto,,,
306,1050,2025-12-23,RC autoveicoli terrestri,unilaterale,Valle d'Aosta,5890.12,,in_contenzioso,2026-02-15,,
307,2254,2025-01-23,Altri danni ai beni,,Emilia-Romagna,1702.27,1576.67,liquidato,2025-02-21,2025-03-07,2025-03-15
308,2408,2026-02-02,RC generale,,Lombardia,6431.4,,in_contenzioso,2026-02-23,,
309,1762,2023-08-13,RC generale,,Veneto,8471.47,8119.29,liquidato,2023-09-24,2023-09-29,2023-10-14
310,3403,2024-08-18,Corpi di veicoli terrestri,,Lombardia,,2190.45,liquidato,2024-10-05,2024-10-10,2024-10-23
311,1812,2024-10-27,RC generale,,Umbria,11483.66,10915.6,liquidato,2024-12-16,2025-01-05,2025-01-09
312,3744,2024-07-23,RC autoveicoli terrestri,unilaterale,Umbria,8042.61,,aperto,,,
313,885,2024-10-07,Corpi di veicoli terrestri,,Liguria,4685.53,4078.37,liquidato,2024-11-21,2024-12-03,2024-12-14
314,3318,2023-06-21,Incendio ed elementi naturali,,Puglia,13885.73,13593.59,liquidato,2023-08-08,2023-08-20,2023-08-23
315,3598,2026-01-30,Incendio ed elementi naturali,,Calabria,19841.77,20107.28,liquidato,2026-03-22,2026-04-09,2026-04-13
316,2170,2026-01-25,RC generale,,Veneto,14576.51,14541.42,liquidato,2026-02-12,2026-02-25,2026-03-05
317,2369,2026-07-07,Corpi di veicoli terrestri,,Piemonte,3586.02,3064.29,liquidato,2026-07-28,2026-08-04,2026-08-09
318,3648,2026-05-31,Altri danni ai beni,,Emilia-Romagna,1909.11,1683.11,liquidato,2026-06-29,2026-07-01,2026-07-11
319,4121,2026-08-05,Incendio ed elementi naturali,,Toscana,16820.14,15755.47,liquidato,2026-08-26,2026-09-05,2026-09-10
320,252,2024-12-06,Altri danni ai beni,,Friuli-Venezia Giulia,1765.91,,respinto,,,
321,2305,2026-08-16,RC autoveicoli terrestri,congiunto,Campania,1123.78,1137.85,liquidato,2026-09-04,2026-09-09,2026-09-23
322,2564,2023-08-12,RC generale,,Puglia,8707.11,8194.59,liquidato,2023-10-03,2023-10-11,2023-10-22
323,2399,2024-07-21,Incendio ed elementi naturali,,Puglia,18548.95,,aperto,,,
324,2734,2025-08-17,Altri danni ai beni,,Lazio,1471.54,1375.1,liquidato,2025-10-03,2025-10-09,2025-10-24
325,2825,2024-02-05,Altri danni ai beni,,Toscana,1889.15,1700.41,liquidato,2024-03-23,2024-03-27,2024-03-31
326,3877,2026-04-24,RC autoveicoli terrestri,congiunto,Liguria,6810.47,6618.96,liquidato,2026-05-24,2026-06-05,2026-06-15
327,3116,2025-10-28,RC generale,,Molise,1741.78,1229.74,liquidato,2025-12-13,2025-12-21,2026-01-04
328,267,2023-05-24,Altri danni ai beni,,Molise,819.38,712.96,liquidato,2023-07-20,2023-07-27,2023-08-08
329,1502,2025-12-18,Corpi di veicoli terrestri,,Sardegna,4415.71,4046.12,liquidato,2026-02-13,2026-02-19,2026-02-27
330,2967,2025-11-18,Altri danni ai beni,,Campania,3465.61,3312.26,liquidato,2025-12-04,2025-12-08,2025-12-12
331,999,2025-11-03,RC generale,,Umbria,4663.78,,aperto,,,
332,1445,2026-06-23,Corpi di veicoli terrestri,,Molise,2866.62,2725.29,liquidato,2026-07-17,2026-08-04,2026-08-14
333,561,2025-07-10,Altri danni ai beni,,Basilicata,2208.92,2119.61,liquidato,2025-09-01,2025-09-03,2025-09-11
334,2283,2026-01-24,Incendio ed elementi naturali,,Piemonte,24472.47,23784.54,liquidato,2026-02-13,2026-03-01,2026-03-07
335,2299,2024-09-07,Corpi di veicoli terrestri,,Trentino-Alto Adige,792.6,496.04,liquidato,2024-10-25,2024-11-12,2024-11-21
336,3897,2026-07-23,Incendio ed elementi naturali,,Lombardia,16335.22,15164.53,liquidato,2026-08-08,2026-08-21,2026-09-03
337,1121,2025-07-20,RC generale,,Lombardia,13314.84,12956.37,liquidato,2025-08-05,2025-08-10,2025-08-24
338,3243,2026-01-14,Corpi di veicoli terrestri,,Umbria,3887.6,3344.03,liquidato,2026-02-19,2026-03-10,2026-03-16
339,687,2025-04-25,RC generale,,Piemonte,7961.98,,in_contenzioso,2025-05-15,,
340,1026,2026-08-06,RC autoveicoli terrestri,unilaterale,Piemonte,3758.81,,in_contenzioso,2026-08-31,,
341,3026,2023-04-22,Incendio ed elementi naturali,,Marche,17412.52,17058.49,liquidato,2023-05-24,2023-05-31,2023-06-14
342,3607,2024-12-18,RC generale,,Emilia-Romagna,14207.21,13604.26,liquidato,2025-01-25,2025-02-04,2025-02-15
343,2633,2026-07-24,Altri danni ai beni,,Sardegna,2788.03,2636.92,liquidato,2026-08-24,2026-09-08,2026-09-22
344,2384,2026-08-15,Incendio ed elementi naturali,,Molise,13241.72,,aperto,,,
345,2838,2023-02-19,Corpi di veicoli terrestri,,Lombardia,2546.58,2356.56,liquidato,2023-03-24,2023-04-01,2023-04-15
346,326,2024-02-18,Corpi di veicoli terrestri,,Piemonte,4180.19,,respinto,,,
347,3309,2025-03-03,RC autoveicoli terrestri,congiunto,Trentino-Alto Adige,11623.87,11160.37,liquidato,2025-03-26,2025-04-08,2025-04-20
348,2926,2024-08-18,Altri danni ai beni,,Valle d'Aosta,2008.57,1501.41,liquidato,2024-08-31,2024-09-20,2024-09-29
349,1714,2025-05-07,RC autoveicoli terrestri,congiunto,Friuli-Venezia Giulia,9622.3,9418.78,liquidato,2025-05-22,2025-05-23,2025-06-05
350,2130,2024-05-27,RC generale,,Puglia,,3596.66,liquidato,2024-06-19,2024-07-02,2024-07-05
351,551,2026-04-21,RC generale,,Veneto,13246.13,13020.43,liquidato,2026-05-14,2026-06-01,2026-06-05
352,1189,2026-04-12,Incendio ed elementi naturali,,Toscana,7977.03,7754.4,liquidato,2026-05-06,2026-05-10,2026-05-22
353,1054,2024-11-22,RC generale,,Lombardia,15455.66,14916.72,liquidato,2024-12-25,2024-12-26,2024-12-30
354,4260,2026-05-03,Corpi di veicoli terrestri,,Basilicata,200,,respinto,,,
355,1075,2023-11-18,Incendio ed elementi naturali,,Marche,17007.68,15630.56,liquidato,2023-12-30,2024-01-12,2024-01-21
356,659,2025-07-22,RC autoveicoli terrestri,congiunto,Umbria,9341.5,,aperto,,,
357,3776,2025-06-17,Incendio ed elementi naturali,,Calabria,12219.56,,in_contenzioso,2025-08-13,,
358,3496,2026-07-09,RC autoveicoli terrestri,congiunto,Puglia,8264.56,8077.11,liquidato,2026-08-03,2026-08-15,2026-08-19
359,4249,2026-08-06,Incendio ed elementi naturali,,Trentino-Alto Adige,8174.86,7495.14,liquidato,2026-09-23,2026-09-29,2026-10-09
360,2702,2024-04-07,Altri danni ai beni,,Marche,1218.67,1041.19,liquidato,2024-04-22,2024-04-29,2024-05-06
361,2735,2023-08-30,Incendio ed elementi naturali,,Friuli-Venezia Giulia,10825.7,10868.35,liquidato,2023-10-19,2023-11-03,2023-11-11
362,2423,2024-11-20,RC generale,,Toscana,5215.71,4606.75,liquidato,2024-12-09,2024-12-25,2024-12-31
363,1450,2024-11-24,RC generale,,Abruzzo,13455.62,,in_contenzioso,2025-01-03,,
364,328,2025-09-15,RC generale,,Abruzzo,5992.23,,respinto,,,
365,1704,2023-08-24,RC generale,,Liguria,15628.81,15303.26,liquidato,2023-10-17,2023-11-05,2023-11-14
366,1796,2024-07-21,RC generale,,Friuli-Venezia Giulia,11334.27,10560.08,liquidato,2024-08-31,2024-09-10,2024-09-14
367,1953,2025-11-11,Incendio ed elementi naturali,,Piemonte,21172.49,19598.19,liquidato,2025-11-26,2025-12-08,2025-12-23
368,1109,2026-05-29,Altri danni ai beni,,Lazio,1067.54,,in_contenzioso,2026-07-04,,
369,3004,2024-01-11,Altri danni ai beni,,Valle d'Aosta,2068.93,,aperto,,,
370,1936,2026-05-04,Corpi di veicoli terrestri,,Friuli-Venezia Giulia,200,49.96,liquidato,2026-06-26,2026-07-05,2026-07-12
371,275,2026-04-15,Altri danni ai beni,,Veneto,2094.93,1924.71,liquidato,2026-06-13,2026-06-30,2026-07-05
372,451,2026-02-16,Altri danni ai beni,,Liguria,2768.93,2628.18,liquidato,2026-04-14,2026-05-01,2026-05-06
373,929,2024-01-14,RC autoveicoli terrestri,unilaterale,Puglia,9389.71,9114.08,liquidato,2024-03-06,2024-03-19,2024-03-28
374,3569,2024-04-28,Incendio ed elementi naturali,,Basilicata,200,0.0,liquidato,2024-06-27,2024-07-17,2024-07-27
375,4195,2026-07-18,RC generale,,Abruzzo,3908.06,3650.43,liquidato,2026-08-19,2026-09-07,2026-09-17
376,2395,2026-06-29,Incendio ed elementi naturali,,Sardegna,5148.57,4751.08,liquidato,2026-08-19,2026-08-21,2026-08-30
377,1450,2025-03-28,RC generale,,Abruzzo,9662.86,9674.2,liquidato,2025-05-18,2025-05-25,2025-05-30
378,4234,2025-07-06,Incendio ed elementi naturali,,Lombardia,9446.55,9205.56,liquidato,2025-08-27,2025-09-15,2025-09-26
379,146,2026-05-11,Incendio ed elementi naturali,,Umbria,16011.73,15374.28,liquidato,2026-06-10,2026-06-19,2026-06-23
380,1380,2024-09-25,RC autoveicoli terrestri,congiunto,Lombardia,7367.8,,in_contenzioso,2024-10-12,,
381,1457,2026-01-26,Corpi di veicoli terrestri,,Molise,2928.57,,respinto,,,
382,3421,2026-06-04,Altri danni ai beni,,Piemonte,1843.92,1762.72,liquidato,2026-07-24,2026-07-30,2026-08-14
383,3915,2023-06-14,Altri danni ai beni,,Friuli-Venezia Giulia,863.04,746.72,liquidato,2023-06-28,2023-07-17,2023-07-27
384,3087,2023-08-30,Corpi di veicoli terrestri,,Sicilia,3252.28,2722.7,liquidato,2023-10-19,2023-10-22,2023-10-29
385,988,2025-10-14,Altri danni ai beni,,Sicilia,2892.4,,respinto,,,
386,2972,2025-04-10,RC generale,,Valle d'Aosta,5822.03,,aperto,,,
387,262,2025-04-22,RC generale,,Sardegna,4434.33,3882.32,liquidato,2025-05-13,2025-05-28,2025-05-31
388,2061,2026-08-04,RC autoveicoli terrestri,congiunto,Campania,14558.98,14086.97,liquidato,2026-08-20,2026-08-25,2026-09-01
389,3604,2023-11-29,RC autoveicoli terrestri,unilaterale,Piemonte,7170.22,7064.68,liquidato,2024-01-08,2024-01-18,2024-02-01
390,1456,2024-06-30,RC generale,,Sardegna,10513.27,10289.12,liquidato,2024-07-27,2024-08-01,2024-08-05
391,712,2025-07-08,Incendio ed elementi naturali,,Emilia-Romagna,11215.57,10689.35,liquidato,2025-08-02,2025-08-07,2025-08-14
392,2249,2026-06-27,Corpi di veicoli terrestri,,Veneto,1481.11,,aperto,,,
393,2614,2024-12-27,Corpi di veicoli terrestri,,Emilia-Romagna,2102.05,1584.4,liquidato,2025-02-02,2025-02-20,2025-03-06
394,4157,2024-08-22,Corpi di veicoli terrestri,,Basilicata,3663.91,3555.3,liquidato,2024-09-24,2024-10-09,2024-10-19
395,3794,2025-11-03,Incendio ed elementi naturali,,Sicilia,23529.91,23681.81,liquidato,2025-12-21,2026-01-06,2026-01-15
396,3919,2026-01-06,RC autoveicoli terrestri,congiunto,Emilia-Romagna,5203.05,4805.15,liquidato,2026-02-03,2026-02-09,2026-02-23
397,2760,2023-11-29,Altri danni ai beni,,Veneto,1810.67,,in_contenzioso,2023-12-23,,
398,4072,2025-12-13,RC autoveicoli terrestri,congiunto,Abruzzo,6487.22,6617.03,liquidato,2026-01-02,2026-01-12,2026-01-26
399,3397,2025-05-23,RC generale,,Toscana,4665.07,,respinto,,,
400,1585,2023-08-03,RC generale,,Sicilia,5806.48,5676.16,liquidato,2023-09-17,2023-09-30,2023-10-11
401,1696,2023-09-13,RC generale,,Toscana,1248.74,1011.03,liquidato,2023-10-23,2023-11-05,2023-11-13
402,1175,2025-07-17,Corpi di veicoli terrestri,,Molise,2899.47,2343.56,liquidato,2025-08-28,2025-09-02,2025-09-07
403,3773,2025-06-21,RC generale,,Molise,11323.11,,respinto,,,
404,3060,2023-11-04,Corpi di veicoli terrestri,,Toscana,4997.98,4739.38,liquidato,2023-12-31,2024-01-15,2024-01-21
405,1235,2024-02-28,RC generale,,Calabria,13022.56,12391.25,liquidato,2024-04-05,2024-04-23,2024-04-28
406,4115,2026-04-26,Corpi di veicoli terrestri,,Lombardia,5529.55,4974.06,liquidato,2026-05-22,2026-06-08,2026-06-21
407,2236,2026-08-07,RC autoveicoli terrestri,unilaterale,Toscana,3142.55,3195.61,liquidato,2026-10-04,2026-10-12,2026-10-27
408,1664,2023-11-19,RC autoveicoli terrestri,congiunto,Basilicata,3628.49,,aperto,,,
409,1723,2025-09-26,RC autoveicoli terrestri,congiunto,Campania,8797.55,,in_contenzioso,2025-10-12,,
410,3553,2024-09-05,RC autoveicoli terrestri,unilaterale,Sardegna,9647.8,9355.03,liquidato,2024-09-24,2024-09-26,2024-10-06
411,1931,2024-12-24,Corpi di veicoli terrestri,,Basilicata,3321.23,2825.08,liquidato,2025-02-10,2025-02-23,2025-03-06
412,3309,2025-02-07,Incendio ed elementi naturali,,Trentino-Alto Adige,6365.57,6259.13,liquidato,2025-04-07,2025-04-19,2025-04-22
413,3799,2025-11-17,Incendio ed elementi naturali,,Trentino-Alto Adige,8661.32,8385.85,liquidato,2025-11-30,2025-12-15,2025-12-25
414,3640,2024-12-18,RC generale,,Trentino-Alto Adige,4904.24,,in_contenzioso,2025-02-08,,
415,3950,2026-01-15,Altri danni ai beni,,Friuli-Venezia Giulia,3054.91,2855.15,liquidato,2026-02-21,2026-03-12,2026-03-24
416,271,2025-10-16,RC autoveicoli terrestri,congiunto,Calabria,7829.13,7660.16,liquidato,2025-11-03,2025-11-07,2025-11-10
417,1980,2024-06-27,Incendio ed elementi naturali,,Trentino-Alto Adige,8188.71,7956.12,liquidato,2024-08-09,2024-08-29,2024-09-02
418,3350,2024-05-14,Corpi di veicoli terrestri,,Veneto,3695.92,3342.58,liquidato,2024-06-18,2024-06-30,2024-07-10
419,3827,2026-05-24,RC generale,,Calabria,6487.78,5996.19,liquidato,2026-07-17,2026-07-19,2026-07-22
420,2450,2025-11-29,RC generale,,Lazio,9384.97,,respinto,,,
421,68,2024-12-25,RC generale,,Lombardia,306.9,,in_contenzioso,2025-02-09,,
422,2194,2026-06-27,Incendio ed elementi naturali,,Friuli-Venezia Giulia,17567.15,,respinto,,,
423,531,2024-04-01,Corpi di veicoli terrestri,,Basilicata,1536.74,1395.67,liquidato,2024-05-27,2024-06-08,2024-06-15
424,2352,2023-12-30,Incendio ed elementi naturali,,Lazio,11863.77,,aperto,,,
425,3210,2025-06-04,Corpi di veicoli terrestri,,Puglia,2001.79,1469.48,liquidato,2025-06-24,2025-07-08,2025-07-15
426,3104,2025-11-04,RC generale,,Marche,6003.87,5342.21,liquidato,2025-11-16,2025-12-02,2025-12-05
427,2977,2023-11-10,RC autoveicoli terrestri,congiunto,Lombardia,9653.27,9613.77,liquidato,2023-12-03,2023-12-11,2023-12-22
428,2615,2026-07-16,RC autoveicoli terrestri,unilaterale,Friuli-Venezia Giulia,200,194.12,liquidato,2026-09-07,2026-09-21,2026-10-02
429,577,2026-01-22,Incendio ed elementi naturali,,Lombardia,200,0.0,liquidato,2026-02-26,2026-03-18,2026-03-31
430,2851,2025-12-18,Incendio ed elementi naturali,,Liguria,12156.11,,aperto,,,
431,1285,2025-06-20,Incendio ed elementi naturali,,Valle d'Aosta,5965.84,4870.94,liquidato,2025-07-13,2025-07-17,2025-07-24
432,2533,2023-10-25,Altri danni ai beni,,Sardegna,3761.14,3570.06,liquidato,2023-12-15,2023-12-30,2024-01-08
433,1631,2025-02-21,RC generale,,Calabria,6570.89,6313.92,liquidato,2025-03-05,2025-03-17,2025-03-31
434,3567,2024-04-12,Corpi di veicoli terrestri,,Umbria,5615.83,,aperto,,,
435,1710,2025-12-03,Corpi di veicoli terrestri,,Lazio,4252.38,3798.52,liquidato,2025-12-15,2026-01-01,2026-01-14
436,3715,2024-02-19,Incendio ed elementi naturali,,Emilia-Romagna,5215.75,4995.88,liquidato,2024-04-19,2024-05-06,2024-05-11
437,2573,2024-12-14,RC autoveicoli terrestri,unilaterale,Sicilia,1755.14,,aperto,,,
438,4140,2026-08-09,Corpi di veicoli terrestri,,Sardegna,2031.91,,aperto,,,
439,2351,2024-06-18,Incendio ed elementi naturali,,Friuli-Venezia Giulia,8659.55,,aperto,,,
440,1555,2026-08-21,RC autoveicoli terrestri,congiunto,Molise,8710.47,8336.74,liquidato,2026-09-17,2026-10-04,2026-10-16
441,2159,2025-07-13,Incendio ed elementi naturali,,Campania,16717.1,16510.19,liquidato,2025-08-07,2025-08-21,2025-08-29
442,3761,2025-06-05,RC autoveicoli terrestri,unilaterale,Valle d'Aosta,6066.89,,aperto,,,
443,3054,2025-10-24,Incendio ed elementi naturali,,Veneto,6652.04,5977.61,liquidato,2025-11-17,2025-11-19,2025-11-27
444,56,2024-12-14,Incendio ed elementi naturali,,Sardegna,12953.29,12597.12,liquidato,2024-12-30,2025-01-03,2025-01-08
445,1812,2025-09-13,RC generale,,Abruzzo,5909.4,,aperto,,,
446,2950,2024-04-09,Altri danni ai beni,,Calabria,2418.32,,aperto,,,
447,3751,2026-06-01,Altri danni ai beni,,Veneto,2270.91,,respinto,,,
448,789,2026-08-20,RC autoveicoli terrestri,congiunto,Abruzzo,3217.84,2977.95,liquidato,2026-09-17,2026-09-19,2026-10-03
449,1249,2025-10-02,RC autoveicoli terrestri,unilaterale,Lombardia,6722.6,6704.68,liquidato,2025-10-20,2025-10-29,2025-11-08
450,2528,2024-11-28,Altri danni ai beni,,Toscana,1638.49,1401.75,liquidato,2024-12-14,2025-01-02,2025-01-05
451,3413,2026-08-11,RC autoveicoli terrestri,congiunto,Umbria,14022.41,14399.65,liquidato,2026-08-28,2026-09-05,2026-09-08
452,1994,2024-11-12,RC autoveicoli terrestri,unilaterale,Veneto,6123.03,6078.87,liquidato,2025-01-10,2025-01-17,2025-01-24
453,1607,2026-06-01,Incendio ed elementi naturali,,Sardegna,11689.96,10628.01,liquidato,2026-07-01,2026-07-19,2026-07-28
454,280,2025-05-25,RC autoveicoli terrestri,unilaterale,Molise,8368.13,8297.99,liquidato,2025-07-19,2025-08-06,2025-08-18
455,1764,2026-02-21,Corpi di veicoli terrestri,,Valle d'Aosta,3882.87,3681.26,liquidato,2026-03-23,2026-04-10,2026-04-24
456,2729,2025-09-01,Corpi di veicoli terrestri,,Calabria,3066.59,2559.52,liquidato,2025-10-11,2025-10-20,2025-11-01
457,874,2024-03-16,RC generale,,Umbria,10532.27,10580.0,liquidato,2024-05-05,2024-05-09,2024-05-16
458,3329,2025-07-10,RC autoveicoli terrestri,unilaterale,Veneto,5341.02,5192.18,liquidato,2025-07-25,2025-08-08,2025-08-16
459,1160,2026-03-21,Incendio ed elementi naturali,,Toscana,7305.14,,aperto,,,
460,1925,2025-01-20,Altri danni ai beni,,Friuli-Venezia Giulia,1555.0,1348.95,liquidato,2025-03-02,2025-03-14,2025-03-26
461,2886,2024-11-21,RC autoveicoli terrestri,congiunto,Emilia-Romagna,7123.98,6693.37,liquidato,2024-12-14,2024-12-27,2025-01-05
462,4181,2024-09-02,RC autoveicoli terrestri,congiunto,Liguria,12316.7,12082.7,liquidato,2024-09-21,2024-09-27,2024-10-08
463,3309,2025-08-15,RC autoveicoli terrestri,unilaterale,Trentino-Alto Adige,4945.74,4675.48,liquidato,2025-09-17,2025-09-24,2025-09-28
464,1614,2024-01-16,Corpi di veicoli terrestri,,Piemonte,4346.97,,in_contenzioso,2024-01-26,,
465,4152,2024-10-28,Corpi di veicoli terrestri,,Abruzzo,327.0,,aperto,,,
466,1440,2026-06-14,Incendio ed elementi naturali,,Emilia-Romagna,15068.85,14441.99,liquidato,2026-07-18,2026-08-01,2026-08-12
467,1394,2025-11-23,Altri danni ai beni,,Molise,4358.58,,in_contenzioso,2025-12-20,,
468,985,2025-12-21,Corpi di veicoli terrestri,,Friuli-Venezia Giulia,1779.21,,respinto,,,
469,2494,2026-07-27,RC autoveicoli terrestri,congiunto,Friuli-Venezia Giulia,7746.15,7562.27,liquidato,2026-08-19,2026-09-04,2026-09-12
470,3599,2025-06-30,Incendio ed elementi naturali,,Emilia-Romagna,18428.9,18613.24,liquidato,2025-08-11,2025-08-21,2025-08-28
471,1019,2025-05-13,Corpi di veicoli terrestri,,Marche,3145.96,,aperto,,,
472,2371,2024-07-10,RC generale,,Lombardia,10567.5,,in_contenzioso,2024-08-04,,
473,2058,2025-01-07,RC autoveicoli terrestri,congiunto,Friuli-Venezia Giulia,12362.02,12139.34,liquidato,2025-01-25,2025-01-29,2025-02-05
474,1740,2025-07-14,Incendio ed elementi naturali,,Emilia-Romagna,15363.21,,aperto,,,
475,2945,2026-04-29,Altri danni ai beni,,Molise,223.1,,in_contenzioso,2026-05-31,,
476,1867,2025-02-14,Corpi di veicoli terrestri,,Abruzzo,6393.92,6288.54,liquidato,2025-04-11,2025-04-18,2025-04-25
477,4026,2025-05-03,RC autoveicoli terrestri,congiunto,Piemonte,3218.2,2988.87,liquidato,2025-05-22,2025-05-26,2025-06-02
478,809,2026-05-26,RC generale,,Friuli-Venezia Giulia,13581.95,12838.17,liquidato,2026-07-24,2026-08-09,2026-08-15
479,298,2026-07-09,Corpi di veicoli terrestri,,Campania,1283.9,,aperto,,,
480,2108,2026-08-19,Corpi di veicoli terrestri,,Lazio,5240.43,5032.68,liquidato,2026-10-02,2026-10-07,2026-10-17
481,1601,2023-10-22,RC autoveicoli terrestri,unilaterale,Sardegna,11646.55,,respinto,,,
482,2055,2025-01-09,RC autoveicoli terrestri,unilaterale,Liguria,4000.82,3966.64,liquidato,2025-02-04,2025-02-08,2025-02-21
483,390,2026-04-03,RC generale,,Lombardia,9178.56,8847.34,liquidato,2026-05-23,2026-05-31,2026-06-14
484,3744,2024-12-30,RC autoveicoli terrestri,congiunto,Puglia,7562.26,7362.28,liquidato,2025-01-19,2025-01-26,2025-01-31
485,3161,2025-06-16,Incendio ed elementi naturali,,Sardegna,11714.98,11234.06,liquidato,2025-07-05,2025-07-17,2025-07-24
486,430,2026-05-24,RC autoveicoli terrestri,congiunto,Umbria,8867.0,,in_contenzioso,2026-06-21,,
487,1556,2026-03-24,RC autoveicoli terrestri,congiunto,Lazio,8075.62,7862.05,liquidato,2026-04-16,2026-04-29,2026-05-02
488,3756,2026-05-23,RC generale,,Abruzzo,3423.73,,respinto,,,
489,1986,2025-12-25,Altri danni ai beni,,Liguria,2085.75,2009.72,liquidato,2026-01-09,2026-01-23,2026-01-31
490,405,2025-11-03,RC generale,,Abruzzo,9920.98,,respinto,,,
491,1420,2023-12-06,Corpi di veicoli terrestri,,Veneto,3535.61,3039.37,liquidato,2023-12-28,2024-01-04,2024-01-12
492,1538,2025-06-11,RC autoveicoli terrestri,unilaterale,Lazio,2247.91,2106.12,liquidato,2025-07-26,2025-07-31,2025-08-08
493,3954,2024-09-19,Incendio ed elementi naturali,,Valle d'Aosta,5115.84,4826.78,liquidato,2024-10-24,2024-10-28,2024-11-02
494,4204,2026-06-11,Corpi di veicoli terrestri,,Puglia,2107.85,,in_contenzioso,2026-07-03,,
495,3508,2023-08-29,Corpi di veicoli terrestri,,Trentino-Alto Adige,4168.58,3586.61,liquidato,2023-09-18,2023-09-21,2023-09-27
496,4226,2024-03-17,Altri danni ai beni,,Veneto,1931.73,,respinto,,,
497,1463,2026-08-04,Incendio ed elementi naturali,,Liguria,14355.96,14324.19,liquidato,2026-10-02,2026-10-17,2026-10-24
498,1893,2023-07-13,Corpi di veicoli terrestri,,Trentino-Alto Adige,6527.84,6325.04,liquidato,2023-07-31,2023-08-12,2023-08-19
499,1576,2025-01-09,RC generale,,Puglia,9762.8,9362.99,liquidato,2025-01-31,2025-02-10,2025-02-25
500,175,2026-06-08,RC autoveicoli terrestri,congiunto,Campania,7546.51,7760.28,liquidato,2026-06-22,2026-07-01,2026-07-11
501,2933,2025-11-20,Incendio ed elementi naturali,,Basilicata,13839.26,,aperto,,,
502,1748,2025-09-08,Altri danni ai beni,,Abruzzo,1829.91,,respinto,,,
503,2771,2023-05-08,Altri danni ai beni,,Veneto,2397.19,2254.6,liquidato,2023-05-26,2023-06-13,2023-06-21
504,809,2026-02-16,RC generale,,Friuli-Venezia Giulia,5398.22,4935.81,liquidato,2026-03-12,2026-03-26,2026-04-09
505,1046,2024-02-28,RC generale,,Molise,10791.37,10181.36,liquidato,2024-03-26,2024-04-15,2024-04-24
506,3610,2026-08-13,Incendio ed elementi naturali,,Emilia-Romagna,10452.39,,respinto,,,
507,1022,2026-01-08,RC generale,,Piemonte,10228.88,10222.19,liquidato,2026-01-30,2026-02-12,2026-02-18
508,2202,2024-08-30,RC generale,,Veneto,13554.28,13561.68,liquidato,2024-10-03,2024-10-22,2024-11-05
509,288,2026-07-04,Corpi di veicoli terrestri,,Puglia,5172.62,4686.13,liquidato,2026-08-28,2026-09-09,2026-09-16
510,1128,2025-09-04,Corpi di veicoli terrestri,,Umbria,4459.13,,respinto,,,
511,1325,2025-08-11,RC generale,,Friuli-Venezia Giulia,7232.71,,in_contenzioso,2025-09-27,,
512,3552,2024-10-24,Incendio ed elementi naturali,,Marche,,,respinto,,,
513,3577,2025-07-31,Incendio ed elementi naturali,,Umbria,4572.34,3668.94,liquidato,2025-09-12,2025-10-01,2025-10-14
514,2379,2026-06-17,RC generale,,Sicilia,6399.81,6029.27,liquidato,2026-07-04,2026-07-07,2026-07-19
515,72,2024-02-24,Altri danni ai beni,,Marche,200,204.87,liquidato,2024-03-30,2024-04-14,2024-04-20
516,1661,2024-12-15,RC autoveicoli terrestri,congiunto,Lombardia,6750.75,6938.2,liquidato,2025-01-07,2025-01-24,2025-02-02
517,3023,2025-03-10,Corpi di veicoli terrestri,,Veneto,3676.14,3286.88,liquidato,2025-03-24,2025-04-06,2025-04-14
518,691,2024-11-09,RC autoveicoli terrestri,unilaterale,Lazio,7863.69,,aperto,,,
519,2980,2024-03-09,RC autoveicoli terrestri,congiunto,Trentino-Alto Adige,4629.36,4441.64,liquidato,2024-03-20,2024-03-22,2024-04-04
520,3777,2026-08-13,RC generale,,Valle d'Aosta,13086.3,,aperto,,,
521,2709,2025-01-25,RC generale,,Umbria,10509.71,9863.08,liquidato,2025-02-17,2025-02-23,2025-03-01
522,2266,2024-03-28,Incendio ed elementi naturali,,Piemonte,16996.98,16351.94,liquidato,2024-05-22,2024-06-09,2024-06-18
523,1139,2026-06-30,Altri danni ai beni,,Liguria,2011.97,1820.04,liquidato,2026-08-20,2026-09-09,2026-09-21
524,1017,2025-01-01,Incendio ed elementi naturali,,Toscana,,12341.25,liquidato,2025-02-02,2025-02-20,2025-02-28
525,649,2026-04-27,Corpi di veicoli terrestri,,Umbria,1591.86,,in_contenzioso,2026-06-20,,
526,1796,2024-05-25,RC generale,,Friuli-Venezia Giulia,3824.22,3284.97,liquidato,2024-06-30,2024-07-05,2024-07-13
527,1796,2024-05-23,RC generale,,Friuli-Venezia Giulia,8315.34,,aperto,,,
528,2370,2025-04-28,Altri danni ai beni,,Lombardia,2405.79,2176.2,liquidato,2025-06-17,2025-06-29,2025-07-12
529,3279,2024-10-22,RC autoveicoli terrestri,unilaterale,Trentino-Alto Adige,8626.34,8231.79,liquidato,2024-11-12,2024-11-16,2024-11-27
530,837,2025-08-30,Altri danni ai beni,,Piemonte,200,0.0,liquidato,2025-09-25,2025-10-13,2025-10-16
531,4000,2024-04-05,Corpi di veicoli terrestri,,Puglia,3237.33,2714.0,liquidato,2024-04-30,2024-05-04,2024-05-17
532,635,2025-01-13,Incendio ed elementi naturali,,Marche,11452.65,10173.49,liquidato,2025-02-20,2025-03-04,2025-03-10
533,3883,2025-07-21,RC autoveicoli terrestri,congiunto,Emilia-Romagna,10113.54,9832.28,liquidato,2025-08-11,2025-08-14,2025-08-24
534,941,2025-12-28,Incendio ed elementi naturali,,Liguria,8388.53,7316.12,liquidato,2026-01-18,2026-01-31,2026-02-12
535,3406,2025-12-04,Altri danni ai beni,,Trentino-Alto Adige,2511.19,2390.47,liquidato,2025-12-20,2026-01-09,2026-01-18
536,2382,2024-06-03,Altri danni ai beni,,Trentino-Alto Adige,3624.49,3505.93,liquidato,2024-06-22,2024-07-06,2024-07-12
537,2480,2024-04-26,RC generale,,Sardegna,15448.98,15120.67,liquidato,2024-05-25,2024-05-29,2024-06-04
538,3121,2026-08-15,Corpi di veicoli terrestri,,Puglia,3449.7,3071.83,liquidato,2026-09-25,2026-10-08,2026-10-15
539,1604,2025-05-23,Corpi di veicoli terrestri,,Molise,2994.84,,respinto,,,
540,1141,2026-04-16,RC generale,,Lombardia,11556.48,11459.24,liquidato,2026-05-16,2026-06-05,2026-06-15
541,1735,2025-02-02,RC generale,,Trentino-Alto Adige,6031.63,5697.09,liquidato,2025-02-27,2025-03-07,2025-03-15
542,4065,2026-06-10,RC autoveicoli terrestri,unilaterale,Sardegna,9253.56,9338.23,liquidato,2026-07-02,2026-07-05,2026-07-13
543,1275,2024-02-02,Altri danni ai beni,,Trentino-Alto Adige,2327.74,2065.76,liquidato,2024-03-04,2024-03-17,2024-03-23
544,172,2026-04-13,Corpi di veicoli terrestri,,Marche,6980.76,6980.62,liquidato,2026-04-29,2026-05-11,2026-05-16
545,3252,2024-12-01,Corpi di veicoli terrestri,,Basilicata,5521.72,,respinto,,,
546,3328,2025-03-22,Incendio ed elementi naturali,,Trentino-Alto Adige,24087.34,,in_contenzioso,2025-04-13,,
547,3426,2023-10-15,Altri danni ai beni,,Umbria,1065.35,864.28,liquidato,2023-11-18,2023-11-24,2023-12-03
548,3346,2025-01-22,RC autoveicoli terrestri,unilaterale,Lombardia,4271.35,4149.8,liquidato,2025-03-04,2025-03-22,2025-04-05
549,1105,2024-07-24,RC autoveicoli terrestri,congiunto,Sicilia,11079.33,10822.45,liquidato,2024-08-22,2024-08-25,2024-09-01
550,2320,2025-05-29,RC autoveicoli terrestri,congiunto,Piemonte,5012.04,,respinto,,,
551,1010,2026-08-08,RC generale,,Friuli-Venezia Giulia,9938.57,,in_contenzioso,2026-10-01,,
552,240,2026-02-06,Altri danni ai beni,,Lazio,2509.98,,aperto,,,
553,3756,2026-05-31,RC generale,,Abruzzo,8338.32,8031.31,liquidato,2026-07-04,2026-07-16,2026-07-28
554,1557,2026-08-16,Corpi di veicoli terrestri,,Campania,4189.49,4139.13,liquidato,2026-08-28,2026-09-14,2026-09-22
555,355,2026-02-19,Incendio ed elementi naturali,,Valle d'Aosta,15075.15,,respinto,,,
556,584,2024-02-28,Corpi di veicoli terrestri,,Puglia,2641.16,2290.45,liquidato,2024-04-19,2024-04-27,2024-05-08
557,2971,2025-07-21,Altri danni ai beni,,Basilicata,2082.87,,respinto,,,
558,1263,2023-11-02,Altri danni ai beni,,Veneto,1506.86,1381.93,liquidato,2024-01-01,2024-01-13,2024-01-27
559,1824,2024-04-27,Corpi di veicoli terrestri,,Campania,2975.6,2695.9,liquidato,2024-05-22,2024-06-11,2024-06-23
560,3847,2025-10-11,RC generale,,Valle d'Aosta,10643.13,10106.01,liquidato,2025-10-31,2025-11-15,2025-11-24
561,1282,2025-12-26,Altri danni ai beni,,Calabria,1672.96,,respinto,,,
562,3344,2025-08-11,Corpi di veicoli terrestri,,Molise,4390.86,4060.62,liquidato,2025-09-22,2025-10-07,2025-10-14
563,3301,2023-09-13,Corpi di veicoli terrestri,,Basilicata,2541.32,,aperto,,,
564,1011,2024-12-22,RC autoveicoli terrestri,congiunto,Toscana,11044.71,,aperto,,,
565,516,2025-01-11,RC autoveicoli terrestri,congiunto,Lazio,8513.87,8563.81,liquidato,2025-01-30,2025-02-18,2025-03-04
566,619,2025-11-03,RC autoveicoli terrestri,unilaterale,Abruzzo,5427.08,,aperto,,,
567,2766,2024-08-24,RC autoveicoli terrestri,unilaterale,Lazio,3832.06,,aperto,,,
568,1400,2026-06-10,Corpi di veicoli terrestri,,Sardegna,2807.83,2719.52,liquidato,2026-07-25,2026-07-26,2026-07-31
569,2302,2026-08-18,RC generale,,Friuli-Venezia Giulia,16174.26,15807.47,liquidato,2026-10-10,2026-10-17,2026-10-30
570,1466,2025-09-15,Incendio ed elementi naturali,,Basilicata,7202.36,,in_contenzioso,2025-10-02,,
571,3505,2026-07-31,RC autoveicoli terrestri,congiunto,Abruzzo,13450.84,12816.64,liquidato,2026-08-19,2026-08-27,2026-09-06
572,1301,2024-02-16,Altri danni ai beni,,Lazio,1969.12,1792.34,liquidato,2024-03-04,2024-03-09,2024-03-17
573,1724,2025-07-08,RC autoveicoli terrestri,congiunto,Molise,200,0.0,liquidato,2025-07-27,2025-08-05,2025-08-19
574,4100,2023-06-19,Altri danni ai beni,,Basilicata,1495.97,1359.01,liquidato,2023-08-07,2023-08-11,2023-08-26
575,1457,2026-01-08,Corpi di veicoli terrestri,,Molise,200,,aperto,,,
576,990,2026-01-25,Corpi di veicoli terrestri,,Umbria,3035.23,2941.78,liquidato,2026-02-11,2026-02-13,2026-02-17
577,374,2024-11-15,Incendio ed elementi naturali,,Umbria,12000.59,,aperto,,,
578,4173,2025-07-29,Corpi di veicoli terrestri,,Piemonte,5089.05,,aperto,,,
579,932,2025-11-06,Corpi di veicoli terrestri,,Trentino-Alto Adige,614.8,114.08,liquidato,2025-12-10,2025-12-15,2025-12-25
580,1476,2024-08-12,RC generale,,Puglia,12559.78,12068.89,liquidato,2024-09-20,2024-10-05,2024-10-09
581,1629,2024-06-25,Incendio ed elementi naturali,,Marche,200,,respinto,,,
582,727,2025-05-18,Altri danni ai beni,,Molise,1816.35,,in_contenzioso,2025-07-02,,
583,4237,2025-06-01,Corpi di veicoli terrestri,,Trentino-Alto Adige,4796.27,4329.54,liquidato,2025-06-30,2025-07-03,2025-07-17
584,1918,2026-06-03,Altri danni ai beni,,Veneto,2159.05,1919.21,liquidato,2026-07-23,2026-07-28,2026-08-12
585,3381,2023-12-12,Incendio ed elementi naturali,,Liguria,12931.69,12701.44,liquidato,2024-01-17,2024-02-06,2024-02-12
586,2947,2025-09-26,Altri danni ai beni,,Abruzzo,200,49.09,liquidato,2025-10-11,2025-10-13,2025-09-01
587,3187,2026-02-01,Incendio ed elementi naturali,,Piemonte,11169.54,,respinto,,,
588,2193,2024-05-07,Altri danni ai beni,,Lombardia,1391.97,1314.91,liquidato,2024-05-25,2024-05-26,2024-06-07
589,1037,2024-07-20,Corpi di veicoli terrestri,,Valle d'Aosta,1341.75,1165.99,liquidato,2024-09-06,2024-09-15,2024-09-22
590,457,2023-09-13,RC autoveicoli terrestri,unilaterale,Friuli-Venezia Giulia,6200.04,5783.62,liquidato,2023-10-22,2023-10-30,2023-11-14
591,1606,2025-12-01,RC generale,,Sicilia,7417.61,7112.09,liquidato,2026-01-22,2026-02-10,2026-02-23
592,898,2025-05-03,RC autoveicoli terrestri,unilaterale,Lombardia,2356.75,,aperto,,,
593,3596,2026-03-07,RC generale,,Emilia-Romagna,14492.67,13685.54,liquidato,2026-04-14,2026-05-02,2026-05-17
594,1766,2026-02-07,RC generale,,Friuli-Venezia Giulia,8607.84,,respinto,,,
595,418,2025-07-02,Corpi di veicoli terrestri,,Valle d'Aosta,4228.13,,respinto,,,
596,1302,2024-05-24,Incendio ed elementi naturali,,Calabria,200,0.0,liquidato,2024-07-17,2024-07-31,2024-08-08
597,3438,2026-06-14,Altri danni ai beni,,Marche,3445.21,3248.46,liquidato,2026-07-25,2026-08-11,2026-08-25
598,2766,2024-10-08,RC autoveicoli terrestri,congiunto,Lazio,5410.65,5150.86,liquidato,2024-11-02,2024-11-08,2024-11-23
599,3353,2026-03-30,RC generale,,Liguria,12252.45,11901.53,liquidato,2026-04-10,2026-04-18,2026-04-24
600,4205,2024-11-10,RC generale,,Friuli-Venezia Giulia,12795.94,12494.09,liquidato,2024-12-22,2025-01-08,2025-01-22
601,83,2026-05-08,Altri danni ai beni,,Umbria,2448.59,2254.01,liquidato,2026-06-18,2026-06-25,2026-06-30
602,1015,2026-06-25,Altri danni ai beni,,Emilia-Romagna,2837.1,,aperto,,,
603,1780,2024-05-20,Corpi di veicoli terrestri,,Lombardia,3569.45,,aperto,,,
604,2534,2026-01-17,RC autoveicoli terrestri,unilaterale,Veneto,14041.05,,aperto,,,
605,2491,2025-06-05,Altri danni ai beni,,Lombardia,2300.98,1819.63,liquidato,2025-06-17,2025-07-07,2025-07-10
606,462,2026-08-24,Altri danni ai beni,,Trentino-Alto Adige,2472.12,,respinto,,,
607,2222,2023-03-08,Incendio ed elementi naturali,,Abruzzo,13764.86,,aperto,,,
608,1581,2025-05-22,RC autoveicoli terrestri,congiunto,Umbria,1071.1,766.87,liquidato,2025-06-05,2025-06-19,2025-06-23
609,1589,2024-06-01,RC autoveicoli terrestri,unilaterale,Liguria,1589.94,1283.06,liquidato,2024-07-19,2024-08-07,2024-08-21
610,1474,2023-12-29,Incendio ed elementi naturali,,Puglia,14607.85,,aperto,,,
611,3786,2024-05-07,Corpi di veicoli terrestri,,Basilicata,2850.99,,respinto,,,
612,1343,2023-11-05,Incendio ed elementi naturali,,Lombardia,7853.32,6973.63,liquidato,2023-11-17,2023-12-03,2023-12-11
613,336,2026-03-17,RC generale,,Liguria,12057.05,11816.94,liquidato,2026-05-13,2026-05-31,2026-06-11
614,3158,2026-01-13,Altri danni ai beni,,Friuli-Venezia Giulia,870.42,,aperto,,,
615,925,2026-06-26,Altri danni ai beni,,Basilicata,3674.56,,aperto,,,
616,1379,2025-06-29,Incendio ed elementi naturali,,Campania,17152.16,,aperto,,,
617,2537,2024-02-07,RC autoveicoli terrestri,unilaterale,Lazio,2646.37,,in_contenzioso,2024-03-07,,
618,3199,2025-03-07,RC generale,,Sardegna,200,,respinto,,,
619,2931,2025-10-05,Altri danni ai beni,,Lombardia,2084.25,1952.41,liquidato,2025-10-29,2025-11-15,2025-11-28
620,1982,2025-08-29,Corpi di veicoli terrestri,,Sardegna,6021.93,5647.54,liquidato,2025-10-10,2025-10-18,2025-11-02
621,515,2023-08-14,RC generale,,Sardegna,13002.87,12418.13,liquidato,2023-10-01,2023-10-15,2023-10-19
622,1542,2026-08-07,Incendio ed elementi naturali,,Piemonte,5967.42,,in_contenzioso,2026-09-22,,
623,4104,2024-07-21,Altri danni ai beni,,Molise,1052.03,855.83,liquidato,2024-09-07,2024-09-11,2024-09-15
624,1765,2024-03-03,Incendio ed elementi naturali,,Molise,15778.58,15184.92,liquidato,2024-04-26,2024-04-29,2024-05-02
625,276,2025-10-15,RC generale,,Campania,13072.68,12772.71,liquidato,2025-10-28,2025-11-07,2025-11-14
626,3494,2025-06-15,Corpi di veicoli terrestri,,Emilia-Romagna,3238.34,3170.82,liquidato,2025-06-27,2025-07-09,2025-07-23
627,1282,2025-03-31,Altri danni ai beni,,Veneto,2237.89,2096.7,liquidato,2025-05-16,2025-06-03,2025-06-09
628,180,2025-03-21,Corpi di veicoli terrestri,,Valle d'Aosta,3617.05,,respinto,,,
629,3215,2024-10-10,Altri danni ai beni,,Campania,3503.26,3259.51,liquidato,2024-12-05,2024-12-25,2024-12-31
630,1154,2026-08-10,Corpi di veicoli terrestri,,Abruzzo,3600.11,3085.31,liquidato,2026-09-12,2026-09-28,2026-10-10
631,3080,2026-04-04,Corpi di veicoli terrestri,,Trentino-Alto Adige,4185.31,,in_contenzioso,2026-05-02,,
632,1280,2025-02-22,RC generale,,Veneto,5830.36,5656.75,liquidato,2025-04-08,2025-04-24,2025-05-04
633,2342,2023-09-14,RC autoveicoli terrestri,congiunto,Lazio,3398.57,3149.83,liquidato,2023-09-26,2023-10-15,2023-10-20
634,3674,2024-03-16,Incendio ed elementi naturali,,Calabria,10173.57,,respinto,,,
635,2976,2025-05-10,Incendio ed elementi naturali,,Liguria,8529.51,,aperto,,,
636,709,2025-11-04,RC autoveicoli terrestri,congiunto,Lazio,3226.97,,in_contenzioso,2025-11-16,,
637,3920,2026-05-05,Incendio ed elementi naturali,,Emilia-Romagna,21690.66,21471.72,liquidato,2026-06-26,2026-06-27,2026-07-03
638,3595,2025-03-05,Altri danni ai beni,,Umbria,1232.52,1060.33,liquidato,2025-04-20,2025-04-22,2025-05-01
639,4142,2025-02-05,RC generale,,Abruzzo,5109.15,,respinto,,,
640,76,2025-12-09,Corpi di veicoli terrestri,,Marche,842.67,,aperto,,,
641,2426,2024-09-02,RC autoveicoli terrestri,congiunto,Lombardia,6252.52,6233.44,liquidato,2024-09-24,2024-09-28,2024-10-06
642,1087,2026-05-06,RC autoveicoli terrestri,unilaterale,Valle d'Aosta,9813.09,,respinto,,,
643,4111,2023-03-27,Corpi di veicoli terrestri,,Liguria,265.94,0.0,liquidato,2023-05-08,2023-05-12,2023-05-25
644,3358,2026-04-28,Corpi di veicoli terrestri,,Calabria,2848.32,2736.85,liquidato,2026-06-26,2026-07-15,2026-07-21
645,3794,2025-04-09,Altri danni ai beni,,Toscana,2111.41,,respinto,,,
646,3161,2025-08-09,Incendio ed elementi naturali,,Sardegna,16714.16,,respinto,,,
647,2960,2025-06-20,Corpi di veicoli terrestri,,Lombardia,4256.05,3644.65,liquidato,2025-07-08,2025-07-14,2025-07-19
648,3794,2025-09-28,Incendio ed elementi naturali,,Lombardia,10566.13,10057.56,liquidato,2025-10-17,2025-10-26,2025-11-07
649,262,2025-08-09,RC generale,,Sardegna,2589.63,,aperto,,,
650,3659,2026-06-30,Altri danni ai beni,,Liguria,2281.3,2189.21,liquidato,2026-07-19,2026-07-27,2026-08-08
651,1044,2025-09-13,Corpi di veicoli terrestri,,Toscana,399.85,251.05,liquidato,2025-10-17,2025-10-26,2025-11-07
652,2936,2024-09-19,RC autoveicoli terrestri,congiunto,Sicilia,4637.43,4408.36,liquidato,2024-10-14,2024-11-02,2024-11-17
653,2586,2025-07-15,Corpi di veicoli terrestri,,Campania,4023.99,3770.17,liquidato,2025-08-23,2025-08-28,2025-09-04
654,3215,2025-01-02,Altri danni ai beni,,Molise,2132.82,1959.06,liquidato,2025-02-20,2025-03-12,2025-03-15
655,231,2023-09-07,RC generale,,Campania,17171.75,16462.7,liquidato,2023-10-14,2023-10-25,2023-11-05
656,4094,2024-04-29,RC autoveicoli terrestri,unilaterale,Campania,5513.76,,aperto,,,
657,673,2026-08-06,Incendio ed elementi naturali,,Emilia-Romagna,14645.75,13611.8,liquidato,2026-08-27,2026-09-15,2026-09-21
658,363,2024-10-06,Corpi di veicoli terrestri,,Lombardia,945.49,663.21,liquidato,2024-10-27,2024-10-30,2024-11-07
659,1135,2023-07-16,Altri danni ai beni,,Sardegna,2065.81,1903.9,liquidato,2023-08-13,2023-08-26,2023-09-08
660,1884,2026-07-21,Corpi di veicoli terrestri,,Calabria,5524.22,,aperto,,,
661,3046,2024-02-14,Altri danni ai beni,,Valle d'Aosta,2841.68,2600.77,liquidato,2024-03-25,2024-04-09,2024-04-20
662,1965,2024-06-07,Altri danni ai beni,,Puglia,3873.49,,aperto,,,
663,2230,2024-12-09,RC autoveicoli terrestri,unilaterale,Trentino-Alto Adige,12460.06,12537.58,liquidato,2025-01-30,2025-02-08,2025-02-14
664,3561,2024-04-08,Incendio ed elementi naturali,,Friuli-Venezia Giulia,25356.43,,respinto,,,
665,1426,2026-02-24,Corpi di veicoli terrestri,,Emilia-Romagna,3679.85,3455.41,liquidato,2026-04-09,2026-04-18,2026-04-24
666,1116,2026-07-11,RC generale,,Basilicata,2904.82,2725.24,liquidato,2026-08-13,2026-08-30,2026-09-11
667,1380,2024-10-08,RC generale,,Calabria,8745.87,,respinto,,,
668,170,2025-11-21,Corpi di veicoli terrestri,,Trentino-Alto Adige,4409.06,3956.78,liquidato,2026-01-09,2026-01-15,2026-01-22
669,2815,2024-01-31,RC generale,,Valle d'Aosta,6194.92,5848.81,liquidato,2024-02-16,2024-02-20,2024-02-28
670,3402,2025-06-14,RC autoveicoli terrestri,congiunto,Emilia-Romagna,10422.28,10207.99,liquidato,2025-07-03,2025-07-13,2025-07-21
671,3517,2025-06-04,RC autoveicoli terrestri,congiunto,Marche,3418.91,3481.98,liquidato,2025-06-17,2025-07-06,2025-07-09
672,2837,2024-11-15,RC generale,,Lazio,8232.74,7834.45,liquidato,2024-12-19,2024-12-25,2025-01-08
673,2867,2023-05-11,Incendio ed elementi naturali,,Lombardia,7316.68,6954.56,liquidato,2023-07-07,2023-07-15,2023-07-26
674,1331,2026-03-16,RC generale,,Friuli-Venezia Giulia,6242.03,5968.55,liquidato,2026-04-10,2026-04-24,2026-05-08
675,2520,2026-04-09,Incendio ed elementi naturali,,Umbria,5346.52,4944.43,liquidato,2026-05-28,2026-06-01,2026-06-13
676,2189,2026-05-23,RC generale,,Sicilia,2252.13,1959.31,liquidato,2026-06-28,2026-07-17,2026-07-25
677,1411,2026-08-16,RC autoveicoli terrestri,unilaterale,Trentino-Alto Adige,1628.68,,in_contenzioso,2026-08-28,,
678,1147,2024-07-07,Altri danni ai beni,,Sardegna,2043.39,1806.54,liquidato,2024-09-02,2024-09-20,2024-10-02
679,2944,2024-04-08,Incendio ed elementi naturali,,Toscana,10657.81,10625.93,liquidato,2024-04-22,2024-04-26,2024-04-29
680,2343,2026-04-15,Corpi di veicoli terrestri,,Valle d'Aosta,3312.03,,aperto,,,
681,817,2023-02-10,RC autoveicoli terrestri,congiunto,Basilicata,7353.12,7059.42,liquidato,2023-03-04,2023-03-21,2023-03-29
682,3520,2026-03-14,Incendio ed elementi naturali,,Lazio,5951.83,5366.33,liquidato,2026-03-25,2026-04-06,2026-04-09
683,2502,2024-09-07,RC generale,,Sardegna,13867.88,13596.15,liquidato,2024-10-16,2024-10-18,2024-11-01
684,2863,2025-07-06,Incendio ed elementi naturali,,Valle d'Aosta,200,0.0,liquidato,2025-08-12,2025-08-21,2025-09-05
685,2572,2025-02-01,RC autoveicoli terrestri,congiunto,Liguria,1022.43,,in_contenzioso,2025-02-19,,
686,984,2024-05-25,Altri danni ai beni,,Marche,2121.0,1971.09,liquidato,2024-06-04,2024-06-05,2024-06-19
687,3634,2024-08-25,RC generale,,Molise,6965.13,,respinto,,,
688,1461,2026-08-17,RC autoveicoli terrestri,congiunto,Sardegna,6600.77,,respinto,,,
689,3503,2026-02-28,Corpi di veicoli terrestri,,Basilicata,3063.15,2527.56,liquidato,2026-03-25,2026-03-27,2026-03-31
690,972,2025-01-16,Corpi di veicoli terrestri,,Trentino-Alto Adige,200,0.0,liquidato,2025-02-21,2025-03-07,2025-03-11
691,414,2026-07-23,Altri danni ai beni,,Friuli-Venezia Giulia,933.47,733.45,liquidato,2026-08-19,2026-08-27,2026-09-08
692,1689,2026-07-23,Incendio ed elementi naturali,,Emilia-Romagna,10910.37,10178.26,liquidato,2026-08-05,2026-08-24,2026-09-06
693,1846,2024-01-19,Altri danni ai beni,,Abruzzo,1318.2,1085.92,liquidato,2024-03-10,2024-03-26,2024-04-03
694,2773,2025-05-04,Corpi di veicoli terrestri,,Liguria,4830.47,4602.79,liquidato,2025-07-01,2025-07-19,2025-07-24
695,4024,2023-07-19,RC autoveicoli terrestri,congiunto,Friuli-Venezia Giulia,736.33,592.23,liquidato,2023-08-01,2023-08-19,2023-08-23
696,3006,2024-01-01,Corpi di veicoli terrestri,,Marche,6128.39,,aperto,,,
697,2529,2026-08-03,RC autoveicoli terrestri,unilaterale,Lombardia,10067.12,9768.13,liquidato,2026-09-10,2026-09-26,2026-10-09
698,387,2025-04-21,RC autoveicoli terrestri,congiunto,Sicilia,6293.72,,aperto,,,
699,3985,2024-12-05,RC autoveicoli terrestri,congiunto,Abruzzo,8337.64,8411.69,liquidato,2025-01-04,2025-01-19,2025-01-27
700,3,2024-08-17,RC autoveicoli terrestri,congiunto,Trentino-Alto Adige,,,aperto,,,
701,2945,2026-04-27,Altri danni ai beni,,Marche,3066.41,2879.69,liquidato,2026-06-11,2026-06-14,2026-04-11
702,2566,2024-09-08,Corpi di veicoli terrestri,,Piemonte,4955.12,4667.41,liquidato,2024-10-03,2024-10-19,2024-10-27
703,1624,2023-09-06,Corpi di veicoli terrestri,,Marche,200,50.28,liquidato,2023-10-26,2023-11-14,2023-11-18
704,3312,2026-08-18,Altri danni ai beni,,Campania,596.15,389.45,liquidato,2026-09-24,2026-10-05,2026-10-18
705,3130,2023-08-12,RC generale,,Sardegna,11182.98,,aperto,,,
706,1255,2025-12-03,Incendio ed elementi naturali,,Liguria,17500.87,16797.65,liquidato,2025-12-25,2026-01-06,2026-01-17
707,3769,2026-05-26,Altri danni ai beni,,Veneto,1781.47,1582.13,liquidato,2026-06-07,2026-06-19,2026-06-25
708,1967,2026-07-22,Incendio ed elementi naturali,,Friuli-Venezia Giulia,16962.7,17149.69,liquidato,2026-08-11,2026-08-26,2026-09-06
709,2364,2025-11-19,RC generale,,Liguria,9901.56,,in_contenzioso,2025-12-04,,
710,729,2025-01-31,RC generale,,Marche,6722.58,6080.41,liquidato,2025-02-16,2025-02-24,2025-03-03
711,437,2024-04-27,Altri danni ai beni,,Sardegna,825.57,747.09,liquidato,2024-06-24,2024-06-28,2024-07-08
712,544,2025-03-10,RC generale,,Umbria,11044.92,10246.46,liquidato,2025-03-23,2025-03-24,2025-03-28
713,484,2026-06-04,Incendio ed elementi naturali,,Veneto,11138.69,10482.47,liquidato,2026-06-15,2026-06-16,2026-06-20
714,2026,2024-05-05,RC generale,,Lombardia,5439.27,5239.24,liquidato,2024-06-06,2024-06-24,2024-07-08
715,1229,2024-07-06,Corpi di veicoli terrestri,,Umbria,3362.14,2939.52,liquidato,2024-08-11,2024-08-22,2024-08-31
716,2542,2024-10-16,RC autoveicoli terrestri,congiunto,Liguria,8950.76,8498.35,liquidato,2024-11-01,2024-11-14,2024-11-22
717,3631,2026-08-14,Corpi di veicoli terrestri,,Veneto,7987.68,7819.52,liquidato,2026-09-25,2026-09-29,2026-10-11
718,123,2024-06-14,Altri danni ai beni,,Trentino-Alto Adige,1767.48,,in_contenzioso,2024-07-02,,
719,3080,2026-06-11,Corpi di veicoli terrestri,,Trentino-Alto Adige,418.86,275.1,liquidato,2026-07-25,2026-07-30,2026-08-08
720,969,2025-10-14,RC generale,,Sardegna,7245.11,,aperto,,,
721,3749,2024-09-08,Incendio ed elementi naturali,,Basilicata,17795.79,17416.12,liquidato,2024-11-07,2024-11-22,2024-12-07
722,3476,2025-10-05,Corpi di veicoli terrestri,,Piemonte,784.58,286.3,liquidato,2025-11-04,2025-11-19,2025-11-29
723,1753,2025-12-25,Corpi di veicoli terrestri,,Toscana,3005.33,2743.05,liquidato,2026-01-06,2026-01-20,2026-01-31
724,2034,2023-12-24,RC autoveicoli terrestri,unilaterale,Liguria,6459.79,6412.89,liquidato,2024-02-01,2024-02-04,2024-02-17
725,3556,2025-06-22,RC autoveicoli terrestri,unilaterale,Veneto,8811.51,,aperto,,,
726,3016,2026-06-28,RC autoveicoli terrestri,unilaterale,Abruzzo,7286.5,7339.06,liquidato,2026-07-13,2026-07-20,2026-07-25
727,1785,2023-10-28,Altri danni ai beni,,Puglia,1295.6,,aperto,,,
728,124,2026-06-27,RC generale,,Umbria,3601.84,,in_contenzioso,2026-08-13,,
729,2839,2026-03-12,RC autoveicoli terrestri,unilaterale,Umbria,4823.93,4741.52,liquidato,2026-04-25,2026-04-27,2026-05-07
730,561,2024-09-07,Altri danni ai beni,,Basilicata,1372.32,1286.44,liquidato,2024-09-29,2024-10-02,2024-10-10
731,1842,2026-08-17,RC autoveicoli terrestri,congiunto,Trentino-Alto Adige,4158.88,4122.31,liquidato,2026-09-13,2026-09-23,2026-10-04
732,3998,2023-10-20,Incendio ed elementi naturali,,Basilicata,22860.06,22032.2,liquidato,2023-12-02,2023-12-21,2023-12-30
733,1656,2025-01-17,Altri danni ai beni,,Umbria,2471.47,2289.34,liquidato,2025-02-05,2025-02-18,2025-02-28
734,89,2026-07-31,Corpi di veicoli terrestri,,Marche,3250.28,2681.53,liquidato,2026-08-13,2026-08-21,2026-08-26
735,3049,2025-09-02,RC autoveicoli terrestri,congiunto,Campania,4496.96,4188.09,liquidato,2025-09-15,2025-09-16,2025-09-23
736,1301,2024-05-19,Altri danni ai beni,,Lombardia,678.16,,aperto,,,
737,184,2025-05-16,Corpi di veicoli terrestri,,Trentino-Alto Adige,1970.24,1712.21,liquidato,2025-06-07,2025-06-20,2025-06-24
738,737,2024-09-05,Altri danni ai beni,,Campania,1350.45,,aperto,,,
739,721,2026-03-09,Incendio ed elementi naturali,,Marche,8484.23,,aperto,,,
740,2027,2024-11-13,Altri danni ai beni,,Sicilia,2404.17,2292.42,liquidato,2024-11-27,2024-12-07,2024-12-21
741,2859,2025-03-17,Incendio ed elementi naturali,,Lazio,9842.33,9716.06,liquidato,2025-04-22,2025-05-09,2025-05-18
742,447,2025-07-28,RC generale,,Puglia,4893.6,4485.13,liquidato,2025-08-27,2025-08-28,2025-09-01
743,718,2024-06-23,RC autoveicoli terrestri,congiunto,Lombardia,8155.49,8292.37,liquidato,2024-07-23,2024-08-08,2024-08-18
744,812,2025-09-23,Corpi di veicoli terrestri,,Trentino-Alto Adige,1121.34,950.92,liquidato,2025-10-24,2025-11-02,2025-11-13
745,2251,2026-02-17,Altri danni ai beni,,Marche,1686.17,1459.09,liquidato,2026-03-15,2026-03-27,2026-04-10
746,4266,2026-04-22,Corpi di veicoli terrestri,,Calabria,3820.9,,in_contenzioso,2026-06-09,,
747,2110,2026-04-11,Corpi di veicoli terrestri,,Campania,3719.31,,aperto,,,
748,283,2025-07-08,Altri danni ai beni,,Veneto,1201.82,,aperto,,,
749,2296,2026-08-22,Corpi di veicoli terrestri,,Lazio,3310.38,3021.38,liquidato,2026-10-10,2026-10-29,2026-11-13
750,141,2026-08-02,RC generale,,Umbria,14062.77,,in_contenzioso,2026-08-25,,
751,1241,2024-11-11,RC autoveicoli terrestri,unilaterale,Friuli-Venezia Giulia,1952.91,1795.18,liquidato,2024-12-26,2025-01-11,2025-01-25
752,911,2025-11-14,Corpi di veicoli terrestri,,Lombardia,8892.74,8633.75,liquidato,2025-12-12,2025-12-16,2025-12-21
753,1736,2025-03-17,Corpi di veicoli terrestri,,Abruzzo,3543.82,3469.15,liquidato,2025-05-07,2025-05-16,2025-05-24
754,4046,2025-08-20,Altri danni ai beni,,Sardegna,1360.51,1266.04,liquidato,2025-10-14,2025-10-15,2025-10-25
755,700,2025-07-11,RC generale,,Puglia,9877.03,,respinto,,,
756,2040,2023-09-24,Altri danni ai beni,,Emilia-Romagna,3966.93,,aperto,,,
757,3538,2026-01-25,RC generale,,Campania,7636.95,,in_contenzioso,2026-03-20,,
758,181,2026-01-05,Incendio ed elementi naturali,,Basilicata,2622.93,2316.48,liquidato,2026-01-31,2026-02-15,2026-02-28
759,3516,2025-02-07,RC generale,,Sardegna,7244.24,6657.41,liquidato,2025-03-07,2025-03-25,2025-03-30
760,793,2025-11-16,Corpi di veicoli terrestri,,Lazio,3332.62,3187.05,liquidato,2025-12-09,2025-12-19,2026-01-01
761,3598,2026-02-12,Incendio ed elementi naturali,,Calabria,12661.71,12676.88,liquidato,2026-03-04,2026-03-11,2026-03-21
762,1760,2023-12-11,Incendio ed elementi naturali,,Sardegna,15215.93,14533.7,liquidato,2023-12-27,2024-01-01,2024-01-12
763,2295,2024-05-10,Incendio ed elementi naturali,,Toscana,11749.03,11369.45,liquidato,2024-06-16,2024-06-25,2024-07-02
764,2820,2026-06-22,RC autoveicoli terrestri,unilaterale,Emilia-Romagna,9147.71,,respinto,,,
765,2866,2024-10-16,RC generale,,Emilia-Romagna,11627.17,11297.28,liquidato,2024-11-29,2024-12-08,2024-12-22
766,3024,2025-02-08,Corpi di veicoli terrestri,,Calabria,4563.6,,respinto,,,
767,2607,2025-02-20,Altri danni ai beni,,Emilia-Romagna,1475.54,,respinto,,,
768,227,2026-07-01,RC generale,,Campania,,,aperto,,,
769,3513,2024-08-27,Incendio ed elementi naturali,,Molise,15830.93,15109.29,liquidato,2024-09-13,2024-09-23,2024-10-04
770,1352,2024-05-06,Incendio ed elementi naturali,,Toscana,22680.67,21744.02,liquidato,2024-06-07,2024-06-24,2024-07-09
771,1948,2024-06-25,RC autoveicoli terrestri,unilaterale,Marche,8881.31,8805.37,liquidato,2024-08-04,2024-08-05,2024-08-17
772,1495,2024-02-15,RC autoveicoli terrestri,congiunto,Veneto,3443.28,3333.47,liquidato,2024-03-16,2024-04-04,2024-04-11
773,1602,2026-03-28,Corpi di veicoli terrestri,,Friuli-Venezia Giulia,2392.28,,respinto,,,
774,1071,2026-05-26,Corpi di veicoli terrestri,,Trentino-Alto Adige,3021.45,2643.52,liquidato,2026-06-10,2026-06-16,2026-06-21
775,1116,2026-08-07,RC generale,,Basilicata,14783.94,14313.87,liquidato,2026-09-19,2026-10-09,2026-10-23
776,2054,2024-01-10,RC autoveicoli terrestri,unilaterale,Marche,5859.71,5641.07,liquidato,2024-01-30,2024-02-17,2024-02-20
777,3833,2026-08-16,RC autoveicoli terrestri,congiunto,Emilia-Romagna,7719.68,7588.8,liquidato,2026-09-07,2026-09-12,2026-09-19
778,4148,2026-05-16,RC generale,,Friuli-Venezia Giulia,10294.99,9596.14,liquidato,2026-07-01,2026-07-03,2026-07-14
779,2934,2026-03-01,Incendio ed elementi naturali,,Basilicata,15974.21,15272.8,liquidato,2026-03-13,2026-04-01,2026-04-13
780,3742,2025-03-16,Incendio ed elementi naturali,,Abruzzo,7203.02,,aperto,,,
781,3622,2025-05-18,Altri danni ai beni,,Basilicata,1872.29,,aperto,,,
782,2033,2025-06-19,RC generale,,Molise,12750.53,12454.3,liquidato,2025-08-10,2025-08-14,2025-08-19
783,3491,2026-08-07,Altri danni ai beni,,Sicilia,1722.35,1561.74,liquidato,2026-09-22,2026-10-07,2026-10-18
784,3493,2026-03-20,Altri danni ai beni,,Umbria,2444.84,,aperto,,,
785,2784,2024-06-02,Incendio ed elementi naturali,,Campania,12294.98,12103.9,liquidato,2024-08-01,2024-08-16,2024-08-29
786,4069,2024-12-27,RC autoveicoli terrestri,congiunto,Friuli-Venezia Giulia,3628.25,,respinto,,,
787,386,2023-11-09,Altri danni ai beni,,Calabria,2569.04,2487.63,liquidato,2023-11-26,2023-12-12,2023-12-17
788,91,2026-06-14,RC autoveicoli terrestri,congiunto,Liguria,200,0.0,liquidato,2026-07-11,2026-07-25,2026-08-03
789,903,2026-05-16,Incendio ed elementi naturali,,Molise,10024.94,9659.93,liquidato,2026-06-16,2026-06-20,2026-06-24
790,4276,2023-10-13,Altri danni ai beni,,Sardegna,1720.01,1539.11,liquidato,2023-11-30,2023-12-04,2023-12-16
791,3166,2024-09-21,RC autoveicoli terrestri,congiunto,Valle d'Aosta,7011.55,6705.1,liquidato,2024-10-18,2024-10-26,2024-10-30
792,3691,2026-07-24,Incendio ed elementi naturali,,Piemonte,20692.67,20154.17,liquidato,2026-08-06,2026-08-10,2026-08-13
793,2032,2024-11-03,Corpi di veicoli terrestri,,Abruzzo,3660.05,,respinto,,,
794,2575,2023-11-20,Corpi di veicoli terrestri,,Toscana,5216.5,5109.59,liquidato,2023-12-07,2023-12-23,2024-01-03
795,2707,2025-02-02,RC generale,,Campania,11798.49,11588.71,liquidato,2025-03-21,2025-03-23,2025-04-05
796,2210,2023-12-07,Incendio ed elementi naturali,,Friuli-Venezia Giulia,15198.61,,in_contenzioso,2023-12-30,,
797,2324,2024-01-29,RC autoveicoli terrestri,unilaterale,Valle d'Aosta,6841.07,6887.54,liquidato,2024-03-04,2024-03-07,2024-03-19
798,1770,2025-08-21,RC autoveicoli terrestri,unilaterale,Valle d'Aosta,6572.78,6445.7,liquidato,2025-10-07,2025-10-13,2025-10-22
799,2360,2024-07-27,Incendio ed elementi naturali,,Toscana,8887.85,,aperto,,,
800,3528,2025-10-03,RC autoveicoli terrestri,congiunto,Trentino-Alto Adige,8915.15,8557.18,liquidato,2025-10-31,2025-11-20,2025-11-29
801,145,2024-12-13,Altri danni ai beni,,Friuli-Venezia Giulia,2701.15,2556.69,liquidato,2025-01-13,2025-01-29,2025-02-05
802,2899,2025-02-05,Corpi di veicoli terrestri,,Calabria,6348.01,5856.86,liquidato,2025-02-20,2025-03-06,2025-03-15
803,2722,2023-07-16,RC generale,,Sardegna,8818.55,8387.46,liquidato,2023-09-14,2023-09-28,2023-10-09
804,1018,2024-07-27,RC generale,,Liguria,14008.96,13589.41,liquidato,2024-08-21,2024-08-24,2024-09-05
805,1786,2024-10-21,RC generale,,Umbria,17045.73,17216.71,liquidato,2024-11-21,2024-12-09,2024-12-13
806,953,2024-12-23,RC generale,,Emilia-Romagna,17416.04,17527.85,liquidato,2025-01-25,2025-02-12,2025-02-15
807,4120,2025-04-26,Incendio ed elementi naturali,,Marche,7086.82,,respinto,,,
808,501,2026-07-01,Altri danni ai beni,,Lombardia,2417.26,,aperto,,,
809,3636,2023-11-03,RC autoveicoli terrestri,congiunto,Lombardia,6224.53,6249.99,liquidato,2023-11-27,2023-12-09,2023-12-13
810,523,2025-04-07,RC generale,,Puglia,18160.47,18175.83,liquidato,2025-04-21,2025-04-30,2025-05-03
811,176,2026-07-25,RC autoveicoli terrestri,congiunto,Lazio,9084.07,8742.44,liquidato,2026-08-07,2026-08-15,2026-08-26
812,3742,2025-02-12,Incendio ed elementi naturali,,Abruzzo,20672.81,,aperto,,,
813,395,2024-07-10,Incendio ed elementi naturali,,Lombardia,2704.94,,aperto,,,
814,1489,2026-03-21,Incendio ed elementi naturali,,Friuli-Venezia Giulia,12815.84,11811.47,liquidato,2026-05-07,2026-05-20,2026-05-28
815,539,2023-08-24,Altri danni ai beni,,Calabria,1871.58,1665.12,liquidato,2023-09-17,2023-09-28,2023-10-01
816,3454,2026-08-23,Corpi di veicoli terrestri,,Trentino-Alto Adige,384.2,84.0,liquidato,2026-09-11,2026-09-25,2026-10-04
817,1876,2023-07-17,Altri danni ai beni,,Sardegna,4473.05,,in_contenzioso,2023-08-07,,
818,2813,2024-12-20,Corpi di veicoli terrestri,,Liguria,6567.97,,aperto,,,
819,1556,2026-05-17,RC autoveicoli terrestri,unilaterale,Lazio,12399.11,12122.37,liquidato,2026-07-01,2026-07-08,2026-07-21
820,1087,2026-05-30,RC autoveicoli terrestri,congiunto,Valle d'Aosta,3277.35,,aperto,,,
821,353,2024-02-07,RC autoveicoli terrestri,unilaterale,Veneto,6440.28,6604.16,liquidato,2024-03-22,2024-04-03,2024-04-09
822,636,2024-12-20,Altri danni ai beni,,Friuli-Venezia Giulia,1633.79,1406.06,liquidato,2025-01-25,2025-02-12,2025-02-22
823,873,2024-01-05,RC generale,,Basilicata,9284.96,8600.53,liquidato,2024-02-06,2024-02-25,2024-03-05
824,4268,2023-12-12,Corpi di veicoli terrestri,,Abruzzo,4937.21,4698.05,liquidato,2024-01-04,2024-01-11,2024-01-16
825,3556,2024-11-28,RC autoveicoli terrestri,unilaterale,Veneto,5075.08,5176.12,liquidato,2024-12-13,2024-12-24,2025-01-01
826,718,2024-08-03,RC autoveicoli terrestri,unilaterale,Lombardia,6805.83,6824.67,liquidato,2024-09-16,2024-09-23,2024-07-13
827,639,2026-04-12,Incendio ed elementi naturali,,Piemonte,15845.4,,respinto,,,
828,2996,2024-03-23,Altri danni ai beni,,Lombardia,1389.38,,aperto,,,
829,3087,2024-01-08,Corpi di veicoli terrestri,,Sicilia,3906.55,3313.18,liquidato,2024-01-26,2024-02-05,2024-02-13
830,3929,2025-06-04,RC autoveicoli terrestri,unilaterale,Liguria,5191.37,5186.41,liquidato,2025-07-06,2025-07-26,2025-08-09
831,1706,2026-07-16,Altri danni ai beni,,Veneto,1651.01,1415.45,liquidato,2026-08-23,2026-09-05,2026-09-12
832,1780,2025-04-16,Altri danni ai beni,,Lombardia,2343.94,2285.82,liquidato,2025-05-01,2025-05-21,2025-06-02
833,1310,2026-04-24,Altri danni ai beni,,Marche,2999.34,2958.21,liquidato,2026-05-04,2026-05-24,2026-06-06
834,456,2024-12-24,Corpi di veicoli terrestri,,Basilicata,2878.87,2750.87,liquidato,2025-01-06,2025-01-10,2025-01-24
835,4086,2026-07-03,Corpi di veicoli terrestri,,Valle d'Aosta,4127.21,3865.26,liquidato,2026-07-20,2026-07-29,2026-08-07
836,2717,2024-08-15,Altri danni ai beni,,Trentino-Alto Adige,1964.76,1806.95,liquidato,2024-09-18,2024-10-06,2024-10-21
837,2838,2023-11-02,Corpi di veicoli terrestri,,Lombardia,2255.14,2100.01,liquidato,2023-11-20,2023-12-07,2023-12-13
838,1497,2025-01-20,Incendio ed elementi naturali,,Marche,17271.72,16299.84,liquidato,2025-02-16,2025-03-06,2025-03-09
839,3353,2026-04-24,RC generale,,Liguria,5829.92,5238.25,liquidato,2026-05-23,2026-06-04,2026-06-16
840,820,2024-05-08,RC autoveicoli terrestri,congiunto,Emilia-Romagna,9380.04,,respinto,,,
841,1938,2025-10-25,Corpi di veicoli terrestri,,Puglia,2000.19,1491.75,liquidato,2025-11-08,2025-11-25,2025-12-02
842,3814,2024-06-30,RC generale,,Veneto,746.81,488.27,liquidato,2024-07-20,2024-07-29,2024-08-11
843,2373,2024-02-12,Altri danni ai beni,,Veneto,2121.42,1940.43,liquidato,2024-04-12,2024-05-02,2024-05-17
844,2543,2025-07-07,Altri danni ai beni,,Molise,732.21,536.34,liquidato,2025-07-24,2025-08-08,2025-08-13
845,763,2026-08-16,RC autoveicoli terrestri,congiunto,Emilia-Romagna,7595.38,7779.28,liquidato,2026-09-02,2026-09-07,2026-09-17
846,2308,2024-10-03,RC generale,,Veneto,16795.58,16150.48,liquidato,2024-11-20,2024-11-29,2024-12-07
847,1207,2025-06-05,RC autoveicoli terrestri,unilaterale,Basilicata,704.95,412.09,liquidato,2025-07-11,2025-07-26,2025-08-08
848,1784,2026-04-21,Corpi di veicoli terrestri,,Piemonte,4701.78,4481.1,liquidato,2026-05-02,2026-05-22,2026-06-03
849,2092,2024-06-25,Altri danni ai beni,,Liguria,1616.9,,in_contenzioso,2024-07-18,,
850,715,2025-02-11,Incendio ed elementi naturali,,Emilia-Romagna,6630.86,,in_contenzioso,2025-03-28,,
851,4236,2023-07-01,Incendio ed elementi naturali,,Sardegna,2429.11,,aperto,,,
852,108,2024-08-29,Altri danni ai beni,,Valle d'Aosta,1708.91,1494.4,liquidato,2024-09-28,2024-10-10,2024-10-13
853,975,2026-04-18,Corpi di veicoli terrestri,,Piemonte,1829.36,1350.86,liquidato,2026-05-23,2026-06-06,2026-06-11
854,3217,2025-02-23,Corpi di veicoli terrestri,,Molise,4494.98,4073.65,liquidato,2025-04-06,2025-04-16,2025-04-23
855,3355,2025-09-26,RC autoveicoli terrestri,congiunto,Abruzzo,3522.25,3431.31,liquidato,2025-10-07,2025-10-16,2025-10-25
856,2000,2024-07-13,RC autoveicoli terrestri,congiunto,Calabria,4536.75,4292.6,liquidato,2024-08-12,2024-08-15,2024-08-27
857,4270,2025-06-28,RC autoveicoli terrestri,unilaterale,Umbria,14140.91,,in_contenzioso,2025-08-15,,
858,4264,2024-06-24,Corpi di veicoli terrestri,,Umbria,5725.06,,respinto,,,
859,1519,2024-06-24,RC autoveicoli terrestri,unilaterale,Umbria,200,50.96,liquidato,2024-07-06,2024-07-19,2024-07-30
860,1302,2024-06-25,Incendio ed elementi naturali,,Calabria,,17872.63,liquidato,2024-07-08,2024-07-09,2024-07-22
861,3940,2024-10-18,RC generale,,Lombardia,4957.05,4416.95,liquidato,2024-12-05,2024-12-06,2024-12-20
862,744,2025-06-30,Incendio ed elementi naturali,,Liguria,9021.61,7943.69,liquidato,2025-07-20,2025-07-29,2025-08-11
863,3537,2026-03-19,RC generale,,Puglia,4371.17,4071.33,liquidato,2026-04-25,2026-04-26,2026-05-02
864,2195,2023-12-27,RC generale,,Sicilia,10034.38,9768.77,liquidato,2024-01-22,2024-02-02,2024-02-17
865,1480,2024-06-03,Altri danni ai beni,,Valle d'Aosta,2271.62,,in_contenzioso,2024-07-30,,
866,2658,2023-05-09,Incendio ed elementi naturali,,Marche,17147.11,16432.5,liquidato,2023-06-26,2023-07-08,2023-07-11
867,4284,2024-02-27,Altri danni ai beni,,Calabria,1303.18,1121.83,liquidato,2024-03-26,2024-04-14,2024-04-20
868,1228,2026-07-19,Altri danni ai beni,,Friuli-Venezia Giulia,1919.0,,in_contenzioso,2026-09-13,,
869,3329,2025-04-22,RC autoveicoli terrestri,congiunto,Veneto,11010.38,11030.35,liquidato,2025-05-07,2025-05-17,2025-05-24
870,263,2025-03-02,Corpi di veicoli terrestri,,Molise,3981.38,3558.28,liquidato,2025-03-28,2025-04-01,2025-04-10
871,1914,2026-04-03,RC generale,,Friuli-Venezia Giulia,14992.27,,aperto,,,
872,2864,2024-08-14,Corpi di veicoli terrestri,,Valle d'Aosta,,,aperto,,,
873,3626,2023-12-06,RC generale,,Campania,13299.95,12452.16,liquidato,2023-12-21,2023-12-30,2024-01-10
874,822,2023-03-31,Corpi di veicoli terrestri,,Trentino-Alto Adige,2434.59,,respinto,,,
875,1399,2025-04-28,RC generale,,Valle d'Aosta,,2167.99,liquidato,2025-06-26,2025-06-30,2025-07-07
876,4197,2024-01-30,Altri danni ai beni,,Marche,1618.76,1440.84,liquidato,2024-03-16,2024-03-19,2024-03-27
877,3282,2024-03-20,Incendio ed elementi naturali,,Lazio,227.78,0.0,liquidato,2024-05-09,2024-05-11,2024-05-24
878,4289,2024-11-13,RC generale,,Puglia,3276.71,,respinto,,,
879,2539,2026-07-28,Altri danni ai beni,,Trentino-Alto Adige,1142.99,1023.34,liquidato,2026-09-12,2026-09-29,2026-10-06
880,3114,2026-03-13,RC generale,,Toscana,18166.43,17392.97,liquidato,2026-04-13,2026-04-28,2026-05-05
881,3073,2026-04-17,Altri danni ai beni,,Umbria,2085.4,1961.16,liquidato,2026-05-21,2026-06-03,2026-06-07
882,931,2024-03-05,Corpi di veicoli terrestri,,Basilicata,2448.95,2006.32,liquidato,2024-04-07,2024-04-12,2024-04-19
883,4049,2024-03-02,RC generale,,Toscana,6311.72,5979.12,liquidato,2024-03-27,2024-04-03,2024-04-08
884,83,2026-08-21,Altri danni ai beni,,Friuli-Venezia Giulia,1831.49,1594.02,liquidato,2026-10-14,2026-10-23,2026-11-04
885,554,2023-05-19,RC autoveicoli terrestri,unilaterale,Lombardia,8133.4,,aperto,,,
886,764,2024-07-31,RC autoveicoli terrestri,unilaterale,Lazio,2103.85,,in_contenzioso,2024-08-27,,
887,1547,2026-03-08,RC generale,,Lombardia,,8288.06,liquidato,2026-04-03,2026-04-19,2026-05-03
888,206,2026-04-21,Corpi di veicoli terrestri,,Friuli-Venezia Giulia,6654.16,6301.94,liquidato,2026-06-20,2026-06-29,2026-07-13
889,2361,2025-12-21,Corpi di veicoli terrestri,,Lombardia,2787.56,,in_contenzioso,2026-01-24,,
890,886,2024-04-05,RC autoveicoli terrestri,unilaterale,Abruzzo,9867.09,9790.47,liquidato,2024-05-23,2024-05-24,2024-06-03
891,1428,2026-04-18,Incendio ed elementi naturali,,Molise,9086.16,9088.71,liquidato,2026-05-26,2026-06-12,2026-06-21
892,1973,2025-10-12,RC generale,,Lombardia,2158.68,1652.66,liquidato,2025-11-28,2025-12-10,2025-12-13
893,167,2026-05-22,Incendio ed elementi naturali,,Piemonte,2911.23,1917.78,liquidato,2026-06-09,2026-06-18,2026-06-21
894,1259,2026-06-25,Corpi di veicoli terrestri,,Veneto,5710.37,5427.31,liquidato,2026-07-29,2026-08-07,2026-08-19
895,892,2025-10-20,RC autoveicoli terrestri,congiunto,Puglia,4436.44,4246.89,liquidato,2025-11-01,2025-11-17,2025-11-30
896,3284,2024-06-11,Corpi di veicoli terrestri,,Molise,2698.38,,aperto,,,
897,1059,2023-02-04,Corpi di veicoli terrestri,,Sardegna,3806.1,,respinto,,,
898,3872,2023-12-21,Incendio ed elementi naturali,,Piemonte,11716.46,,respinto,,,
899,2197,2024-08-18,Corpi di veicoli terrestri,,Emilia-Romagna,4488.01,3897.31,liquidato,2024-09-07,2024-09-24,2024-10-05
900,172,2026-03-26,Corpi di veicoli terrestri,,Marche,3529.6,,aperto,,,
901,1430,2024-01-08,Incendio ed elementi naturali,,Veneto,7712.82,7270.91,liquidato,2024-02-04,2024-02-17,2024-02-20
902,668,2026-08-20,RC generale,,Veneto,9103.37,8829.27,liquidato,2026-10-03,2026-10-09,2026-10-22
903,1570,2026-08-15,Incendio ed elementi naturali,,Umbria,8827.59,,in_contenzioso,2026-09-01,,
904,3644,2024-05-10,Incendio ed elementi naturali,,Umbria,21539.59,,respinto,,,
905,1202,2025-06-04,RC autoveicoli terrestri,congiunto,Trentino-Alto Adige,1375.61,1048.55,liquidato,2025-06-19,2025-06-28,2025-07-06
906,2474,2024-10-24,Incendio ed elementi naturali,,Abruzzo,15332.76,15420.58,liquidato,2024-11-06,2024-11-23,2024-12-05
907,4034,2025-02-06,Incendio ed elementi naturali,,Sicilia,19374.8,18781.29,liquidato,2025-03-16,2025-03-23,2025-04-02
908,2988,2025-12-14,Incendio ed elementi naturali,,Sardegna,7226.53,,aperto,,,
909,1189,2025-08-22,Incendio ed elementi naturali,,Toscana,11542.19,11120.45,liquidato,2025-10-06,2025-10-21,2025-10-31
910,3562,2023-10-21,RC autoveicoli terrestri,unilaterale,Lombardia,6679.79,6656.45,liquidato,2023-12-03,2023-12-19,2023-12-23
911,2599,2026-03-01,RC generale,,Marche,7420.48,7115.74,liquidato,2026-04-29,2026-05-01,2026-05-06
912,2385,2026-02-24,Altri danni ai beni,,Molise,2354.68,,respinto,,,
913,3757,2026-07-17,RC generale,,Puglia,14201.0,,aperto,,,
914,360,2025-09-23,Corpi di veicoli terrestri,,Calabria,7112.65,6967.69,liquidato,2025-10-05,2025-10-25,2025-11-02
915,2148,2023-12-13,RC autoveicoli terrestri,congiunto,Toscana,10034.93,,aperto,,,
916,446,2025-05-14,RC generale,,Friuli-Venezia Giulia,3792.87,,aperto,,,
917,921,2025-08-06,RC autoveicoli terrestri,congiunto,Puglia,200,0.0,liquidato,2025-08-27,2025-09-10,2025-09-20
918,2434,2024-01-15,Corpi di veicoli terrestri,,Marche,4497.94,,aperto,,,
919,348,2024-09-20,RC autoveicoli terrestri,congiunto,Valle d'Aosta,2729.72,,aperto,,,
920,4221,2026-08-23,Altri danni ai beni,,Friuli-Venezia Giulia,1877.55,1685.16,liquidato,2026-10-20,2026-10-25,2026-10-31
921,16,2023-06-26,Altri danni ai beni,,Liguria,1175.04,991.39,liquidato,2023-07-13,2023-07-24,2023-08-08
922,1606,2026-03-15,RC generale,,Sicilia,18099.96,17273.0,liquidato,2026-03-25,2026-04-06,2026-04-13
923,2043,2023-08-05,RC generale,,Friuli-Venezia Giulia,14325.01,,aperto,,,
924,2217,2024-09-10,RC generale,,Marche,6563.2,6328.77,liquidato,2024-10-29,2024-11-10,2024-11-22
925,3789,2023-09-16,RC autoveicoli terrestri,unilaterale,Abruzzo,9127.91,8785.74,liquidato,2023-11-02,2023-11-19,2023-11-25
926,3245,2026-08-02,RC generale,,Liguria,5350.29,4956.84,liquidato,2026-08-23,2026-09-06,2026-09-16
927,1610,2023-12-29,Altri danni ai beni,,Molise,2620.98,2559.48,liquidato,2024-02-13,2024-03-02,2024-03-11
928,3832,2026-08-07,Corpi di veicoli terrestri,,Veneto,4174.0,,respinto,,,
929,2101,2025-04-04,Incendio ed elementi naturali,,Liguria,16067.48,15345.85,liquidato,2025-05-05,2025-05-11,2025-05-21
930,1436,2024-08-10,Incendio ed elementi naturali,,Veneto,15819.64,16029.15,liquidato,2024-08-26,2024-08-28,2024-09-08
931,2765,2023-11-02,Corpi di veicoli terrestri,,Sardegna,4532.62,,respinto,,,
932,1473,2024-05-12,Altri danni ai beni,,Trentino-Alto Adige,1855.26,1639.75,liquidato,2024-07-04,2024-07-10,2024-07-20
933,1206,2026-07-03,Corpi di veicoli terrestri,,Abruzzo,3351.83,,respinto,,,
934,1916,2023-09-27,RC autoveicoli terrestri,congiunto,Abruzzo,9160.04,,aperto,,,
935,3811,2025-12-08,RC autoveicoli terrestri,unilaterale,Calabria,6381.5,6246.66,liquidato,2026-01-06,2026-01-17,2026-01-30
936,2347,2025-06-05,RC autoveicoli terrestri,unilaterale,Piemonte,7244.82,7157.28,liquidato,2025-07-29,2025-08-12,2025-08-27
937,4129,2026-08-20,Corpi di veicoli terrestri,,Basilicata,3573.84,3085.81,liquidato,2026-09-07,2026-09-23,2026-10-03
938,3192,2024-04-12,RC generale,,Valle d'Aosta,,4304.76,liquidato,2024-05-26,2024-05-29,2024-06-13
939,262,2026-01-02,RC generale,,Sardegna,9783.46,,in_contenzioso,2026-02-14,,
940,1282,2025-11-18,Altri danni ai beni,,Veneto,3636.79,3545.28,liquidato,2026-01-04,2026-01-06,2026-01-12
941,1524,2025-02-21,Corpi di veicoli terrestri,,Veneto,2600.52,2297.03,liquidato,2025-03-13,2025-03-22,2025-04-04
942,3025,2025-01-10,Corpi di veicoli terrestri,,Emilia-Romagna,2606.23,,respinto,,,
943,1314,2026-07-31,Corpi di veicoli terrestri,,Sardegna,2621.49,2518.42,liquidato,2026-09-07,2026-09-22,2026-09-26
944,195,2026-01-30,RC autoveicoli terrestri,congiunto,Umbria,5319.26,,respinto,,,
945,1030,2026-03-19,RC autoveicoli terrestri,congiunto,Puglia,2111.31,2072.18,liquidato,2026-04-03,2026-04-16,2026-04-20
946,1073,2024-06-12,Corpi di veicoli terrestri,,Abruzzo,3914.2,,aperto,,,
947,4242,2025-09-05,Incendio ed elementi naturali,,Liguria,8973.68,,in_contenzioso,2025-09-26,,
948,1322,2025-11-15,Incendio ed elementi naturali,,Puglia,9798.11,,aperto,,,
949,3559,2024-07-08,RC generale,,Abruzzo,10910.43,,aperto,,,
950,1637,2025-02-20,Corpi di veicoli terrestri,,Umbria,4860.91,,aperto,,,
951,3992,2026-02-11,Incendio ed elementi naturali,,Lazio,17250.91,17119.73,liquidato,2026-02-27,2026-03-11,2026-03-25
952,354,2026-07-12,Incendio ed elementi naturali,,Toscana,7273.36,,in_contenzioso,2026-08-25,,
953,965,2026-08-10,Incendio ed elementi naturali,,Sardegna,7004.35,,aperto,,,
954,4204,2026-05-12,Corpi di veicoli terrestri,,Puglia,4596.31,4156.71,liquidato,2026-06-29,2026-07-01,2026-07-13
955,3896,2025-11-14,Corpi di veicoli terrestri,,Veneto,5504.5,,in_contenzioso,2025-12-10,,
956,2483,2026-03-27,RC autoveicoli terrestri,unilaterale,Puglia,3281.37,3198.66,liquidato,2026-05-15,2026-05-19,2026-05-30
957,2674,2024-05-05,Altri danni ai beni,,Friuli-Venezia Giulia,1673.36,1460.12,liquidato,2024-06-11,2024-06-28,2024-07-06
958,2150,2024-02-28,RC autoveicoli terrestri,unilaterale,Lazio,3952.11,3881.38,liquidato,2024-04-15,2024-04-24,2024-04-27
959,813,2024-04-24,RC autoveicoli terrestri,congiunto,Veneto,4193.28,3955.75,liquidato,2024-05-09,2024-05-20,2024-05-30
960,2629,2025-11-10,Incendio ed elementi naturali,,Sardegna,200,,aperto,,,
961,1283,2023-09-15,Corpi di veicoli terrestri,,Liguria,4177.09,3692.56,liquidato,2023-11-13,2023-11-25,2023-12-03
962,2026,2023-12-27,RC generale,,Lombardia,12108.58,11681.67,liquidato,2024-01-27,2024-02-10,2024-02-20
963,1217,2025-07-09,RC autoveicoli terrestri,unilaterale,Molise,6673.86,6487.5,liquidato,2025-07-24,2025-08-11,2025-08-14
964,1483,2026-03-06,Incendio ed elementi naturali,,Trentino-Alto Adige,12829.85,11885.46,liquidato,2026-04-29,2026-05-01,2026-05-11
965,1116,2026-07-09,RC generale,,Basilicata,5397.14,5014.01,liquidato,2026-08-13,2026-08-25,2026-09-01
966,1494,2025-04-29,RC generale,,Friuli-Venezia Giulia,9010.56,8507.9,liquidato,2025-05-30,2025-06-10,2025-06-24
967,2464,2024-03-06,Altri danni ai beni,,Liguria,2000.59,1823.61,liquidato,2024-04-05,2024-04-07,2024-04-21
968,1918,2026-01-29,Incendio ed elementi naturali,,Veneto,14823.59,14398.76,liquidato,2026-03-29,2026-04-15,2026-04-28
969,3404,2023-06-19,Corpi di veicoli terrestri,,Lombardia,,,in_contenzioso,2023-07-29,,
970,2154,2024-03-14,RC autoveicoli terrestri,congiunto,Abruzzo,8508.02,8476.13,liquidato,2024-03-26,2024-04-09,2024-04-13
971,274,2025-08-03,RC generale,,Valle d'Aosta,841.96,590.07,liquidato,2025-08-29,2025-09-17,2025-09-26
972,1471,2025-08-24,RC autoveicoli terrestri,unilaterale,Calabria,10950.25,10653.85,liquidato,2025-09-24,2025-10-05,2025-10-11
973,3907,2026-07-15,RC generale,,Friuli-Venezia Giulia,15187.65,15048.69,liquidato,2026-07-27,2026-08-07,2026-08-11
974,4157,2024-10-07,Corpi di veicoli terrestri,,Basilicata,4849.0,,respinto,,,
975,1481,2026-08-02,RC autoveicoli terrestri,unilaterale,Friuli-Venezia Giulia,5241.89,5221.33,liquidato,2026-09-11,2026-09-26,2026-09-29
976,4268,2024-02-24,Corpi di veicoli terrestri,,Sicilia,4873.2,4619.8,liquidato,2024-04-06,2024-04-16,2024-04-27
977,3394,2025-12-16,RC generale,,Molise,16953.31,,respinto,,,
978,582,2026-03-18,Incendio ed elementi naturali,,Toscana,6914.83,6242.12,liquidato,2026-04-26,2026-04-29,2026-05-12
979,3137,2026-06-19,RC autoveicoli terrestri,unilaterale,Sardegna,2564.21,,aperto,,,
980,1225,2025-05-02,RC generale,,Marche,7682.04,7148.59,liquidato,2025-05-18,2025-05-27,2025-06-10
981,321,2025-12-28,Corpi di veicoli terrestri,,Sicilia,2397.13,,aperto,,,
982,2743,2024-10-01,RC autoveicoli terrestri,congiunto,Marche,11763.13,11570.26,liquidato,2024-10-18,2024-10-21,2024-10-28
983,1268,2025-06-30,Incendio ed elementi naturali,,Sardegna,20286.28,19399.09,liquidato,2025-08-19,2025-08-20,2025-09-04
984,3562,2024-01-27,RC autoveicoli terrestri,unilaterale,Lombardia,4423.88,,respinto,,,
985,175,2025-08-19,RC generale,,Campania,11957.75,11885.42,liquidato,2025-09-24,2025-09-27,2025-10-07
986,4163,2023-08-29,Altri danni ai beni,,Veneto,1948.92,1792.88,liquidato,2023-10-17,2023-11-05,2023-11-09
987,1177,2025-05-18,RC autoveicoli terrestri,unilaterale,Sardegna,12985.75,13323.76,liquidato,2025-06-15,2025-06-21,2025-06-29
988,697,2024-02-29,RC autoveicoli terrestri,unilaterale,Sardegna,6643.35,,in_contenzioso,2024-04-02,,
989,2685,2023-11-22,Altri danni ai beni,,Basilicata,2146.59,2076.71,liquidato,2023-12-27,2023-12-31,2024-01-09
990,1117,2025-03-02,Altri danni ai beni,,Lazio,1747.8,1679.45,liquidato,2025-03-19,2025-03-21,2025-04-05
991,365,2026-03-04,Corpi di veicoli terrestri,,Marche,3374.45,2945.19,liquidato,2026-04-18,2026-04-27,2026-05-09
992,2650,2025-10-08,RC generale,,Trentino-Alto Adige,9838.31,9596.29,liquidato,2025-10-26,2025-11-03,2025-11-07
993,1854,2023-07-14,Altri danni ai beni,,Molise,2633.04,2482.63,liquidato,2023-07-25,2023-08-02,2023-08-12
994,2443,2025-10-17,Corpi di veicoli terrestri,,Friuli-Venezia Giulia,4725.06,,respinto,,,
995,1532,2026-06-20,Incendio ed elementi naturali,,Sicilia,332.15,0.0,liquidato,2026-08-10,2026-08-27,2026-09-05
996,2375,2025-04-01,Corpi di veicoli terrestri,,Sardegna,4514.56,4180.77,liquidato,2025-05-04,2025-05-16,2025-05-29
997,138,2023-12-11,Altri danni ai beni,,Sardegna,2331.32,2143.1,liquidato,2024-02-02,2024-02-21,2024-02-29
998,1568,2024-12-05,Incendio ed elementi naturali,,Veneto,1672.76,1143.49,liquidato,2024-12-15,2025-01-03,2025-01-12
999,3998,2024-06-14,Incendio ed elementi naturali,,Basilicata,22148.66,21259.57,liquidato,2024-08-05,2024-08-09,2024-08-16
1000,577,2026-03-06,Corpi di veicoli terrestri,,Lombardia,200,0.0,liquidato,2026-04-27,2026-05-12,2026-05-16
1001,3519,2026-01-30,Altri danni ai beni,,Emilia-Romagna,,,aperto,,,
1002,2346,2025-07-14,RC autoveicoli terrestri,congiunto,Trentino-Alto Adige,12131.77,12000.65,liquidato,2025-07-25,2025-08-12,2025-08-21
1003,1437,2026-05-26,RC generale,,Sicilia,2578.46,2284.15,liquidato,2026-06-14,2026-07-04,2026-07-07
1004,2640,2023-09-26,RC generale,,Abruzzo,11853.12,11249.03,liquidato,2023-10-07,2023-10-20,2023-10-30
1005,1177,2025-06-21,RC autoveicoli terrestri,unilaterale,Sardegna,6657.47,6790.57,liquidato,2025-07-01,2025-07-10,2025-07-23
1006,4035,2025-07-11,Incendio ed elementi naturali,,Puglia,605.3,,in_contenzioso,2025-09-08,,
1007,1540,2025-01-14,RC generale,,Abruzzo,5705.26,5322.85,liquidato,2025-02-22,2025-02-27,2025-03-02
1008,3958,2026-06-02,Altri danni ai beni,,Trentino-Alto Adige,654.52,,respinto,,,
1009,1063,2025-02-22,Altri danni ai beni,,Sicilia,1396.81,1281.79,liquidato,2025-04-19,2025-05-07,2025-05-13
1010,3234,2024-03-03,RC generale,,Molise,11377.17,11375.55,liquidato,2024-04-09,2024-04-16,2024-04-23
1011,3732,2025-03-22,Altri danni ai beni,,Lazio,2317.52,2270.18,liquidato,2025-04-17,2025-05-01,2025-05-08
1012,2978,2024-06-20,Corpi di veicoli terrestri,,Liguria,2723.29,2236.93,liquidato,2024-08-19,2024-08-30,2024-09-13
1013,698,2025-06-10,RC autoveicoli terrestri,congiunto,Umbria,229.82,,aperto,,,
1014,161,2024-06-21,RC generale,,Friuli-Venezia Giulia,9273.22,8775.93,liquidato,2024-08-18,2024-09-05,2024-09-08
1015,1978,2024-04-02,Corpi di veicoli terrestri,,Sicilia,3307.43,3228.88,liquidato,2024-05-12,2024-05-25,2024-06-05
1016,3214,2023-09-21,RC generale,,Trentino-Alto Adige,7572.0,7183.64,liquidato,2023-10-23,2023-11-07,2023-11-17
1017,2881,2024-05-19,Corpi di veicoli terrestri,,Friuli-Venezia Giulia,5482.78,5358.8,liquidato,2024-06-07,2024-06-23,2024-07-03
1018,709,2026-06-22,RC autoveicoli terrestri,congiunto,Lazio,813.72,507.93,liquidato,2026-07-16,2026-07-25,2026-07-30
1019,1418,2023-11-10,RC generale,,Piemonte,13089.87,12533.49,liquidato,2024-01-09,2024-01-18,2024-01-30
1020,621,2024-12-27,Incendio ed elementi naturali,,Campania,10633.19,,respinto,,,
1021,2607,2025-10-27,Altri danni ai beni,,Emilia-Romagna,1903.78,1677.75,liquidato,2025-12-13,2025-12-26,2026-01-09
1022,3073,2026-02-06,Altri danni ai beni,,Umbria,2351.77,,aperto,,,
1023,2878,2025-05-03,Corpi di veicoli terrestri,,Friuli-Venezia Giulia,883.88,,in_contenzioso,2025-06-23,,
1024,512,2025-06-21,Corpi di veicoli terrestri,,Basilicata,653.32,152.0,liquidato,2025-08-04,2025-08-09,2025-08-19
1025,3532,2025-02-17,Corpi di veicoli terrestri,,Trentino-Alto Adige,4461.12,,aperto,,,
1026,556,2026-05-08,Altri danni ai beni,,Puglia,200,100.81,liquidato,2026-06-01,2026-06-09,2026-06-23
1027,4180,2024-07-14,Altri danni ai beni,,Lombardia,2972.21,2740.93,liquidato,2024-09-03,2024-09-08,2024-09-20
1028,1634,2024-08-17,RC generale,,Lazio,5764.64,5452.85,liquidato,2024-09-25,2024-10-06,2024-10-15
1029,2844,2023-06-12,Altri danni ai beni,,Abruzzo,3803.52,,aperto,,,
1030,1005,2024-12-17,Incendio ed elementi naturali,,Friuli-Venezia Giulia,15732.44,,aperto,,,
1031,708,2024-06-03,RC autoveicoli terrestri,congiunto,Valle d'Aosta,9956.5,,aperto,,,
1032,65,2025-08-25,Corpi di veicoli terrestri,,Calabria,4403.24,3813.51,liquidato,2025-10-15,2025-10-28,2025-11-02
1033,2137,2024-01-06,Altri danni ai beni,,Veneto,209.23,,respinto,,,
1034,3945,2026-08-20,RC generale,,Toscana,200,0.0,liquidato,2026-09-08,2026-09-26,2026-10-11
1035,551,2026-07-20,RC generale,,Veneto,3376.96,3158.13,liquidato,2026-08-07,2026-08-13,2026-08-23
1036,264,2025-12-19,RC generale,,Lombardia,10925.04,10340.88,liquidato,2026-01-26,2026-01-31,2026-02-04
1037,1967,2026-07-23,Incendio ed elementi naturali,,Friuli-Venezia Giulia,16580.5,15900.78,liquidato,2026-09-11,2026-09-25,2026-10-09
1038,1675,2024-12-03,Incendio ed elementi naturali,,Liguria,6505.31,6344.31,liquidato,2024-12-18,2024-12-27,2025-01-05
1039,547,2025-02-03,Altri danni ai beni,,Emilia-Romagna,1909.06,,aperto,,,
1040,4055,2026-05-08,Incendio ed elementi naturali,,Sicilia,2313.67,1297.98,liquidato,2026-06-07,2026-06-17,2026-06-25
1041,895,2026-01-22,Corpi di veicoli terrestri,,Marche,4365.49,3884.08,liquidato,2026-03-09,2026-03-16,2026-03-23
1042,1934,2024-12-02,RC autoveicoli terrestri,congiunto,Lazio,8672.61,8347.28,liquidato,2024-12-12,2024-12-26,2025-01-02
1043,3956,2026-08-03,Altri danni ai beni,,Trentino-Alto Adige,1444.68,1337.34,liquidato,2026-08-25,2026-08-29,2026-09-04
1044,2729,2025-08-22,Corpi di veicoli terrestri,,Calabria,4112.3,3505.74,liquidato,2025-10-12,2025-10-27,2025-11-01
1045,3610,2026-08-24,Incendio ed elementi naturali,,Emilia-Romagna,18639.45,18178.29,liquidato,2026-09-24,2026-09-26,2026-10-01
1046,3634,2025-03-26,RC generale,,Molise,4564.96,4078.13,liquidato,2025-04-11,2025-04-13,2025-04-22
1047,3973,2025-05-11,Incendio ed elementi naturali,,Valle d'Aosta,15447.28,,aperto,,,
1048,2221,2025-01-20,Incendio ed elementi naturali,,Emilia-Romagna,21028.11,,aperto,,,
1049,3605,2026-03-08,RC generale,,Umbria,8938.57,,respinto,,,
1050,122,2024-06-14,RC autoveicoli terrestri,congiunto,Toscana,6096.56,6007.38,liquidato,2024-07-10,2024-07-21,2024-07-31
1051,2834,2024-05-22,RC autoveicoli terrestri,congiunto,Emilia-Romagna,3904.0,3523.03,liquidato,2024-06-15,2024-06-25,2024-07-06
1052,4176,2026-08-11,Altri danni ai beni,,Lombardia,2971.27,,in_contenzioso,2026-09-02,,
1053,2724,2024-09-14,RC autoveicoli terrestri,congiunto,Trentino-Alto Adige,10014.93,9871.65,liquidato,2024-10-08,2024-10-21,2024-11-03
1054,1577,2023-08-14,RC autoveicoli terrestri,unilaterale,Sardegna,14517.78,,aperto,,,
1055,2782,2024-03-23,RC autoveicoli terrestri,unilaterale,Basilicata,6256.77,6387.89,liquidato,2024-04-07,2024-04-13,2024-04-27
1056,275,2026-03-27,Altri danni ai beni,,Veneto,1309.57,1085.13,liquidato,2026-04-23,2026-04-25,2026-05-01
1057,3921,2026-04-18,Altri danni ai beni,,Trentino-Alto Adige,3315.27,3271.96,liquidato,2026-04-30,2026-05-05,2026-05-09
1058,3370,2024-01-18,RC autoveicoli terrestri,congiunto,Lazio,3461.61,3442.31,liquidato,2024-02-03,2024-02-14,2024-02-25
1059,2492,2024-02-02,Incendio ed elementi naturali,,Sardegna,200,,aperto,,,
1060,1802,2023-12-22,Altri danni ai beni,,Veneto,1321.1,,aperto,,,
1061,2029,2025-04-23,Corpi di veicoli terrestri,,Abruzzo,1464.73,1344.05,liquidato,2025-05-22,2025-05-27,2025-06-07
1062,4125,2024-06-04,Incendio ed elementi naturali,,Veneto,12117.34,11547.67,liquidato,2024-07-10,2024-07-18,2024-07-25
1063,4196,2026-05-07,RC generale,,Veneto,,4564.59,liquidato,2026-05-28,2026-06-12,2026-06-22
1064,2919,2026-03-20,Corpi di veicoli terrestri,,Umbria,5904.48,5903.65,liquidato,2026-05-12,2026-05-21,2026-05-24
1065,3512,2025-01-18,RC generale,,Piemonte,7392.26,6885.01,liquidato,2025-02-24,2025-03-05,2025-03-17
1066,3753,2024-04-12,RC generale,,Sardegna,10219.15,9826.01,liquidato,2024-05-07,2024-05-19,2024-05-28
1067,1771,2026-05-20,RC generale,,Piemonte,5442.48,5084.54,liquidato,2026-07-03,2026-07-10,2026-07-13
1068,2453,2026-06-15,Incendio ed elementi naturali,,Sicilia,14532.21,13791.28,liquidato,2026-08-11,2026-08-25,2026-08-29
1069,1790,2026-05-24,RC generale,,Veneto,12609.44,,aperto,,,
1070,1677,2026-04-04,Altri danni ai beni,,Piemonte,2308.18,2057.7,liquidato,2026-05-23,2026-06-02,2026-06-15
1071,3879,2026-03-29,Corpi di veicoli terrestri,,Friuli-Venezia Giulia,2904.59,2539.59,liquidato,2026-04-22,2026-04-25,2026-05-09
1072,4217,2024-06-30,Corpi di veicoli terrestri,,Basilicata,2657.28,,respinto,,,
1073,3579,2025-12-31,Altri danni ai beni,,Marche,2476.1,2362.4,liquidato,2026-01-16,2026-01-25,2026-02-01
1074,1173,2024-11-16,Corpi di veicoli terrestri,,Sardegna,4920.47,4845.62,liquidato,2025-01-10,2025-01-12,2025-01-26
1075,1871,2026-06-23,Incendio ed elementi naturali,,Campania,10740.11,9980.37,liquidato,2026-07-20,2026-07-23,2026-08-04
1076,2452,2024-01-28,Altri danni ai beni,,Marche,3451.58,3409.6,liquidato,2024-03-20,2024-03-24,2024-04-03
1077,3199,2025-03-11,RC generale,,Sardegna,7603.77,7246.42,liquidato,2025-03-31,2025-04-17,2025-04-30
1078,4108,2025-07-22,Incendio ed elementi naturali,,Veneto,16676.55,16234.39,liquidato,2025-08-02,2025-08-04,2025-08-18
1079,3711,2025-04-22,Corpi di veicoli terrestri,,Piemonte,200,0.0,liquidato,2025-05-21,2025-06-09,2025-06-14
1080,300,2026-07-02,Altri danni ai beni,,Piemonte,918.64,708.27,liquidato,2026-08-03,2026-08-22,2026-09-03
1081,3749,2024-01-23,Incendio ed elementi naturali,,Basilicata,16379.91,16181.79,liquidato,2024-02-02,2024-02-16,2024-02-26
1082,2200,2024-11-02,Corpi di veicoli terrestri,,Veneto,4430.79,3918.75,liquidato,2024-12-25,2024-12-26,2025-01-01
1083,378,2026-05-25,RC autoveicoli terrestri,congiunto,Calabria,7033.24,,aperto,,,
1084,4119,2026-06-10,Corpi di veicoli terrestri,,Campania,5127.94,4688.49,liquidato,2026-07-24,2026-08-07,2026-08-14
1085,4247,2024-12-14,Altri danni ai beni,,Puglia,2380.33,2259.83,liquidato,2024-12-26,2025-01-02,2025-01-17
1086,3211,2026-04-29,Incendio ed elementi naturali,,Molise,14142.13,13309.32,liquidato,2026-05-26,2026-06-02,2026-06-11
1087,2014,2026-01-21,Altri danni ai beni,,Toscana,407.43,203.22,liquidato,2026-02-27,2026-03-19,2026-03-30
1088,3062,2023-05-06,Corpi di veicoli terrestri,,Valle d'Aosta,3942.33,,respinto,,,
1089,3528,2025-12-25,RC autoveicoli terrestri,congiunto,Trentino-Alto Adige,6050.49,,aperto,,,
1090,2888,2025-04-03,Altri danni ai beni,,Molise,2462.86,2319.61,liquidato,2025-05-18,2025-06-01,2025-06-11
1091,3601,2023-05-12,Altri danni ai beni,,Umbria,1455.27,1364.47,liquidato,2023-06-04,2023-06-06,2023-06-12
1092,622,2024-07-03,Altri danni ai beni,,Sicilia,2722.6,2450.19,liquidato,2024-08-28,2024-09-15,2024-09-29
1093,915,2026-04-18,Incendio ed elementi naturali,,Campania,13337.1,12843.11,liquidato,2026-06-14,2026-06-27,2026-07-08
1094,4297,2026-07-31,Incendio ed elementi naturali,,Emilia-Romagna,7266.51,6892.08,liquidato,2026-09-06,2026-09-24,2026-09-27
1095,3304,2024-08-18,Corpi di veicoli terrestri,,Sardegna,3484.8,2952.12,liquidato,2024-09-21,2024-10-04,2024-10-10
1096,1719,2024-05-22,Altri danni ai beni,,Puglia,2730.12,2485.92,liquidato,2024-06-08,2024-06-28,2024-07-03
1097,1152,2025-08-16,Altri danni ai beni,,Campania,3756.2,3597.17,liquidato,2025-08-29,2025-09-18,2025-10-02
1098,1524,2025-10-09,Corpi di veicoli terrestri,,Veneto,925.69,634.59,liquidato,2025-12-03,2025-12-19,2026-01-02
1099,758,2026-08-22,RC generale,,Puglia,2380.95,,aperto,,,
1100,4050,2024-10-30,Altri danni ai beni,,Basilicata,2254.57,2014.97,liquidato,2024-11-14,2024-11-19,2024-12-01
1101,1064,2024-12-16,Incendio ed elementi naturali,,Valle d'Aosta,12637.27,,respinto,,,
1102,3886,2026-02-02,Altri danni ai beni,,Basilicata,2770.36,2500.86,liquidato,2026-03-04,2026-03-20,2026-04-03
1103,642,2026-02-24,Corpi di veicoli terrestri,,Emilia-Romagna,2376.85,,in_contenzioso,2026-04-12,,
1104,2558,2025-06-07,Incendio ed elementi naturali,,Liguria,11048.44,,respinto,,,
1105,718,2024-10-02,RC autoveicoli terrestri,unilaterale,Piemonte,10379.95,,aperto,,,
1106,3736,2025-01-26,Corpi di veicoli terrestri,,Abruzzo,2667.66,,in_contenzioso,2025-03-02,,
1107,512,2024-12-20,Corpi di veicoli terrestri,,Basilicata,634.48,,aperto,,,
1108,2618,2026-08-02,RC generale,,Emilia-Romagna,3222.77,3008.35,liquidato,2026-09-06,2026-09-26,2026-10-08
1109,1239,2025-08-11,Corpi di veicoli terrestri,,Toscana,5120.32,4967.47,liquidato,2025-09-29,2025-10-16,2025-10-28
1110,2810,2026-07-03,RC autoveicoli terrestri,unilaterale,Trentino-Alto Adige,13381.1,12719.09,liquidato,2026-09-01,2026-09-19,2026-10-01
1111,615,2026-06-07,RC generale,,Toscana,13811.57,13900.53,liquidato,2026-07-30,2026-08-15,2026-08-22
1112,3603,2025-10-03,Altri danni ai beni,,Veneto,3088.73,2954.48,liquidato,2025-11-30,2025-12-04,2025-12-07
1113,1667,2026-04-09,Altri danni ai beni,,Lombardia,2194.45,2106.78,liquidato,2026-05-06,2026-05-16,2026-05-20
1114,4106,2023-11-13,Altri danni ai beni,,Valle d'Aosta,2353.6,2264.93,liquidato,2023-12-06,2023-12-23,2024-01-05
1115,669,2023-09-27,Altri danni ai beni,,Campania,1472.86,1291.11,liquidato,2023-10-22,2023-11-06,2023-11-21
1116,1434,2026-04-01,Incendio ed elementi naturali,,Umbria,10473.97,,aperto,,,
1117,1250,2023-11-18,RC autoveicoli terrestri,congiunto,Liguria,3970.61,4033.17,liquidato,2023-12-10,2023-12-24,2024-01-04
1118,543,2025-07-21,RC autoveicoli terrestri,unilaterale,Valle d'Aosta,4488.61,,aperto,,,
1119,3400,2024-10-23,Corpi di veicoli terrestri,,Calabria,2246.65,1902.89,liquidato,2024-11-28,2024-11-29,2024-12-06
1120,4034,2025-10-01,Incendio ed elementi naturali,,Sicilia,7202.67,7031.31,liquidato,2025-10-16,2025-10-26,2025-10-30
1121,239,2024-03-04,Incendio ed elementi naturali,,Piemonte,19492.13,19062.63,liquidato,2024-04-07,2024-04-11,2024-04-21
1122,1320,2025-11-14,Altri danni ai beni,,Valle d'Aosta,1190.24,1013.55,liquidato,2025-12-03,2025-12-20,2025-11-12
1123,2540,2025-01-24,RC autoveicoli terrestri,congiunto,Toscana,5863.15,5565.15,liquidato,2025-02-04,2025-02-23,2025-03-09
1124,714,2023-07-18,RC generale,,Veneto,14730.02,14705.65,liquidato,2023-07-31,2023-08-16,2023-08-22
1125,4291,2025-02-08,Incendio ed elementi naturali,,Molise,10469.15,9680.37,liquidato,2025-02-28,2025-03-17,2025-03-24
1126,1909,2024-04-17,RC autoveicoli terrestri,unilaterale,Lazio,7976.02,,aperto,,,
1127,606,2026-04-08,Altri danni ai beni,,Abruzzo,2295.78,,aperto,,,
1128,1142,2024-08-12,RC generale,,Veneto,9235.5,8636.02,liquidato,2024-09-20,2024-09-23,2024-10-07
1129,3032,2026-07-25,RC generale,,Basilicata,10601.21,10204.55,liquidato,2026-08-06,2026-08-19,2026-08-23
1130,2800,2024-04-10,RC generale,,Basilicata,14110.93,14039.88,liquidato,2024-04-27,2024-05-14,2024-05-26
1131,2519,2025-09-08,Incendio ed elementi naturali,,Lazio,10864.65,9706.39,liquidato,2025-11-03,2025-11-11,2025-11-14
1132,132,2026-05-01,RC generale,,Umbria,2526.58,2276.7,liquidato,2026-05-16,2026-05-28,2026-06-10
1133,2866,2024-01-31,RC generale,,Molise,5593.3,,aperto,,,
1134,2261,2024-09-11,RC autoveicoli terrestri,unilaterale,Sardegna,4657.04,,respinto,,,
1135,1605,2023-04-29,Altri danni ai beni,,Sardegna,1512.8,,aperto,,,
1136,3302,2024-07-10,Incendio ed elementi naturali,,Marche,6443.74,6339.21,liquidato,2024-07-30,2024-07-31,2024-08-13
1137,3066,2025-02-02,Corpi di veicoli terrestri,,Toscana,6010.39,5738.37,liquidato,2025-03-28,2025-04-17,2025-04-25
1138,1509,2025-11-14,RC generale,,Puglia,7064.26,6687.05,liquidato,2025-12-28,2026-01-09,2026-01-21
1139,3562,2023-06-19,RC autoveicoli terrestri,congiunto,Lombardia,9956.53,,aperto,,,
1140,2250,2026-08-04,RC autoveicoli terrestri,unilaterale,Umbria,7402.1,6233.05,liquidato,2026-09-23,2026-09-24,2026-10-05
1141,1806,2026-05-06,Corpi di veicoli terrestri,,Puglia,4010.95,3695.46,liquidato,2026-06-21,2026-06-27,2026-07-01
1142,1815,2024-10-10,Altri danni ai beni,,Emilia-Romagna,1072.18,,aperto,,,
1143,2626,2024-05-05,Corpi di veicoli terrestri,,Toscana,6924.3,,aperto,,,
1144,1515,2025-07-22,Corpi di veicoli terrestri,,Molise,7205.44,,aperto,,,
1145,386,2023-12-26,Altri danni ai beni,,Calabria,2231.27,2096.48,liquidato,2024-02-08,2024-02-10,2024-02-23
1146,1191,2024-12-21,Altri danni ai beni,,Valle d'Aosta,1112.42,1014.27,liquidato,2025-02-11,2025-02-27,2025-03-07
1147,4000,2023-12-21,Corpi di veicoli terrestri,,Puglia,6157.48,5678.26,liquidato,2024-02-09,2024-02-11,2024-02-25
1148,3554,2026-04-01,Corpi di veicoli terrestri,,Friuli-Venezia Giulia,661.56,517.98,liquidato,2026-05-15,2026-05-25,2026-05-29
1149,1905,2025-10-09,Incendio ed elementi naturali,,Trentino-Alto Adige,3319.57,,aperto,,,
1150,3409,2024-01-03,Corpi di veicoli terrestri,,Abruzzo,3640.02,3386.52,liquidato,2024-01-22,2024-02-03,2024-02-07
1151,3006,2023-12-08,Corpi di veicoli terrestri,,Marche,4854.65,4481.15,liquidato,2024-02-03,2024-02-13,2024-02-19
1152,2232,2026-07-07,RC autoveicoli terrestri,unilaterale,Lombardia,469.87,,aperto,,,
1153,4232,2026-08-17,RC autoveicoli terrestri,congiunto,Toscana,8338.93,,in_contenzioso,2026-09-16,,
1154,1170,2026-05-27,RC generale,,Friuli-Venezia Giulia,7305.08,7178.24,liquidato,2026-06-12,2026-06-13,2026-06-19
1155,576,2024-07-22,Altri danni ai beni,,Basilicata,439.25,337.97,liquidato,2024-09-20,2024-09-23,2024-10-02
1156,2068,2024-11-06,Incendio ed elementi naturali,,Marche,25469.29,24719.97,liquidato,2024-11-19,2024-11-29,2024-12-06
1157,3923,2025-01-02,Corpi di veicoli terrestri,,Lazio,3762.84,3468.71,liquidato,2025-01-21,2025-02-08,2025-02-19
1158,3229,2025-11-16,Corpi di veicoli terrestri,,Basilicata,2545.71,2422.18,liquidato,2025-12-16,2026-01-03,2025-11-08
1159,1176,2026-03-24,Incendio ed elementi naturali,,Umbria,12920.02,12371.43,liquidato,2026-04-22,2026-05-09,2026-05-18
1160,3637,2023-04-22,Corpi di veicoli terrestri,,Veneto,5082.1,5010.32,liquidato,2023-05-16,2023-05-21,2023-05-31
1161,2143,2026-08-11,Corpi di veicoli terrestri,,Friuli-Venezia Giulia,4924.63,4729.61,liquidato,2026-09-12,2026-09-23,2026-10-05
1162,3005,2023-11-08,Corpi di veicoli terrestri,,Emilia-Romagna,3200.34,2977.03,liquidato,2023-12-20,2024-01-01,2024-01-14
1163,196,2026-07-28,RC generale,,Piemonte,11752.63,11033.76,liquidato,2026-09-21,2026-09-29,2026-10-09
1164,2184,2023-08-26,RC autoveicoli terrestri,congiunto,Sicilia,7813.25,7678.95,liquidato,2023-09-07,2023-09-10,2023-09-24
1165,1182,2025-06-25,Altri danni ai beni,,Veneto,1387.61,1276.11,liquidato,2025-07-18,2025-08-02,2025-08-08
1166,2026,2023-12-29,RC generale,,Lombardia,200,0.0,liquidato,2024-02-25,2024-03-09,2024-03-15
1167,981,2026-07-25,RC autoveicoli terrestri,unilaterale,Veneto,3016.79,2790.51,liquidato,2026-09-08,2026-09-23,2026-09-30
1168,1180,2023-04-21,Altri danni ai beni,,Emilia-Romagna,2026.12,1916.19,liquidato,2023-05-28,2023-06-02,2023-06-13
1169,861,2025-01-25,Corpi di veicoli terrestri,,Lazio,200,0.0,liquidato,2025-03-04,2025-03-19,2025-03-26
1170,2859,2026-01-08,Incendio ed elementi naturali,,Lazio,11093.08,10529.37,liquidato,2026-02-10,2026-02-24,2026-03-02
1171,3892,2025-12-05,Incendio ed elementi naturali,,Piemonte,9522.32,9019.86,liquidato,2025-12-29,2026-01-04,2026-01-08
1172,1999,2026-05-17,Altri danni ai beni,,Valle d'Aosta,3307.44,,in_contenzioso,2026-06-29,,
1173,170,2026-07-26,Corpi di veicoli terrestri,,Trentino-Alto Adige,5048.33,4425.44,liquidato,2026-08-09,2026-08-22,2026-08-30
1174,4073,2026-03-24,Incendio ed elementi naturali,,Lombardia,9223.35,8915.99,liquidato,2026-04-28,2026-05-06,2026-05-14
1175,815,2025-10-30,Altri danni ai beni,,Puglia,3699.65,3665.46,liquidato,2025-12-08,2025-12-09,2025-12-21
1176,1668,2025-02-11,Corpi di veicoli terrestri,,Marche,4602.87,,aperto,,,
1177,3895,2026-03-17,RC generale,,Abruzzo,4889.41,,aperto,,,
1178,3192,2023-11-25,RC generale,,Valle d'Aosta,13731.35,13726.23,liquidato,2024-01-19,2024-01-24,2024-02-02
1179,665,2026-04-23,Altri danni ai beni,,Abruzzo,3412.46,,respinto,,,
1180,1709,2024-04-19,RC generale,,Basilicata,2474.32,1937.17,liquidato,2024-05-13,2024-05-18,2024-05-22
1181,3749,2024-03-25,Incendio ed elementi naturali,,Basilicata,2737.06,2483.95,liquidato,2024-05-05,2024-05-11,2024-05-14
1182,2799,2023-09-04,Incendio ed elementi naturali,,Sardegna,6145.12,,respinto,,,
1183,3739,2024-11-28,RC autoveicoli terrestri,congiunto,Emilia-Romagna,9989.06,9781.21,liquidato,2024-12-21,2024-12-23,2025-01-07
1184,317,2025-10-25,RC autoveicoli terrestri,unilaterale,Molise,11325.75,10916.39,liquidato,2025-11-17,2025-12-05,2025-12-17
1185,3883,2025-10-24,Altri danni ai beni,,Lazio,547.74,436.3,liquidato,2025-11-14,2025-12-01,2025-12-11
1186,848,2024-03-23,Altri danni ai beni,,Friuli-Venezia Giulia,511.22,,in_contenzioso,2024-05-08,,
1187,3587,2025-04-11,Corpi di veicoli terrestri,,Lazio,4972.49,,respinto,,,
1188,3787,2025-02-06,Incendio ed elementi naturali,,Friuli-Venezia Giulia,9572.81,8820.68,liquidato,2025-02-16,2025-02-26,2025-03-08
1189,2139,2025-01-19,RC autoveicoli terrestri,unilaterale,Sardegna,1030.93,1006.14,liquidato,2025-03-11,2025-03-25,2025-03-30
1190,333,2026-05-14,Altri danni ai beni,,Valle d'Aosta,899.0,719.58,liquidato,2026-06-27,2026-07-10,2026-07-16
1191,3497,2023-05-12,RC autoveicoli terrestri,unilaterale,Emilia-Romagna,4210.25,,aperto,,,
1192,1956,2023-09-09,RC generale,,Campania,5888.44,5229.71,liquidato,2023-10-05,2023-10-23,2023-10-30
1193,1604,2025-09-02,Corpi di veicoli terrestri,,Molise,2789.96,2330.33,liquidato,2025-09-21,2025-09-26,2025-09-29
1194,3844,2025-11-03,RC autoveicoli terrestri,congiunto,Sardegna,5841.54,,aperto,,,
1195,3294,2023-10-23,RC generale,,Molise,,7207.35,liquidato,2023-11-04,2023-11-22,2023-12-05
1196,215,2025-09-04,Incendio ed elementi naturali,,Basilicata,13160.85,12409.63,liquidato,2025-10-02,2025-10-16,2025-10-20
1197,3386,2026-08-01,RC autoveicoli terrestri,unilaterale,Marche,3457.5,3427.39,liquidato,2026-09-05,2026-09-21,2026-09-24
1198,1790,2026-05-16,RC generale,,Veneto,10889.42,,respinto,,,
1199,4277,2024-05-22,RC generale,,Puglia,14713.84,,aperto,,,
1200,3320,2024-05-28,RC generale,,Calabria,14259.01,13484.5,liquidato,2024-06-25,2024-07-02,2024-07-10
1201,2146,2024-11-11,RC autoveicoli terrestri,unilaterale,Molise,12368.55,11818.26,liquidato,2024-12-20,2025-01-09,2025-01-14
1202,3182,2024-06-10,RC autoveicoli terrestri,unilaterale,Abruzzo,7460.99,7605.34,liquidato,2024-07-28,2024-08-13,2024-08-17
1203,637,2023-05-31,RC generale,,Piemonte,200,0.0,liquidato,2023-06-12,2023-06-15,2023-06-25
1204,3850,2024-09-22,RC generale,,Lombardia,9574.71,9052.65,liquidato,2024-10-12,2024-10-20,2024-11-03
1205,2523,2026-05-30,RC generale,,Lombardia,11701.73,11522.1,liquidato,2026-06-10,2026-06-14,2026-06-19
1206,2755,2024-04-11,Altri danni ai beni,,Puglia,2424.63,2256.77,liquidato,2024-04-30,2024-05-01,2024-05-06
1207,216,2024-11-21,RC generale,,Basilicata,4856.29,4559.12,liquidato,2024-12-11,2024-12-22,2024-12-26
1208,3191,2024-12-08,RC autoveicoli terrestri,unilaterale,Marche,5110.33,5245.24,liquidato,2025-01-25,2025-01-26,2025-02-07
1209,1448,2026-07-21,Altri danni ai beni,,Sicilia,2113.4,,in_contenzioso,2026-08-09,,
1210,1570,2026-05-15,Incendio ed elementi naturali,,Liguria,6616.17,6019.41,liquidato,2026-06-13,2026-06-19,2026-06-30
1211,3000,2025-09-27,Altri danni ai beni,,Umbria,635.29,532.55,liquidato,2025-10-08,2025-10-27,2025-11-10
1212,932,2026-01-14,Corpi di veicoli terrestri,,Trentino-Alto Adige,4192.05,3648.48,liquidato,2026-02-09,2026-02-11,2026-02-21
1213,857,2025-08-10,RC generale,,Abruzzo,2986.91,,aperto,,,
1214,3826,2026-03-10,RC generale,,Trentino-Alto Adige,7439.14,6790.19,liquidato,2026-03-26,2026-04-10,2026-04-25
1215,305,2026-02-26,Incendio ed elementi naturali,,Puglia,11765.9,,respinto,,,
1216,2793,2024-02-06,Incendio ed elementi naturali,,Liguria,6606.51,,in_contenzioso,2024-03-23,,
1217,441,2024-06-13,RC autoveicoli terrestri,congiunto,Liguria,8761.17,8483.44,liquidato,2024-06-23,2024-06-26,2024-07-03
1218,1587,2025-10-23,Corpi di veicoli terrestri,,Friuli-Venezia Giulia,7508.23,7422.26,liquidato,2025-12-15,2026-01-04,2026-01-11
1219,1010,2026-08-05,RC generale,,Friuli-Venezia Giulia,11041.41,10246.39,liquidato,2026-08-15,2026-09-02,2026-09-11
1220,3074,2025-10-03,Incendio ed elementi naturali,,Campania,15021.79,,in_contenzioso,2025-10-29,,
1221,4292,2024-04-25,Altri danni ai beni,,Trentino-Alto Adige,2060.61,1935.04,liquidato,2024-06-15,2024-06-30,2024-07-08
1222,3985,2024-12-05,RC autoveicoli terrestri,congiunto,Abruzzo,5791.05,5923.99,liquidato,2024-12-25,2024-12-28,2025-01-07
1223,707,2026-07-21,RC autoveicoli terrestri,congiunto,Puglia,200,203.72,liquidato,2026-08-15,2026-08-28,2026-09-01
1224,398,2023-02-18,RC autoveicoli terrestri,congiunto,Liguria,8605.93,8663.88,liquidato,2023-03-10,2023-03-27,2023-04-03
1225,3678,2025-02-12,RC generale,,Liguria,2367.05,1840.47,liquidato,2025-03-15,2025-03-23,2025-04-07
1226,1589,2024-10-08,RC autoveicoli terrestri,unilaterale,Trentino-Alto Adige,10412.19,,aperto,,,
1227,1080,2025-12-04,RC generale,,Liguria,6880.49,,respinto,,,
1228,3807,2026-06-25,Altri danni ai beni,,Toscana,1529.25,1222.59,liquidato,2026-08-06,2026-08-07,2026-08-17
1229,2448,2026-05-21,Incendio ed elementi naturali,,Trentino-Alto Adige,2055.69,1813.65,liquidato,2026-06-08,2026-06-12,2026-06-24
1230,1196,2026-03-19,RC generale,,Abruzzo,11041.84,10934.73,liquidato,2026-05-07,2026-05-11,2026-05-20
1231,325,2026-08-03,RC autoveicoli terrestri,congiunto,Trentino-Alto Adige,11568.68,11787.45,liquidato,2026-08-27,2026-09-08,2026-09-22
1232,784,2024-01-13,RC autoveicoli terrestri,unilaterale,Piemonte,5519.89,5508.4,liquidato,2024-02-14,2024-02-20,2024-02-24
1233,2713,2023-07-01,Corpi di veicoli terrestri,,Sicilia,1892.3,1407.74,liquidato,2023-08-15,2023-09-04,2023-09-14
1234,1729,2024-03-06,RC autoveicoli terrestri,unilaterale,Sardegna,,11332.68,liquidato,2024-04-25,2024-05-12,2024-05-16
1235,1381,2024-04-07,Altri danni ai beni,,Trentino-Alto Adige,1543.44,1328.89,liquidato,2024-05-12,2024-05-24,2024-05-31
1236,353,2024-03-02,RC autoveicoli terrestri,congiunto,Veneto,8332.41,,aperto,,,
1237,360,2026-04-28,Corpi di veicoli terrestri,,Emilia-Romagna,3924.22,3641.29,liquidato,2026-06-15,2026-06-25,2026-07-07
1238,2495,2024-10-21,Incendio ed elementi naturali,,Toscana,5345.25,4316.09,liquidato,2024-12-20,2024-12-22,2025-01-03
1239,2519,2025-11-05,Incendio ed elementi naturali,,Lazio,3795.69,2845.2,liquidato,2025-11-15,2025-12-01,2025-12-11
1240,419,2025-02-26,Corpi di veicoli terrestri,,Calabria,3099.76,2890.08,liquidato,2025-03-09,2025-03-28,2025-04-03
1241,3174,2024-03-07,RC autoveicoli terrestri,congiunto,Lazio,2573.74,2544.03,liquidato,2024-04-03,2024-04-08,2024-04-22
1242,852,2024-12-05,RC autoveicoli terrestri,congiunto,Umbria,4819.64,4525.08,liquidato,2024-12-26,2025-01-13,2025-01-24
1243,143,2025-07-13,Altri danni ai beni,,Friuli-Venezia Giulia,1722.72,1485.11,liquidato,2025-07-30,2025-08-10,2025-08-17
1244,2540,2024-10-04,RC autoveicoli terrestri,congiunto,Toscana,8242.97,8037.4,liquidato,2024-10-27,2024-10-28,2024-11-10
1245,3186,2024-09-12,Corpi di veicoli terrestri,,Piemonte,,6424.07,liquidato,2024-10-29,2024-11-14,2024-11-20
1246,2744,2024-02-26,RC autoveicoli terrestri,unilaterale,Sardegna,10592.95,10671.8,liquidato,2024-03-19,2024-03-25,2024-03-28
1247,1994,2024-07-12,RC autoveicoli terrestri,unilaterale,Veneto,4944.3,4778.47,liquidato,2024-07-26,2024-08-06,2024-08-15
1248,1682,2026-06-27,Altri danni ai beni,,Lombardia,3799.07,3662.92,liquidato,2026-07-24,2026-07-26,2026-07-30
1249,130,2025-03-30,RC generale,,Friuli-Venezia Giulia,14518.25,14215.71,liquidato,2025-05-08,2025-05-21,2025-05-28
1250,4110,2026-01-18,RC autoveicoli terrestri,congiunto,Trentino-Alto Adige,5913.19,5771.12,liquidato,2026-02-06,2026-02-10,2026-02-19
1251,2906,2026-03-10,Altri danni ai beni,,Valle d'Aosta,1771.97,1628.56,liquidato,2026-03-22,2026-04-01,2026-04-10
1252,4221,2026-07-04,Altri danni ai beni,,Trentino-Alto Adige,1755.98,1553.77,liquidato,2026-07-24,2026-08-01,2026-08-13
1253,3195,2024-11-22,RC autoveicoli terrestri,congiunto,Toscana,7040.1,6893.48,liquidato,2024-12-02,2024-12-19,2025-01-02
1254,1159,2024-07-13,RC autoveicoli terrestri,unilaterale,Sardegna,3920.57,3668.91,liquidato,2024-09-01,2024-09-16,2024-09-29
1255,1745,2024-04-01,Altri danni ai beni,,Umbria,1733.01,,respinto,,,
1256,1358,2026-03-02,Incendio ed elementi naturali,,Friuli-Venezia Giulia,24435.08,24547.66,liquidato,2026-03-12,2026-03-15,2026-03-26
1257,2365,2026-05-18,Altri danni ai beni,,Campania,2382.79,2211.79,liquidato,2026-06-20,2026-07-04,2026-07-16
1258,4292,2024-11-24,Altri danni ai beni,,Molise,1437.57,1375.03,liquidato,2024-12-21,2025-01-07,2025-01-20
1259,1280,2024-05-13,RC generale,,Veneto,12553.64,12261.15,liquidato,2024-06-30,2024-07-16,2024-07-25
1260,2434,2023-05-05,Corpi di veicoli terrestri,,Marche,6715.95,6635.8,liquidato,2023-06-28,2023-07-09,2023-07-18
1261,577,2026-03-30,Incendio ed elementi naturali,,Abruzzo,12288.32,11156.64,liquidato,2026-04-19,2026-05-02,2026-05-11
1262,84,2025-03-26,Incendio ed elementi naturali,,Liguria,24319.88,23483.2,liquidato,2025-04-18,2025-05-04,2025-05-19
1263,3787,2025-05-15,Incendio ed elementi naturali,,Friuli-Venezia Giulia,13404.15,,respinto,,,
1264,1520,2024-05-16,Incendio ed elementi naturali,,Toscana,5149.52,4102.69,liquidato,2024-06-27,2024-06-30,2024-07-05
1265,4027,2025-04-02,RC autoveicoli terrestri,unilaterale,Molise,10042.3,9543.24,liquidato,2025-04-18,2025-05-07,2025-05-19
1266,3782,2024-10-29,Incendio ed elementi naturali,,Toscana,19289.96,18552.45,liquidato,2024-12-10,2024-12-20,2025-01-03
1267,3335,2025-12-26,Incendio ed elementi naturali,,Campania,3154.43,,respinto,,,
1268,302,2026-08-12,RC autoveicoli terrestri,unilaterale,Liguria,13364.38,13560.68,liquidato,2026-09-24,2026-10-11,2026-10-18
1269,248,2026-08-19,RC autoveicoli terrestri,congiunto,Abruzzo,4638.31,4704.87,liquidato,2026-09-15,2026-09-26,2026-09-30
1270,210,2025-05-21,Corpi di veicoli terrestri,,Basilicata,4927.97,4423.59,liquidato,2025-07-16,2025-07-30,2025-08-14
1271,3961,2024-09-01,RC autoveicoli terrestri,congiunto,Calabria,12409.72,11886.73,liquidato,2024-09-18,2024-09-23,2024-10-03
1272,3278,2026-06-14,Corpi di veicoli terrestri,,Veneto,1734.2,1237.17,liquidato,2026-07-24,2026-08-04,2026-08-13
1273,1653,2025-04-27,RC autoveicoli terrestri,congiunto,Molise,11298.59,11196.42,liquidato,2025-05-24,2025-06-07,2025-06-13
1274,2901,2025-08-31,Incendio ed elementi naturali,,Lombardia,26493.67,25743.42,liquidato,2025-09-13,2025-09-15,2025-09-18
1275,2589,2024-07-22,Altri danni ai beni,,Trentino-Alto Adige,,,respinto,,,
1276,4207,2026-04-19,Altri danni ai beni,,Valle d'Aosta,516.54,376.62,liquidato,2026-06-08,2026-06-25,2026-06-29
1277,4190,2026-08-24,RC autoveicoli terrestri,congiunto,Umbria,7977.8,7931.07,liquidato,2026-09-15,2026-09-17,2026-09-22
1278,1491,2025-12-21,Incendio ed elementi naturali,,Sardegna,13003.23,12423.6,liquidato,2026-02-07,2026-02-19,2026-02-28
1279,775,2024-06-12,Incendio ed elementi naturali,,Lazio,25462.51,,aperto,,,
1280,1541,2024-10-06,Corpi di veicoli terrestri,,Lombardia,2350.56,2163.65,liquidato,2024-11-20,2024-12-03,2024-12-12
1281,2504,2026-04-06,RC autoveicoli terrestri,congiunto,Marche,6815.57,6688.61,liquidato,2026-04-29,2026-05-14,2026-05-25
1282,2198,2024-09-13,Incendio ed elementi naturali,,Veneto,16328.89,,respinto,,,
1283,893,2024-04-08,RC autoveicoli terrestri,congiunto,Molise,9449.82,9192.34,liquidato,2024-04-30,2024-05-02,2024-05-10
1284,4042,2025-04-15,RC generale,,Umbria,11150.03,10676.08,liquidato,2025-05-29,2025-06-18,2025-06-27
1285,2329,2023-06-26,Corpi di veicoli terrestri,,Emilia-Romagna,200,,respinto,,,
1286,4080,2023-11-04,Altri danni ai beni,,Calabria,2396.5,2341.11,liquidato,2023-11-21,2023-12-11,2023-12-20
1287,2497,2024-11-21,Corpi di veicoli terrestri,,Marche,4645.58,4099.39,liquidato,2024-12-26,2025-01-14,2025-01-28
1288,2183,2024-10-10,RC autoveicoli terrestri,unilaterale,Sardegna,8165.24,,aperto,,,
1289,185,2025-04-20,RC autoveicoli terrestri,congiunto,Sicilia,1697.92,1435.44,liquidato,2025-05-11,2025-05-26,2025-06-01
1290,538,2025-11-14,Altri danni ai beni,,Lombardia,3148.97,3138.59,liquidato,2026-01-01,2026-01-06,2026-01-17
1291,3477,2026-02-03,RC generale,,Toscana,15305.82,,aperto,,,
1292,3299,2025-04-26,Incendio ed elementi naturali,,Friuli-Venezia Giulia,11420.06,,respinto,,,
1293,2328,2024-02-20,Altri danni ai beni,,Campania,756.13,551.67,liquidato,2024-03-25,2024-04-08,2024-04-15
1294,4093,2023-05-06,Altri danni ai beni,,Sardegna,2133.11,2015.59,liquidato,2023-06-15,2023-06-23,2023-06-30
1295,3542,2026-08-12,Corpi di veicoli terrestri,,Trentino-Alto Adige,1275.29,,aperto,,,
1296,3977,2024-04-15,RC autoveicoli terrestri,unilaterale,Puglia,2734.18,,aperto,,,
1297,409,2026-08-21,Altri danni ai beni,,Trentino-Alto Adige,625.3,423.14,liquidato,2026-10-09,2026-10-23,2026-11-02
1298,3727,2025-08-15,RC autoveicoli terrestri,unilaterale,Friuli-Venezia Giulia,10342.61,10118.78,liquidato,2025-09-05,2025-09-12,2025-09-22
1299,3384,2026-08-19,RC autoveicoli terrestri,congiunto,Basilicata,5249.97,5106.55,liquidato,2026-08-30,2026-09-15,2026-09-26
1300,3677,2024-06-30,RC autoveicoli terrestri,unilaterale,Piemonte,6499.02,6421.7,liquidato,2024-08-19,2024-09-03,2024-09-18
1301,598,2024-04-28,RC generale,,Umbria,10621.75,9973.29,liquidato,2024-06-26,2024-07-08,2024-07-15
1302,3129,2025-03-21,RC generale,,Trentino-Alto Adige,15553.91,15180.28,liquidato,2025-04-27,2025-05-10,2025-05-18
1303,2717,2024-08-23,Altri danni ai beni,,Toscana,822.5,623.77,liquidato,2024-09-27,2024-10-08,2024-10-20
1304,1242,2024-04-16,Corpi di veicoli terrestri,,Calabria,5412.85,5243.8,liquidato,2024-05-20,2024-06-01,2024-06-15
1305,3919,2025-12-09,Incendio ed elementi naturali,,Emilia-Romagna,11059.45,10659.74,liquidato,2026-01-20,2026-01-21,2026-01-27
1306,1180,2023-09-11,RC autoveicoli terrestri,unilaterale,Emilia-Romagna,8178.4,,aperto,,,
1307,4093,2024-02-17,RC autoveicoli terrestri,unilaterale,Sardegna,8604.48,,aperto,,,
1308,991,2025-08-03,Corpi di veicoli terrestri,,Calabria,200,0.0,liquidato,2025-09-09,2025-09-14,2025-09-20
1309,3192,2024-01-01,RC generale,,Valle d'Aosta,11130.44,11039.11,liquidato,2024-02-27,2024-03-02,2024-03-11
1310,2933,2026-01-21,Incendio ed elementi naturali,,Basilicata,4344.68,3385.32,liquidato,2026-02-26,2026-03-04,2026-03-19
1311,316,2024-03-23,Corpi di veicoli terrestri,,Lombardia,4293.28,,aperto,,,
1312,2978,2024-06-13,RC generale,,Liguria,9357.0,8848.96,liquidato,2024-07-09,2024-07-16,2024-07-23
1313,589,2024-08-22,RC autoveicoli terrestri,unilaterale,Trentino-Alto Adige,9563.79,9395.95,liquidato,2024-10-18,2024-10-28,2024-11-03
1314,2336,2024-09-17,RC generale,,Trentino-Alto Adige,14501.08,,aperto,,,
1315,3159,2023-12-03,RC autoveicoli terrestri,congiunto,Umbria,8158.63,7915.47,liquidato,2023-12-18,2023-12-19,2023-12-23
1316,3960,2025-12-28,RC autoveicoli terrestri,congiunto,Liguria,16009.76,16208.03,liquidato,2026-01-23,2026-02-10,2026-02-20
1317,3900,2026-08-02,RC generale,,Emilia-Romagna,5054.54,4814.67,liquidato,2026-09-14,2026-09-16,2026-07-22
1318,4183,2024-02-27,Corpi di veicoli terrestri,,Trentino-Alto Adige,1122.64,,aperto,,,
1319,676,2025-12-05,RC autoveicoli terrestri,congiunto,Trentino-Alto Adige,10056.99,9704.93,liquidato,2025-12-26,2026-01-03,2026-01-07
1320,3593,2026-05-11,Altri danni ai beni,,Umbria,2403.89,2162.34,liquidato,2026-06-01,2026-06-05,2026-06-10
1321,2748,2025-05-14,RC autoveicoli terrestri,unilaterale,Emilia-Romagna,6084.8,,in_contenzioso,2025-06-29,,
1322,1530,2024-07-26,Corpi di veicoli terrestri,,Friuli-Venezia Giulia,4042.2,,respinto,,,
1323,2160,2024-07-21,RC autoveicoli terrestri,unilaterale,Calabria,9038.78,8840.44,liquidato,2024-08-08,2024-08-27,2024-09-06
1324,2273,2026-05-14,Incendio ed elementi naturali,,Veneto,5722.14,4628.08,liquidato,2026-06-28,2026-07-09,2026-07-23
1325,2414,2024-12-27,Incendio ed elementi naturali,,Liguria,11051.02,10272.86,liquidato,2025-02-22,2025-03-06,2025-03-10
1326,455,2024-07-12,RC generale,,Molise,6342.5,,aperto,,,
1327,4206,2024-03-16,RC autoveicoli terrestri,congiunto,Sicilia,11522.97,10986.99,liquidato,2024-04-01,2024-04-10,2024-04-15
1328,2933,2026-05-06,Incendio ed elementi naturali,,Basilicata,9704.04,8638.26,liquidato,2026-07-04,2026-07-10,2026-07-18
1329,4035,2025-06-18,Incendio ed elementi naturali,,Puglia,17405.09,16601.68,liquidato,2025-06-28,2025-07-12,2025-07-26
1330,590,2025-02-05,Corpi di veicoli terrestri,,Puglia,1085.86,,respinto,,,
1331,704,2024-12-18,RC generale,,Trentino-Alto Adige,11005.98,10249.02,liquidato,2025-01-28,2025-02-13,2025-02-18
1332,439,2024-09-01,RC generale,,Veneto,13338.42,13023.89,liquidato,2024-09-21,2024-09-25,2024-09-28
1333,109,2024-08-04,Corpi di veicoli terrestri,,Veneto,3903.26,3446.02,liquidato,2024-09-02,2024-09-06,2024-09-18
1334,2091,2023-12-15,Incendio ed elementi naturali,,Emilia-Romagna,200,,in_contenzioso,2024-02-06,,
1335,4229,2024-07-22,RC autoveicoli terrestri,congiunto,Liguria,10297.63,10309.67,liquidato,2024-08-18,2024-08-24,2024-09-04
1336,3780,2023-09-01,Altri danni ai beni,,Emilia-Romagna,2375.34,2276.36,liquidato,2023-09-25,2023-10-08,2023-10-19
1337,57,2026-08-23,RC autoveicoli terrestri,unilaterale,Toscana,4795.75,4863.98,liquidato,2026-10-01,2026-10-21,2026-10-31
1338,3017,2025-06-20,Corpi di veicoli terrestri,,Abruzzo,3953.85,3732.69,liquidato,2025-07-04,2025-07-21,2025-07-29
1339,558,2024-07-14,Altri danni ai beni,,Trentino-Alto Adige,1311.43,1100.43,liquidato,2024-09-03,2024-09-07,2024-09-22
1340,2071,2024-07-20,RC autoveicoli terrestri,congiunto,Liguria,4688.62,4652.89,liquidato,2024-08-04,2024-08-22,2024-09-04
1341,2971,2024-07-31,Altri danni ai beni,,Basilicata,586.86,485.22,liquidato,2024-08-16,2024-08-17,2024-08-28
1342,2241,2026-08-05,RC generale,,Trentino-Alto Adige,8019.18,7902.5,liquidato,2026-09-24,2026-10-14,2026-10-23
1343,3252,2025-02-16,Corpi di veicoli terrestri,,Basilicata,2118.72,1858.46,liquidato,2025-03-29,2025-04-14,2025-04-22
1344,4190,2026-08-23,RC autoveicoli terrestri,unilaterale,Umbria,1007.6,988.85,liquidato,2026-09-25,2026-10-04,2026-10-14
1345,918,2025-11-24,Corpi di veicoli terrestri,,Lazio,5303.54,5047.58,liquidato,2026-01-23,2026-02-02,2026-02-11
1346,1651,2026-08-24,RC autoveicoli terrestri,congiunto,Sardegna,9422.5,,respinto,,,
1347,601,2026-01-10,Altri danni ai beni,,Friuli-Venezia Giulia,1010.68,802.96,liquidato,2026-02-06,2026-02-26,2026-03-12
1348,1482,2023-09-26,Corpi di veicoli terrestri,,Molise,2154.35,,aperto,,,
1349,113,2023-11-06,Altri danni ai beni,,Lazio,3545.4,3375.41,liquidato,2023-12-06,2023-12-20,2023-12-30
1350,1786,2025-02-15,Incendio ed elementi naturali,,Umbria,8866.81,,aperto,,,
1351,3995,2025-08-13,RC autoveicoli terrestri,congiunto,Liguria,4391.91,4106.63,liquidato,2025-09-10,2025-09-16,2025-09-30
1352,1708,2024-08-26,RC autoveicoli terrestri,unilaterale,Marche,6775.79,,aperto,,,
1353,930,2026-08-22,RC generale,,Umbria,8009.82,7373.01,liquidato,2026-09-18,2026-09-26,2026-10-01
1354,1798,2025-09-18,RC generale,,Sicilia,4496.23,4066.26,liquidato,2025-10-31,2025-11-16,2025-12-01
1355,3948,2026-06-10,RC generale,,Liguria,9725.84,9226.97,liquidato,2026-06-27,2026-07-15,2026-07-28
1356,3813,2025-05-27,Incendio ed elementi naturali,,Lombardia,19655.62,18411.45,liquidato,2025-07-02,2025-07-14,2025-07-22
1357,1330,2026-06-01,RC autoveicoli terrestri,unilaterale,Liguria,2501.24,2226.83,liquidato,2026-07-04,2026-07-14,2026-07-17
1358,4242,2026-01-22,Incendio ed elementi naturali,,Liguria,15328.07,14037.09,liquidato,2026-02-14,2026-02-21,2026-03-02
1359,45,2024-04-14,Corpi di veicoli terrestri,,Molise,5763.29,,aperto,,,
1360,929,2023-11-14,RC autoveicoli terrestri,unilaterale,Puglia,8590.08,,aperto,,,
1361,240,2026-04-27,Altri danni ai beni,,Lazio,207.59,7.56,liquidato,2026-06-10,2026-06-14,2026-06-23
1362,625,2024-05-26,Corpi di veicoli terrestri,,Liguria,4561.68,4528.79,liquidato,2024-06-20,2024-07-04,2024-07-17
1363,486,2026-08-07,Incendio ed elementi naturali,,Abruzzo,27253.52,,respinto,,,
1364,2543,2024-08-01,RC autoveicoli terrestri,congiunto,Molise,8188.03,7994.07,liquidato,2024-08-14,2024-08-31,2024-09-07
1365,2403,2024-02-15,Corpi di veicoli terrestri,,Piemonte,5007.17,4950.87,liquidato,2024-03-10,2024-03-18,2024-03-27
1366,41,2025-12-11,Corpi di veicoli terrestri,,Sardegna,3339.59,3244.63,liquidato,2026-02-05,2026-02-21,2026-03-06
1367,1097,2026-07-18,Corpi di veicoli terrestri,,Molise,4490.79,4065.66,liquidato,2026-07-29,2026-08-09,2026-07-03
1368,704,2025-10-16,RC generale,,Trentino-Alto Adige,13948.08,13415.6,liquidato,2025-11-11,2025-11-30,2025-12-09
1369,2727,2025-03-14,RC autoveicoli terrestri,unilaterale,Marche,3468.79,,respinto,,,
1370,3690,2024-03-16,RC autoveicoli terrestri,congiunto,Lazio,4556.32,4525.02,liquidato,2024-04-15,2024-04-24,2024-05-02
1371,2656,2025-06-14,RC generale,,Sardegna,9831.17,9712.54,liquidato,2025-07-08,2025-07-17,2025-07-27
1372,3318,2023-10-12,Incendio ed elementi naturali,,Puglia,16077.41,,in_contenzioso,2023-11-02,,
1373,383,2024-02-05,Incendio ed elementi naturali,,Lombardia,3664.8,3314.8,liquidato,2024-03-04,2024-03-05,2024-03-09
1374,2818,2025-01-01,Altri danni ai beni,,Veneto,1591.42,1512.34,liquidato,2025-02-11,2025-02-21,2025-02-25
1375,2851,2025-10-23,Incendio ed elementi naturali,,Liguria,5335.42,5143.48,liquidato,2025-12-21,2026-01-06,2026-01-12
1376,3736,2025-04-26,Corpi di veicoli terrestri,,Emilia-Romagna,4123.72,,in_contenzioso,2025-05-26,,
1377,2153,2024-02-12,RC autoveicoli terrestri,congiunto,Abruzzo,8555.8,,respinto,,,
1378,292,2026-07-11,Incendio ed elementi naturali,,Calabria,8634.0,,aperto,,,
1379,12,2024-12-08,Altri danni ai beni,,Puglia,1266.39,1170.23,liquidato,2025-01-10,2025-01-22,2025-01-26
1380,3038,2025-01-24,Incendio ed elementi naturali,,Emilia-Romagna,7327.38,7288.56,liquidato,2025-03-07,2025-03-20,2025-03-28
1381,2049,2024-08-01,RC generale,,Lombardia,7765.98,,aperto,,,
1382,3825,2026-05-14,RC generale,,Marche,17815.47,,aperto,,,
1383,1315,2024-08-27,Corpi di veicoli terrestri,,Lombardia,2983.93,2607.5,liquidato,2024-09-24,2024-09-27,2024-08-13
1384,1352,2024-05-27,Incendio ed elementi naturali,,Toscana,15323.78,15042.09,liquidato,2024-06-15,2024-06-30,2024-07-05
1385,346,2023-10-15,Corpi di veicoli terrestri,,Sicilia,4309.73,4051.4,liquidato,2023-10-30,2023-11-17,2023-11-30
1386,3732,2025-06-07,Altri danni ai beni,,Lazio,2804.11,2661.84,liquidato,2025-08-01,2025-08-16,2025-08-21
1387,3744,2024-12-11,RC autoveicoli terrestri,unilaterale,Puglia,6151.62,6150.65,liquidato,2025-01-26,2025-02-14,2025-02-22
1388,2978,2024-11-13,Corpi di veicoli terrestri,,Liguria,1444.69,962.19,liquidato,2024-12-08,2024-12-19,2025-01-01
1389,2790,2025-06-14,Corpi di veicoli terrestri,,Friuli-Venezia Giulia,,3245.64,liquidato,2025-07-29,2025-08-08,2025-08-14
1390,4200,2026-08-18,RC autoveicoli terrestri,unilaterale,Puglia,13986.06,,aperto,,,
1391,2445,2025-11-21,Incendio ed elementi naturali,,Basilicata,3781.44,3336.8,liquidato,2025-12-16,2025-12-27,2026-01-10
1392,400,2023-03-13,RC generale,,Calabria,6203.94,6085.38,liquidato,2023-03-23,2023-03-30,2023-04-11
1393,2362,2024-11-21,RC autoveicoli terrestri,unilaterale,Umbria,5403.44,,aperto,,,
1394,1958,2025-01-12,RC autoveicoli terrestri,unilaterale,Sicilia,4764.25,4721.28,liquidato,2025-02-23,2025-03-15,2025-03-26
1395,3248,2026-07-27,Altri danni ai beni,,Lombardia,767.94,584.95,liquidato,2026-08-25,2026-08-31,2026-09-10
1396,2145,2025-09-03,Corpi di veicoli terrestri,,Lombardia,6072.44,,aperto,,,
1397,2782,2023-11-18,Incendio ed elementi naturali,,Basilicata,8862.87,8662.51,liquidato,2023-12-04,2023-12-13,2023-12-21
1398,4257,2026-07-18,Altri danni ai beni,,Umbria,2237.4,1751.44,liquidato,2026-08-16,2026-08-23,2026-08-26
1399,3366,2024-09-20,RC autoveicoli terrestri,congiunto,Veneto,8741.71,8738.03,liquidato,2024-10-10,2024-10-17,2024-10-31
1400,2138,2024-04-25,Corpi di veicoli terrestri,,Basilicata,4696.28,4629.6,liquidato,2024-05-16,2024-05-23,2024-05-27
1401,1734,2023-11-17,RC autoveicoli terrestri,congiunto,Puglia,4971.89,,in_contenzioso,2023-11-28,,
1402,4007,2026-06-18,Corpi di veicoli terrestri,,Friuli-Venezia Giulia,3201.93,3133.81,liquidato,2026-06-30,2026-07-16,2026-07-31
1403,4232,2026-08-11,RC autoveicoli terrestri,congiunto,Toscana,10834.92,11121.9,liquidato,2026-09-02,2026-09-19,2026-10-02
1404,1638,2025-06-20,Altri danni ai beni,,Trentino-Alto Adige,1110.73,913.08,liquidato,2025-08-07,2025-08-15,2025-08-26
1405,1474,2024-05-04,Incendio ed elementi naturali,,Puglia,11930.26,,aperto,,,
1406,2498,2025-01-11,RC autoveicoli terrestri,congiunto,Campania,4946.01,4580.56,liquidato,2025-02-06,2025-02-14,2025-02-25
1407,2033,2025-04-15,RC generale,,Molise,10884.37,10583.23,liquidato,2025-04-30,2025-05-11,2025-05-26
1408,3021,2024-11-05,RC autoveicoli terrestri,congiunto,Marche,,9333.96,liquidato,2024-11-20,2024-11-22,2024-11-27
1409,1112,2026-05-05,RC autoveicoli terrestri,unilaterale,Valle d'Aosta,7960.31,7579.09,liquidato,2026-06-06,2026-06-18,2026-06-26
1410,2832,2024-05-12,Corpi di veicoli terrestri,,Trentino-Alto Adige,3814.42,,in_contenzioso,2024-06-20,,
1411,3088,2026-06-11,Corpi di veicoli terrestri,,Friuli-Venezia Giulia,3745.46,3244.38,liquidato,2026-07-17,2026-07-18,2026-07-25
1412,736,2023-02-10,Incendio ed elementi naturali,,Emilia-Romagna,8833.02,8657.3,liquidato,2023-03-03,2023-03-16,2023-03-23
1413,1663,2026-03-25,Corpi di veicoli terrestri,,Abruzzo,3264.5,3197.46,liquidato,2026-04-26,2026-05-05,2026-05-10
1414,4028,2025-03-05,Incendio ed elementi naturali,,Puglia,26836.12,27279.8,liquidato,2025-04-21,2025-04-22,2025-04-30
1415,3620,2025-11-08,RC generale,,Basilicata,1848.06,1323.11,liquidato,2025-12-04,2025-12-14,2025-12-25
1416,608,2026-07-03,RC autoveicoli terrestri,unilaterale,Piemonte,11059.48,11026.57,liquidato,2026-07-14,2026-07-17,2026-08-01
1417,3787,2024-09-17,Incendio ed elementi naturali,,Abruzzo,6457.25,,in_contenzioso,2024-10-27,,
1418,2424,2024-05-20,RC generale,,Basilicata,13250.15,12439.15,liquidato,2024-06-10,2024-06-16,2024-07-01
1419,1217,2025-09-18,RC autoveicoli terrestri,congiunto,Molise,6358.95,,aperto,,,
1420,707,2026-07-27,RC autoveicoli terrestri,congiunto,Puglia,3829.18,3888.79,liquidato,2026-08-15,2026-09-01,2026-09-14
1421,618,2023-06-07,Altri danni ai beni,,Piemonte,1294.04,1180.32,liquidato,2023-07-25,2023-08-04,2023-08-12
1422,2820,2026-05-29,RC autoveicoli terrestri,unilaterale,Emilia-Romagna,1889.44,,aperto,,,
1423,4272,2025-12-28,Incendio ed elementi naturali,,Molise,14533.78,13571.65,liquidato,2026-02-13,2026-02-18,2026-02-28
1424,3653,2023-09-06,Incendio ed elementi naturali,,Molise,16077.88,,aperto,,,
1425,3194,2023-11-17,RC generale,,Molise,5178.71,4948.72,liquidato,2023-12-18,2023-12-26,2023-12-30
1426,577,2026-08-15,Incendio ed elementi naturali,,Lombardia,16610.36,16058.69,liquidato,2026-08-29,2026-09-15,2026-09-19
1427,2912,2026-03-29,Incendio ed elementi naturali,,Lazio,15608.25,,respinto,,,
1428,3148,2025-08-27,RC generale,,Veneto,16577.72,15936.95,liquidato,2025-09-29,2025-10-07,2025-10-20
1429,1353,2024-02-07,Incendio ed elementi naturali,,Sicilia,9968.47,9473.55,liquidato,2024-03-01,2024-03-14,2024-03-25
1430,459,2024-09-04,Incendio ed elementi naturali,,Lazio,7511.7,7165.06,liquidato,2024-09-24,2024-09-26,2024-10-06
1431,4188,2024-10-09,Corpi di veicoli terrestri,,Friuli-Venezia Giulia,1757.25,1473.04,liquidato,2024-11-09,2024-11-21,2024-12-04
1432,3618,2026-07-04,RC generale,,Piemonte,10808.97,10209.2,liquidato,2026-08-09,2026-08-18,2026-08-29
1433,3022,2025-04-21,Corpi di veicoli terrestri,,Lazio,5060.02,,in_contenzioso,2025-06-20,,
1434,762,2024-10-11,RC generale,,Umbria,10998.2,10231.47,liquidato,2024-10-30,2024-11-06,2024-11-15
1435,932,2025-08-07,Corpi di veicoli terrestri,,Puglia,4287.4,3892.57,liquidato,2025-09-24,2025-10-04,2025-10-12
1436,810,2025-05-19,Incendio ed elementi naturali,,Friuli-Venezia Giulia,9462.99,9374.71,liquidato,2025-06-16,2025-06-20,2025-07-01
1437,2732,2026-06-03,Corpi di veicoli terrestri,,Basilicata,,,aperto,,,
1438,2239,2024-02-20,Corpi di veicoli terrestri,,Campania,1409.86,1274.68,liquidato,2024-03-07,2024-03-26,2024-03-29
1439,3794,2025-08-21,Incendio ed elementi naturali,,Toscana,8249.88,7810.43,liquidato,2025-09-06,2025-09-22,2025-09-25
1440,4288,2026-06-01,Altri danni ai beni,,Veneto,2836.42,2667.12,liquidato,2026-06-27,2026-07-01,2026-07-10
1441,552,2023-12-05,Altri danni ai beni,,Lazio,2922.17,,aperto,,,
1442,2703,2026-08-04,RC generale,,Veneto,10789.0,10851.13,liquidato,2026-09-18,2026-09-30,2026-10-05
1443,2998,2024-02-09,RC autoveicoli terrestri,congiunto,Valle d'Aosta,9038.91,,respinto,,,
1444,149,2026-05-06,Corpi di veicoli terrestri,,Veneto,3035.87,2742.96,liquidato,2026-05-22,2026-05-25,2026-05-29
1445,4016,2023-11-22,Incendio ed elementi naturali,,Valle d'Aosta,9552.51,8844.34,liquidato,2023-12-22,2023-12-31,2024-01-12
1446,3370,2023-10-15,RC autoveicoli terrestri,congiunto,Lazio,16102.14,15642.54,liquidato,2023-11-03,2023-11-10,2023-11-14
1447,1645,2025-11-22,RC generale,,Lombardia,6754.72,6318.9,liquidato,2026-01-20,2026-02-08,2026-02-20
1448,779,2025-09-24,Altri danni ai beni,,Sardegna,737.45,636.07,liquidato,2025-10-26,2025-10-28,2025-11-01
1449,2395,2026-05-28,Incendio ed elementi naturali,,Abruzzo,10619.26,,in_contenzioso,2026-06-18,,
1450,3647,2025-06-08,Altri danni ai beni,,Lombardia,200,,in_contenzioso,2025-06-20,,
1451,945,2025-11-29,RC autoveicoli terrestri,congiunto,Lombardia,5837.3,,aperto,,,
1452,3462,2026-07-04,RC autoveicoli terrestri,congiunto,Abruzzo,10692.49,,aperto,,,
1453,2925,2023-07-27,Corpi di veicoli terrestri,,Basilicata,5253.53,4864.15,liquidato,2023-08-29,2023-09-13,2023-09-18
1454,1113,2025-09-26,Corpi di veicoli terrestri,,Abruzzo,1305.44,1181.82,liquidato,2025-10-23,2025-10-24,2025-11-01
1455,4078,2023-12-28,Altri danni ai beni,,Campania,1288.01,1109.29,liquidato,2024-02-26,2024-02-28,2024-03-10
1456,4232,2026-07-02,RC autoveicoli terrestri,unilaterale,Toscana,3322.08,3246.94,liquidato,2026-08-14,2026-08-29,2026-09-01
1457,3439,2024-12-16,RC generale,,Liguria,3096.78,2921.42,liquidato,2025-02-01,2025-02-15,2025-02-21
1458,4285,2023-09-03,Incendio ed elementi naturali,,Toscana,14781.03,14446.24,liquidato,2023-09-23,2023-10-10,2023-10-21
1459,1383,2025-10-16,RC autoveicoli terrestri,unilaterale,Piemonte,10672.65,,aperto,,,
1460,567,2025-12-25,RC generale,,Puglia,9098.2,,respinto,,,
1461,2324,2024-04-14,RC autoveicoli terrestri,unilaterale,Veneto,7044.07,,aperto,,,
1462,3865,2024-03-28,Altri danni ai beni,,Veneto,1428.02,1264.79,liquidato,2024-04-18,2024-04-29,2024-05-14
1463,2159,2025-06-26,Incendio ed elementi naturali,,Sicilia,13994.5,14110.7,liquidato,2025-07-13,2025-07-15,2025-07-21
1464,1541,2025-06-09,RC autoveicoli terrestri,unilaterale,Lombardia,11368.13,11509.2,liquidato,2025-06-21,2025-07-01,2025-05-12
1465,1082,2026-07-07,Altri danni ai beni,,Sicilia,2661.92,,respinto,,,
1466,794,2025-06-04,RC generale,,Emilia-Romagna,5355.16,4939.52,liquidato,2025-07-28,2025-08-11,2025-08-24
1467,1280,2025-01-19,RC generale,,Veneto,200,0.0,liquidato,2025-02-19,2025-03-05,2025-03-12
1468,767,2026-04-04,Altri danni ai beni,,Friuli-Venezia Giulia,3530.7,,aperto,,,
1469,3170,2025-10-23,RC autoveicoli terrestri,congiunto,Lazio,13817.48,14159.3,liquidato,2025-11-04,2025-11-13,2025-10-20
1470,3547,2026-03-09,RC generale,,Sicilia,2971.97,,aperto,,,
1471,940,2025-06-04,RC autoveicoli terrestri,unilaterale,Lazio,4537.68,4502.93,liquidato,2025-07-21,2025-08-03,2025-08-15
1472,1336,2026-01-01,Altri danni ai beni,,Lombardia,1953.07,1817.56,liquidato,2026-02-10,2026-02-11,2026-02-16
1473,1597,2026-07-24,RC autoveicoli terrestri,unilaterale,Umbria,8205.24,8174.64,liquidato,2026-08-25,2026-09-04,2026-09-07
1474,3569,2024-05-08,Incendio ed elementi naturali,,Sicilia,15385.91,15161.42,liquidato,2024-06-23,2024-06-27,2024-07-11
1475,1417,2025-06-10,RC autoveicoli terrestri,unilaterale,Lazio,8115.2,8148.99,liquidato,2025-07-25,2025-07-27,2025-08-05
1476,2529,2026-08-04,RC autoveicoli terrestri,congiunto,Lombardia,1903.17,,in_contenzioso,2026-08-25,,
1477,625,2023-11-13,Corpi di veicoli terrestri,,Liguria,3304.69,3087.42,liquidato,2023-12-09,2023-12-12,2023-12-16
1478,3798,2024-01-15,Altri danni ai beni,,Sardegna,2299.7,,in_contenzioso,2024-03-07,,
1479,2560,2025-01-01,Incendio ed elementi naturali,,Abruzzo,8088.23,,aperto,,,
1480,2392,2026-08-24,Corpi di veicoli terrestri,,Marche,3538.62,3169.24,liquidato,2026-09-19,2026-10-05,2026-10-08
1481,2436,2024-05-06,RC autoveicoli terrestri,congiunto,Valle d'Aosta,5108.01,,aperto,,,
1482,2383,2026-07-10,Corpi di veicoli terrestri,,Toscana,5245.16,,aperto,,,
1483,2950,2023-12-06,Incendio ed elementi naturali,,Calabria,12849.91,,aperto,,,
1484,2980,2025-01-03,RC autoveicoli terrestri,congiunto,Trentino-Alto Adige,9098.55,8556.78,liquidato,2025-01-29,2025-02-01,2025-02-06
1485,366,2024-03-21,Altri danni ai beni,,Umbria,1065.25,,respinto,,,
1486,3831,2024-07-25,RC autoveicoli terrestri,congiunto,Liguria,9846.52,9844.18,liquidato,2024-08-17,2024-08-30,2024-09-09
1487,761,2025-10-04,RC autoveicoli terrestri,congiunto,Sardegna,7014.82,,in_contenzioso,2025-10-14,,
1488,2472,2026-04-16,RC generale,,Marche,1147.31,,in_contenzioso,2026-05-12,,
1489,1636,2024-01-16,Altri danni ai beni,,Toscana,1667.99,1549.75,liquidato,2024-02-02,2024-02-06,2023-12-28
1490,4209,2023-12-15,RC generale,,Campania,5358.74,,aperto,,,
1491,4115,2026-05-30,Corpi di veicoli terrestri,,Lombardia,2887.04,2323.64,liquidato,2026-07-16,2026-08-05,2026-08-18
1492,1859,2026-04-21,RC generale,,Piemonte,9834.94,9073.47,liquidato,2026-06-18,2026-06-29,2026-07-09
1493,1775,2025-06-13,Corpi di veicoli terrestri,,Calabria,3026.94,,aperto,,,
1494,1734,2023-12-21,RC autoveicoli terrestri,unilaterale,Puglia,6511.38,6697.78,liquidato,2024-01-27,2024-01-29,2024-02-03
1495,2444,2024-01-23,Incendio ed elementi naturali,,Calabria,15678.97,15016.24,liquidato,2024-03-10,2024-03-17,2024-04-01
1496,793,2025-07-15,Corpi di veicoli terrestri,,Lazio,1143.74,985.89,liquidato,2025-09-10,2025-09-16,2025-09-23
1497,3600,2024-05-17,RC generale,,Sicilia,11647.89,,aperto,,,
1498,707,2026-05-24,RC autoveicoli terrestri,congiunto,Puglia,5274.07,5163.68,liquidato,2026-06-10,2026-06-22,2026-06-28
1499,3252,2025-06-23,Corpi di veicoli terrestri,,Basilicata,3272.07,2999.59,liquidato,2025-07-07,2025-07-18,2025-07-22
1500,989,2024-05-13,Corpi di veicoli terrestri,,Umbria,2640.46,2323.52,liquidato,2024-06-03,2024-06-07,2024-06-17
1501,119,2024-05-19,Incendio ed elementi naturali,,Sicilia,18195.96,17054.12,liquidato,2024-06-11,2024-06-30,2024-07-12
1502,3780,2023-10-05,Altri danni ai beni,,Emilia-Romagna,200,101.82,liquidato,2023-10-27,2023-10-30,2023-11-13
1503,1513,2025-02-11,Altri danni ai beni,,Liguria,778.88,565.38,liquidato,2025-03-31,2025-04-07,2025-04-21
1504,1461,2026-07-30,RC autoveicoli terrestri,congiunto,Sardegna,9911.23,9324.17,liquidato,2026-08-21,2026-08-31,2026-09-09
1505,1075,2024-03-12,RC generale,,Marche,6944.5,5837.53,liquidato,2024-04-30,2024-05-02,2024-05-05
1506,4225,2024-03-19,Incendio ed elementi naturali,,Marche,25718.45,25027.0,liquidato,2024-04-13,2024-04-21,2024-04-30
1507,2256,2025-10-20,Incendio ed elementi naturali,,Trentino-Alto Adige,3021.4,2752.53,liquidato,2025-11-21,2025-12-09,2025-12-14
1508,2687,2026-08-02,Corpi di veicoli terrestri,,Puglia,3476.75,3266.44,liquidato,2026-09-28,2026-10-11,2026-10-15
1509,2789,2024-12-25,Altri danni ai beni,,Veneto,1875.81,,aperto,,,
1510,507,2025-07-05,RC generale,,Molise,8799.32,,in_contenzioso,2025-08-27,,
1511,3166,2025-01-20,RC autoveicoli terrestri,congiunto,Valle d'Aosta,8983.37,8960.78,liquidato,2025-02-18,2025-02-24,2025-03-10
1512,2024,2025-06-05,RC generale,,Friuli-Venezia Giulia,18325.17,17660.82,liquidato,2025-06-16,2025-06-19,2025-06-24
1513,1613,2024-02-18,Corpi di veicoli terrestri,,Lazio,4495.82,4472.45,liquidato,2024-03-27,2024-04-13,2024-04-27
1514,4188,2025-01-16,Corpi di veicoli terrestri,,Calabria,2733.14,2471.03,liquidato,2025-03-06,2025-03-19,2025-03-22
1515,1439,2024-02-09,Corpi di veicoli terrestri,,Friuli-Venezia Giulia,200,48.74,liquidato,2024-03-24,2024-04-01,2024-04-09
1516,1299,2023-10-09,RC autoveicoli terrestri,congiunto,Valle d'Aosta,8278.7,,aperto,,,
1517,2664,2023-09-25,RC autoveicoli terrestri,congiunto,Umbria,6618.79,,aperto,,,
1518,3190,2024-01-30,Incendio ed elementi naturali,,Lazio,7477.59,7159.74,liquidato,2024-02-18,2024-02-22,2024-03-05
1519,2423,2024-08-07,RC generale,,Toscana,7055.7,6675.54,liquidato,2024-09-02,2024-09-16,2024-09-30
1520,122,2024-07-11,RC autoveicoli terrestri,unilaterale,Toscana,3113.32,3087.28,liquidato,2024-08-14,2024-08-20,2024-08-30
1521,2545,2026-08-21,RC autoveicoli terrestri,unilaterale,Piemonte,4095.02,3786.05,liquidato,2026-09-08,2026-09-12,2026-09-24
1522,2848,2026-04-07,RC autoveicoli terrestri,congiunto,Toscana,14809.3,14570.7,liquidato,2026-04-24,2026-05-04,2026-05-17
1523,1318,2025-05-28,RC generale,,Lombardia,17968.66,17310.69,liquidato,2025-07-26,2025-08-04,2025-08-14
1524,16,2023-04-18,Altri danni ai beni,,Molise,1770.69,,respinto,,,
1525,904,2023-12-04,Incendio ed elementi naturali,,Marche,13983.62,13129.76,liquidato,2023-12-30,2024-01-05,2024-01-15
1526,4154,2025-04-12,Incendio ed elementi naturali,,Basilicata,9472.97,9486.58,liquidato,2025-04-27,2025-05-15,2025-05-27
1527,950,2026-08-09,RC autoveicoli terrestri,unilaterale,Puglia,10941.62,11145.66,liquidato,2026-09-07,2026-09-19,2026-09-28
1528,1878,2024-12-12,RC autoveicoli terrestri,congiunto,Calabria,3384.11,3145.28,liquidato,2025-01-05,2025-01-11,2025-01-17
1529,1009,2023-02-21,Altri danni ai beni,,Marche,1031.86,807.27,liquidato,2023-03-11,2023-03-19,2023-03-27
1530,1969,2026-06-22,Altri danni ai beni,,Sardegna,2551.08,,in_contenzioso,2026-08-10,,
1531,680,2026-01-26,Altri danni ai beni,,Trentino-Alto Adige,3033.3,,respinto,,,
1532,2168,2024-08-01,Altri danni ai beni,,Liguria,1472.55,1262.11,liquidato,2024-09-28,2024-10-01,2024-10-16
1533,4202,2025-09-13,RC autoveicoli terrestri,unilaterale,Molise,7597.25,7589.32,liquidato,2025-10-21,2025-10-23,2025-10-28
1534,2323,2025-04-04,Corpi di veicoli terrestri,,Lazio,4387.98,,aperto,,,
1535,312,2024-09-12,Altri danni ai beni,,Sicilia,1646.19,1478.15,liquidato,2024-11-11,2024-11-30,2024-12-04
1536,4129,2026-08-22,Corpi di veicoli terrestri,,Basilicata,1603.53,1086.88,liquidato,2026-09-16,2026-09-28,2026-10-11
1537,1931,2025-04-03,Corpi di veicoli terrestri,,Basilicata,3477.59,2901.53,liquidato,2025-05-23,2025-05-26,2025-06-07
1538,2899,2025-06-29,Corpi di veicoli terrestri,,Calabria,2516.63,,aperto,,,
1539,3066,2024-12-22,Corpi di veicoli terrestri,,Toscana,6006.38,,respinto,,,
1540,3873,2026-06-01,Altri danni ai beni,,Abruzzo,3109.59,2964.86,liquidato,2026-06-29,2026-07-01,2026-07-07
1541,1742,2024-01-08,Altri danni ai beni,,Toscana,536.01,436.31,liquidato,2024-02-27,2024-03-02,2024-03-15
1542,4118,2025-02-01,Corpi di veicoli terrestri,,Trentino-Alto Adige,4704.74,4436.34,liquidato,2025-03-31,2025-04-18,2025-04-27
1543,2669,2025-08-03,RC generale,,Emilia-Romagna,,1544.84,liquidato,2025-09-11,2025-09-25,2025-09-28
1544,2410,2024-09-14,Corpi di veicoli terrestri,,Liguria,4049.73,,in_contenzioso,2024-10-29,,
1545,3695,2026-06-25,Incendio ed elementi naturali,,Liguria,18843.61,10039.45,liquidato,2026-08-18,2026-08-27,2026-06-24
1546,3906,2026-04-28,Altri danni ai beni,,Sicilia,2419.47,2116.0,liquidato,2026-06-21,2026-06-24,2026-07-07
1547,2625,2025-03-17,Corpi di veicoli terrestri,,Piemonte,4717.38,,aperto,,,
1548,1495,2023-06-10,RC autoveicoli terrestri,congiunto,Abruzzo,8285.25,,in_contenzioso,2023-07-07,,
1549,1512,2024-04-26,Altri danni ai beni,,Calabria,3339.11,,aperto,,,
1550,1871,2025-12-07,Incendio ed elementi naturali,,Campania,20991.39,,respinto,,,
1551,2649,2025-01-14,Incendio ed elementi naturali,,Trentino-Alto Adige,10121.23,,aperto,,,
1552,1681,2025-12-28,Altri danni ai beni,,Lazio,2176.01,,aperto,,,
1553,3463,2023-08-20,RC autoveicoli terrestri,unilaterale,Trentino-Alto Adige,200,0.0,liquidato,2023-09-28,2023-10-16,2023-10-19
1554,82,2025-02-23,Altri danni ai beni,,Friuli-Venezia Giulia,1963.97,,respinto,,,
1555,2907,2023-09-17,Incendio ed elementi naturali,,Puglia,7434.65,,aperto,,,
1556,2408,2025-05-05,RC generale,,Sardegna,7847.62,7822.2,liquidato,2025-06-17,2025-06-24,2025-07-02
1557,3724,2023-03-03,RC autoveicoli terrestri,congiunto,Molise,3634.8,3667.75,liquidato,2023-03-22,2023-03-25,2023-03-29
1558,2135,2023-10-10,RC generale,,Emilia-Romagna,14395.08,13936.07,liquidato,2023-12-05,2023-12-10,2023-12-19
1559,1796,2024-10-20,RC generale,,Friuli-Venezia Giulia,9193.79,,in_contenzioso,2024-12-10,,
1560,3359,2023-08-06,RC autoveicoli terrestri,congiunto,Valle d'Aosta,8694.88,,in_contenzioso,2023-09-04,,
1561,3324,2025-01-24,RC autoveicoli terrestri,congiunto,Veneto,10489.49,10532.04,liquidato,2025-02-18,2025-03-09,2025-03-18
1562,850,2026-08-12,RC generale,,Sicilia,1601.31,,respinto,,,
1563,2089,2023-12-04,Incendio ed elementi naturali,,Calabria,6366.47,5397.41,liquidato,2023-12-30,2024-01-01,2024-01-15
1564,1916,2023-08-29,RC autoveicoli terrestri,congiunto,Abruzzo,12144.37,12297.11,liquidato,2023-09-18,2023-09-20,2023-10-03
1565,1225,2024-11-19,Incendio ed elementi naturali,,Lombardia,5500.78,,aperto,,,
1566,259,2026-08-21,RC autoveicoli terrestri,unilaterale,Friuli-Venezia Giulia,6330.52,,respinto,,,
1567,3873,2025-12-13,Altri danni ai beni,,Abruzzo,1784.17,1562.99,liquidato,2026-01-09,2026-01-18,2026-01-25
1568,1887,2026-07-17,RC autoveicoli terrestri,congiunto,Emilia-Romagna,6756.68,6948.53,liquidato,2026-07-29,2026-08-01,2026-08-13
1569,2719,2025-12-08,RC autoveicoli terrestri,congiunto,Sardegna,3291.72,,aperto,,,
1570,1088,2024-08-11,Corpi di veicoli terrestri,,Trentino-Alto Adige,,5273.1,liquidato,2024-09-17,2024-09-18,2024-09-21
1571,4198,2026-02-17,Incendio ed elementi naturali,,Trentino-Alto Adige,8833.24,,aperto,,,
1572,3751,2026-05-23,Altri danni ai beni,,Veneto,1209.73,1139.17,liquidato,2026-06-22,2026-07-06,2026-07-21
1573,1556,2026-03-28,RC autoveicoli terrestri,unilaterale,Lazio,5533.81,,respinto,,,
1574,4033,2024-04-14,Altri danni ai beni,,Basilicata,2919.4,,aperto,,,
1575,335,2025-07-13,Incendio ed elementi naturali,,Campania,12050.01,,aperto,,,
1576,2614,2025-05-21,Corpi di veicoli terrestri,,Emilia-Romagna,4292.16,,in_contenzioso,2025-06-20,,
1577,1797,2025-03-24,Altri danni ai beni,,Marche,3922.52,3676.88,liquidato,2025-05-13,2025-05-22,2025-05-25
1578,4055,2026-06-09,Incendio ed elementi naturali,,Sicilia,24366.94,23308.2,liquidato,2026-07-26,2026-08-15,2026-08-26
1579,668,2025-12-05,RC generale,,Veneto,17580.4,,respinto,,,
1580,264,2026-06-06,RC generale,,Lombardia,14930.86,,aperto,,,
1581,3795,2023-12-14,Altri danni ai beni,,Veneto,1961.26,1784.1,liquidato,2024-01-30,2024-02-13,2024-02-23
1582,1073,2024-12-25,Corpi di veicoli terrestri,,Abruzzo,,4968.65,liquidato,2025-01-05,2025-01-21,2025-02-05
1583,3847,2025-07-18,RC generale,,Valle d'Aosta,10638.37,9905.25,liquidato,2025-08-26,2025-08-31,2025-09-04
1584,3571,2026-05-29,Corpi di veicoli terrestri,,Toscana,2483.95,2360.32,liquidato,2026-07-27,2026-08-12,2026-08-18
1585,4289,2024-07-17,RC generale,,Toscana,5819.15,,respinto,,,
1586,25,2023-11-23,RC autoveicoli terrestri,unilaterale,Umbria,8235.76,,in_contenzioso,2024-01-05,,
1587,4149,2024-02-02,Corpi di veicoli terrestri,,Calabria,4164.9,3802.16,liquidato,2024-03-30,2024-04-01,2024-04-08
1588,778,2026-03-10,RC autoveicoli terrestri,congiunto,Lombardia,,6045.01,liquidato,2026-03-31,2026-04-12,2026-04-26
1589,2558,2025-08-29,Incendio ed elementi naturali,,Liguria,7986.78,7443.98,liquidato,2025-09-14,2025-09-21,2025-09-25
1590,3167,2026-03-25,Corpi di veicoli terrestri,,Liguria,795.47,482.46,liquidato,2026-04-07,2026-04-15,2026-04-25
1591,2108,2026-07-11,Corpi di veicoli terrestri,,Lazio,3758.22,,respinto,,,
1592,3234,2024-06-12,RC generale,,Calabria,6858.09,6708.26,liquidato,2024-06-22,2024-07-10,2024-07-23
1593,4079,2024-08-08,Corpi di veicoli terrestri,,Marche,6681.5,6173.11,liquidato,2024-08-21,2024-08-29,2024-09-01
1594,3643,2025-12-14,RC autoveicoli terrestri,congiunto,Lazio,6934.13,7113.33,liquidato,2026-01-05,2026-01-13,2026-01-20
1595,4277,2023-06-24,RC generale,,Puglia,12376.05,11784.55,liquidato,2023-08-06,2023-08-24,2023-09-01
1596,553,2024-10-31,Altri danni ai beni,,Emilia-Romagna,2224.5,2161.18,liquidato,2024-12-11,2024-12-30,2025-01-04
1597,1172,2025-04-15,Altri danni ai beni,,Veneto,2049.7,1946.23,liquidato,2025-05-21,2025-06-09,2025-06-18
1598,3888,2023-09-15,Corpi di veicoli terrestri,,Lombardia,4100.32,3886.17,liquidato,2023-11-05,2023-11-14,2023-11-24
1599,1793,2023-11-12,RC autoveicoli terrestri,congiunto,Sardegna,5874.49,5631.11,liquidato,2023-11-24,2023-11-26,2023-12-03
1600,1981,2026-08-10,RC generale,,Calabria,6044.54,5566.87,liquidato,2026-09-14,2026-09-25,2026-10-01
1601,1963,2023-10-29,RC generale,,Toscana,13868.21,9701.99,liquidato,2023-11-26,2023-12-10,2023-12-19
1602,521,2024-04-18,Corpi di veicoli terrestri,,Toscana,2689.53,,aperto,,,
1603,751,2026-06-20,Corpi di veicoli terrestri,,Toscana,1544.83,1435.91,liquidato,2026-07-27,2026-07-31,2026-08-07
1604,630,2025-03-08,RC generale,,Basilicata,6480.84,6403.07,liquidato,2025-03-21,2025-04-05,2025-04-12
1605,1662,2026-03-07,Altri danni ai beni,,Marche,1470.2,1360.93,liquidato,2026-05-01,2026-05-05,2026-05-16
1606,652,2024-04-22,RC generale,,Friuli-Venezia Giulia,16397.55,16042.97,liquidato,2024-06-21,2024-07-11,2024-07-17
1607,1740,2025-02-09,Incendio ed elementi naturali,,Emilia-Romagna,11307.9,11013.31,liquidato,2025-03-01,2025-03-18,2025-03-30
1608,2939,2024-03-20,RC generale,,Piemonte,7843.18,7450.6,liquidato,2024-05-16,2024-05-26,2024-06-08
1609,2524,2024-09-01,Altri danni ai beni,,Veneto,1244.07,1136.19,liquidato,2024-10-12,2024-10-31,2024-11-07
1610,1584,2025-09-17,RC generale,,Lombardia,6729.02,6569.19,liquidato,2025-10-13,2025-10-25,2025-10-30
1611,1108,2026-04-02,Corpi di veicoli terrestri,,Abruzzo,2639.18,2409.09,liquidato,2026-05-03,2026-05-06,2026-05-13
1612,1926,2026-02-06,Corpi di veicoli terrestri,,Valle d'Aosta,433.0,133.22,liquidato,2026-03-08,2026-03-22,2026-03-26
1613,1555,2026-08-16,RC autoveicoli terrestri,congiunto,Molise,8106.89,7630.69,liquidato,2026-08-28,2026-09-05,2026-09-15
1614,1693,2025-01-28,RC generale,,Sardegna,3069.79,2588.36,liquidato,2025-03-23,2025-04-09,2025-04-14
1615,1022,2026-05-26,RC generale,,Piemonte,8580.78,,aperto,,,
1616,961,2024-06-15,RC autoveicoli terrestri,congiunto,Toscana,4501.06,4202.92,liquidato,2024-06-26,2024-07-15,2024-07-27
1617,1794,2026-08-13,Altri danni ai beni,,Lazio,2416.15,2336.28,liquidato,2026-10-02,2026-10-20,2026-11-04
1618,173,2025-04-11,Corpi di veicoli terrestri,,Piemonte,6431.03,5897.94,liquidato,2025-05-27,2025-06-13,2025-06-26
1619,977,2023-06-17,Altri danni ai beni,,Veneto,2944.95,,in_contenzioso,2023-07-30,,
1620,2033,2025-05-23,RC generale,,Molise,5984.95,5493.07,liquidato,2025-07-06,2025-07-21,2025-07-31
1621,3569,2024-09-23,Incendio ed elementi naturali,,Sicilia,10050.33,9413.53,liquidato,2024-10-29,2024-11-04,2024-11-10
1622,3126,2026-03-22,Incendio ed elementi naturali,,Trentino-Alto Adige,12062.06,,respinto,,,
1623,1522,2026-07-08,RC autoveicoli terrestri,unilaterale,Basilicata,10121.78,10301.58,liquidato,2026-07-27,2026-08-01,2026-08-14
1624,303,2024-05-30,RC autoveicoli terrestri,congiunto,Umbria,7439.93,,respinto,,,
1625,3291,2025-04-18,RC generale,,Puglia,5771.69,5232.21,liquidato,2025-05-30,2025-06-16,2025-06-30
1626,2238,2024-11-19,RC autoveicoli terrestri,congiunto,Valle d'Aosta,10393.84,,aperto,,,
1627,2658,2023-08-13,Incendio ed elementi naturali,,Marche,9866.86,9232.3,liquidato,2023-09-05,2023-09-20,2023-09-23
1628,577,2026-08-14,Incendio ed elementi naturali,,Lombardia,8988.32,,aperto,,,
1629,712,2026-05-31,Incendio ed elementi naturali,,Emilia-Romagna,6851.08,6426.28,liquidato,2026-07-17,2026-08-06,2026-08-21
1630,2871,2026-04-04,Altri danni ai beni,,Valle d'Aosta,2200.17,2044.43,liquidato,2026-04-30,2026-05-06,2026-05-11
1631,2781,2024-08-09,RC generale,,Lombardia,19130.07,18265.24,liquidato,2024-09-10,2024-09-29,2024-10-14
1632,2968,2023-11-25,Altri danni ai beni,,Piemonte,1946.69,1821.35,liquidato,2024-01-21,2024-02-07,2024-02-22
1633,3236,2023-09-22,RC generale,,Trentino-Alto Adige,7966.65,7477.07,liquidato,2023-10-27,2023-11-01,2023-11-10
1634,3553,2024-11-25,RC autoveicoli terrestri,unilaterale,Sardegna,9917.27,10026.94,liquidato,2025-01-04,2025-01-12,2025-01-25
1635,1809,2026-08-05,Corpi di veicoli terrestri,,Piemonte,2130.13,1946.27,liquidato,2026-08-31,2026-09-10,2026-09-13
1636,3740,2026-05-31,Corpi di veicoli terrestri,,Sicilia,3804.8,3368.6,liquidato,2026-07-23,2026-07-30,2026-08-05
1637,2384,2026-08-04,Incendio ed elementi naturali,,Molise,18715.71,18201.31,liquidato,2026-09-26,2026-10-06,2026-10-18
1638,1836,2026-01-09,Incendio ed elementi naturali,,Calabria,11225.11,10659.19,liquidato,2026-02-04,2026-02-09,2026-02-18
1639,399,2025-01-27,Corpi di veicoli terrestri,,Friuli-Venezia Giulia,4484.26,4258.33,liquidato,2025-02-16,2025-02-19,2025-02-22
1640,4262,2025-12-07,Incendio ed elementi naturali,,Valle d'Aosta,11294.71,10916.21,liquidato,2026-01-18,2026-01-28,2026-02-06
1641,263,2024-08-06,Corpi di veicoli terrestri,,Molise,3498.58,3066.02,liquidato,2024-09-10,2024-09-16,2024-09-26
1642,1859,2026-03-14,RC generale,,Basilicata,7071.91,6547.62,liquidato,2026-04-29,2026-05-14,2026-05-28
1643,611,2026-08-21,Corpi di veicoli terrestri,,Calabria,1042.77,,in_contenzioso,2026-10-20,,
1644,846,2026-06-09,RC autoveicoli terrestri,unilaterale,Lazio,7575.3,7301.65,liquidato,2026-07-23,2026-07-28,2026-08-07
1645,1794,2026-08-16,Altri danni ai beni,,Lazio,1010.73,,respinto,,,
1646,3293,2025-07-08,Corpi di veicoli terrestri,,Piemonte,4196.87,,in_contenzioso,2025-08-17,,
1647,3823,2026-06-21,Incendio ed elementi naturali,,Friuli-Venezia Giulia,20392.55,19857.48,liquidato,2026-07-29,2026-08-13,2026-08-25
1648,1016,2026-05-11,Corpi di veicoli terrestri,,Lombardia,200,48.72,liquidato,2026-06-18,2026-06-26,2026-07-02
1649,4201,2025-01-20,Corpi di veicoli terrestri,,Molise,2818.78,,aperto,,,
1650,1798,2025-09-05,RC generale,,Sicilia,12113.98,11754.35,liquidato,2025-10-27,2025-10-28,2025-11-04
1651,2052,2024-01-06,Incendio ed elementi naturali,,Marche,5935.85,5336.26,liquidato,2024-02-02,2024-02-10,2024-02-18
1652,268,2023-11-02,Corpi di veicoli terrestri,,Valle d'Aosta,3123.7,2867.33,liquidato,2023-12-02,2023-12-11,2023-12-25
1653,2343,2026-02-24,Corpi di veicoli terrestri,,Valle d'Aosta,5133.49,,aperto,,,
1654,3984,2026-01-10,RC generale,,Friuli-Venezia Giulia,200,0.0,liquidato,2026-03-06,2026-03-25,2026-04-03
1655,3199,2025-05-20,RC generale,,Sardegna,6349.05,,aperto,,,
1656,1595,2026-08-20,RC generale,,Lombardia,7828.87,,respinto,,,
1657,4253,2024-02-22,RC generale,,Trentino-Alto Adige,2229.13,1742.5,liquidato,2024-04-10,2024-04-11,2024-04-21
1658,4191,2026-06-21,Incendio ed elementi naturali,,Trentino-Alto Adige,12744.79,12523.78,liquidato,2026-07-05,2026-07-09,2026-07-24
1659,1068,2024-08-20,Incendio ed elementi naturali,,Trentino-Alto Adige,16714.44,16925.62,liquidato,2024-10-14,2024-10-27,2024-11-03
1660,3947,2024-02-28,Corpi di veicoli terrestri,,Friuli-Venezia Giulia,4275.64,4029.88,liquidato,2024-03-21,2024-03-27,2024-04-01
1661,2695,2026-06-24,Altri danni ai beni,,Toscana,1648.54,,aperto,,,
1662,95,2025-03-31,RC autoveicoli terrestri,unilaterale,Molise,200,194.09,liquidato,2025-04-21,2025-04-26,2025-05-07
1663,1223,2023-10-04,RC autoveicoli terrestri,congiunto,Veneto,7459.41,7310.1,liquidato,2023-10-19,2023-10-29,2023-11-04
1664,4209,2024-07-17,RC generale,,Campania,7504.44,,aperto,,,
1665,2233,2023-07-23,Incendio ed elementi naturali,,Molise,16866.01,,aperto,,,
1666,3435,2024-06-16,RC generale,,Molise,2038.88,,aperto,,,
1667,3813,2024-10-10,Incendio ed elementi naturali,,Lombardia,12853.27,12064.33,liquidato,2024-11-09,2024-11-27,2024-12-10
1668,2704,2024-01-04,Corpi di veicoli terrestri,,Emilia-Romagna,3392.93,2919.3,liquidato,2024-02-14,2024-02-22,2024-02-27
1669,689,2025-10-11,RC generale,,Marche,200,0.0,liquidato,2025-11-14,2025-11-15,2025-11-27
1670,2276,2025-06-30,RC generale,,Liguria,11065.53,10455.62,liquidato,2025-08-02,2025-08-04,2025-08-14
1671,1548,2026-05-29,RC autoveicoli terrestri,unilaterale,Umbria,4527.23,4456.35,liquidato,2026-06-16,2026-06-26,2026-07-03
1672,993,2024-07-22,Altri danni ai beni,,Marche,449.41,345.59,liquidato,2024-08-24,2024-09-09,2024-09-12
1673,1544,2025-04-04,Corpi di veicoli terrestri,,Abruzzo,5177.91,4680.51,liquidato,2025-04-21,2025-04-27,2025-05-02
1674,1838,2026-08-18,Altri danni ai beni,,Valle d'Aosta,1674.29,1529.47,liquidato,2026-09-01,2026-09-09,2026-09-14
1675,1295,2026-06-24,RC generale,,Friuli-Venezia Giulia,10205.92,,respinto,,,
1676,2578,2023-12-08,Altri danni ai beni,,Sardegna,2956.8,2755.96,liquidato,2023-12-29,2024-01-09,2024-01-12
1677,819,2026-01-10,Corpi di veicoli terrestri,,Veneto,6426.53,5973.75,liquidato,2026-03-09,2026-03-28,2026-04-05
1678,1163,2024-11-05,Corpi di veicoli terrestri,,Sardegna,5226.23,4868.01,liquidato,2024-12-04,2024-12-10,2024-12-23
1679,2403,2024-10-13,Corpi di veicoli terrestri,,Piemonte,3103.83,2919.21,liquidato,2024-12-03,2024-12-07,2024-12-19
1680,3837,2023-12-16,Incendio ed elementi naturali,,Basilicata,14721.81,14056.37,liquidato,2024-01-10,2024-01-14,2024-01-26
1681,841,2026-07-18,Corpi di veicoli terrestri,,Veneto,3130.17,,respinto,,,
1682,642,2025-12-07,Corpi di veicoli terrestri,,Lombardia,312.37,,in_contenzioso,2026-01-05,,
1683,4275,2026-01-03,Incendio ed elementi naturali,,Toscana,3455.62,2978.63,liquidato,2026-01-14,2026-02-03,2026-02-14
1684,1446,2024-01-06,Altri danni ai beni,,Trentino-Alto Adige,3613.02,3447.49,liquidato,2024-02-29,2024-03-07,2024-03-19
1685,3058,2024-03-13,RC generale,,Emilia-Romagna,24602.62,23975.38,liquidato,2024-04-14,2024-04-29,2024-05-11
1686,3487,2026-04-07,Altri danni ai beni,,Abruzzo,2843.76,2613.73,liquidato,2026-05-26,2026-06-04,2026-03-30
1687,179,2024-05-16,RC autoveicoli terrestri,congiunto,Liguria,6565.32,6598.14,liquidato,2024-06-15,2024-06-17,2024-06-27
1688,134,2026-08-18,RC autoveicoli terrestri,congiunto,Abruzzo,11889.5,,in_contenzioso,2026-09-10,,
1689,1499,2024-10-05,Corpi di veicoli terrestri,,Toscana,1775.52,,aperto,,,
1690,2824,2024-08-08,Altri danni ai beni,,Abruzzo,200,0.0,liquidato,2024-08-23,2024-09-05,2024-09-20
1691,2095,2025-05-02,RC autoveicoli terrestri,unilaterale,Marche,,8340.0,liquidato,2025-06-14,2025-06-15,2025-06-24
1692,2723,2025-12-25,Incendio ed elementi naturali,,Lombardia,16005.02,15801.61,liquidato,2026-02-01,2026-02-11,2026-02-21
1693,2798,2025-11-16,Altri danni ai beni,,Campania,2018.73,,aperto,,,
1694,1015,2026-06-09,Altri danni ai beni,,Emilia-Romagna,464.35,358.29,liquidato,2026-07-04,2026-07-16,2026-07-22
1695,2440,2026-01-15,RC generale,,Veneto,4709.04,4356.81,liquidato,2026-02-07,2026-02-13,2026-02-28
1696,4124,2026-08-17,Corpi di veicoli terrestri,,Valle d'Aosta,2265.69,1946.59,liquidato,2026-09-12,2026-09-29,2026-10-02
1697,2116,2026-08-22,Altri danni ai beni,,Trentino-Alto Adige,1268.94,1041.94,liquidato,2026-09-24,2026-10-10,2026-10-24
1698,1997,2023-10-23,Corpi di veicoli terrestri,,Molise,4778.05,4342.82,liquidato,2023-11-20,2023-11-30,2023-12-14
1699,1148,2026-03-26,RC generale,,Lazio,7475.11,7335.4,liquidato,2026-04-16,2026-04-23,2026-04-27
1700,3709,2026-07-31,RC autoveicoli terrestri,congiunto,Abruzzo,8833.72,8896.96,liquidato,2026-08-18,2026-08-24,2026-09-04
1701,2745,2025-11-28,Corpi di veicoli terrestri,,Trentino-Alto Adige,5903.94,,aperto,,,
1702,3362,2024-04-30,Altri danni ai beni,,Toscana,3626.19,,aperto,,,
1703,2795,2026-07-15,Altri danni ai beni,,Toscana,1293.04,1024.09,liquidato,2026-08-21,2026-09-08,2026-09-13
1704,521,2024-05-17,Altri danni ai beni,,Toscana,1080.99,,respinto,,,
1705,1345,2024-07-16,RC generale,,Friuli-Venezia Giulia,1277.53,1057.33,liquidato,2024-08-10,2024-08-13,2024-08-22
1706,3081,2023-11-03,Incendio ed elementi naturali,,Abruzzo,5367.92,5095.19,liquidato,2023-12-23,2023-12-31,2024-01-03
1707,2420,2024-09-06,Altri danni ai beni,,Piemonte,1052.26,846.96,liquidato,2024-10-08,2024-10-18,2024-10-21
1708,2992,2025-03-20,Altri danni ai beni,,Liguria,3395.63,3249.09,liquidato,2025-04-04,2025-04-17,2025-05-01
1709,1726,2026-04-04,RC autoveicoli terrestri,congiunto,Toscana,8155.65,8091.33,liquidato,2026-04-18,2026-05-04,2026-05-14
1710,832,2025-12-12,Incendio ed elementi naturali,,Puglia,20518.95,,aperto,,,
1711,3222,2026-03-18,Altri danni ai beni,,Abruzzo,1466.83,1353.73,liquidato,2026-04-19,2026-05-02,2026-05-06
1712,691,2025-05-15,RC autoveicoli terrestri,congiunto,Lazio,9542.09,9306.3,liquidato,2025-06-01,2025-06-07,2025-06-14
1713,3332,2025-02-05,RC generale,,Toscana,10852.92,10337.95,liquidato,2025-03-07,2025-03-21,2025-03-26
1714,1690,2026-02-14,Incendio ed elementi naturali,,Marche,19744.56,19001.73,liquidato,2026-04-05,2026-04-21,2026-05-05
1715,2026,2023-09-15,RC generale,,Lombardia,13788.28,13520.3,liquidato,2023-10-22,2023-10-24,2023-11-01
1716,2743,2024-12-27,Altri danni ai beni,,Marche,2132.74,,respinto,,,
1717,2970,2026-01-04,RC autoveicoli terrestri,unilaterale,Piemonte,4243.29,4064.33,liquidato,2026-02-02,2026-02-20,2026-03-07
1718,3084,2024-01-30,RC generale,,Basilicata,5769.01,,aperto,,,
1719,2506,2023-06-04,Incendio ed elementi naturali,,Veneto,19333.86,18753.42,liquidato,2023-06-24,2023-06-29,2023-07-10
1720,3316,2026-08-06,RC autoveicoli terrestri,unilaterale,Valle d'Aosta,1171.11,856.67,liquidato,2026-09-14,2026-09-27,2026-10-11
1721,3566,2026-01-26,Incendio ed elementi naturali,,Campania,24448.79,,respinto,,,
1722,4003,2026-02-25,RC generale,,Emilia-Romagna,12419.36,,respinto,,,
1723,1600,2023-12-13,RC generale,,Campania,12101.62,,respinto,,,
1724,3847,2024-11-21,RC generale,,Valle d'Aosta,10584.77,,aperto,,,
1725,902,2025-10-07,RC autoveicoli terrestri,unilaterale,Basilicata,6255.28,,respinto,,,
1726,2780,2025-11-08,RC autoveicoli terrestri,unilaterale,Emilia-Romagna,13711.36,,in_contenzioso,2025-12-17,,
1727,1507,2023-12-28,Corpi di veicoli terrestri,,Marche,3237.93,2806.65,liquidato,2024-01-28,2024-02-13,2024-02-24
1728,2001,2024-03-28,Incendio ed elementi naturali,,Piemonte,10963.56,10288.46,liquidato,2024-04-07,2024-04-15,2024-04-29
1729,3226,2023-12-02,RC autoveicoli terrestri,congiunto,Molise,8622.98,,aperto,,,
1730,2689,2025-09-25,Altri danni ai beni,,Toscana,641.14,438.42,liquidato,2025-10-08,2025-10-21,2025-11-04
1731,2983,2023-06-12,Incendio ed elementi naturali,,Toscana,15801.52,,in_contenzioso,2023-07-29,,
1732,2937,2025-02-15,Incendio ed elementi naturali,,Sardegna,13050.55,12363.79,liquidato,2025-02-26,2025-02-28,2025-03-15
1733,2195,2024-06-09,RC generale,,Sicilia,3645.62,3202.17,liquidato,2024-07-01,2024-07-14,2024-07-20
1734,2863,2025-07-06,Incendio ed elementi naturali,,Valle d'Aosta,16801.61,16068.94,liquidato,2025-09-02,2025-09-03,2025-09-10
1735,163,2026-01-25,RC autoveicoli terrestri,congiunto,Sardegna,3989.47,,aperto,,,
1736,3972,2026-04-30,Corpi di veicoli terrestri,,Umbria,3683.96,,aperto,,,
1737,1387,2026-04-20,RC autoveicoli terrestri,congiunto,Calabria,8375.81,8055.68,liquidato,2026-05-04,2026-05-12,2026-05-20
1738,2156,2026-07-24,Altri danni ai beni,,Piemonte,808.67,,aperto,,,
1739,191,2023-10-13,RC generale,,Veneto,2365.72,1845.84,liquidato,2023-11-30,2023-12-13,2023-12-17
1740,2889,2026-08-11,Incendio ed elementi naturali,,Veneto,200,0.0,liquidato,2026-09-08,2026-09-21,2026-09-30
1741,1756,2024-04-01,Corpi di veicoli terrestri,,Basilicata,701.54,444.19,liquidato,2024-05-08,2024-05-11,2024-05-21
1742,1628,2025-08-05,Incendio ed elementi naturali,,Molise,17986.93,17470.76,liquidato,2025-09-24,2025-10-13,2025-10-28
1743,3666,2023-09-03,Corpi di veicoli terrestri,,Lombardia,2006.51,1814.12,liquidato,2023-09-26,2023-10-10,2023-10-15
1744,1648,2024-04-12,Corpi di veicoli terrestri,,Lazio,491.51,,aperto,,,
1745,1593,2025-09-29,Incendio ed elementi naturali,,Piemonte,12565.08,,aperto,,,
1746,2541,2026-06-07,RC autoveicoli terrestri,congiunto,Basilicata,4520.19,4371.3,liquidato,2026-06-29,2026-07-16,2026-07-28
1747,1091,2026-07-22,Altri danni ai beni,,Umbria,4313.54,4187.18,liquidato,2026-08-20,2026-08-31,2026-09-15
1748,977,2023-11-29,Altri danni ai beni,,Abruzzo,2332.56,2229.56,liquidato,2023-12-12,2023-12-13,2023-12-28
1749,3160,2026-04-30,RC generale,,Sicilia,8436.06,8470.35,liquidato,2026-06-16,2026-06-25,2026-07-03
1750,4038,2026-07-30,Incendio ed elementi naturali,,Liguria,20594.91,,in_contenzioso,2026-09-01,,
1751,3488,2024-06-20,Corpi di veicoli terrestri,,Basilicata,3189.04,,respinto,,,
1752,1988,2024-09-21,RC generale,,Emilia-Romagna,7330.83,7246.71,liquidato,2024-10-15,2024-10-31,2024-11-05
1753,2320,2025-02-05,RC autoveicoli terrestri,congiunto,Piemonte,200,49.12,liquidato,2025-02-15,2025-02-24,2025-03-01
1754,1195,2026-07-24,Corpi di veicoli terrestri,,Toscana,6072.64,5842.53,liquidato,2026-08-03,2026-08-13,2026-08-24
1755,817,2023-10-31,RC autoveicoli terrestri,congiunto,Basilicata,6084.3,5915.17,liquidato,2023-11-12,2023-11-20,2023-12-03
1756,2836,2026-06-19,Altri danni ai beni,,Emilia-Romagna,612.39,510.19,liquidato,2026-07-29,2026-08-11,2026-08-22
1757,1702,2025-11-05,RC generale,,Puglia,5717.67,5564.45,liquidato,2025-12-13,2025-12-23,2026-01-01
1758,2202,2024-05-24,RC generale,,Veneto,9586.75,9265.05,liquidato,2024-06-13,2024-06-28,2024-07-01
1759,2762,2024-08-22,Incendio ed elementi naturali,,Veneto,12227.85,12070.33,liquidato,2024-10-01,2024-10-07,2024-10-11
1760,2184,2023-08-27,RC autoveicoli terrestri,congiunto,Lazio,11104.29,,respinto,,,
1761,2163,2024-08-11,Incendio ed elementi naturali,,Molise,15030.62,,respinto,,,
1762,406,2024-01-15,Incendio ed elementi naturali,,Campania,12125.67,,aperto,,,
1763,1879,2026-08-02,Incendio ed elementi naturali,,Calabria,19040.06,19046.2,liquidato,2026-09-29,2026-09-30,2026-10-03
1764,2066,2026-03-04,Corpi di veicoli terrestri,,Basilicata,1333.89,1049.41,liquidato,2026-04-09,2026-04-20,2026-04-27
1765,2457,2026-05-27,Corpi di veicoli terrestri,,Sardegna,3922.77,,in_contenzioso,2026-07-22,,
1766,3367,2024-08-12,Altri danni ai beni,,Sicilia,741.06,537.4,liquidato,2024-10-05,2024-10-22,2024-10-25
1767,3638,2025-10-04,RC generale,,Veneto,14874.44,,aperto,,,
1768,2852,2026-06-09,Altri danni ai beni,,Marche,,2090.83,liquidato,2026-07-05,2026-07-15,2026-07-26
1769,3672,2023-03-05,Incendio ed elementi naturali,,Piemonte,7431.36,6983.04,liquidato,2023-04-29,2023-05-16,2023-05-26
1770,4265,2024-07-18,Incendio ed elementi naturali,,Calabria,5642.97,,aperto,,,
1771,2291,2026-08-10,Altri danni ai beni,,Veneto,2189.08,2111.09,liquidato,2026-09-24,2026-10-04,2026-10-19
1772,970,2024-06-22,RC autoveicoli terrestri,unilaterale,Trentino-Alto Adige,7082.36,,aperto,,,
1773,3465,2024-08-12,RC autoveicoli terrestri,congiunto,Abruzzo,10922.25,10950.32,liquidato,2024-09-06,2024-09-20,2024-09-28
1774,2747,2025-01-28,Altri danni ai beni,,Basilicata,994.83,890.88,liquidato,2025-02-20,2025-02-21,2025-02-27
1775,791,2024-03-21,Corpi di veicoli terrestri,,Campania,3116.61,2963.49,liquidato,2024-04-17,2024-05-06,2024-05-17
1776,2445,2025-12-17,Incendio ed elementi naturali,,Basilicata,19593.75,18596.92,liquidato,2026-01-18,2026-02-07,2026-02-16
1777,1300,2026-05-08,Incendio ed elementi naturali,,Veneto,15301.61,,aperto,,,
1778,478,2024-02-17,RC generale,,Trentino-Alto Adige,200,0.0,liquidato,2024-03-21,2024-03-22,2024-03-27
1779,4175,2024-04-11,RC autoveicoli terrestri,congiunto,Piemonte,6972.18,6944.07,liquidato,2024-05-06,2024-05-24,2024-06-07
1780,802,2025-02-24,RC autoveicoli terrestri,unilaterale,Trentino-Alto Adige,4485.33,,aperto,,,
1781,3656,2024-12-25,RC autoveicoli terrestri,congiunto,Toscana,1626.85,1317.6,liquidato,2025-01-07,2025-01-11,2025-01-25
1782,1625,2024-10-12,Altri danni ai beni,,Marche,200,102.42,liquidato,2024-12-08,2024-12-25,2025-01-09
1783,912,2026-04-30,Corpi di veicoli terrestri,,Marche,1451.77,,respinto,,,
1784,2200,2025-01-10,Incendio ed elementi naturali,,Veneto,8908.42,,aperto,,,
1785,1841,2025-08-17,RC autoveicoli terrestri,unilaterale,Calabria,2004.8,1833.14,liquidato,2025-10-07,2025-10-24,2025-11-08
1786,2378,2024-08-20,Incendio ed elementi naturali,,Sardegna,13879.17,13366.83,liquidato,2024-10-08,2024-10-24,2024-11-02
1787,2778,2024-08-16,Incendio ed elementi naturali,,Piemonte,5521.04,5428.92,liquidato,2024-09-16,2024-09-23,2024-10-08
1788,1066,2026-01-06,Incendio ed elementi naturali,,Sardegna,16150.06,,respinto,,,
1789,1669,2026-07-13,RC autoveicoli terrestri,congiunto,Abruzzo,8598.89,8352.64,liquidato,2026-08-01,2026-08-19,2026-08-31
1790,1195,2026-05-18,Altri danni ai beni,,Toscana,876.57,730.13,liquidato,2026-07-06,2026-07-25,2026-07-30
1791,3904,2026-07-14,RC generale,,Valle d'Aosta,15280.28,,respinto,,,
1792,1337,2023-07-09,RC autoveicoli terrestri,unilaterale,Molise,4220.34,,aperto,,,
1793,4183,2023-07-26,Corpi di veicoli terrestri,,Sicilia,200,0.0,liquidato,2023-09-22,2023-09-25,2023-10-08
1794,1033,2024-12-19,RC generale,,Lazio,18493.94,18201.37,liquidato,2025-01-12,2025-01-17,2025-01-29
1795,312,2024-05-11,Altri danni ai beni,,Sicilia,1175.03,970.38,liquidato,2024-06-30,2024-07-16,2024-07-19
1796,3608,2023-11-15,Altri danni ai beni,,Basilicata,2490.46,,aperto,,,
1797,3070,2026-06-11,Corpi di veicoli terrestri,,Piemonte,3774.87,,aperto,,,
1798,1058,2025-01-11,Incendio ed elementi naturali,,Trentino-Alto Adige,6477.84,5381.17,liquidato,2025-03-06,2025-03-09,2025-03-13
1799,588,2026-08-23,Corpi di veicoli terrestri,,Lazio,281.3,,respinto,,,
1800,876,2025-10-12,RC generale,,Lombardia,5942.67,,aperto,,,
1801,4107,2024-02-22,Altri danni ai beni,,Emilia-Romagna,1860.28,1663.12,liquidato,2024-03-10,2024-03-24,2024-03-29
1802,1683,2025-07-15,RC generale,,Calabria,4763.58,4533.91,liquidato,2025-07-29,2025-08-14,2025-08-18
1803,3296,2024-10-24,Incendio ed elementi naturali,,Abruzzo,13895.59,13561.88,liquidato,2024-12-04,2024-12-07,2024-12-22
1804,2388,2026-07-05,Altri danni ai beni,,Sicilia,1817.12,1766.8,liquidato,2026-08-21,2026-08-23,2026-08-29
1805,34,2025-07-28,Altri danni ai beni,,Emilia-Romagna,2483.49,,aperto,,,
1806,443,2026-05-21,RC generale,,Basilicata,7292.26,6780.38,liquidato,2026-06-13,2026-06-30,2026-07-06
1807,3470,2024-08-06,RC generale,,Emilia-Romagna,200,,in_contenzioso,2024-09-10,,
1808,3033,2024-02-04,RC autoveicoli terrestri,unilaterale,Calabria,8744.9,,in_contenzioso,2024-02-22,,
1809,1331,2025-07-05,RC generale,,Friuli-Venezia Giulia,22888.47,23139.16,liquidato,2025-07-24,2025-08-02,2025-08-16
1810,4091,2026-04-05,Altri danni ai beni,,Sicilia,1544.53,1487.4,liquidato,2026-04-23,2026-04-27,2026-05-01
1811,1656,2025-09-16,Altri danni ai beni,,Umbria,1233.73,1048.62,liquidato,2025-10-08,2025-10-25,2025-10-30
1812,2045,2024-08-18,RC generale,,Basilicata,8211.11,7878.44,liquidato,2024-09-30,2024-10-17,2024-10-22
1813,1021,2024-04-22,Incendio ed elementi naturali,,Friuli-Venezia Giulia,11318.2,10100.64,liquidato,2024-06-02,2024-06-07,2024-06-18
1814,1844,2025-05-28,Corpi di veicoli terrestri,,Liguria,2304.05,1833.98,liquidato,2025-06-12,2025-06-29,2025-07-09
1815,2613,2023-09-21,Corpi di veicoli terrestri,,Trentino-Alto Adige,2746.89,2416.79,liquidato,2023-10-12,2023-10-16,2023-10-22
1816,333,2026-06-26,Altri danni ai beni,,Friuli-Venezia Giulia,836.12,627.62,liquidato,2026-07-13,2026-07-17,2026-07-20
1817,804,2024-03-22,Corpi di veicoli terrestri,,Abruzzo,1620.42,1133.09,liquidato,2024-04-14,2024-04-15,2024-04-18
1818,2568,2026-05-20,RC autoveicoli terrestri,congiunto,Toscana,4990.37,4909.6,liquidato,2026-06-10,2026-06-17,2026-06-27
1819,3249,2024-06-21,Corpi di veicoli terrestri,,Molise,3798.6,3592.93,liquidato,2024-08-06,2024-08-10,2024-08-15
1820,3094,2026-02-07,RC autoveicoli terrestri,congiunto,Calabria,8248.43,,aperto,,,
1821,3411,2025-08-08,Incendio ed elementi naturali,,Emilia-Romagna,14511.01,13688.13,liquidato,2025-09-09,2025-09-26,2025-10-04
1822,2556,2026-07-15,Incendio ed elementi naturali,,Sardegna,12996.57,,aperto,,,
1823,2906,2026-05-14,Altri danni ai beni,,Valle d'Aosta,1652.92,1509.61,liquidato,2026-06-09,2026-06-16,2026-06-26
1824,3212,2024-08-23,Incendio ed elementi naturali,,Liguria,11196.6,11212.69,liquidato,2024-09-16,2024-09-29,2024-10-11
1825,3258,2024-03-25,RC autoveicoli terrestri,unilaterale,Veneto,4532.79,4476.91,liquidato,2024-04-05,2024-04-15,2024-04-30
1826,2335,2026-04-01,RC autoveicoli terrestri,unilaterale,Trentino-Alto Adige,,4727.72,liquidato,2026-04-17,2026-04-26,2026-05-08
1827,498,2026-02-08,Incendio ed elementi naturali,,Liguria,11147.19,10242.65,liquidato,2026-02-19,2026-02-21,2026-02-24
1828,812,2026-07-04,Corpi di veicoli terrestri,,Trentino-Alto Adige,3561.7,3399.59,liquidato,2026-07-29,2026-08-16,2026-08-20
1829,2148,2024-03-22,RC generale,,Toscana,4211.01,3977.56,liquidato,2024-04-05,2024-04-09,2024-04-17
1830,2380,2025-04-13,Altri danni ai beni,,Puglia,1961.35,1787.29,liquidato,2025-05-06,2025-05-25,2025-06-05
1831,1925,2025-02-21,Altri danni ai beni,,Friuli-Venezia Giulia,2053.28,1892.21,liquidato,2025-03-09,2025-03-27,2025-04-07
1832,1125,2024-06-28,RC generale,,Lazio,8731.8,,in_contenzioso,2024-08-08,,
1833,4011,2026-02-10,Incendio ed elementi naturali,,Liguria,1314.58,1044.99,liquidato,2026-04-04,2026-04-19,2026-04-27
1834,2843,2025-12-05,RC autoveicoli terrestri,congiunto,Sicilia,4745.87,4675.3,liquidato,2026-01-01,2026-01-08,2026-01-11
1835,1674,2024-12-14,RC autoveicoli terrestri,congiunto,Friuli-Venezia Giulia,7984.68,7889.25,liquidato,2024-12-29,2025-01-15,2025-01-21
1836,696,2023-05-11,Altri danni ai beni,,Emilia-Romagna,2644.72,,respinto,,,
1837,4122,2023-05-02,Altri danni ai beni,,Toscana,1304.67,,respinto,,,
1838,1448,2026-07-31,Altri danni ai beni,,Sicilia,1455.52,,respinto,,,
1839,447,2026-02-28,RC generale,,Puglia,11116.39,10796.76,liquidato,2026-04-20,2026-04-23,2026-05-07
1840,3791,2025-09-30,Incendio ed elementi naturali,,Friuli-Venezia Giulia,9669.34,8685.59,liquidato,2025-11-08,2025-11-22,2025-11-28
1841,878,2023-06-18,Incendio ed elementi naturali,,Emilia-Romagna,13788.53,13396.24,liquidato,2023-07-02,2023-07-20,2023-08-02
1842,1517,2024-09-23,RC autoveicoli terrestri,congiunto,Sardegna,5014.03,5061.39,liquidato,2024-10-20,2024-10-23,2024-11-05
1843,716,2025-03-01,Incendio ed elementi naturali,,Campania,13607.28,,in_contenzioso,2025-03-17,,
1844,260,2026-08-21,RC autoveicoli terrestri,congiunto,Umbria,3247.41,,aperto,,,
1845,420,2024-11-13,RC generale,,Sardegna,8631.87,8585.41,liquidato,2024-12-25,2024-12-29,2025-01-02
1846,518,2026-05-10,Altri danni ai beni,,Piemonte,1357.63,1242.75,liquidato,2026-07-03,2026-07-09,2026-07-14
1847,2815,2024-02-17,RC generale,,Friuli-Venezia Giulia,1636.41,1359.93,liquidato,2024-03-31,2024-04-15,2024-04-30
1848,451,2025-10-03,Altri danni ai beni,,Liguria,2221.66,2070.07,liquidato,2025-11-19,2025-12-09,2025-12-15
1849,881,2023-10-21,Incendio ed elementi naturali,,Lazio,10492.5,,respinto,,,
1850,991,2025-12-18,Corpi di veicoli terrestri,,Calabria,4771.4,4430.98,liquidato,2026-02-02,2026-02-10,2026-02-25
1851,1962,2025-01-25,Corpi di veicoli terrestri,,Valle d'Aosta,200,,in_contenzioso,2025-03-23,,
1852,3875,2024-11-11,Altri danni ai beni,,Campania,2172.04,1940.04,liquidato,2025-01-08,2025-01-15,2025-01-29
1853,2523,2026-05-17,RC generale,,Sicilia,13469.37,12974.64,liquidato,2026-06-22,2026-07-05,2026-07-12
1854,3024,2024-12-19,Corpi di veicoli terrestri,,Emilia-Romagna,2129.3,1616.7,liquidato,2025-02-01,2025-02-16,2025-02-26
1855,192,2024-03-03,Altri danni ai beni,,Valle d'Aosta,200,,aperto,,,
1856,3784,2025-10-18,Altri danni ai beni,,Trentino-Alto Adige,2657.98,2426.28,liquidato,2025-10-30,2025-11-01,2025-10-11
1857,2859,2025-05-17,Incendio ed elementi naturali,,Lazio,13400.94,13179.63,liquidato,2025-06-25,2025-06-26,2025-07-10
1858,3147,2025-09-13,Altri danni ai beni,,Veneto,1543.91,1369.83,liquidato,2025-09-26,2025-10-07,2025-10-13
1859,3821,2025-06-04,RC autoveicoli terrestri,congiunto,Campania,8722.41,8302.22,liquidato,2025-07-02,2025-07-16,2025-07-30
1860,3276,2025-11-08,RC generale,,Lombardia,11219.68,10459.69,liquidato,2025-12-10,2025-12-27,2025-12-31
1861,1870,2026-06-26,Altri danni ai beni,,Molise,1544.15,1483.08,liquidato,2026-07-25,2026-08-05,2026-08-13
1862,1305,2025-11-04,RC generale,,Molise,15870.44,15498.14,liquidato,2025-11-26,2025-12-16,2025-12-28
1863,3372,2024-06-12,Corpi di veicoli terrestri,,Calabria,4606.45,4149.12,liquidato,2024-08-11,2024-08-27,2024-09-07
1864,3863,2026-08-22,RC generale,,Umbria,10094.42,,respinto,,,
1865,1358,2026-06-22,Incendio ed elementi naturali,,Friuli-Venezia Giulia,21752.81,,in_contenzioso,2026-07-11,,
1866,2448,2025-09-08,Corpi di veicoli terrestri,,Trentino-Alto Adige,4575.15,,aperto,,,
1867,2713,2023-11-18,Altri danni ai beni,,Sicilia,1761.04,,aperto,,,
1868,3411,2026-01-18,Incendio ed elementi naturali,,Friuli-Venezia Giulia,11550.17,,respinto,,,
1869,4142,2025-02-14,RC generale,,Abruzzo,11074.33,10675.17,liquidato,2025-03-24,2025-04-02,2025-04-06
1870,1421,2026-04-29,Altri danni ai beni,,Trentino-Alto Adige,3014.46,,in_contenzioso,2026-06-27,,
1871,4062,2024-08-09,Incendio ed elementi naturali,,Campania,6151.41,5768.69,liquidato,2024-09-24,2024-10-05,2024-10-11
1872,1595,2026-07-27,RC generale,,Lombardia,6933.06,6567.36,liquidato,2026-08-13,2026-08-30,2026-09-08
1873,161,2024-08-11,RC generale,,Friuli-Venezia Giulia,11916.26,11995.42,liquidato,2024-09-18,2024-09-28,2024-10-12
1874,4002,2026-02-04,RC autoveicoli terrestri,congiunto,Basilicata,7122.85,6658.73,liquidato,2026-03-01,2026-03-02,2026-03-05
1875,4219,2023-09-27,RC generale,,Sicilia,815.03,552.98,liquidato,2023-10-09,2023-10-13,2023-10-21
1876,3314,2026-08-05,Corpi di veicoli terrestri,,Emilia-Romagna,2727.02,2619.97,liquidato,2026-09-27,2026-10-13,2026-10-25
1877,4034,2025-07-30,Incendio ed elementi naturali,,Sicilia,4583.48,,in_contenzioso,2025-08-18,,
1878,223,2024-04-22,Incendio ed elementi naturali,,Sicilia,15305.53,14818.59,liquidato,2024-06-21,2024-07-10,2024-07-17
1879,1213,2024-01-25,Incendio ed elementi naturali,,Emilia-Romagna,10067.22,9851.23,liquidato,2024-03-15,2024-03-31,2024-04-11
1880,1869,2023-11-25,Corpi di veicoli terrestri,,Marche,2879.59,2532.71,liquidato,2024-01-18,2024-02-01,2024-02-10
1881,3965,2026-08-10,Incendio ed elementi naturali,,Marche,20995.87,,aperto,,,
1882,3813,2025-02-12,Incendio ed elementi naturali,,Lombardia,17379.23,16330.75,liquidato,2025-04-07,2025-04-12,2025-04-20
1883,454,2024-10-25,Altri danni ai beni,,Sicilia,695.82,,aperto,,,
1884,1308,2024-03-18,Incendio ed elementi naturali,,Liguria,8325.43,,in_contenzioso,2024-05-17,,
1885,1616,2026-06-18,RC autoveicoli terrestri,congiunto,Lombardia,12780.53,12550.61,liquidato,2026-07-08,2026-07-11,2026-07-14
1886,3708,2026-06-27,Incendio ed elementi naturali,,Valle d'Aosta,,15965.34,liquidato,2026-08-19,2026-09-04,2026-09-16
1887,1595,2026-07-20,RC generale,,Lombardia,4157.42,3650.33,liquidato,2026-07-30,2026-08-06,2026-08-17
1888,3218,2026-07-08,Incendio ed elementi naturali,,Emilia-Romagna,15335.77,14019.4,liquidato,2026-07-25,2026-08-07,2026-08-22
1889,1465,2024-04-02,RC generale,,Toscana,12921.01,13015.55,liquidato,2024-04-17,2024-04-25,2024-05-02
1890,4051,2023-08-26,Incendio ed elementi naturali,,Veneto,17812.5,17059.09,liquidato,2023-09-11,2023-10-01,2023-10-12
1891,1079,2025-07-07,Corpi di veicoli terrestri,,Valle d'Aosta,6014.66,5604.67,liquidato,2025-07-25,2025-08-05,2025-08-10
1892,3736,2025-02-27,Corpi di veicoli terrestri,,Basilicata,1990.88,1825.12,liquidato,2025-04-05,2025-04-19,2025-04-27
1893,267,2024-01-10,Altri danni ai beni,,Molise,2078.7,,aperto,,,
1894,3697,2026-05-14,Incendio ed elementi naturali,,Piemonte,13081.18,12324.21,liquidato,2026-05-28,2026-05-31,2026-06-14
1895,3652,2024-06-14,Incendio ed elementi naturali,,Valle d'Aosta,9045.34,,aperto,,,
1896,1116,2026-07-06,RC generale,,Basilicata,13596.07,,respinto,,,
1897,2028,2024-05-02,Altri danni ai beni,,Toscana,2392.1,,aperto,,,
1898,4110,2026-01-31,RC autoveicoli terrestri,congiunto,Trentino-Alto Adige,277.36,127.32,liquidato,2026-02-10,2026-02-13,2026-02-28
1899,629,2026-05-27,Corpi di veicoli terrestri,,Lombardia,4176.13,,respinto,,,
1900,2360,2024-03-26,RC generale,,Toscana,13304.94,12881.94,liquidato,2024-05-05,2024-05-21,2024-05-27
1901,2375,2025-06-22,Corpi di veicoli terrestri,,Sardegna,7112.72,6919.12,liquidato,2025-08-07,2025-08-21,2025-09-01
1902,1289,2026-05-28,Incendio ed elementi naturali,,Liguria,3903.41,3336.85,liquidato,2026-07-23,2026-08-10,2026-08-14
1903,905,2026-08-17,Corpi di veicoli terrestri,,Abruzzo,660.5,157.47,liquidato,2026-09-15,2026-10-03,2026-10-09
1904,1747,2026-08-22,RC generale,,Trentino-Alto Adige,4366.29,4069.43,liquidato,2026-09-01,2026-09-20,2026-10-03
1905,3044,2024-04-18,Corpi di veicoli terrestri,,Liguria,2861.42,,in_contenzioso,2024-05-08,,
1906,3613,2024-06-27,Corpi di veicoli terrestri,,Friuli-Venezia Giulia,8281.57,7568.53,liquidato,2024-08-10,2024-08-28,2024-09-02
1907,2009,2026-06-08,RC generale,,Sicilia,2600.62,,in_contenzioso,2026-06-30,,
1908,1819,2026-07-23,RC autoveicoli terrestri,unilaterale,Veneto,8402.36,8035.54,liquidato,2026-08-05,2026-08-22,2026-08-29
1909,2539,2026-08-09,Altri danni ai beni,,Trentino-Alto Adige,1028.99,930.21,liquidato,2026-09-21,2026-09-29,2026-10-13
1910,3702,2026-07-24,Corpi di veicoli terrestri,,Campania,200,0.0,liquidato,2026-09-06,2026-09-22,2026-09-28
1911,241,2026-07-21,Corpi di veicoli terrestri,,Emilia-Romagna,5865.8,5586.53,liquidato,2026-08-04,2026-08-06,2026-08-17
1912,3222,2025-09-17,Altri danni ai beni,,Abruzzo,200,98.71,liquidato,2025-10-21,2025-11-07,2025-11-15
1913,167,2026-04-13,Incendio ed elementi naturali,,Piemonte,12914.74,,in_contenzioso,2026-04-27,,
1914,2967,2026-04-17,RC generale,,Campania,7554.91,7261.59,liquidato,2026-05-04,2026-05-09,2026-05-19
1915,196,2026-04-10,RC generale,,Piemonte,9733.86,9470.11,liquidato,2026-05-28,2026-06-15,2026-06-21
1916,1380,2024-12-09,RC generale,,Lombardia,20358.93,20390.96,liquidato,2024-12-26,2024-12-29,2025-01-11
1917,4017,2024-10-13,Incendio ed elementi naturali,,Campania,18600.76,17977.67,liquidato,2024-11-01,2024-11-19,2024-12-03
1918,1737,2024-06-25,Altri danni ai beni,,Basilicata,2158.94,1974.36,liquidato,2024-08-20,2024-08-27,2024-09-04
1919,1136,2024-11-06,RC autoveicoli terrestri,congiunto,Calabria,7332.7,,aperto,,,
1920,3923,2025-11-16,Corpi di veicoli terrestri,,Lazio,4343.46,4103.29,liquidato,2025-12-15,2025-12-21,2026-01-03
1921,1777,2026-05-16,RC generale,,Calabria,7999.65,7512.1,liquidato,2026-06-17,2026-06-27,2026-07-10
1922,587,2025-05-21,RC autoveicoli terrestri,unilaterale,Umbria,7808.0,,aperto,,,
1923,4224,2023-12-09,Altri danni ai beni,,Friuli-Venezia Giulia,1269.03,1046.08,liquidato,2024-01-30,2024-02-03,2024-02-18
1924,3583,2026-03-13,Incendio ed elementi naturali,,Toscana,200,0.0,liquidato,2026-04-02,2026-04-19,2026-04-25
1925,1806,2026-08-05,Corpi di veicoli terrestri,,Puglia,412.53,,aperto,,,
1926,1889,2026-04-04,Incendio ed elementi naturali,,Molise,8763.47,,aperto,,,
1927,2864,2025-01-15,Corpi di veicoli terrestri,,Valle d'Aosta,2971.46,2905.39,liquidato,2025-03-16,2025-03-31,2025-04-06
1928,3510,2026-03-22,Altri danni ai beni,,Calabria,2465.91,2270.39,liquidato,2026-04-17,2026-04-24,2026-05-04
1929,3047,2024-12-03,Incendio ed elementi naturali,,Toscana,19043.99,17602.68,liquidato,2025-01-03,2025-01-23,2025-01-29
1930,626,2026-08-19,RC autoveicoli terrestri,congiunto,Lazio,1217.41,1051.54,liquidato,2026-09-11,2026-09-24,2026-10-08
1931,3099,2024-07-05,Incendio ed elementi naturali,,Campania,18674.4,,aperto,,,
1932,2963,2025-11-25,Incendio ed elementi naturali,,Calabria,13488.47,,aperto,,,
1933,1856,2024-09-11,RC generale,,Lazio,6524.55,6212.52,liquidato,2024-10-04,2024-10-22,2024-10-29
1934,451,2026-02-09,Altri danni ai beni,,Liguria,1087.02,983.53,liquidato,2026-03-05,2026-03-10,2026-03-13
1935,1050,2026-04-30,RC autoveicoli terrestri,congiunto,Campania,12830.41,13031.69,liquidato,2026-05-11,2026-05-24,2026-06-04
1936,3391,2024-08-28,RC generale,,Puglia,8911.26,8820.63,liquidato,2024-10-03,2024-10-21,2024-11-01
1937,1871,2026-07-17,Incendio ed elementi naturali,,Campania,15184.69,14751.8,liquidato,2026-08-02,2026-08-22,2026-09-03
1938,663,2025-02-08,RC autoveicoli terrestri,unilaterale,Sardegna,,4282.46,liquidato,2025-03-03,2025-03-10,2025-03-18
1939,2006,2026-04-28,RC generale,,Piemonte,13957.3,13908.23,liquidato,2026-06-09,2026-06-16,2026-06-29
1940,453,2025-05-21,Incendio ed elementi naturali,,Emilia-Romagna,18907.09,,aperto,,,
1941,1616,2026-07-03,RC autoveicoli terrestri,unilaterale,Lombardia,13742.59,13572.74,liquidato,2026-07-19,2026-08-01,2026-08-10
1942,909,2025-10-27,RC generale,,Calabria,2944.97,2739.47,liquidato,2025-12-20,2025-12-29,2026-01-07
1943,1207,2025-12-20,RC autoveicoli terrestri,congiunto,Basilicata,4666.07,4373.15,liquidato,2025-12-31,2026-01-01,2026-01-08
1944,1632,2024-03-08,RC autoveicoli terrestri,unilaterale,Sardegna,6821.24,6741.86,liquidato,2024-04-21,2024-04-28,2024-05-10
1945,2191,2024-05-06,RC generale,,Friuli-Venezia Giulia,12045.04,11655.69,liquidato,2024-06-26,2024-07-04,2024-07-08
1946,67,2024-08-17,RC generale,,Veneto,8358.57,7981.2,liquidato,2024-09-05,2024-09-19,2024-09-23
1947,700,2025-07-10,RC generale,,Puglia,8788.54,8647.36,liquidato,2025-08-02,2025-08-08,2025-08-12
1948,775,2024-04-19,Altri danni ai beni,,Lazio,200,,aperto,,,
1949,4016,2024-04-14,Incendio ed elementi naturali,,Valle d'Aosta,9820.56,9432.2,liquidato,2024-05-03,2024-05-22,2024-06-01
1950,3751,2026-07-26,Altri danni ai beni,,Veneto,1145.25,1020.32,liquidato,2026-08-20,2026-08-22,2026-08-25
1951,2540,2024-11-08,RC autoveicoli terrestri,congiunto,Toscana,2508.44,2152.72,liquidato,2024-12-03,2024-12-19,2025-01-03
1952,2836,2026-05-15,RC autoveicoli terrestri,congiunto,Emilia-Romagna,10079.41,,in_contenzioso,2026-06-08,,
1953,3052,2023-12-06,Altri danni ai beni,,Friuli-Venezia Giulia,1426.51,,in_contenzioso,2024-02-03,,
1954,2347,2025-04-03,RC autoveicoli terrestri,congiunto,Piemonte,6376.0,6187.98,liquidato,2025-04-15,2025-04-29,2025-05-13
1955,3142,2025-10-17,RC autoveicoli terrestri,congiunto,Puglia,10419.17,10297.05,liquidato,2025-11-07,2025-11-24,2025-11-30
1956,975,2026-08-23,Corpi di veicoli terrestri,,Liguria,6482.59,5839.68,liquidato,2026-10-06,2026-10-11,2026-10-23
1957,3619,2024-07-09,RC generale,,Molise,12266.8,12038.27,liquidato,2024-08-09,2024-08-14,2024-08-20
1958,1161,2026-08-18,RC autoveicoli terrestri,congiunto,Trentino-Alto Adige,15381.37,14902.3,liquidato,2026-09-10,2026-09-11,2026-09-15
1959,2251,2025-11-01,Altri danni ai beni,,Piemonte,706.99,,aperto,,,
1960,3703,2026-03-14,RC autoveicoli terrestri,congiunto,Emilia-Romagna,11075.83,11242.79,liquidato,2026-04-04,2026-04-20,2026-04-27
1961,1413,2025-08-07,Corpi di veicoli terrestri,,Puglia,5669.21,5288.14,liquidato,2025-09-22,2025-10-11,2025-10-14
1962,822,2023-10-04,Corpi di veicoli terrestri,,Trentino-Alto Adige,3430.48,3184.11,liquidato,2023-11-16,2023-11-21,2023-11-30
1963,3896,2025-06-11,Corpi di veicoli terrestri,,Veneto,2941.51,,aperto,,,
1964,3499,2026-07-18,RC autoveicoli terrestri,unilaterale,Sardegna,5398.09,,aperto,,,
1965,2671,2023-08-11,RC generale,,Umbria,1954.77,1443.21,liquidato,2023-09-17,2023-09-19,2023-09-24
1966,1312,2026-08-17,Altri danni ai beni,,Abruzzo,2509.4,2478.1,liquidato,2026-10-05,2026-10-14,2026-10-28
1967,2721,2024-03-19,RC generale,,Sardegna,6275.77,,aperto,,,
1968,1404,2026-08-22,Corpi di veicoli terrestri,,Friuli-Venezia Giulia,4506.88,4221.65,liquidato,2026-09-16,2026-09-22,2026-10-06
1969,4279,2025-09-16,Corpi di veicoli terrestri,,Umbria,3185.86,2672.89,liquidato,2025-10-14,2025-10-26,2025-11-01
1970,2565,2025-10-07,Altri danni ai beni,,Veneto,3636.1,3601.83,liquidato,2025-11-07,2025-11-23,2025-11-28
1971,4055,2026-02-19,Incendio ed elementi naturali,,Sicilia,12656.78,,respinto,,,
1972,316,2023-12-12,Corpi di veicoli terrestri,,Lombardia,2988.87,2522.06,liquidato,2023-12-23,2023-12-26,2023-12-31
1973,2953,2023-10-21,RC generale,,Liguria,7444.86,7138.95,liquidato,2023-11-21,2023-11-22,2023-12-07
1974,1322,2024-12-11,Incendio ed elementi naturali,,Puglia,11421.93,10984.72,liquidato,2024-12-25,2025-01-06,2025-01-13
1975,442,2025-12-21,Altri danni ai beni,,Basilicata,1491.07,1313.96,liquidato,2026-02-08,2026-02-10,2026-02-23
1976,3456,2025-11-02,Incendio ed elementi naturali,,Calabria,27575.08,26286.82,liquidato,2025-12-07,2025-12-16,2025-12-26
1977,3953,2026-01-12,Incendio ed elementi naturali,,Piemonte,12677.99,11642.85,liquidato,2026-02-26,2026-03-15,2026-03-25
1978,221,2025-11-28,RC generale,,Umbria,6789.39,6326.1,liquidato,2026-01-17,2026-01-28,2026-02-10
1979,1968,2025-10-20,Incendio ed elementi naturali,,Trentino-Alto Adige,14921.82,15064.32,liquidato,2025-11-18,2025-11-25,2025-12-08
1980,383,2023-07-01,Incendio ed elementi naturali,,Lombardia,14646.71,14013.28,liquidato,2023-08-06,2023-08-08,2023-08-21
1981,3651,2023-08-06,Corpi di veicoli terrestri,,Trentino-Alto Adige,1601.48,1480.61,liquidato,2023-09-12,2023-09-27,2023-07-14
1982,116,2026-02-10,Corpi di veicoli terrestri,,Toscana,4555.04,4212.98,liquidato,2026-03-13,2026-03-21,2026-04-04
1983,2282,2026-04-27,Corpi di veicoli terrestri,,Veneto,3184.38,2865.13,liquidato,2026-06-17,2026-06-29,2026-07-11
1984,3594,2026-07-23,RC autoveicoli terrestri,congiunto,Emilia-Romagna,11577.29,11463.59,liquidato,2026-08-12,2026-08-23,2026-09-02
1985,880,2025-05-26,RC generale,,Campania,20301.43,20339.31,liquidato,2025-07-15,2025-07-17,2025-07-26
1986,1902,2024-06-08,Corpi di veicoli terrestri,,Abruzzo,3423.26,2968.14,liquidato,2024-08-02,2024-08-05,2024-08-14
1987,1011,2025-04-06,RC autoveicoli terrestri,congiunto,Toscana,7374.31,,aperto,,,
1988,2202,2024-11-29,RC generale,,Veneto,12784.77,12771.29,liquidato,2024-12-26,2025-01-12,2025-01-16
1989,2240,2025-09-07,RC generale,,Marche,5953.72,5570.02,liquidato,2025-10-26,2025-11-09,2025-11-19
1990,150,2026-04-07,Incendio ed elementi naturali,,Lombardia,7362.63,6837.46,liquidato,2026-04-23,2026-05-13,2026-04-06
1991,813,2023-09-21,RC autoveicoli terrestri,congiunto,Veneto,9022.48,,respinto,,,
1992,2176,2026-08-18,Corpi di veicoli terrestri,,Basilicata,5507.04,5212.86,liquidato,2026-09-27,2026-10-11,2026-10-21
1993,3216,2024-05-30,Corpi di veicoli terrestri,,Piemonte,2896.48,2634.63,liquidato,2024-07-15,2024-08-04,2024-08-14
1994,3453,2023-11-26,RC autoveicoli terrestri,congiunto,Liguria,4767.32,,respinto,,,
1995,236,2026-05-28,Altri danni ai beni,,Valle d'Aosta,2406.37,2272.24,liquidato,2026-07-03,2026-07-15,2026-07-19
1996,3045,2023-11-07,Corpi di veicoli terrestri,,Campania,4956.77,4330.93,liquidato,2023-12-27,2024-01-09,2024-01-13
1997,2252,2024-12-28,RC autoveicoli terrestri,congiunto,Sicilia,5796.21,5741.89,liquidato,2025-01-23,2025-01-27,2025-02-02
1998,604,2023-10-09,RC generale,,Veneto,12570.83,11901.77,liquidato,2023-11-05,2023-11-18,2023-11-24
1999,320,2024-03-07,Incendio ed elementi naturali,,Molise,19030.59,,in_contenzioso,2024-03-25,,
2000,3659,2025-09-20,Altri danni ai beni,,Liguria,2981.8,2900.83,liquidato,2025-10-11,2025-10-23,2025-11-03
2001,4124,2026-04-25,Corpi di veicoli terrestri,,Valle d'Aosta,5886.35,,respinto,,,
2002,1724,2025-08-24,RC autoveicoli terrestri,unilaterale,Puglia,5255.81,4945.74,liquidato,2025-09-04,2025-09-07,2025-09-21
2003,2766,2025-01-29,RC autoveicoli terrestri,congiunto,Lazio,4364.72,3983.29,liquidato,2025-02-12,2025-03-04,2025-03-10
2004,537,2025-04-29,Altri danni ai beni,,Sicilia,839.34,653.63,liquidato,2025-06-01,2025-06-11,2025-06-21
2005,3704,2024-05-18,Incendio ed elementi naturali,,Umbria,11600.27,11278.92,liquidato,2024-07-03,2024-07-20,2024-08-02
2006,641,2025-11-19,Incendio ed elementi naturali,,Basilicata,20381.01,19570.12,liquidato,2026-01-10,2026-01-18,2026-01-30
2007,2540,2024-12-10,RC autoveicoli terrestri,unilaterale,Toscana,3828.24,,aperto,,,
2008,1713,2023-06-30,RC autoveicoli terrestri,unilaterale,Lazio,10334.26,10146.5,liquidato,2023-07-10,2023-07-29,2023-08-02
2009,3696,2024-07-04,Altri danni ai beni,,Piemonte,2180.53,2122.12,liquidato,2024-07-17,2024-07-21,2024-08-01
2010,3982,2025-05-16,Corpi di veicoli terrestri,,Trentino-Alto Adige,7006.18,,aperto,,,
2011,1615,2026-08-21,Corpi di veicoli terrestri,,Sicilia,3403.25,2978.32,liquidato,2026-10-02,2026-10-05,2026-10-20
2012,283,2025-08-11,Altri danni ai beni,,Veneto,2163.24,,aperto,,,
2013,3799,2026-03-16,Incendio ed elementi naturali,,Trentino-Alto Adige,10797.27,10822.77,liquidato,2026-04-27,2026-05-15,2026-05-27
2014,3530,2024-01-28,RC generale,,Marche,4127.57,3860.28,liquidato,2024-02-28,2024-03-11,2024-03-17
2015,189,2026-08-01,Incendio ed elementi naturali,,Lazio,13915.36,13912.0,liquidato,2026-08-19,2026-09-03,2026-09-11
2016,2712,2024-08-22,RC autoveicoli terrestri,congiunto,Abruzzo,5636.81,5353.15,liquidato,2024-09-14,2024-09-17,2024-09-28
2017,4237,2025-06-06,Corpi di veicoli terrestri,,Lazio,5562.58,5085.83,liquidato,2025-07-09,2025-07-28,2025-08-03
2018,205,2025-11-14,RC generale,,Veneto,5176.25,4789.84,liquidato,2025-12-04,2025-12-13,2025-12-22
2019,3836,2024-07-31,RC autoveicoli terrestri,unilaterale,Friuli-Venezia Giulia,8832.66,8470.91,liquidato,2024-08-13,2024-08-14,2024-08-26
2020,3893,2026-08-08,Altri danni ai beni,,Trentino-Alto Adige,2380.31,2303.36,liquidato,2026-09-09,2026-09-25,2026-09-29
2021,2715,2026-08-10,RC autoveicoli terrestri,congiunto,Sardegna,4163.85,,aperto,,,
2022,3152,2025-07-03,Altri danni ai beni,,Puglia,871.47,,in_contenzioso,2025-08-26,,
2023,1885,2025-05-27,RC generale,,Liguria,13112.32,,aperto,,,
2024,1568,2024-08-01,Incendio ed elementi naturali,,Veneto,22020.51,21775.98,liquidato,2024-08-18,2024-08-21,2024-09-03
2025,249,2025-12-07,RC autoveicoli terrestri,congiunto,Puglia,9063.56,,in_contenzioso,2025-12-25,,
2026,3544,2025-01-01,Corpi di veicoli terrestri,,Lombardia,1862.69,1600.97,liquidato,2025-01-31,2025-02-01,2025-02-11
2027,701,2026-05-06,Corpi di veicoli terrestri,,Calabria,5987.96,,respinto,,,
2028,1881,2026-03-16,Incendio ed elementi naturali,,Campania,15245.8,,aperto,,,
2029,4274,2026-06-05,Corpi di veicoli terrestri,,Emilia-Romagna,2971.97,2842.27,liquidato,2026-06-22,2026-07-05,2026-07-10
2030,388,2025-09-02,RC autoveicoli terrestri,congiunto,Lazio,200,,in_contenzioso,2025-09-23,,
2031,294,2026-08-05,Incendio ed elementi naturali,,Molise,16486.66,,in_contenzioso,2026-10-04,,
2032,1855,2023-05-13,Corpi di veicoli terrestri,,Umbria,1077.91,786.91,liquidato,2023-06-10,2023-06-20,2023-06-29
2033,2912,2026-04-13,Incendio ed elementi naturali,,Lazio,23529.7,,in_contenzioso,2026-05-19,,
2034,3633,2026-02-02,Altri danni ai beni,,Trentino-Alto Adige,2568.43,2336.23,liquidato,2026-02-16,2026-03-08,2026-03-12
2035,3055,2025-07-24,Corpi di veicoli terrestri,,Valle d'Aosta,2523.81,2383.42,liquidato,2025-09-03,2025-09-12,2025-09-22
2036,539,2023-08-06,Altri danni ai beni,,Calabria,2139.13,1976.24,liquidato,2023-09-11,2023-09-25,2023-10-06
2037,2315,2024-05-09,Altri danni ai beni,,Marche,2074.3,1837.1,liquidato,2024-07-07,2024-07-24,2024-07-30
2038,1221,2023-09-15,Incendio ed elementi naturali,,Toscana,6627.17,5706.38,liquidato,2023-10-28,2023-10-31,2023-11-05
2039,2311,2026-07-28,RC autoveicoli terrestri,unilaterale,Lazio,8037.61,7767.8,liquidato,2026-09-18,2026-09-28,2026-10-02
2040,1069,2026-03-13,Incendio ed elementi naturali,,Toscana,11692.37,,aperto,,,
2041,996,2023-11-24,RC generale,,Veneto,2009.82,1482.88,liquidato,2024-01-05,2024-01-15,2024-01-27
2042,794,2025-04-24,RC generale,,Emilia-Romagna,2108.1,,aperto,,,
2043,3699,2025-02-10,Incendio ed elementi naturali,,Lombardia,21232.62,20880.07,liquidato,2025-03-30,2025-04-09,2025-04-23
2044,3711,2025-11-05,Corpi di veicoli terrestri,,Piemonte,4643.46,4128.78,liquidato,2025-12-09,2025-12-16,2025-12-19
2045,3784,2025-06-25,Altri danni ai beni,,Trentino-Alto Adige,2109.16,1929.73,liquidato,2025-08-18,2025-08-23,2025-09-02
2046,229,2026-07-09,RC autoveicoli terrestri,unilaterale,Basilicata,4816.89,4516.78,liquidato,2026-08-22,2026-08-30,2026-09-06
2047,3622,2025-10-21,Altri danni ai beni,,Basilicata,349.74,243.53,liquidato,2025-11-05,2025-11-12,2025-11-20
2048,1478,2024-08-26,Altri danni ai beni,,Abruzzo,1682.0,1625.01,liquidato,2024-10-25,2024-11-04,2024-11-11
2049,983,2026-07-04,Corpi di veicoli terrestri,,Umbria,4683.99,4163.89,liquidato,2026-07-26,2026-08-01,2026-08-07
2050,1191,2025-03-15,Altri danni ai beni,,Umbria,1178.03,1108.49,liquidato,2025-04-27,2025-05-10,2025-05-23
2051,3622,2025-09-11,Altri danni ai beni,,Veneto,2227.22,,aperto,,,
2052,891,2026-08-13,Incendio ed elementi naturali,,Valle d'Aosta,5214.79,4836.03,liquidato,2026-09-23,2026-09-24,2026-10-05
2053,667,2025-05-23,Incendio ed elementi naturali,,Umbria,2753.3,2564.56,liquidato,2025-07-19,2025-08-04,2025-08-12
2054,3816,2023-11-11,Incendio ed elementi naturali,,Piemonte,12568.26,11351.25,liquidato,2023-12-06,2023-12-16,2023-12-19
2055,3259,2026-08-21,Altri danni ai beni,,Umbria,2225.39,2143.52,liquidato,2026-09-06,2026-09-25,2026-10-10
2056,652,2024-07-05,RC generale,,Lazio,12913.42,12778.91,liquidato,2024-07-29,2024-08-11,2024-08-15
2057,3318,2023-12-31,Incendio ed elementi naturali,,Puglia,200,,aperto,,,
2058,4295,2024-08-14,Corpi di veicoli terrestri,,Emilia-Romagna,1111.45,948.23,liquidato,2024-10-11,2024-10-25,2024-11-09
2059,3335,2026-01-13,Incendio ed elementi naturali,,Campania,18297.43,,in_contenzioso,2026-01-30,,
2060,1131,2024-12-21,Altri danni ai beni,,Lombardia,2049.16,1905.11,liquidato,2025-01-22,2025-02-11,2025-02-26
2061,156,2025-09-05,RC generale,,Molise,6907.82,6790.27,liquidato,2025-09-28,2025-10-17,2025-10-29
2062,2121,2026-06-17,Corpi di veicoli terrestri,,Molise,3716.01,,respinto,,,
2063,4098,2026-04-08,RC autoveicoli terrestri,congiunto,Umbria,6960.27,6965.44,liquidato,2026-04-30,2026-05-16,2026-05-22
2064,872,2025-11-01,RC generale,,Sicilia,9547.35,9268.63,liquidato,2025-11-17,2025-11-29,2025-12-10
2065,1029,2026-06-28,RC generale,,Valle d'Aosta,7075.0,,respinto,,,
2066,4146,2024-07-19,Incendio ed elementi naturali,,Basilicata,11080.16,,respinto,,,
2067,4027,2025-10-21,RC autoveicoli terrestri,congiunto,Molise,1221.44,897.54,liquidato,2025-11-10,2025-11-15,2025-11-29
2068,546,2024-03-05,Corpi di veicoli terrestri,,Toscana,5049.3,,respinto,,,
2069,1237,2025-07-06,RC autoveicoli terrestri,unilaterale,Basilicata,8020.15,8249.47,liquidato,2025-07-29,2025-08-12,2025-08-26
2070,3827,2026-06-30,RC generale,,Calabria,14426.86,,respinto,,,
2071,1327,2025-12-05,RC generale,,Piemonte,8001.44,7900.31,liquidato,2025-12-23,2026-01-03,2026-01-16
2072,2194,2026-05-27,Incendio ed elementi naturali,,Campania,12501.9,,respinto,,,
2073,3327,2024-11-19,RC autoveicoli terrestri,congiunto,Sardegna,1396.93,,respinto,,,
2074,231,2023-07-28,RC generale,,Campania,9855.35,9087.78,liquidato,2023-09-21,2023-10-04,2023-10-13
2075,364,2024-03-23,Altri danni ai beni,,Friuli-Venezia Giulia,2274.89,2155.93,liquidato,2024-05-18,2024-06-01,2024-06-04
2076,427,2026-07-02,RC generale,,Veneto,12003.61,11208.01,liquidato,2026-08-16,2026-08-30,2026-09-12
2077,2986,2024-04-23,RC generale,,Liguria,6459.28,,aperto,,,
2078,1858,2026-02-10,RC autoveicoli terrestri,congiunto,Umbria,,,respinto,,,
2079,1298,2024-01-10,RC autoveicoli terrestri,congiunto,Valle d'Aosta,8838.72,8534.74,liquidato,2024-02-05,2024-02-20,2024-02-28
2080,2121,2026-03-16,Corpi di veicoli terrestri,,Molise,2826.34,,aperto,,,
2081,150,2025-07-03,Incendio ed elementi naturali,,Lombardia,11988.45,11428.21,liquidato,2025-07-14,2025-07-24,2025-07-28
2082,3154,2024-09-06,Incendio ed elementi naturali,,Basilicata,6163.48,5708.71,liquidato,2024-09-17,2024-10-03,2024-10-17
2083,816,2026-08-05,Incendio ed elementi naturali,,Veneto,776.55,0.0,liquidato,2026-09-05,2026-09-19,2026-09-26
2084,3082,2026-07-08,RC generale,,Toscana,200,0.0,liquidato,2026-08-06,2026-08-10,2026-08-22
2085,1362,2023-11-23,Altri danni ai beni,,Emilia-Romagna,2760.06,2699.07,liquidato,2023-12-21,2023-12-24,2024-01-05
2086,3492,2025-10-29,RC autoveicoli terrestri,unilaterale,Abruzzo,2176.2,1922.23,liquidato,2025-11-29,2025-12-13,2025-12-23
2087,1285,2025-06-06,Incendio ed elementi naturali,,Valle d'Aosta,19976.15,,respinto,,,
2088,3798,2023-10-22,Altri danni ai beni,,Sardegna,281.51,,aperto,,,
2089,348,2025-01-26,RC autoveicoli terrestri,congiunto,Valle d'Aosta,9358.27,9162.89,liquidato,2025-02-24,2025-02-28,2025-03-14
2090,1822,2024-05-25,Corpi di veicoli terrestri,,Sicilia,2739.28,,respinto,,,
2091,739,2026-06-15,Corpi di veicoli terrestri,,Molise,1510.03,998.41,liquidato,2026-07-12,2026-07-28,2026-08-12
2092,3171,2024-02-11,Corpi di veicoli terrestri,,Valle d'Aosta,3835.51,,aperto,,,
2093,302,2026-08-24,RC autoveicoli terrestri,congiunto,Liguria,6817.77,6721.53,liquidato,2026-09-13,2026-09-17,2026-09-24
2094,259,2026-08-22,RC autoveicoli terrestri,unilaterale,Friuli-Venezia Giulia,1364.53,,aperto,,,
2095,2749,2024-03-10,RC generale,,Molise,9530.59,9548.94,liquidato,2024-05-05,2024-05-09,2024-05-14
2096,3396,2026-08-24,Altri danni ai beni,,Friuli-Venezia Giulia,2606.06,2565.17,liquidato,2026-10-08,2026-10-21,2026-10-30
2097,356,2024-06-26,Altri danni ai beni,,Basilicata,1517.81,1283.7,liquidato,2024-07-25,2024-07-28,2024-08-11
2098,1079,2025-06-20,Altri danni ai beni,,Abruzzo,754.68,,aperto,,,
2099,2084,2025-03-03,RC autoveicoli terrestri,unilaterale,Toscana,5820.41,5606.31,liquidato,2025-03-16,2025-03-28,2025-04-02
2100,3865,2024-11-24,Altri danni ai beni,,Veneto,1454.49,,in_contenzioso,2024-12-05,,
2101,208,2024-02-27,RC generale,,Lazio,8087.28,7758.83,liquidato,2024-04-22,2024-05-09,2024-05-17
2102,3150,2026-03-16,Altri danni ai beni,,Liguria,1308.2,1112.14,liquidato,2026-05-14,2026-05-18,2026-05-23
2103,637,2023-12-02,RC generale,,Piemonte,13393.12,13228.55,liquidato,2023-12-23,2024-01-04,2024-01-11
2104,2814,2026-04-28,Altri danni ai beni,,Toscana,1487.8,,aperto,,,
2105,3664,2023-11-04,Altri danni ai beni,,Sicilia,2315.48,,aperto,,,
2106,466,2026-02-05,Altri danni ai beni,,Lombardia,1148.94,970.54,liquidato,2026-02-27,2026-03-04,2026-03-16
2107,722,2025-06-26,Corpi di veicoli terrestri,,Sardegna,5824.59,5440.45,liquidato,2025-08-18,2025-08-29,2025-09-12
2108,3553,2024-05-02,RC autoveicoli terrestri,congiunto,Sardegna,200,49.11,liquidato,2024-05-12,2024-05-21,2024-06-03
2109,1216,2024-01-18,Corpi di veicoli terrestri,,Valle d'Aosta,561.62,,aperto,,,
2110,299,2026-07-19,RC autoveicoli terrestri,unilaterale,Abruzzo,1404.47,,aperto,,,
2111,2708,2026-08-14,Incendio ed elementi naturali,,Emilia-Romagna,7633.51,7282.23,liquidato,2026-09-19,2026-10-09,2026-10-13
2112,2763,2024-10-14,RC autoveicoli terrestri,unilaterale,Umbria,5290.83,,aperto,,,
2113,57,2026-08-04,RC autoveicoli terrestri,unilaterale,Toscana,2751.38,,respinto,,,
2114,3082,2026-06-14,Incendio ed elementi naturali,,Toscana,7822.49,,aperto,,,
2115,1098,2025-07-22,RC autoveicoli terrestri,congiunto,Trentino-Alto Adige,,11630.06,liquidato,2025-08-15,2025-08-23,2025-08-29
2116,1329,2026-07-24,RC autoveicoli terrestri,congiunto,Abruzzo,10141.47,9873.17,liquidato,2026-08-16,2026-09-03,2026-09-13
2117,3481,2025-05-13,Corpi di veicoli terrestri,,Basilicata,5930.71,,in_contenzioso,2025-05-23,,
2118,1279,2026-06-01,Altri danni ai beni,,Abruzzo,1670.54,1451.46,liquidato,2026-06-22,2026-07-09,2026-07-17
2119,2796,2026-06-04,Incendio ed elementi naturali,,Lombardia,11075.82,,aperto,,,
2120,629,2026-08-03,Corpi di veicoli terrestri,,Marche,8710.37,,in_contenzioso,2026-08-15,,
2121,1860,2024-12-11,Incendio ed elementi naturali,,Marche,15237.58,,in_contenzioso,2025-01-05,,
2122,2330,2025-05-10,Incendio ed elementi naturali,,Liguria,1028.38,,aperto,,,
2123,1710,2026-02-03,Corpi di veicoli terrestri,,Lazio,704.27,206.14,liquidato,2026-03-22,2026-03-30,2026-04-06
2124,656,2024-02-21,Corpi di veicoli terrestri,,Basilicata,3371.85,2921.97,liquidato,2024-03-19,2024-04-01,2024-04-09
2125,3535,2024-12-08,Altri danni ai beni,,Abruzzo,2123.08,2053.57,liquidato,2024-12-21,2025-01-03,2025-01-15
2126,819,2025-12-10,Corpi di veicoli terrestri,,Veneto,7901.11,7527.69,liquidato,2025-12-29,2026-01-06,2026-01-18
2127,512,2025-10-26,Corpi di veicoli terrestri,,Basilicata,5453.02,4945.2,liquidato,2025-12-05,2025-12-17,2025-12-25
2128,3515,2025-03-26,RC autoveicoli terrestri,unilaterale,Lombardia,11846.21,,in_contenzioso,2025-05-25,,
2129,2804,2025-04-09,RC autoveicoli terrestri,unilaterale,Piemonte,8186.73,8222.56,liquidato,2025-05-27,2025-06-10,2025-06-13
2130,4058,2024-08-09,Incendio ed elementi naturali,,Trentino-Alto Adige,10335.59,9185.81,liquidato,2024-08-25,2024-08-26,2024-09-10
2131,3510,2026-08-07,Altri danni ai beni,,Calabria,1068.02,853.71,liquidato,2026-08-26,2026-09-11,2026-09-19
2132,3681,2024-02-03,Incendio ed elementi naturali,,Lazio,14309.7,13112.91,liquidato,2024-03-09,2024-03-14,2024-03-19
2133,1708,2024-06-04,RC autoveicoli terrestri,congiunto,Marche,7410.45,7173.28,liquidato,2024-06-16,2024-06-21,2024-07-05
2134,646,2026-06-28,RC generale,,Basilicata,10036.02,9658.77,liquidato,2026-08-07,2026-08-11,2026-08-19
2135,2058,2025-03-07,Corpi di veicoli terrestri,,Friuli-Venezia Giulia,4107.47,3735.12,liquidato,2025-04-25,2025-04-26,2025-05-06
2136,641,2026-05-14,Incendio ed elementi naturali,,Basilicata,14494.55,14522.07,liquidato,2026-07-01,2026-07-17,2026-07-28
2137,1075,2023-11-13,Incendio ed elementi naturali,,Marche,13051.41,12224.52,liquidato,2023-12-29,2024-01-12,2024-01-21
2138,2208,2023-09-08,RC autoveicoli terrestri,unilaterale,Emilia-Romagna,8005.45,,respinto,,,
2139,1845,2026-04-21,Corpi di veicoli terrestri,,Molise,5404.22,5163.65,liquidato,2026-05-24,2026-06-11,2026-06-18
2140,3819,2023-12-13,Incendio ed elementi naturali,,Veneto,13759.64,12570.97,liquidato,2024-01-12,2024-01-20,2024-02-02
2141,1326,2024-09-21,RC generale,,Sardegna,5406.07,5052.51,liquidato,2024-10-29,2024-11-08,2024-11-23
2142,2941,2024-01-25,Corpi di veicoli terrestri,,Emilia-Romagna,7881.65,7295.12,liquidato,2024-02-17,2024-03-02,2024-03-15
2143,2627,2023-10-08,Corpi di veicoli terrestri,,Puglia,4176.64,3829.18,liquidato,2023-11-28,2023-12-04,2023-12-09
2144,3622,2025-08-25,Altri danni ai beni,,Basilicata,1311.28,1183.8,liquidato,2025-09-26,2025-10-08,2025-10-15
2145,3315,2026-02-14,RC autoveicoli terrestri,congiunto,Marche,8862.89,8759.71,liquidato,2026-03-14,2026-03-31,2026-04-12
2146,512,2025-07-04,Corpi di veicoli terrestri,,Basilicata,2491.11,,respinto,,,
2147,2863,2025-11-09,Incendio ed elementi naturali,,Valle d'Aosta,13962.3,,respinto,,,
2148,576,2024-02-28,Altri danni ai beni,,Calabria,2995.45,2964.82,liquidato,2024-03-14,2024-03-18,2024-04-02
2149,3707,2024-09-04,RC generale,,Toscana,9360.04,8647.35,liquidato,2024-10-27,2024-10-28,2024-11-02
2150,4238,2023-07-16,RC autoveicoli terrestri,unilaterale,Marche,2258.38,2127.74,liquidato,2023-08-04,2023-08-08,2023-08-11
2151,3642,2026-03-27,Altri danni ai beni,,Sardegna,532.32,442.69,liquidato,2026-04-10,2026-04-22,2026-04-29
2152,304,2025-09-06,RC generale,,Calabria,7093.58,,aperto,,,
2153,3118,2023-07-21,RC autoveicoli terrestri,unilaterale,Basilicata,5622.17,5506.01,liquidato,2023-08-24,2023-09-01,2023-09-16
2154,1728,2025-10-05,RC autoveicoli terrestri,unilaterale,Trentino-Alto Adige,8544.09,8508.69,liquidato,2025-11-03,2025-11-15,2025-11-29
2155,1176,2026-06-06,Altri danni ai beni,,Umbria,1145.25,643.83,liquidato,2026-07-09,2026-07-12,2026-07-21
2156,467,2025-03-13,Corpi di veicoli terrestri,,Toscana,4996.39,4658.19,liquidato,2025-03-31,2025-04-07,2025-04-12
2157,3317,2026-01-19,RC autoveicoli terrestri,unilaterale,Trentino-Alto Adige,6045.05,5839.09,liquidato,2026-02-06,2026-02-07,2026-02-18
2158,3897,2026-08-03,Incendio ed elementi naturali,,Lombardia,13322.51,12306.97,liquidato,2026-08-22,2026-09-01,2026-09-12
2159,1834,2026-06-29,Altri danni ai beni,,Friuli-Venezia Giulia,733.04,621.84,liquidato,2026-08-08,2026-08-10,2026-08-18
2160,3244,2025-08-06,RC generale,,Lombardia,8830.25,8670.76,liquidato,2025-08-16,2025-09-01,2025-09-14
2161,3624,2025-08-23,Corpi di veicoli terrestri,,Sicilia,4477.89,4313.18,liquidato,2025-09-28,2025-10-02,2025-10-16
2162,2056,2025-07-08,RC generale,,Trentino-Alto Adige,3851.18,3707.35,liquidato,2025-07-30,2025-08-15,2025-08-26
2163,1429,2024-06-04,Corpi di veicoli terrestri,,Lazio,3231.53,,aperto,,,
2164,400,2024-01-18,RC generale,,Calabria,200,0.0,liquidato,2024-02-11,2024-02-21,2024-02-25
2165,3881,2026-04-26,RC generale,,Trentino-Alto Adige,7429.02,7179.55,liquidato,2026-05-13,2026-05-21,2026-05-30
2166,44,2025-01-03,RC generale,,Friuli-Venezia Giulia,14632.07,,aperto,,,
2167,1582,2025-10-03,Altri danni ai beni,,Piemonte,1483.58,,respinto,,,
2168,2911,2026-04-22,Altri danni ai beni,,Sardegna,3210.27,,aperto,,,
2169,1886,2024-02-29,Altri danni ai beni,,Friuli-Venezia Giulia,930.46,741.82,liquidato,2024-03-11,2024-03-18,2024-03-21
2170,3818,2025-03-10,Corpi di veicoli terrestri,,Liguria,7004.83,,aperto,,,
2171,1430,2023-11-12,Incendio ed elementi naturali,,Veneto,26665.04,25802.7,liquidato,2024-01-11,2024-01-22,2024-02-02
2172,3312,2026-08-06,Altri danni ai beni,,Campania,1142.6,944.0,liquidato,2026-09-07,2026-09-21,2026-10-01
2173,1834,2026-06-18,Altri danni ai beni,,Friuli-Venezia Giulia,549.46,446.55,liquidato,2026-07-13,2026-07-31,2026-08-13
2174,3595,2025-07-13,Altri danni ai beni,,Umbria,1769.68,,in_contenzioso,2025-07-25,,
2175,2405,2024-11-29,Altri danni ai beni,,Lazio,748.41,644.12,liquidato,2025-01-20,2025-02-09,2025-02-22
2176,590,2025-10-27,Corpi di veicoli terrestri,,Puglia,3051.22,2516.86,liquidato,2025-12-25,2026-01-13,2026-01-22
2177,1643,2024-07-22,Altri danni ai beni,,Molise,2152.4,2057.15,liquidato,2024-08-14,2024-08-27,2024-09-03
2178,628,2025-11-13,Altri danni ai beni,,Toscana,721.46,606.5,liquidato,2026-01-10,2026-01-25,2026-02-04
2179,2106,2025-11-18,RC autoveicoli terrestri,congiunto,Umbria,13078.93,12859.37,liquidato,2025-12-02,2025-12-22,2025-12-26
2180,1188,2025-06-10,Altri danni ai beni,,Lazio,1266.32,1139.66,liquidato,2025-07-31,2025-08-12,2025-08-21
2181,1947,2025-06-05,Incendio ed elementi naturali,,Lombardia,12509.3,11188.05,liquidato,2025-06-18,2025-07-03,2025-07-08
2182,2514,2024-03-18,Corpi di veicoli terrestri,,Emilia-Romagna,5266.58,4853.07,liquidato,2024-04-13,2024-05-03,2024-05-11
2183,1603,2025-01-07,RC generale,,Emilia-Romagna,12665.12,12303.91,liquidato,2025-01-29,2025-02-04,2024-12-26
2184,3918,2026-06-12,RC generale,,Valle d'Aosta,13859.54,13308.59,liquidato,2026-08-04,2026-08-09,2026-08-18
2185,18,2024-09-23,RC generale,,Marche,1473.58,1248.58,liquidato,2024-10-07,2024-10-21,2024-11-05
2186,2257,2024-08-20,Corpi di veicoli terrestri,,Sicilia,3411.07,2936.61,liquidato,2024-09-21,2024-10-07,2024-10-19
2187,1007,2025-11-11,Altri danni ai beni,,Friuli-Venezia Giulia,1889.07,1824.06,liquidato,2025-11-22,2025-11-24,2025-12-05
2188,1516,2026-05-25,Altri danni ai beni,,Emilia-Romagna,1359.18,1129.96,liquidato,2026-07-17,2026-07-20,2026-07-27
2189,1394,2025-01-11,Altri danni ai beni,,Molise,3428.73,,aperto,,,
2190,3761,2024-09-01,RC autoveicoli terrestri,congiunto,Puglia,6253.08,5985.01,liquidato,2024-09-27,2024-10-05,2024-10-10
2191,3057,2026-08-08,Corpi di veicoli terrestri,,Liguria,3227.47,3110.78,liquidato,2026-09-17,2026-10-04,2026-10-08
2192,1456,2024-01-10,RC generale,,Sardegna,2342.28,2111.29,liquidato,2024-02-12,2024-02-23,2024-03-04
2193,3914,2024-05-18,RC autoveicoli terrestri,unilaterale,Toscana,7052.49,6664.9,liquidato,2024-06-01,2024-06-04,2024-06-07
2194,986,2026-01-05,Altri danni ai beni,,Puglia,2564.79,,in_contenzioso,2026-03-03,,
2195,2320,2025-01-04,RC autoveicoli terrestri,congiunto,Piemonte,5480.27,5421.94,liquidato,2025-01-18,2025-01-27,2025-02-04
2196,794,2025-04-14,RC generale,,Emilia-Romagna,5851.5,5340.17,liquidato,2025-06-13,2025-07-03,2025-07-08
2197,4191,2026-03-20,Incendio ed elementi naturali,,Trentino-Alto Adige,16735.06,15913.13,liquidato,2026-04-13,2026-04-21,2026-05-05
2198,3614,2024-04-26,Corpi di veicoli terrestri,,Calabria,658.73,,aperto,,,
2199,2443,2025-04-24,Corpi di veicoli terrestri,,Friuli-Venezia Giulia,2608.45,,aperto,,,
2200,748,2026-06-18,Altri danni ai beni,,Umbria,1810.8,,aperto,,,
2201,1104,2024-10-24,Corpi di veicoli terrestri,,Lazio,5792.87,5542.68,liquidato,2024-11-10,2024-11-14,2024-11-23
2202,4283,2025-04-16,Incendio ed elementi naturali,,Emilia-Romagna,2619.66,1657.28,liquidato,2025-05-07,2025-05-10,2025-05-23
2203,1005,2024-04-11,Corpi di veicoli terrestri,,Friuli-Venezia Giulia,6437.45,,respinto,,,
2204,3194,2024-06-14,RC generale,,Molise,11377.19,11134.7,liquidato,2024-07-22,2024-07-29,2024-08-05
2205,1593,2026-06-15,Incendio ed elementi naturali,,Piemonte,21154.69,20489.17,liquidato,2026-07-10,2026-07-25,2026-08-01
2206,2799,2023-09-27,Incendio ed elementi naturali,,Sardegna,10656.23,10160.98,liquidato,2023-11-04,2023-11-15,2023-11-24
2207,3083,2025-12-26,Incendio ed elementi naturali,,Toscana,11556.78,11262.43,liquidato,2026-01-11,2026-01-15,2026-01-23
2208,3445,2026-06-07,RC generale,,Campania,13477.77,12745.89,liquidato,2026-07-11,2026-07-18,2026-07-21
2209,3529,2026-06-14,RC generale,,Lazio,9597.68,,aperto,,,
2210,576,2024-01-09,Altri danni ai beni,,Basilicata,1935.61,1838.01,liquidato,2024-03-01,2024-03-21,2024-03-31
2211,1686,2026-07-31,RC generale,,Puglia,4922.75,4798.52,liquidato,2026-09-14,2026-10-03,2026-10-15
2212,3265,2023-06-06,Corpi di veicoli terrestri,,Toscana,3728.29,3346.66,liquidato,2023-06-28,2023-07-11,2023-07-23
2213,1445,2026-06-13,Corpi di veicoli terrestri,,Campania,3815.57,3610.67,liquidato,2026-07-27,2026-08-11,2026-08-17
2214,2369,2026-08-03,Corpi di veicoli terrestri,,Piemonte,1433.47,930.56,liquidato,2026-09-22,2026-09-29,2026-10-06
2215,4225,2023-11-26,Incendio ed elementi naturali,,Marche,7949.19,7511.22,liquidato,2023-12-09,2023-12-20,2024-01-03
2216,2350,2026-04-24,Incendio ed elementi naturali,,Abruzzo,18408.99,,in_contenzioso,2026-06-13,,
2217,3013,2024-05-01,RC generale,,Molise,9946.48,,aperto,,,
2218,2631,2025-06-05,Corpi di veicoli terrestri,,Abruzzo,2547.03,,aperto,,,
2219,428,2025-11-10,Altri danni ai beni,,Veneto,1246.56,,in_contenzioso,2025-12-24,,
2220,839,2025-08-14,Corpi di veicoli terrestri,,Piemonte,6053.65,,respinto,,,
2221,2203,2025-05-01,RC autoveicoli terrestri,unilaterale,Trentino-Alto Adige,3350.66,,in_contenzioso,2025-05-17,,
2222,4045,2026-07-05,RC autoveicoli terrestri,congiunto,Sicilia,9843.64,10122.76,liquidato,2026-07-16,2026-07-30,2026-08-12
2223,1240,2024-03-28,Incendio ed elementi naturali,,Toscana,11115.4,10389.29,liquidato,2024-05-25,2024-06-10,2024-06-17
2224,3716,2026-04-12,Altri danni ai beni,,Piemonte,1839.23,1603.14,liquidato,2026-05-14,2026-05-26,2026-06-08
2225,2725,2026-07-26,Altri danni ai beni,,Umbria,2639.3,2480.02,liquidato,2026-08-12,2026-08-13,2026-08-16
2226,3436,2024-08-22,Incendio ed elementi naturali,,Campania,9468.44,,in_contenzioso,2024-09-04,,
2227,2065,2026-08-23,Altri danni ai beni,,Lazio,886.5,385.33,liquidato,2026-10-14,2026-10-15,2026-10-25
2228,2962,2026-03-30,Altri danni ai beni,,Emilia-Romagna,1174.34,1060.55,liquidato,2026-04-20,2026-04-27,2026-05-08
2229,1061,2026-08-24,Incendio ed elementi naturali,,Valle d'Aosta,21872.41,21234.92,liquidato,2026-09-28,2026-10-15,2026-10-19
2230,1001,2024-09-25,Incendio ed elementi naturali,,Calabria,12782.3,,aperto,,,
2231,2815,2024-04-21,RC generale,,Valle d'Aosta,5134.43,,respinto,,,
2232,2334,2026-07-29,Incendio ed elementi naturali,,Molise,20944.47,20385.59,liquidato,2026-08-11,2026-08-29,2026-09-09
2233,54,2024-05-18,RC autoveicoli terrestri,unilaterale,Trentino-Alto Adige,1090.59,924.74,liquidato,2024-06-26,2024-07-04,2024-07-18
2234,835,2025-04-17,RC generale,,Lombardia,5624.04,5273.76,liquidato,2025-05-05,2025-05-13,2025-05-20
2235,2981,2026-01-11,Altri danni ai beni,,Lazio,1897.57,1721.18,liquidato,2026-02-25,2026-03-15,2026-03-21
2236,1611,2026-08-20,RC generale,,Sicilia,1529.12,1258.38,liquidato,2026-10-11,2026-10-28,2026-10-31
2237,1324,2026-08-12,Incendio ed elementi naturali,,Trentino-Alto Adige,19459.28,18463.46,liquidato,2026-10-08,2026-10-18,2026-10-29
2238,2650,2025-12-23,Corpi di veicoli terrestri,,Trentino-Alto Adige,2543.88,2016.19,liquidato,2026-02-02,2026-02-12,2026-02-17
2239,1499,2024-02-06,Corpi di veicoli terrestri,,Molise,1984.39,1682.25,liquidato,2024-03-20,2024-03-30,2024-04-04
2240,368,2026-01-29,Incendio ed elementi naturali,,Friuli-Venezia Giulia,16218.1,,aperto,,,
2241,1155,2025-07-20,RC autoveicoli terrestri,congiunto,Valle d'Aosta,7522.04,7554.66,liquidato,2025-08-18,2025-08-26,2025-07-11
2242,3674,2023-06-19,Incendio ed elementi naturali,,Calabria,20313.64,19730.24,liquidato,2023-07-28,2023-07-29,2023-08-05
2243,804,2024-02-27,Corpi di veicoli terrestri,,Abruzzo,5057.13,4542.86,liquidato,2024-04-20,2024-04-24,2024-04-27
2244,1420,2023-10-07,Corpi di veicoli terrestri,,Emilia-Romagna,3710.1,3288.4,liquidato,2023-10-28,2023-11-09,2023-11-19
2245,589,2023-12-18,RC autoveicoli terrestri,congiunto,Veneto,11001.63,10927.31,liquidato,2024-01-10,2024-01-13,2024-01-24
2246,248,2026-08-17,RC autoveicoli terrestri,congiunto,Umbria,10564.17,,in_contenzioso,2026-09-11,,
2247,2071,2024-11-23,RC autoveicoli terrestri,congiunto,Liguria,10947.89,11096.35,liquidato,2024-12-09,2024-12-28,2025-01-08
2248,607,2025-05-10,Corpi di veicoli terrestri,,Puglia,2815.44,2247.27,liquidato,2025-06-08,2025-06-16,2025-06-23
2249,2343,2026-07-20,Corpi di veicoli terrestri,,Valle d'Aosta,5427.55,4799.24,liquidato,2026-09-02,2026-09-04,2026-09-14
2250,1904,2023-12-03,Corpi di veicoli terrestri,,Marche,200,,aperto,,,
2251,217,2024-01-08,RC generale,,Friuli-Venezia Giulia,2532.3,,aperto,,,
2252,2041,2024-08-19,Altri danni ai beni,,Valle d'Aosta,2895.13,2710.22,liquidato,2024-10-04,2024-10-07,2024-10-17
2253,241,2026-07-17,Corpi di veicoli terrestri,,Emilia-Romagna,4414.8,4110.29,liquidato,2026-08-11,2026-08-17,2026-08-31
2254,3389,2025-05-25,RC generale,,Emilia-Romagna,10673.81,,in_contenzioso,2025-06-11,,
2255,3833,2026-08-20,RC autoveicoli terrestri,congiunto,Marche,7993.75,7847.0,liquidato,2026-09-14,2026-09-15,2026-09-30
2256,2442,2023-10-29,Incendio ed elementi naturali,,Molise,7285.44,7050.29,liquidato,2023-12-19,2023-12-31,2024-01-07
2257,955,2025-02-27,Corpi di veicoli terrestri,,Puglia,3791.14,3405.6,liquidato,2025-04-03,2025-04-12,2025-02-16
2258,3750,2023-10-02,RC autoveicoli terrestri,congiunto,Toscana,3597.5,3379.53,liquidato,2023-10-22,2023-11-07,2023-11-21
2259,691,2025-01-22,RC autoveicoli terrestri,congiunto,Lazio,5994.84,5527.31,liquidato,2025-02-08,2025-02-09,2025-02-12
2260,3319,2025-05-20,RC generale,,Marche,10087.13,9622.25,liquidato,2025-06-18,2025-06-19,2025-07-02
2261,1214,2023-05-11,Altri danni ai beni,,Basilicata,1720.31,,in_contenzioso,2023-06-08,,
2262,2591,2024-01-21,Corpi di veicoli terrestri,,Campania,5620.47,5215.81,liquidato,2024-02-21,2024-03-12,2024-03-18
2263,438,2026-08-20,Incendio ed elementi naturali,,Lazio,6642.56,6282.81,liquidato,2026-09-03,2026-09-11,2026-09-16
2264,2439,2024-08-05,Corpi di veicoli terrestri,,Marche,200,50.27,liquidato,2024-08-23,2024-08-28,2024-08-31
2265,3570,2025-10-25,Corpi di veicoli terrestri,,Umbria,,1644.59,liquidato,2025-12-04,2025-12-18,2025-12-23
2266,1409,2025-09-29,RC autoveicoli terrestri,unilaterale,Lazio,3733.4,3749.14,liquidato,2025-10-20,2025-11-06,2025-11-09
2267,1153,2024-07-25,RC generale,,Liguria,7490.02,6896.8,liquidato,2024-08-26,2024-09-07,2024-09-10
2268,624,2026-04-20,RC autoveicoli terrestri,unilaterale,Calabria,6874.34,6452.56,liquidato,2026-05-29,2026-06-12,2026-06-19
2269,3419,2023-05-24,RC autoveicoli terrestri,congiunto,Valle d'Aosta,200,0.0,liquidato,2023-06-06,2023-06-21,2023-07-05
2270,2517,2026-07-02,Altri danni ai beni,,Emilia-Romagna,870.73,789.02,liquidato,2026-07-30,2026-08-17,2026-08-28
2271,2747,2025-03-20,Altri danni ai beni,,Basilicata,2848.08,2716.27,liquidato,2025-03-31,2025-04-03,2025-04-14
2272,4260,2026-06-17,Corpi di veicoli terrestri,,Basilicata,6827.82,6443.61,liquidato,2026-08-11,2026-08-17,2026-08-20
2273,4091,2025-11-12,Altri danni ai beni,,Emilia-Romagna,2065.27,,respinto,,,
2274,2430,2025-06-22,Incendio ed elementi naturali,,Basilicata,14106.07,13558.97,liquidato,2025-08-03,2025-08-15,2025-08-20
2275,4154,2025-06-27,Incendio ed elementi naturali,,Basilicata,10555.03,10371.01,liquidato,2025-08-17,2025-08-29,2025-09-06
2276,2899,2025-07-25,Corpi di veicoli terrestri,,Calabria,4624.17,4108.23,liquidato,2025-08-05,2025-08-17,2025-08-31
2277,590,2025-01-16,Corpi di veicoli terrestri,,Puglia,5475.84,,aperto,,,
2278,2035,2025-03-15,RC generale,,Veneto,,,respinto,,,
2279,1121,2025-04-03,Incendio ed elementi naturali,,Lombardia,,,aperto,,,
2280,1882,2024-03-11,RC generale,,Abruzzo,16402.29,16611.41,liquidato,2024-04-22,2024-05-12,2024-05-26
2281,485,2024-07-12,RC generale,,Piemonte,15273.49,15080.72,liquidato,2024-08-18,2024-08-22,2024-08-25
2282,4295,2024-08-17,Corpi di veicoli terrestri,,Emilia-Romagna,3970.72,,respinto,,,
2283,4061,2026-03-18,Altri danni ai beni,,Abruzzo,1986.99,1804.64,liquidato,2026-04-09,2026-04-25,2026-05-05
2284,3303,2024-11-24,RC generale,,Piemonte,11282.65,11356.45,liquidato,2025-01-18,2025-02-03,2025-02-08
2285,4218,2023-12-16,RC autoveicoli terrestri,unilaterale,Piemonte,5843.85,6007.2,liquidato,2024-01-23,2024-02-02,2024-02-07
2286,435,2025-01-08,RC autoveicoli terrestri,congiunto,Friuli-Venezia Giulia,4283.72,4289.5,liquidato,2025-01-20,2025-02-08,2025-02-19
2287,3888,2023-04-12,Corpi di veicoli terrestri,,Marche,2822.59,2577.12,liquidato,2023-05-23,2023-05-24,2023-05-31
2288,278,2024-01-25,Corpi di veicoli terrestri,,Campania,567.61,,respinto,,,
2289,2347,2025-05-02,RC autoveicoli terrestri,congiunto,Sardegna,5095.47,4998.23,liquidato,2025-05-19,2025-05-22,2025-06-04
2290,3502,2025-05-17,Altri danni ai beni,,Liguria,1250.65,1047.53,liquidato,2025-06-16,2025-06-30,2025-07-11
2291,4010,2026-08-04,RC autoveicoli terrestri,congiunto,Emilia-Romagna,12901.5,12724.66,liquidato,2026-08-25,2026-09-06,2026-09-21
2292,2126,2025-04-05,Altri danni ai beni,,Veneto,2708.65,,aperto,,,
2293,704,2025-07-27,RC generale,,Trentino-Alto Adige,11087.36,10775.47,liquidato,2025-08-07,2025-08-23,2025-09-04
2294,1168,2024-02-07,RC generale,,Umbria,4266.54,3698.47,liquidato,2024-02-26,2024-03-08,2024-03-23
2295,1237,2025-09-01,RC autoveicoli terrestri,congiunto,Basilicata,10109.49,,aperto,,,
2296,1001,2024-08-12,Incendio ed elementi naturali,,Calabria,23531.93,,respinto,,,
2297,830,2024-09-19,RC autoveicoli terrestri,congiunto,Veneto,4470.01,4168.01,liquidato,2024-10-16,2024-10-22,2024-10-27
2298,2393,2024-04-22,Incendio ed elementi naturali,,Toscana,16640.66,,aperto,,,
2299,1281,2024-12-16,Altri danni ai beni,,Valle d'Aosta,1766.08,1604.32,liquidato,2025-01-02,2025-01-14,2025-01-21
2300,3194,2024-02-07,RC generale,,Molise,14771.79,14566.45,liquidato,2024-02-27,2024-03-14,2024-03-22
2301,3556,2025-07-14,RC autoveicoli terrestri,congiunto,Veneto,7506.88,,respinto,,,
2302,1019,2025-01-11,Corpi di veicoli terrestri,,Veneto,4995.59,4794.33,liquidato,2025-02-12,2025-02-14,2025-02-19
2303,3903,2024-12-19,Incendio ed elementi naturali,,Puglia,18851.58,,aperto,,,
2304,105,2024-03-15,RC autoveicoli terrestri,unilaterale,Marche,3281.95,3180.04,liquidato,2024-04-19,2024-05-01,2024-05-12
2305,1693,2025-06-16,RC generale,,Sardegna,7603.59,7052.51,liquidato,2025-08-12,2025-08-18,2025-08-24
2306,3153,2025-08-02,RC generale,,Umbria,19516.79,,aperto,,,
2307,1490,2024-07-14,Altri danni ai beni,,Toscana,2845.18,,respinto,,,
2308,2070,2026-03-06,RC generale,,Marche,8501.96,8049.14,liquidato,2026-04-26,2026-05-08,2026-05-12
2309,1019,2025-08-07,Corpi di veicoli terrestri,,Veneto,1774.53,,in_contenzioso,2025-09-25,,
2310,3729,2024-11-25,Corpi di veicoli terrestri,,Lazio,6095.6,6010.25,liquidato,2024-12-21,2024-12-22,2025-01-06
2311,3551,2024-10-31,Altri danni ai beni,,Sicilia,2733.22,2669.58,liquidato,2024-12-30,2025-01-04,2025-01-17
2312,3166,2024-12-22,RC autoveicoli terrestri,unilaterale,Valle d'Aosta,4091.14,4028.31,liquidato,2025-02-13,2025-02-22,2025-02-26
2313,279,2025-05-20,Altri danni ai beni,,Basilicata,200,98.06,liquidato,2025-06-03,2025-06-06,2025-06-10
2314,200,2025-03-20,Corpi di veicoli terrestri,,Molise,2993.29,,aperto,,,
2315,1433,2026-05-12,Corpi di veicoli terrestri,,Puglia,5255.37,4908.47,liquidato,2026-06-12,2026-06-22,2026-07-04
2316,3914,2023-10-23,RC autoveicoli terrestri,congiunto,Lombardia,4901.69,4692.31,liquidato,2023-11-04,2023-11-16,2023-11-21
2317,2167,2025-10-04,RC autoveicoli terrestri,congiunto,Lazio,2373.41,2258.16,liquidato,2025-10-26,2025-11-08,2025-11-15
2318,1995,2025-06-20,Altri danni ai beni,,Lombardia,2898.0,2750.24,liquidato,2025-07-28,2025-08-07,2025-08-17
2319,1582,2025-11-07,Altri danni ai beni,,Piemonte,2113.95,1985.4,liquidato,2025-12-13,2025-12-22,2025-12-29
2320,3940,2025-03-08,RC generale,,Lombardia,13010.78,12267.11,liquidato,2025-03-18,2025-03-23,2025-03-26
2321,1616,2026-05-14,RC autoveicoli terrestri,congiunto,Lombardia,10333.2,,in_contenzioso,2026-06-04,,
2322,3279,2024-11-03,RC autoveicoli terrestri,congiunto,Trentino-Alto Adige,5368.92,5206.26,liquidato,2024-11-30,2024-12-04,2024-12-09
2323,4251,2024-05-24,RC generale,,Valle d'Aosta,7433.56,,aperto,,,
2324,3431,2023-04-18,Incendio ed elementi naturali,,Basilicata,25587.95,24136.39,liquidato,2023-05-21,2023-05-26,2023-06-10
2325,180,2025-02-08,Altri danni ai beni,,Valle d'Aosta,880.08,,aperto,,,
2326,2364,2025-03-15,RC generale,,Liguria,8745.17,,aperto,,,
2327,868,2024-06-04,Altri danni ai beni,,Sardegna,1553.07,,respinto,,,
2328,1363,2023-12-21,RC generale,,Molise,15140.46,,respinto,,,
2329,2643,2024-05-07,Incendio ed elementi naturali,,Lombardia,14706.38,13398.84,liquidato,2024-06-10,2024-06-19,2024-06-23
2330,678,2026-07-21,RC generale,,Abruzzo,14797.37,14678.6,liquidato,2026-09-03,2026-09-09,2026-09-19
2331,2998,2024-03-04,RC autoveicoli terrestri,unilaterale,Valle d'Aosta,9207.7,8959.31,liquidato,2024-04-27,2024-05-17,2024-05-25
2332,4266,2026-07-03,Corpi di veicoli terrestri,,Calabria,2241.36,1751.61,liquidato,2026-08-26,2026-09-09,2026-09-18
2333,971,2023-06-23,Altri danni ai beni,,Puglia,3081.58,2890.66,liquidato,2023-08-02,2023-08-15,2023-08-29
2334,4271,2024-11-29,Corpi di veicoli terrestri,,Basilicata,3282.5,3092.01,liquidato,2025-01-10,2025-01-15,2025-01-28
2335,3074,2025-06-30,Incendio ed elementi naturali,,Campania,18045.22,17516.87,liquidato,2025-08-13,2025-09-01,2025-09-09
2336,4287,2024-11-13,RC generale,,Veneto,15851.81,15203.69,liquidato,2024-12-04,2024-12-19,2024-12-25
2337,1477,2023-11-05,Corpi di veicoli terrestri,,Lazio,1017.93,513.77,liquidato,2023-11-24,2023-11-25,2023-12-07
2338,3862,2024-01-12,Altri danni ai beni,,Basilicata,2339.89,,in_contenzioso,2024-01-28,,
2339,501,2026-07-20,Altri danni ai beni,,Lombardia,1339.37,1219.85,liquidato,2026-09-07,2026-09-13,2026-09-19
2340,1590,2025-03-07,RC autoveicoli terrestri,congiunto,Valle d'Aosta,1030.54,740.24,liquidato,2025-03-25,2025-03-27,2025-03-31
2341,3905,2026-07-31,RC generale,,Friuli-Venezia Giulia,10394.36,9909.14,liquidato,2026-08-21,2026-08-29,2026-09-02
2342,783,2026-07-02,Incendio ed elementi naturali,,Umbria,9252.84,8853.71,liquidato,2026-07-27,2026-08-05,2026-08-08
2343,2749,2024-02-16,RC generale,,Molise,6345.88,,aperto,,,
2344,3518,2025-07-16,RC generale,,Molise,10118.07,,in_contenzioso,2025-09-11,,
2345,3084,2024-03-10,Altri danni ai beni,,Basilicata,1574.37,1474.53,liquidato,2024-04-02,2024-04-22,2024-04-26
2346,222,2025-04-20,Incendio ed elementi naturali,,Molise,20707.92,10107.2,liquidato,2025-06-17,2025-07-01,2025-07-04
2347,1602,2026-07-08,Corpi di veicoli terrestri,,Emilia-Romagna,4639.4,4265.86,liquidato,2026-08-24,2026-09-11,2026-09-15
2348,2105,2026-07-25,RC generale,,Toscana,5622.77,5433.47,liquidato,2026-08-09,2026-08-20,2026-08-25
2349,2797,2025-04-09,RC autoveicoli terrestri,congiunto,Molise,5256.6,4941.87,liquidato,2025-04-26,2025-04-27,2025-04-01
2350,857,2025-06-13,RC generale,,Abruzzo,9476.69,9284.06,liquidato,2025-07-07,2025-07-10,2025-07-18
2351,1859,2026-03-21,RC generale,,Piemonte,10933.51,10629.57,liquidato,2026-04-08,2026-04-22,2026-04-30
2352,107,2024-01-07,Corpi di veicoli terrestri,,Sardegna,8143.87,7978.61,liquidato,2024-02-27,2024-03-18,2024-03-24
2353,2455,2023-05-17,Corpi di veicoli terrestri,,Friuli-Venezia Giulia,3567.19,3394.11,liquidato,2023-05-30,2023-06-18,2023-06-30
2354,1663,2025-08-13,Corpi di veicoli terrestri,,Abruzzo,6918.61,6721.47,liquidato,2025-08-24,2025-09-06,2025-09-10
2355,4039,2025-09-04,Corpi di veicoli terrestri,,Valle d'Aosta,2297.95,,aperto,,,
2356,3603,2026-02-07,Altri danni ai beni,,Veneto,1858.4,,aperto,,,
2357,3422,2024-12-07,Corpi di veicoli terrestri,,Sicilia,2145.41,1823.22,liquidato,2025-02-01,2025-02-06,2025-02-10
2358,133,2026-08-20,RC generale,,Trentino-Alto Adige,200,,aperto,,,
2359,4138,2026-08-11,Altri danni ai beni,,Friuli-Venezia Giulia,2130.23,,in_contenzioso,2026-09-27,,
2360,2003,2026-04-06,Incendio ed elementi naturali,,Molise,18695.52,18448.32,liquidato,2026-05-11,2026-05-26,2026-06-01
2361,1408,2024-09-19,Corpi di veicoli terrestri,,Veneto,2844.99,,aperto,,,
2362,62,2025-04-14,Altri danni ai beni,,Abruzzo,2248.38,,aperto,,,
2363,74,2024-08-04,RC autoveicoli terrestri,unilaterale,Umbria,12026.25,12036.25,liquidato,2024-08-14,2024-08-18,2024-08-30
2364,2799,2023-11-02,RC generale,,Sardegna,5502.67,,respinto,,,
2365,2224,2024-04-01,Altri danni ai beni,,Toscana,937.41,,aperto,,,
2366,2960,2025-08-29,Corpi di veicoli terrestri,,Lombardia,4454.41,,aperto,,,
2367,4075,2024-02-27,RC generale,,Puglia,8786.88,8112.44,liquidato,2024-03-26,2024-04-06,2024-04-17
2368,2588,2026-08-22,Corpi di veicoli terrestri,,Marche,4830.31,4223.68,liquidato,2026-09-21,2026-10-09,2026-10-16
2369,3067,2026-07-03,RC autoveicoli terrestri,congiunto,Lombardia,8655.85,8361.59,liquidato,2026-07-30,2026-08-08,2026-08-21
2370,3961,2024-11-25,Corpi di veicoli terrestri,,Calabria,3718.34,3341.71,liquidato,2025-01-05,2025-01-13,2025-01-27
2371,1095,2024-07-11,Incendio ed elementi naturali,,Liguria,21107.16,20353.34,liquidato,2024-08-03,2024-08-10,2024-08-23
2372,313,2024-05-19,RC autoveicoli terrestri,congiunto,Lombardia,6823.13,6927.14,liquidato,2024-06-16,2024-07-03,2024-07-15
2373,1325,2026-01-28,RC generale,,Calabria,13926.37,13460.14,liquidato,2026-02-27,2026-03-12,2026-03-22
2374,3634,2024-09-24,RC generale,,Molise,10444.05,9905.56,liquidato,2024-11-21,2024-12-04,2024-12-08
2375,1240,2024-08-03,Incendio ed elementi naturali,,Toscana,2609.88,1626.62,liquidato,2024-09-15,2024-09-18,2024-09-27
2376,3214,2024-01-04,RC generale,,Trentino-Alto Adige,7477.62,7395.74,liquidato,2024-03-02,2024-03-08,2024-03-14
2377,1865,2025-06-18,Corpi di veicoli terrestri,,Valle d'Aosta,2991.92,2853.5,liquidato,2025-07-27,2025-08-07,2025-08-14
2378,3015,2025-09-29,Corpi di veicoli terrestri,,Liguria,4924.47,,respinto,,,
2379,3614,2023-11-19,Corpi di veicoli terrestri,,Trentino-Alto Adige,2566.8,2120.42,liquidato,2023-12-22,2024-01-04,2024-01-08
2380,590,2025-10-05,Corpi di veicoli terrestri,,Puglia,2318.11,,aperto,,,
2381,1878,2025-04-09,RC autoveicoli terrestri,congiunto,Calabria,3865.65,3627.35,liquidato,2025-05-07,2025-05-19,2025-05-28
2382,92,2025-06-17,Altri danni ai beni,,Emilia-Romagna,2511.51,2475.16,liquidato,2025-07-26,2025-08-12,2025-08-25
2383,580,2024-03-22,RC generale,,Friuli-Venezia Giulia,6001.55,5447.59,liquidato,2024-04-04,2024-04-14,2024-04-21
2384,1101,2024-08-25,RC generale,,Lombardia,5338.12,,aperto,,,
2385,2143,2026-08-20,Corpi di veicoli terrestri,,Friuli-Venezia Giulia,2687.04,2583.85,liquidato,2026-09-26,2026-10-06,2026-10-21
2386,3897,2026-05-27,Incendio ed elementi naturali,,Lombardia,11204.2,,aperto,,,
2387,2635,2025-04-05,Corpi di veicoli terrestri,,Puglia,1389.3,,in_contenzioso,2025-04-28,,
2388,2882,2026-05-10,Corpi di veicoli terrestri,,Basilicata,1471.43,1175.09,liquidato,2026-07-09,2026-07-16,2026-07-27
2389,4114,2026-01-21,Corpi di veicoli terrestri,,Friuli-Venezia Giulia,2102.19,1639.35,liquidato,2026-03-07,2026-03-27,2026-04-09
2390,1489,2026-05-04,Incendio ed elementi naturali,,Friuli-Venezia Giulia,16320.43,14986.03,liquidato,2026-06-13,2026-06-29,2026-07-12
2391,2921,2026-06-14,Altri danni ai beni,,Lombardia,1775.51,1568.16,liquidato,2026-08-04,2026-08-09,2026-08-13
2392,3555,2025-03-18,Incendio ed elementi naturali,,Umbria,5756.62,5536.39,liquidato,2025-05-12,2025-05-21,2025-05-31
2393,1501,2024-03-06,Incendio ed elementi naturali,,Basilicata,8953.66,7970.01,liquidato,2024-04-22,2024-05-08,2024-05-16
2394,2337,2025-11-26,Incendio ed elementi naturali,,Veneto,18220.48,17859.94,liquidato,2025-12-20,2025-12-27,2026-01-08
2395,3536,2024-11-15,Incendio ed elementi naturali,,Liguria,18526.93,18286.67,liquidato,2025-01-07,2025-01-26,2025-02-08
2396,617,2025-09-06,Altri danni ai beni,,Trentino-Alto Adige,1424.94,1261.44,liquidato,2025-10-09,2025-10-29,2025-11-07
2397,317,2026-03-18,Incendio ed elementi naturali,,Molise,7058.7,,aperto,,,
2398,1167,2023-03-14,Altri danni ai beni,,Marche,2021.93,1975.39,liquidato,2023-04-08,2023-04-13,2023-04-25
2399,1428,2026-07-17,Incendio ed elementi naturali,,Molise,10796.0,10726.66,liquidato,2026-08-16,2026-08-22,2026-08-26
2400,2286,2024-01-10,Corpi di veicoli terrestri,,Trentino-Alto Adige,2417.89,2109.7,liquidato,2024-03-02,2024-03-15,2024-03-27
2401,2111,2025-09-13,Altri danni ai beni,,Sicilia,1161.53,1074.87,liquidato,2025-10-21,2025-11-09,2025-11-24
2402,89,2026-06-26,Corpi di veicoli terrestri,,Marche,2474.15,2016.87,liquidato,2026-08-20,2026-09-07,2026-09-18
2403,1939,2023-12-14,Altri danni ai beni,,Veneto,1388.95,,aperto,,,
2404,2018,2024-02-06,Altri danni ai beni,,Trentino-Alto Adige,2034.95,1929.43,liquidato,2024-03-24,2024-03-29,2024-04-13
2405,1319,2026-02-12,Altri danni ai beni,,Lazio,1775.13,1708.06,liquidato,2026-04-11,2026-04-25,2026-05-01
2406,3326,2024-09-09,RC generale,,Valle d'Aosta,3252.88,2921.18,liquidato,2024-10-08,2024-10-24,2024-11-08
2407,602,2024-10-04,RC generale,,Abruzzo,10694.41,10233.43,liquidato,2024-10-27,2024-11-13,2024-11-17
2408,3783,2026-06-18,RC generale,,Lombardia,7052.45,,respinto,,,
2409,1379,2025-07-08,Altri danni ai beni,,Campania,1860.23,1757.11,liquidato,2025-08-22,2025-08-31,2025-09-05
2410,4106,2024-02-21,Altri danni ai beni,,Valle d'Aosta,1220.01,1135.07,liquidato,2024-03-05,2024-03-23,2024-03-26
2411,3029,2024-12-14,RC generale,,Liguria,4939.77,,aperto,,,
2412,3820,2025-02-10,Corpi di veicoli terrestri,,Lazio,4111.47,3840.07,liquidato,2025-04-01,2025-04-08,2025-04-13
2413,2427,2025-09-29,RC autoveicoli terrestri,congiunto,Abruzzo,6665.02,,in_contenzioso,2025-10-11,,
2414,3931,2024-07-27,Corpi di veicoli terrestri,,Lombardia,4451.64,4414.14,liquidato,2024-08-15,2024-09-02,2024-09-06
2415,460,2023-11-15,RC autoveicoli terrestri,unilaterale,Sardegna,3576.54,3514.53,liquidato,2023-12-10,2023-12-25,2024-01-09
2416,2926,2024-07-05,Incendio ed elementi naturali,,Valle d'Aosta,18634.8,18322.65,liquidato,2024-07-17,2024-07-31,2024-08-10
2417,773,2024-04-06,RC autoveicoli terrestri,unilaterale,Abruzzo,5940.33,,respinto,,,
2418,3338,2025-07-13,RC autoveicoli terrestri,unilaterale,Sardegna,5078.45,4826.17,liquidato,2025-08-12,2025-08-20,2025-08-26
2419,3108,2023-05-15,RC generale,,Friuli-Venezia Giulia,11240.76,11019.22,liquidato,2023-06-19,2023-07-08,2023-07-18
2420,3980,2023-10-03,Corpi di veicoli terrestri,,Emilia-Romagna,2909.82,,in_contenzioso,2023-11-19,,
2421,2566,2024-10-18,Corpi di veicoli terrestri,,Piemonte,4432.27,4326.5,liquidato,2024-11-02,2024-11-11,2024-11-20
2422,3172,2024-02-16,Corpi di veicoli terrestri,,Valle d'Aosta,3733.07,3293.93,liquidato,2024-03-19,2024-04-01,2024-04-05
2423,2097,2023-08-17,Incendio ed elementi naturali,,Trentino-Alto Adige,11131.86,10970.05,liquidato,2023-10-07,2023-10-22,2023-10-28
2424,2132,2024-03-14,Incendio ed elementi naturali,,Friuli-Venezia Giulia,3469.0,3279.76,liquidato,2024-04-09,2024-04-14,2024-04-27
2425,2614,2025-03-19,Corpi di veicoli terrestri,,Emilia-Romagna,2130.55,1582.25,liquidato,2025-04-09,2025-04-16,2025-04-20
2426,1364,2026-08-22,Altri danni ai beni,,Marche,200,0.0,liquidato,2026-10-07,2026-10-10,2026-10-15
2427,1265,2024-09-25,RC generale,,Calabria,8832.07,,respinto,,,
2428,1840,2026-07-04,RC generale,,Piemonte,5017.17,4512.48,liquidato,2026-07-23,2026-07-30,2026-08-10
2429,3410,2024-12-08,Incendio ed elementi naturali,,Liguria,8681.44,8077.46,liquidato,2025-01-09,2025-01-10,2025-01-24
2430,3540,2023-12-29,Altri danni ai beni,,Basilicata,2079.87,,respinto,,,
2431,69,2024-07-16,Incendio ed elementi naturali,,Lazio,10915.69,,respinto,,,
2432,3578,2023-08-23,Incendio ed elementi naturali,,Lombardia,9524.65,8907.23,liquidato,2023-10-15,2023-10-29,2023-11-08
2433,2465,2026-06-09,Corpi di veicoli terrestri,,Campania,4435.37,3910.43,liquidato,2026-07-17,2026-07-30,2026-08-09
2434,2066,2025-12-22,Corpi di veicoli terrestri,,Molise,4635.36,4448.8,liquidato,2026-02-16,2026-02-26,2026-03-08
2435,3495,2023-07-30,Altri danni ai beni,,Sicilia,2224.23,1981.21,liquidato,2023-08-14,2023-08-16,2023-08-27
2436,3889,2026-08-16,Corpi di veicoli terrestri,,Lazio,5624.89,,respinto,,,
2437,1427,2026-07-31,RC generale,,Abruzzo,10111.99,,in_contenzioso,2026-09-29,,
2438,577,2026-06-23,Incendio ed elementi naturali,,Lombardia,13482.38,,aperto,,,
2439,493,2026-07-04,Incendio ed elementi naturali,,Lazio,9591.88,8717.87,liquidato,2026-08-08,2026-08-09,2026-08-23
2440,451,2026-05-19,Altri danni ai beni,,Liguria,1347.18,1221.81,liquidato,2026-06-07,2026-06-10,2026-06-20
2441,3382,2024-12-16,Corpi di veicoli terrestri,,Friuli-Venezia Giulia,3895.69,3490.26,liquidato,2025-01-07,2025-01-10,2025-01-19
2442,3530,2023-05-08,RC generale,,Marche,7616.21,,aperto,,,
2443,1978,2024-06-12,Corpi di veicoli terrestri,,Veneto,3983.67,3924.87,liquidato,2024-07-13,2024-07-27,2024-08-04
2444,3813,2025-04-20,Incendio ed elementi naturali,,Lombardia,9900.0,8902.23,liquidato,2025-06-15,2025-06-24,2025-07-07
2445,2493,2024-02-25,Altri danni ai beni,,Friuli-Venezia Giulia,1819.82,1718.61,liquidato,2024-04-23,2024-05-13,2024-05-20
2446,3489,2026-05-18,RC generale,,Molise,10229.06,,aperto,,,
2447,4252,2025-09-12,Corpi di veicoli terrestri,,Valle d'Aosta,3409.64,2848.78,liquidato,2025-09-27,2025-10-05,2025-10-14
2448,1190,2026-07-21,Corpi di veicoli terrestri,,Friuli-Venezia Giulia,6075.88,5410.13,liquidato,2026-09-01,2026-09-04,2026-09-10
2449,3980,2024-02-10,Corpi di veicoli terrestri,,Emilia-Romagna,200,49.66,liquidato,2024-03-18,2024-03-30,2024-04-03
2450,3067,2026-03-30,RC autoveicoli terrestri,unilaterale,Lombardia,9362.71,9262.38,liquidato,2026-05-18,2026-05-24,2026-06-03
2451,704,2025-03-23,RC generale,,Trentino-Alto Adige,5391.62,4845.48,liquidato,2025-04-02,2025-04-10,2025-04-13
2452,1573,2024-05-03,RC autoveicoli terrestri,unilaterale,Abruzzo,4144.46,,aperto,,,
2453,4013,2026-01-27,Altri danni ai beni,,Sicilia,2881.43,2847.02,liquidato,2026-03-13,2026-03-19,2026-03-29
2454,1305,2025-08-07,RC generale,,Molise,7517.04,7213.24,liquidato,2025-09-01,2025-09-11,2025-09-17
2455,2821,2024-03-30,Altri danni ai beni,,Campania,2139.81,1980.8,liquidato,2024-04-28,2024-05-01,2024-05-13
2456,4070,2024-06-29,Incendio ed elementi naturali,,Liguria,200,,respinto,,,
2457,4004,2025-02-25,Incendio ed elementi naturali,,Sardegna,2708.66,2397.16,liquidato,2025-03-10,2025-03-29,2025-04-03
2458,3076,2025-01-29,Incendio ed elementi naturali,,Marche,4924.45,,aperto,,,
2459,1684,2025-01-23,RC autoveicoli terrestri,unilaterale,Liguria,8461.05,8077.03,liquidato,2025-03-03,2025-03-21,2025-03-31
2460,3411,2025-09-10,Incendio ed elementi naturali,,Emilia-Romagna,13742.15,12973.23,liquidato,2025-10-03,2025-10-18,2025-10-27
2461,2681,2024-01-13,Altri danni ai beni,,Marche,200,0.0,liquidato,2024-03-07,2024-03-16,2024-03-24
2462,1330,2026-02-14,RC autoveicoli terrestri,congiunto,Umbria,9452.63,9067.95,liquidato,2026-03-10,2026-03-17,2026-04-01
2463,3668,2025-10-22,RC generale,,Marche,7962.68,,aperto,,,
2464,1376,2025-11-19,Incendio ed elementi naturali,,Lombardia,9794.78,9423.81,liquidato,2026-01-04,2026-01-24,2026-02-02
2465,2636,2024-10-09,RC autoveicoli terrestri,congiunto,Lombardia,200,198.16,liquidato,2024-10-21,2024-10-22,2024-10-28
2466,3031,2025-01-04,Incendio ed elementi naturali,,Puglia,9670.3,8908.6,liquidato,2025-02-26,2025-02-28,2025-03-09
2467,244,2023-11-29,RC generale,,Emilia-Romagna,1023.24,537.8,liquidato,2023-12-21,2023-12-22,2023-12-25
2468,2240,2026-03-22,RC generale,,Molise,10005.0,9991.68,liquidato,2026-04-02,2026-04-16,2026-04-22
2469,1917,2025-02-16,Corpi di veicoli terrestri,,Friuli-Venezia Giulia,1098.84,807.43,liquidato,2025-04-05,2025-04-21,2025-05-04
2470,1384,2026-02-14,Incendio ed elementi naturali,,Trentino-Alto Adige,16399.24,16078.7,liquidato,2026-02-24,2026-03-16,2026-03-20
2471,749,2026-02-09,RC autoveicoli terrestri,unilaterale,Toscana,8237.89,7860.73,liquidato,2026-04-02,2026-04-22,2026-04-28
2472,3687,2023-05-29,Altri danni ai beni,,Marche,,,aperto,,,
2473,2879,2023-08-09,Corpi di veicoli terrestri,,Lazio,7134.46,,respinto,,,
2474,97,2026-08-24,Corpi di veicoli terrestri,,Marche,3825.17,3378.23,liquidato,2026-10-11,2026-10-16,2026-10-22
2475,2836,2026-06-03,Altri danni ai beni,,Emilia-Romagna,1378.51,1256.32,liquidato,2026-08-01,2026-08-04,2026-08-09
2476,1632,2024-05-02,RC autoveicoli terrestri,congiunto,Sardegna,4505.47,,aperto,,,
2477,136,2023-08-17,Altri danni ai beni,,Basilicata,3485.6,,aperto,,,
2478,121,2023-09-17,RC autoveicoli terrestri,unilaterale,Piemonte,13411.43,,in_contenzioso,2023-10-13,,
2479,1884,2026-07-15,RC generale,,Trentino-Alto Adige,16270.67,,aperto,,,
2480,110,2025-09-24,Incendio ed elementi naturali,,Valle d'Aosta,13891.35,12876.26,liquidato,2025-10-28,2025-11-07,2025-11-15
2481,1623,2023-10-20,RC autoveicoli terrestri,unilaterale,Friuli-Venezia Giulia,4926.67,4790.51,liquidato,2023-11-28,2023-12-01,2023-12-14
2482,376,2024-06-22,Altri danni ai beni,,Sardegna,900.93,,aperto,,,
2483,1742,2023-05-01,Altri danni ai beni,,Toscana,1113.09,1039.19,liquidato,2023-06-26,2023-06-30,2023-07-15
2484,3237,2023-12-26,RC generale,,Molise,10843.91,,respinto,,,
2485,2357,2026-03-26,RC autoveicoli terrestri,unilaterale,Umbria,9718.92,,aperto,,,
2486,1976,2024-05-04,Altri danni ai beni,,Liguria,1541.01,,aperto,,,
2487,31,2023-06-24,Corpi di veicoli terrestri,,Friuli-Venezia Giulia,5078.63,4700.33,liquidato,2023-07-12,2023-07-27,2023-08-01
2488,3801,2025-11-17,Incendio ed elementi naturali,,Lazio,,8726.71,liquidato,2026-01-11,2026-01-14,2026-01-18
2489,1528,2026-08-23,RC generale,,Marche,8938.32,,respinto,,,
2490,2884,2026-08-24,RC autoveicoli terrestri,unilaterale,Emilia-Romagna,6987.87,7154.54,liquidato,2026-09-20,2026-10-02,2026-10-14
2491,4293,2026-01-18,RC generale,,Molise,17464.82,17364.55,liquidato,2026-02-07,2026-02-12,2026-02-27
2492,2443,2025-07-08,Corpi di veicoli terrestri,,Friuli-Venezia Giulia,4901.34,4666.93,liquidato,2025-09-03,2025-09-08,2025-09-12
2493,1887,2026-06-18,RC autoveicoli terrestri,unilaterale,Emilia-Romagna,6279.13,6162.3,liquidato,2026-06-28,2026-07-03,2026-07-15
2494,15,2025-09-13,RC generale,,Lazio,6309.3,5939.25,liquidato,2025-09-24,2025-10-09,2025-10-17
2495,163,2025-12-26,RC autoveicoli terrestri,congiunto,Sardegna,7422.37,7210.54,liquidato,2026-01-18,2026-01-26,2026-02-08
2496,2177,2025-09-08,RC autoveicoli terrestri,congiunto,Lazio,,,aperto,,,
2497,1868,2025-10-25,Corpi di veicoli terrestri,,Calabria,5196.68,4922.15,liquidato,2025-12-21,2026-01-06,2026-01-15
2498,1528,2026-04-28,RC generale,,Marche,7392.14,7136.05,liquidato,2026-06-01,2026-06-10,2026-06-21
2499,1897,2024-08-03,Incendio ed elementi naturali,,Veneto,12840.17,,respinto,,,
2500,2541,2026-04-08,RC autoveicoli terrestri,congiunto,Basilicata,10293.49,10197.84,liquidato,2026-04-25,2026-05-13,2026-05-23
2501,2529,2026-07-29,RC autoveicoli terrestri,congiunto,Lombardia,5835.5,5602.12,liquidato,2026-08-26,2026-09-01,2026-09-12
2502,98,2026-07-15,RC generale,,Lazio,4074.98,,respinto,,,
2503,4149,2024-06-15,Corpi di veicoli terrestri,,Calabria,6062.77,,respinto,,,
2504,1245,2025-04-17,Incendio ed elementi naturali,,Umbria,12447.7,11745.33,liquidato,2025-05-14,2025-05-26,2025-06-09
2505,3014,2024-05-01,Incendio ed elementi naturali,,Trentino-Alto Adige,,5013.53,liquidato,2024-05-19,2024-06-05,2024-06-15
2506,3008,2026-08-21,Corpi di veicoli terrestri,,Sicilia,2999.81,,aperto,,,
2507,4234,2025-11-07,Incendio ed elementi naturali,,Lombardia,16961.21,16758.22,liquidato,2026-01-02,2026-01-16,2026-01-28
2508,371,2024-04-02,Corpi di veicoli terrestri,,Liguria,1551.81,1229.58,liquidato,2024-05-06,2024-05-19,2024-05-24
2509,2353,2026-07-08,Corpi di veicoli terrestri,,Veneto,2596.69,2318.3,liquidato,2026-08-18,2026-08-23,2026-09-07
2510,2769,2024-12-30,RC generale,,Valle d'Aosta,13010.02,12848.62,liquidato,2025-01-26,2025-02-13,2025-02-20
2511,1522,2026-04-19,RC autoveicoli terrestri,unilaterale,Basilicata,12989.02,12773.7,liquidato,2026-05-27,2026-06-04,2026-06-13
2512,4100,2024-02-25,Altri danni ai beni,,Basilicata,873.43,782.53,liquidato,2024-04-21,2024-05-01,2024-05-04
2513,520,2025-07-20,Altri danni ai beni,,Sardegna,1147.6,1061.79,liquidato,2025-07-31,2025-08-15,2025-08-30
2514,212,2026-04-23,RC autoveicoli terrestri,congiunto,Molise,3801.82,,respinto,,,
2515,2924,2025-12-20,RC generale,,Trentino-Alto Adige,14205.62,,in_contenzioso,2026-01-05,,
2516,2464,2023-12-03,Altri danni ai beni,,Liguria,2227.11,,respinto,,,
2517,2148,2024-01-12,RC autoveicoli terrestri,unilaterale,Toscana,10778.51,,in_contenzioso,2024-01-25,,
2518,675,2023-04-23,Incendio ed elementi naturali,,Veneto,10177.74,9310.91,liquidato,2023-05-13,2023-06-02,2023-06-10
2519,635,2025-06-17,Incendio ed elementi naturali,,Marche,14434.66,,aperto,,,
2520,3957,2026-07-31,Corpi di veicoli terrestri,,Trentino-Alto Adige,2523.18,,respinto,,,
2521,3255,2026-03-23,Incendio ed elementi naturali,,Sicilia,9023.04,8227.99,liquidato,2026-04-30,2026-05-03,2026-05-18
2522,3944,2024-09-05,Corpi di veicoli terrestri,,Toscana,2128.53,,aperto,,,
2523,3635,2026-03-03,RC autoveicoli terrestri,congiunto,Trentino-Alto Adige,7836.53,7759.12,liquidato,2026-03-26,2026-04-10,2026-04-24
2524,3158,2026-02-07,Altri danni ai beni,,Friuli-Venezia Giulia,1204.55,1018.54,liquidato,2026-03-31,2026-04-08,2026-04-17
2525,3958,2026-08-21,RC generale,,Trentino-Alto Adige,13950.22,13070.02,liquidato,2026-10-15,2026-10-25,2026-11-07
2526,2638,2024-12-22,Altri danni ai beni,,Umbria,200,102.53,liquidato,2025-01-16,2025-01-21,2025-01-28
2527,890,2024-09-08,RC autoveicoli terrestri,unilaterale,Veneto,5773.34,5480.11,liquidato,2024-10-10,2024-10-21,2024-10-28
2528,2801,2024-11-26,RC generale,,Emilia-Romagna,7406.61,7035.43,liquidato,2024-12-25,2024-12-30,2025-01-07
2529,3132,2026-05-23,RC generale,,Piemonte,9846.93,9207.39,liquidato,2026-06-14,2026-06-17,2026-06-25
2530,1122,2026-07-14,Incendio ed elementi naturali,,Umbria,13157.23,12670.26,liquidato,2026-08-02,2026-08-14,2026-08-19
2531,3435,2023-11-18,RC autoveicoli terrestri,unilaterale,Molise,3504.89,3234.51,liquidato,2023-12-12,2024-01-01,2024-01-05
2532,382,2024-06-10,Altri danni ai beni,,Piemonte,1194.08,1079.81,liquidato,2024-07-04,2024-07-19,2024-08-01
2533,1245,2025-05-04,Incendio ed elementi naturali,,Valle d'Aosta,,12515.79,liquidato,2025-06-01,2025-06-21,2025-06-30
2534,197,2023-11-21,Incendio ed elementi naturali,,Friuli-Venezia Giulia,13289.24,13088.55,liquidato,2023-12-03,2023-12-21,2023-12-28
2535,1282,2025-05-13,Altri danni ai beni,,Sicilia,1930.08,1858.34,liquidato,2025-05-28,2025-06-17,2025-07-02
2536,4013,2026-08-02,Altri danni ai beni,,Sicilia,2170.76,2051.5,liquidato,2026-08-23,2026-09-05,2026-09-19
2537,3016,2026-03-29,RC autoveicoli terrestri,congiunto,Abruzzo,5813.52,5713.55,liquidato,2026-04-18,2026-04-28,2026-05-13
2538,3172,2024-08-04,RC autoveicoli terrestri,congiunto,Valle d'Aosta,11284.72,10888.08,liquidato,2024-09-03,2024-09-19,2024-09-26
2539,551,2026-06-20,RC generale,,Veneto,17003.03,16453.17,liquidato,2026-08-13,2026-08-27,2026-09-02
2540,2367,2025-06-01,Corpi di veicoli terrestri,,Lombardia,2793.9,,in_contenzioso,2025-06-16,,
2541,4007,2026-02-04,Corpi di veicoli terrestri,,Friuli-Venezia Giulia,2647.48,,aperto,,,
2542,1678,2025-01-02,Altri danni ai beni,,Molise,2731.39,2596.52,liquidato,2025-01-13,2025-02-01,2025-02-11
2543,733,2025-01-19,Corpi di veicoli terrestri,,Trentino-Alto Adige,,4428.81,liquidato,2025-02-02,2025-02-13,2025-02-27
2544,3792,2026-04-09,Altri danni ai beni,,Molise,745.43,548.62,liquidato,2026-04-19,2026-04-20,2026-05-04
2545,3942,2026-07-26,RC autoveicoli terrestri,unilaterale,Lombardia,9605.59,,respinto,,,
2546,358,2024-04-11,RC generale,,Piemonte,7960.67,7362.54,liquidato,2024-05-22,2024-06-09,2024-06-20
2547,2764,2025-07-18,RC generale,,Abruzzo,8558.05,,in_contenzioso,2025-08-30,,
2548,1064,2025-03-17,Incendio ed elementi naturali,,Valle d'Aosta,14289.86,,respinto,,,
2549,1185,2026-08-02,Incendio ed elementi naturali,,Trentino-Alto Adige,9957.89,,aperto,,,
2550,4058,2024-07-11,Incendio ed elementi naturali,,Trentino-Alto Adige,,10354.7,liquidato,2024-09-07,2024-09-10,2024-09-13
2551,1768,2024-05-25,RC generale,,Valle d'Aosta,,2980.57,liquidato,2024-07-03,2024-07-07,2024-07-14
2552,2154,2024-08-07,RC autoveicoli terrestri,congiunto,Abruzzo,2090.05,2087.69,liquidato,2024-08-18,2024-08-26,2024-09-01
2553,875,2023-10-05,Corpi di veicoli terrestri,,Friuli-Venezia Giulia,2869.3,2735.9,liquidato,2023-11-17,2023-11-21,2023-12-04
2554,2860,2024-09-28,RC autoveicoli terrestri,unilaterale,Umbria,5383.59,,aperto,,,
2555,1581,2025-03-04,RC autoveicoli terrestri,congiunto,Umbria,8672.06,8436.76,liquidato,2025-03-14,2025-03-28,2025-04-10
2556,3501,2023-10-12,Incendio ed elementi naturali,,Abruzzo,9694.59,,aperto,,,
2557,1717,2025-08-27,Altri danni ai beni,,Sicilia,1840.19,1639.88,liquidato,2025-10-19,2025-10-24,2025-11-03
2558,2730,2026-08-24,RC autoveicoli terrestri,congiunto,Friuli-Venezia Giulia,8738.16,8923.45,liquidato,2026-09-20,2026-10-08,2026-10-18
2559,3353,2026-07-19,RC generale,,Liguria,11270.85,10945.78,liquidato,2026-09-13,2026-09-28,2026-10-09
2560,4133,2024-09-24,Corpi di veicoli terrestri,,Umbria,1830.99,1712.98,liquidato,2024-10-20,2024-11-06,2024-11-12
2561,1074,2026-02-27,Corpi di veicoli terrestri,,Marche,4062.86,3972.57,liquidato,2026-04-14,2026-04-27,2026-05-05
2562,4108,2025-08-04,Incendio ed elementi naturali,,Veneto,20088.38,19022.21,liquidato,2025-09-23,2025-09-26,2025-10-08
2563,4050,2025-01-29,Altri danni ai beni,,Liguria,,2830.14,liquidato,2025-02-11,2025-03-01,2025-03-12
2564,2897,2024-04-20,Corpi di veicoli terrestri,,Piemonte,4796.74,,respinto,,,
2565,1721,2023-12-09,RC autoveicoli terrestri,unilaterale,Marche,4126.15,,aperto,,,
2566,3258,2023-12-20,RC autoveicoli terrestri,unilaterale,Veneto,3115.17,,in_contenzioso,2024-01-18,,
2567,3697,2026-08-06,Incendio ed elementi naturali,,Basilicata,15814.4,15379.38,liquidato,2026-09-28,2026-10-02,2026-10-16
2568,2909,2026-04-25,Altri danni ai beni,,Campania,1711.42,,aperto,,,
2569,3335,2026-04-22,Incendio ed elementi naturali,,Campania,7815.45,,respinto,,,
2570,175,2025-08-22,RC autoveicoli terrestri,unilaterale,Campania,7609.39,7801.69,liquidato,2025-09-16,2025-09-27,2025-10-11
2571,4175,2023-12-30,Altri danni ai beni,,Piemonte,1851.35,,aperto,,,
2572,2966,2024-12-25,Altri danni ai beni,,Valle d'Aosta,2375.81,2151.65,liquidato,2025-01-15,2025-01-27,2025-02-09
2573,1278,2026-08-05,Corpi di veicoli terrestri,,Piemonte,5361.2,5129.87,liquidato,2026-10-01,2026-10-18,2026-10-23
2574,404,2025-09-28,Altri danni ai beni,,Valle d'Aosta,2992.93,,aperto,,,
2575,352,2026-05-29,RC autoveicoli terrestri,unilaterale,Friuli-Venezia Giulia,8059.37,7342.92,liquidato,2026-07-07,2026-07-17,2026-07-24
2576,693,2024-07-23,RC autoveicoli terrestri,congiunto,Valle d'Aosta,11543.82,,aperto,,,
2577,2780,2025-06-23,RC autoveicoli terrestri,unilaterale,Emilia-Romagna,8308.35,,aperto,,,
2578,2192,2025-03-23,Incendio ed elementi naturali,,Marche,9605.76,9100.03,liquidato,2025-04-24,2025-05-07,2025-05-12
2579,3070,2026-03-08,Corpi di veicoli terrestri,,Piemonte,3238.59,,respinto,,,
2580,2596,2025-01-23,Altri danni ai beni,,Sicilia,3145.65,,in_contenzioso,2025-02-22,,
2581,997,2023-12-22,Incendio ed elementi naturali,,Toscana,7551.15,,respinto,,,
2582,4126,2023-11-10,Incendio ed elementi naturali,,Veneto,12812.7,12258.33,liquidato,2023-11-23,2023-11-29,2023-12-09
2583,1646,2024-12-25,RC autoveicoli terrestri,unilaterale,Puglia,8469.48,8208.61,liquidato,2025-02-07,2025-02-08,2025-02-16
2584,826,2025-05-09,Incendio ed elementi naturali,,Abruzzo,15542.11,15613.33,liquidato,2025-05-22,2025-05-28,2025-06-05
2585,4227,2025-02-24,RC autoveicoli terrestri,unilaterale,Friuli-Venezia Giulia,15816.24,16009.5,liquidato,2025-03-16,2025-03-17,2025-03-23
2586,2015,2023-11-26,Corpi di veicoli terrestri,,Veneto,2745.26,,aperto,,,
2587,1907,2026-08-20,Corpi di veicoli terrestri,,Campania,4343.68,4312.54,liquidato,2026-09-16,2026-10-01,2026-10-12
2588,499,2023-10-05,RC autoveicoli terrestri,congiunto,Molise,861.18,716.32,liquidato,2023-10-17,2023-10-30,2023-11-07
2589,2618,2026-08-09,RC generale,,Emilia-Romagna,16444.18,,aperto,,,
2590,2643,2024-08-27,Incendio ed elementi naturali,,Lombardia,11804.15,,aperto,,,
2591,1421,2026-01-19,Altri danni ai beni,,Trentino-Alto Adige,2025.76,,in_contenzioso,2026-02-20,,
2592,2593,2025-01-07,Corpi di veicoli terrestri,,Lombardia,1812.07,1328.78,liquidato,2025-02-18,2025-03-09,2024-12-28
2593,3819,2024-02-23,Incendio ed elementi naturali,,Abruzzo,18995.04,,aperto,,,
2594,3700,2024-02-07,RC autoveicoli terrestri,congiunto,Trentino-Alto Adige,11104.38,11049.67,liquidato,2024-03-05,2024-03-07,2024-03-19
2595,1632,2023-06-20,RC autoveicoli terrestri,congiunto,Sardegna,5080.56,5224.62,liquidato,2023-07-14,2023-07-15,2023-07-24
2596,2940,2025-09-06,Corpi di veicoli terrestri,,Puglia,1113.61,968.1,liquidato,2025-09-29,2025-10-17,2025-10-23
2597,783,2026-08-19,Incendio ed elementi naturali,,Umbria,14135.77,,aperto,,,
2598,3678,2025-04-04,RC generale,,Liguria,7127.53,,respinto,,,
2599,2201,2023-10-09,RC generale,,Molise,13528.01,13537.25,liquidato,2023-10-20,2023-10-30,2023-11-11
2600,2648,2025-03-30,RC autoveicoli terrestri,congiunto,Friuli-Venezia Giulia,8361.81,,in_contenzioso,2025-04-29,,
2601,2387,2024-04-07,Incendio ed elementi naturali,,Friuli-Venezia Giulia,11331.23,10987.46,liquidato,2024-05-30,2024-06-11,2024-06-18
2602,2303,2026-03-10,RC autoveicoli terrestri,congiunto,Veneto,4928.49,,aperto,,,
2603,4053,2023-12-29,RC autoveicoli terrestri,unilaterale,Liguria,8268.43,7820.23,liquidato,2024-02-15,2024-02-23,2024-03-09
2604,1216,2024-10-20,Corpi di veicoli terrestri,,Valle d'Aosta,3873.22,3274.72,liquidato,2024-11-08,2024-11-15,2024-11-30
2605,4180,2025-03-03,Altri danni ai beni,,Lombardia,2322.34,2163.48,liquidato,2025-04-02,2025-04-17,2025-04-25
2606,1831,2026-08-10,Corpi di veicoli terrestri,,Marche,4355.95,4108.28,liquidato,2026-08-29,2026-09-15,2026-09-24
2607,2618,2026-06-28,RC generale,,Veneto,10055.63,9956.16,liquidato,2026-08-13,2026-09-01,2026-09-13
2608,1414,2024-04-28,RC generale,,Toscana,5198.66,,in_contenzioso,2024-05-26,,
2609,4082,2024-03-07,Altri danni ai beni,,Piemonte,1573.35,1359.38,liquidato,2024-04-08,2024-04-24,2024-05-01
2610,902,2025-12-28,RC autoveicoli terrestri,unilaterale,Basilicata,9558.74,,respinto,,,
2611,2495,2024-04-09,Incendio ed elementi naturali,,Toscana,11973.92,10856.84,liquidato,2024-05-16,2024-06-01,2024-06-12
2612,1201,2025-04-09,RC generale,,Lazio,12524.97,11943.51,liquidato,2025-05-22,2025-06-05,2025-06-14
2613,885,2025-02-03,Corpi di veicoli terrestri,,Liguria,5855.25,5442.95,liquidato,2025-03-24,2025-04-11,2025-04-23
2614,110,2025-04-06,Incendio ed elementi naturali,,Valle d'Aosta,3700.48,,aperto,,,
2615,942,2024-02-09,Corpi di veicoli terrestri,,Lazio,450.7,147.95,liquidato,2024-03-16,2024-04-05,2024-04-20
2616,2103,2025-06-02,RC autoveicoli terrestri,unilaterale,Sicilia,7883.26,7495.25,liquidato,2025-07-02,2025-07-19,2025-07-30
2617,2594,2026-08-18,Incendio ed elementi naturali,,Marche,5994.34,5624.76,liquidato,2026-10-10,2026-10-14,2026-10-21
2618,4098,2025-07-08,Altri danni ai beni,,Toscana,1268.14,1244.7,liquidato,2025-09-05,2025-09-21,2025-10-05
2619,3388,2026-07-05,Corpi di veicoli terrestri,,Marche,4494.16,4291.12,liquidato,2026-08-23,2026-09-02,2026-09-07
2620,278,2024-05-08,Corpi di veicoli terrestri,,Campania,3048.48,2868.57,liquidato,2024-06-23,2024-07-10,2024-07-17
2621,3961,2025-01-19,Corpi di veicoli terrestri,,Calabria,1330.34,1006.24,liquidato,2025-02-19,2025-02-28,2025-03-12
2622,1707,2025-12-10,Incendio ed elementi naturali,,Umbria,15441.21,14775.73,liquidato,2026-01-01,2026-01-03,2026-01-18
2623,3877,2026-04-22,RC autoveicoli terrestri,unilaterale,Liguria,9110.99,9063.33,liquidato,2026-06-16,2026-06-30,2026-07-13
2624,1950,2026-04-29,Altri danni ai beni,,Lombardia,2250.86,2105.86,liquidato,2026-05-23,2026-05-27,2026-06-10
2625,636,2025-03-14,Altri danni ai beni,,Friuli-Venezia Giulia,2009.59,1785.11,liquidato,2025-05-11,2025-05-24,2025-05-30
2626,2316,2025-08-24,Altri danni ai beni,,Valle d'Aosta,2742.95,2467.92,liquidato,2025-09-07,2025-09-20,2025-10-02
2627,1283,2023-02-20,Corpi di veicoli terrestri,,Liguria,2847.57,2400.52,liquidato,2023-04-03,2023-04-04,2023-04-16
2628,693,2025-03-25,RC autoveicoli terrestri,congiunto,Valle d'Aosta,2590.99,2285.91,liquidato,2025-04-19,2025-04-23,2025-05-03
2629,3313,2024-02-17,RC generale,,Sardegna,1311.6,791.16,liquidato,2024-03-07,2024-03-22,2024-04-01
2630,2318,2026-05-07,Incendio ed elementi naturali,,Liguria,7867.58,7305.67,liquidato,2026-06-10,2026-06-20,2026-06-26
2631,3943,2024-03-08,Incendio ed elementi naturali,,Emilia-Romagna,7080.31,5950.97,liquidato,2024-03-31,2024-04-18,2024-05-03
2632,4144,2026-04-17,RC autoveicoli terrestri,unilaterale,Campania,6027.72,,respinto,,,
2633,2235,2024-09-11,Incendio ed elementi naturali,,Lombardia,9298.08,8102.96,liquidato,2024-10-19,2024-10-29,2024-11-11
2634,687,2024-12-10,RC generale,,Molise,12993.46,12403.5,liquidato,2025-01-08,2025-01-17,2025-01-25
2635,2630,2024-12-31,RC autoveicoli terrestri,unilaterale,Trentino-Alto Adige,10237.93,9698.94,liquidato,2025-01-30,2025-02-18,2025-02-25
2636,1077,2025-09-30,RC generale,,Lombardia,10905.78,10692.25,liquidato,2025-11-20,2025-11-22,2025-12-04
2637,569,2023-10-16,RC autoveicoli terrestri,unilaterale,Trentino-Alto Adige,5606.28,5528.25,liquidato,2023-11-23,2023-12-07,2023-12-11
2638,2085,2026-06-26,RC autoveicoli terrestri,congiunto,Lombardia,4626.63,,respinto,,,
2639,2425,2026-05-17,Corpi di veicoli terrestri,,Friuli-Venezia Giulia,1565.8,,in_contenzioso,2026-07-10,,
2640,1404,2026-06-02,RC generale,,Friuli-Venezia Giulia,7017.93,6817.89,liquidato,2026-06-13,2026-06-17,2026-07-01
2641,766,2026-07-11,RC autoveicoli terrestri,congiunto,Umbria,9933.94,,in_contenzioso,2026-07-29,,
2642,870,2024-12-26,Corpi di veicoli terrestri,,Molise,5888.64,,respinto,,,
2643,2575,2023-06-01,Corpi di veicoli terrestri,,Toscana,5583.16,5397.38,liquidato,2023-07-29,2023-08-09,2023-08-13
2644,3300,2026-07-24,Altri danni ai beni,,Lazio,3542.84,,respinto,,,
2645,3267,2026-08-17,Corpi di veicoli terrestri,,Molise,3252.42,3019.23,liquidato,2026-10-07,2026-10-27,2026-10-31
2646,340,2023-10-29,RC autoveicoli terrestri,unilaterale,Trentino-Alto Adige,4631.69,4573.25,liquidato,2023-11-09,2023-11-25,2023-12-06
2647,3846,2023-06-29,Incendio ed elementi naturali,,Lombardia,9892.06,,respinto,,,
2648,1052,2024-05-24,Incendio ed elementi naturali,,Basilicata,14144.44,,respinto,,,
2649,655,2024-12-26,Altri danni ai beni,,Lombardia,752.41,566.29,liquidato,2025-01-09,2025-01-24,2025-02-03
2650,3241,2026-06-16,Corpi di veicoli terrestri,,Basilicata,4571.29,,aperto,,,
2651,544,2025-04-03,RC generale,,Umbria,4306.27,,aperto,,,
2652,4290,2024-08-03,Corpi di veicoli terrestri,,Trentino-Alto Adige,4738.51,,aperto,,,
2653,1116,2026-08-17,RC generale,,Toscana,5021.07,4691.53,liquidato,2026-09-18,2026-10-02,2026-10-13
2654,2400,2025-11-19,RC autoveicoli terrestri,congiunto,Veneto,3914.22,3597.22,liquidato,2025-12-12,2025-12-27,2026-01-02
2655,2811,2025-01-02,Corpi di veicoli terrestri,,Toscana,5143.35,4757.5,liquidato,2025-01-25,2025-01-28,2025-02-01
2656,896,2023-07-25,Altri danni ai beni,,Valle d'Aosta,2350.06,,aperto,,,
2657,2444,2024-01-16,Incendio ed elementi naturali,,Calabria,6625.52,5965.05,liquidato,2024-02-26,2024-03-07,2024-03-15
2658,3085,2023-11-13,Incendio ed elementi naturali,,Liguria,20364.84,19796.53,liquidato,2024-01-06,2024-01-12,2024-01-19
2659,2946,2026-01-07,RC autoveicoli terrestri,congiunto,Valle d'Aosta,7090.33,7063.75,liquidato,2026-01-19,2026-02-01,2026-02-06
2660,1442,2024-06-20,RC autoveicoli terrestri,congiunto,Molise,6543.0,6592.89,liquidato,2024-07-02,2024-07-03,2024-07-17
2661,4109,2023-07-04,Altri danni ai beni,,Friuli-Venezia Giulia,899.44,778.75,liquidato,2023-07-24,2023-08-06,2023-08-11
2662,3726,2026-04-06,Altri danni ai beni,,Basilicata,3090.59,2808.13,liquidato,2026-04-18,2026-04-22,2026-04-26
2663,1829,2025-11-14,RC generale,,Umbria,3950.48,3550.04,liquidato,2025-12-12,2025-12-30,2026-01-02
2664,1591,2025-11-15,Altri danni ai beni,,Toscana,925.36,831.8,liquidato,2025-12-28,2026-01-09,2026-01-21
2665,1758,2023-07-02,RC generale,,Friuli-Venezia Giulia,5181.25,4899.62,liquidato,2023-07-16,2023-08-05,2023-08-16
2666,2596,2024-10-30,Altri danni ai beni,,Sicilia,2421.55,,aperto,,,
2667,421,2024-01-08,Incendio ed elementi naturali,,Emilia-Romagna,,,aperto,,,
2668,1513,2024-12-16,Altri danni ai beni,,Liguria,3171.32,2974.51,liquidato,2025-01-18,2025-02-06,2025-02-18
2669,2001,2024-05-06,Incendio ed elementi naturali,,Piemonte,5951.58,,aperto,,,
2670,4160,2025-10-08,Incendio ed elementi naturali,,Lazio,14058.43,13412.39,liquidato,2025-11-04,2025-11-13,2025-11-27
2671,1210,2025-01-11,Altri danni ai beni,,Valle d'Aosta,,354.71,liquidato,2025-02-19,2025-02-22,2025-03-01
2672,200,2025-06-03,Corpi di veicoli terrestri,,Molise,3329.79,,aperto,,,
2673,4074,2024-07-14,RC autoveicoli terrestri,congiunto,Basilicata,13388.02,13282.61,liquidato,2024-08-07,2024-08-12,2024-08-19
2674,1322,2025-02-07,Incendio ed elementi naturali,,Puglia,22508.49,22630.85,liquidato,2025-04-02,2025-04-05,2025-04-09
2675,413,2024-01-04,RC generale,,Lombardia,6280.79,5717.88,liquidato,2024-02-24,2024-02-27,2024-03-12
2676,670,2026-05-09,RC autoveicoli terrestri,unilaterale,Lazio,4991.12,5076.95,liquidato,2026-06-07,2026-06-15,2026-06-21
2677,879,2024-03-09,Altri danni ai beni,,Friuli-Venezia Giulia,1470.38,1301.46,liquidato,2024-04-14,2024-04-16,2024-04-20
2678,213,2025-01-07,Altri danni ai beni,,Puglia,1197.88,,respinto,,,
2679,1876,2024-07-01,Altri danni ai beni,,Sardegna,2710.31,2550.52,liquidato,2024-08-18,2024-09-07,2024-09-18
2680,3331,2025-07-25,RC autoveicoli terrestri,unilaterale,Sardegna,9727.25,,aperto,,,
2681,3343,2025-10-13,Corpi di veicoli terrestri,,Molise,2975.47,2649.88,liquidato,2025-12-07,2025-12-10,2025-12-22
2682,1363,2024-04-30,RC generale,,Molise,3295.32,2713.35,liquidato,2024-05-27,2024-06-12,2024-06-21
2683,4156,2025-05-29,RC generale,,Lazio,5277.79,4881.6,liquidato,2025-06-11,2025-06-27,2025-07-09
2684,2083,2026-06-08,RC autoveicoli terrestri,congiunto,Puglia,7607.98,7502.89,liquidato,2026-06-30,2026-07-20,2026-08-03
2685,2784,2023-12-10,Incendio ed elementi naturali,,Campania,5043.11,4766.23,liquidato,2024-01-08,2024-01-10,2024-01-13
2686,122,2024-04-10,RC autoveicoli terrestri,congiunto,Toscana,5721.71,5858.6,liquidato,2024-05-05,2024-05-17,2024-05-31
2687,2770,2026-02-19,RC autoveicoli terrestri,unilaterale,Toscana,5960.78,5532.44,liquidato,2026-04-12,2026-04-17,2026-04-28
2688,2356,2025-04-28,Altri danni ai beni,,Friuli-Venezia Giulia,3472.32,3241.03,liquidato,2025-06-06,2025-06-19,2025-07-01
2689,4200,2026-08-13,RC autoveicoli terrestri,unilaterale,Puglia,3201.61,2880.68,liquidato,2026-09-08,2026-09-28,2026-10-04
2690,3968,2024-09-21,Corpi di veicoli terrestri,,Umbria,5110.65,4997.14,liquidato,2024-10-14,2024-10-23,2024-11-03
2691,987,2024-01-03,Incendio ed elementi naturali,,Emilia-Romagna,10046.15,9806.9,liquidato,2024-02-01,2024-02-13,2024-02-28
2692,2521,2023-08-08,Incendio ed elementi naturali,,Abruzzo,15160.04,14770.81,liquidato,2023-08-24,2023-08-25,2023-09-05
2693,2227,2025-07-04,Altri danni ai beni,,Sardegna,856.32,772.76,liquidato,2025-08-23,2025-08-25,2025-08-28
2694,2114,2026-05-26,Incendio ed elementi naturali,,Friuli-Venezia Giulia,,,respinto,,,
2695,803,2024-09-05,Corpi di veicoli terrestri,,Umbria,4245.75,3854.16,liquidato,2024-09-19,2024-09-29,2024-10-10
2696,2782,2024-04-26,RC autoveicoli terrestri,unilaterale,Basilicata,5443.09,5340.67,liquidato,2024-05-21,2024-05-26,2024-05-31
2697,812,2026-06-03,Corpi di veicoli terrestri,,Trentino-Alto Adige,5591.05,,aperto,,,
2698,2526,2026-02-05,Corpi di veicoli terrestri,,Toscana,4699.42,4269.93,liquidato,2026-03-03,2026-03-04,2026-03-16
2699,2464,2023-10-11,Altri danni ai beni,,Liguria,2878.1,2746.71,liquidato,2023-12-05,2023-12-13,2023-12-22
2700,3377,2025-09-04,Altri danni ai beni,,Marche,2307.85,2157.0,liquidato,2025-09-19,2025-09-21,2025-09-24
2701,1525,2023-06-20,RC generale,,Molise,3451.94,2902.44,liquidato,2023-07-14,2023-07-18,2023-07-27
2702,3430,2024-02-10,Altri danni ai beni,,Lazio,2143.71,1991.06,liquidato,2024-04-07,2024-04-25,2024-04-29
2703,2731,2026-08-15,RC autoveicoli terrestri,congiunto,Calabria,5060.41,5110.83,liquidato,2026-08-29,2026-09-09,2026-09-18
2704,1779,2026-07-19,Incendio ed elementi naturali,,Trentino-Alto Adige,8355.39,,aperto,,,
2705,4062,2024-08-23,Incendio ed elementi naturali,,Campania,18444.08,17497.92,liquidato,2024-10-03,2024-10-15,2024-10-23
2706,1884,2026-03-12,Corpi di veicoli terrestri,,Trentino-Alto Adige,2812.24,,respinto,,,
2707,3701,2025-08-14,Incendio ed elementi naturali,,Lombardia,25051.14,25000.68,liquidato,2025-09-25,2025-10-05,2025-10-09
2708,3425,2024-06-10,Corpi di veicoli terrestri,,Marche,3100.76,,aperto,,,
2709,1767,2026-01-09,Corpi di veicoli terrestri,,Friuli-Venezia Giulia,3232.52,2987.08,liquidato,2026-02-09,2026-02-15,2026-02-18
2710,1688,2023-11-26,Incendio ed elementi naturali,,Marche,200,0.0,liquidato,2023-12-12,2023-12-21,2023-12-30
2711,730,2025-08-25,Corpi di veicoli terrestri,,Molise,3315.24,2803.5,liquidato,2025-10-07,2025-10-17,2025-10-29
2712,2651,2025-01-18,RC generale,,Molise,5804.77,,respinto,,,
2713,3995,2025-01-05,RC autoveicoli terrestri,unilaterale,Liguria,4462.98,,aperto,,,
2714,862,2025-11-26,Corpi di veicoli terrestri,,Emilia-Romagna,3746.43,,in_contenzioso,2025-12-10,,
2715,343,2025-08-06,Incendio ed elementi naturali,,Sardegna,200,0.0,liquidato,2025-08-23,2025-09-10,2025-09-13
2716,304,2025-08-10,RC generale,,Calabria,11394.81,10766.71,liquidato,2025-08-26,2025-09-12,2025-09-17
2717,919,2024-10-25,RC generale,,Puglia,10485.79,9971.2,liquidato,2024-11-05,2024-11-19,2024-12-04
2718,2390,2025-03-21,RC autoveicoli terrestri,unilaterale,Piemonte,6010.61,,in_contenzioso,2025-05-17,,
2719,2705,2023-04-02,Corpi di veicoli terrestri,,Valle d'Aosta,2697.73,2445.69,liquidato,2023-04-26,2023-05-16,2023-05-22
2720,2124,2025-07-25,RC generale,,Valle d'Aosta,6253.88,5635.22,liquidato,2025-09-22,2025-10-04,2025-10-18
2721,3289,2025-10-06,Corpi di veicoli terrestri,,Friuli-Venezia Giulia,3986.21,,aperto,,,
2722,2213,2023-11-26,Incendio ed elementi naturali,,Lazio,8776.29,,respinto,,,
2723,775,2024-07-11,Incendio ed elementi naturali,,Lazio,200,,in_contenzioso,2024-09-06,,
2724,45,2025-03-10,Corpi di veicoli terrestri,,Molise,4783.26,4559.25,liquidato,2025-03-20,2025-03-30,2025-04-10
2725,331,2023-08-26,Incendio ed elementi naturali,,Abruzzo,15924.28,15210.65,liquidato,2023-10-20,2023-11-02,2023-11-15
2726,3461,2026-05-12,Corpi di veicoli terrestri,,Veneto,1191.7,,respinto,,,
2727,2568,2026-04-11,RC autoveicoli terrestri,congiunto,Toscana,7426.85,,respinto,,,
2728,2118,2024-01-26,Incendio ed elementi naturali,,Piemonte,17647.21,17477.72,liquidato,2024-03-23,2024-04-12,2024-04-15
2729,1495,2023-06-10,RC autoveicoli terrestri,unilaterale,Valle d'Aosta,10249.45,,aperto,,,
2730,2227,2026-02-05,Altri danni ai beni,,Sardegna,1538.53,1463.88,liquidato,2026-03-24,2026-03-26,2026-04-04
2731,2563,2025-09-15,Altri danni ai beni,,Campania,1904.41,,aperto,,,
2732,2470,2026-08-02,RC autoveicoli terrestri,congiunto,Marche,,3568.95,liquidato,2026-08-30,2026-09-07,2026-09-10
2733,1124,2025-07-02,Corpi di veicoli terrestri,,Trentino-Alto Adige,1238.78,,aperto,,,
2734,2431,2024-06-29,Incendio ed elementi naturali,,Calabria,7856.45,7749.99,liquidato,2024-08-19,2024-09-08,2024-09-21
2735,166,2023-05-30,RC autoveicoli terrestri,unilaterale,Piemonte,5368.77,5185.57,liquidato,2023-06-09,2023-06-20,2023-06-29
2736,3963,2026-04-02,RC generale,,Molise,22792.2,,aperto,,,
2737,2490,2026-02-18,RC generale,,Puglia,10133.31,9824.26,liquidato,2026-03-26,2026-04-12,2026-04-24
2738,4097,2025-05-03,Altri danni ai beni,,Piemonte,1417.2,,in_contenzioso,2025-06-19,,
2739,2404,2026-07-17,Incendio ed elementi naturali,,Veneto,15789.04,14459.45,liquidato,2026-08-04,2026-08-11,2026-08-25
2740,1038,2025-12-09,RC generale,,Trentino-Alto Adige,8412.92,7957.35,liquidato,2026-01-17,2026-02-04,2026-02-08
2741,2614,2024-10-19,Corpi di veicoli terrestri,,Emilia-Romagna,4984.83,4367.37,liquidato,2024-11-21,2024-11-30,2024-12-08
2742,3906,2026-04-30,Corpi di veicoli terrestri,,Sicilia,,4032.97,liquidato,2026-05-12,2026-05-17,2026-06-01
2743,1825,2024-03-04,RC generale,,Trentino-Alto Adige,13537.91,13506.63,liquidato,2024-04-16,2024-04-29,2024-05-13
2744,1922,2023-10-30,RC autoveicoli terrestri,unilaterale,Sardegna,2086.05,1959.82,liquidato,2023-12-17,2023-12-29,2024-01-12
2745,3706,2025-12-25,Altri danni ai beni,,Emilia-Romagna,2362.79,2207.14,liquidato,2026-01-06,2026-01-18,2026-01-25
2746,4265,2024-04-08,Incendio ed elementi naturali,,Calabria,20558.76,,aperto,,,
2747,656,2024-05-20,Corpi di veicoli terrestri,,Basilicata,1086.69,594.4,liquidato,2024-06-01,2024-06-04,2024-06-18
2748,2719,2026-04-09,RC autoveicoli terrestri,congiunto,Sardegna,4970.67,4682.74,liquidato,2026-04-25,2026-05-02,2026-05-15
2749,2384,2026-08-16,Incendio ed elementi naturali,,Molise,17271.09,16860.73,liquidato,2026-10-06,2026-10-08,2026-10-20
2750,1989,2025-04-13,RC generale,,Basilicata,11157.39,,aperto,,,
2751,92,2025-06-11,Altri danni ai beni,,Emilia-Romagna,1114.16,,aperto,,,
2752,2197,2024-07-02,Corpi di veicoli terrestri,,Basilicata,4057.47,,in_contenzioso,2024-08-29,,
2753,3660,2025-09-28,Corpi di veicoli terrestri,,Sardegna,5172.42,5025.92,liquidato,2025-10-14,2025-10-23,2025-10-31
2754,1138,2024-05-03,Corpi di veicoli terrestri,,Umbria,3235.46,2778.03,liquidato,2024-06-08,2024-06-16,2024-06-27
2755,223,2023-12-23,Incendio ed elementi naturali,,Sicilia,9096.6,8842.54,liquidato,2024-01-11,2024-01-19,2024-01-27
2756,2955,2025-05-11,Incendio ed elementi naturali,,Veneto,8879.56,,respinto,,,
2757,2659,2026-01-10,RC generale,,Molise,9059.09,8636.5,liquidato,2026-02-27,2026-03-04,2026-03-12
2758,2022,2024-01-06,Corpi di veicoli terrestri,,Lombardia,2040.44,1692.69,liquidato,2024-01-21,2024-01-22,2024-01-26
2759,700,2025-04-28,RC generale,,Puglia,9436.15,,in_contenzioso,2025-05-18,,
2760,2497,2025-01-14,Corpi di veicoli terrestri,,Marche,4527.28,4076.02,liquidato,2025-02-20,2025-03-03,2025-03-12
2761,1127,2024-10-13,RC autoveicoli terrestri,unilaterale,Liguria,9349.44,,in_contenzioso,2024-11-02,,
2762,3136,2024-12-09,Incendio ed elementi naturali,,Toscana,14926.14,,aperto,,,
2763,1173,2024-04-22,Corpi di veicoli terrestri,,Sardegna,3871.73,,respinto,,,
2764,3113,2025-03-23,RC autoveicoli terrestri,unilaterale,Valle d'Aosta,,,aperto,,,
2765,784,2023-07-18,RC autoveicoli terrestri,congiunto,Campania,10185.11,9854.52,liquidato,2023-08-08,2023-08-19,2023-08-31
2766,2967,2026-02-12,Altri danni ai beni,,Lazio,1370.43,1139.67,liquidato,2026-03-03,2026-03-23,2026-03-28
2767,3049,2026-06-06,RC autoveicoli terrestri,congiunto,Campania,4013.42,3761.68,liquidato,2026-06-21,2026-07-09,2026-07-12
2768,3415,2026-01-04,Incendio ed elementi naturali,,Calabria,20165.66,19693.06,liquidato,2026-02-23,2026-03-10,2026-03-25
2769,1735,2024-11-23,RC generale,,Trentino-Alto Adige,3857.23,3378.4,liquidato,2024-12-20,2024-12-26,2025-01-06
2770,3551,2025-06-08,Altri danni ai beni,,Sicilia,2519.3,2420.6,liquidato,2025-07-14,2025-07-18,2025-07-23
2771,3090,2024-05-13,Incendio ed elementi naturali,,Toscana,17064.68,16235.48,liquidato,2024-07-12,2024-07-22,2024-08-03
2772,1163,2024-12-06,Corpi di veicoli terrestri,,Piemonte,3819.83,3397.75,liquidato,2025-01-17,2025-01-22,2025-01-30
2773,1297,2025-10-25,RC autoveicoli terrestri,unilaterale,Abruzzo,10804.94,10582.72,liquidato,2025-12-02,2025-12-17,2025-12-22
2774,3554,2026-06-05,Corpi di veicoli terrestri,,Abruzzo,4513.4,4385.95,liquidato,2026-06-23,2026-07-01,2026-07-05
2775,394,2025-01-22,RC autoveicoli terrestri,unilaterale,Puglia,6954.84,7155.57,liquidato,2025-02-20,2025-02-24,2025-03-06
2776,3999,2026-08-12,Incendio ed elementi naturali,,Liguria,11891.45,11197.72,liquidato,2026-09-30,2026-10-13,2026-07-28
2777,251,2024-06-24,Incendio ed elementi naturali,,Molise,4275.93,3826.0,liquidato,2024-07-29,2024-08-14,2024-08-28
2778,1545,2024-06-28,Altri danni ai beni,,Liguria,200,101.18,liquidato,2024-08-21,2024-08-26,2024-08-31
2779,2466,2026-06-18,Corpi di veicoli terrestri,,Molise,3489.74,3369.05,liquidato,2026-06-28,2026-07-10,2026-07-25
2780,1329,2026-07-31,RC autoveicoli terrestri,unilaterale,Molise,8660.25,8543.86,liquidato,2026-09-18,2026-09-24,2026-09-29
2781,4265,2024-03-17,Incendio ed elementi naturali,,Calabria,17412.62,16159.51,liquidato,2024-04-29,2024-05-02,2024-05-11
2782,1987,2026-04-21,Incendio ed elementi naturali,,Sicilia,7492.24,,respinto,,,
2783,2264,2023-07-06,Corpi di veicoli terrestri,,Sardegna,200,0.0,liquidato,2023-07-25,2023-07-26,2023-08-01
2784,1477,2024-05-25,Corpi di veicoli terrestri,,Lazio,1701.16,,aperto,,,
2785,310,2025-05-10,RC autoveicoli terrestri,unilaterale,Umbria,4485.15,4205.71,liquidato,2025-06-28,2025-07-12,2025-07-21
2786,922,2025-02-18,Corpi di veicoli terrestri,,Basilicata,,,aperto,,,
2787,3699,2024-07-09,RC autoveicoli terrestri,unilaterale,Umbria,6863.58,6702.68,liquidato,2024-09-04,2024-09-22,2024-09-30
2788,1933,2025-01-28,Corpi di veicoli terrestri,,Basilicata,3176.45,2703.6,liquidato,2025-03-17,2025-03-26,2025-04-08
2789,2582,2026-08-24,Altri danni ai beni,,Sardegna,1874.17,1688.73,liquidato,2026-09-13,2026-09-21,2026-09-27
2790,2683,2024-03-28,RC autoveicoli terrestri,unilaterale,Basilicata,13620.03,,aperto,,,
2791,4240,2025-11-15,Altri danni ai beni,,Liguria,1410.44,,aperto,,,
2792,40,2024-01-22,RC generale,,Molise,9012.19,,respinto,,,
2793,3332,2025-09-01,RC generale,,Toscana,13686.01,13796.18,liquidato,2025-10-28,2025-11-09,2025-11-23
2794,1208,2026-04-29,RC generale,,Lazio,6286.75,5929.46,liquidato,2026-06-23,2026-06-25,2026-07-04
2795,1855,2023-10-20,Corpi di veicoli terrestri,,Umbria,6203.32,,aperto,,,
2796,2522,2026-04-21,RC generale,,Lombardia,9525.23,8802.82,liquidato,2026-06-10,2026-06-19,2026-06-24
2797,3425,2023-07-24,Corpi di veicoli terrestri,,Marche,2795.57,2593.21,liquidato,2023-09-07,2023-09-19,2023-10-04
2798,2190,2025-08-14,RC autoveicoli terrestri,unilaterale,Piemonte,5447.26,5099.18,liquidato,2025-08-25,2025-09-04,2025-09-18
2799,1399,2025-02-15,RC generale,,Valle d'Aosta,14102.66,,respinto,,,
2800,894,2025-09-21,RC autoveicoli terrestri,unilaterale,Puglia,5389.69,5175.82,liquidato,2025-11-01,2025-11-14,2025-11-20
2801,2235,2025-03-16,Incendio ed elementi naturali,,Lombardia,15804.35,14998.81,liquidato,2025-05-09,2025-05-20,2025-05-31
2802,2925,2023-06-21,Corpi di veicoli terrestri,,Basilicata,5215.34,4970.51,liquidato,2023-07-08,2023-07-21,2023-06-16
2803,3506,2024-12-04,Incendio ed elementi naturali,,Umbria,200,0.0,liquidato,2024-12-21,2024-12-23,2024-12-28
2804,3818,2024-12-31,Corpi di veicoli terrestri,,Liguria,4045.29,3580.06,liquidato,2025-02-02,2025-02-17,2025-03-01
2805,1903,2025-10-25,Altri danni ai beni,,Veneto,3297.95,3119.59,liquidato,2025-11-09,2025-11-15,2025-11-30
2806,2747,2024-11-05,Altri danni ai beni,,Basilicata,200,,in_contenzioso,2024-12-20,,
2807,667,2025-06-13,Incendio ed elementi naturali,,Umbria,19338.52,,respinto,,,
2808,2046,2025-02-07,Incendio ed elementi naturali,,Abruzzo,5391.87,4808.71,liquidato,2025-02-23,2025-03-06,2025-03-17
2809,1169,2023-07-09,RC generale,,Valle d'Aosta,12559.72,12284.55,liquidato,2023-08-30,2023-09-17,2023-09-25
2810,425,2026-06-28,Altri danni ai beni,,Veneto,868.8,758.36,liquidato,2026-07-21,2026-07-25,2026-07-30
2811,3343,2025-07-02,Corpi di veicoli terrestri,,Molise,2176.84,1865.47,liquidato,2025-08-17,2025-08-22,2025-09-05
2812,3255,2025-12-20,Incendio ed elementi naturali,,Sicilia,6013.95,4965.97,liquidato,2026-02-13,2026-02-14,2026-02-20
2813,102,2026-07-26,RC autoveicoli terrestri,congiunto,Liguria,2955.79,2807.19,liquidato,2026-08-20,2026-09-04,2026-09-17
2814,1087,2026-07-06,RC autoveicoli terrestri,congiunto,Valle d'Aosta,10550.32,,respinto,,,
2815,3281,2025-06-07,Incendio ed elementi naturali,,Basilicata,11830.23,11778.88,liquidato,2025-08-04,2025-08-23,2025-09-05
2816,2562,2023-07-02,RC generale,,Campania,15289.55,,aperto,,,
2817,3461,2026-06-03,Corpi di veicoli terrestri,,Trentino-Alto Adige,1891.76,,respinto,,,
2818,845,2025-09-18,RC autoveicoli terrestri,congiunto,Umbria,5205.2,5013.87,liquidato,2025-10-04,2025-10-22,2025-10-28
2819,869,2026-08-09,RC autoveicoli terrestri,congiunto,Liguria,9642.59,9363.79,liquidato,2026-08-26,2026-09-04,2026-09-19
2820,1820,2023-10-15,RC autoveicoli terrestri,congiunto,Trentino-Alto Adige,4881.19,4956.44,liquidato,2023-11-02,2023-11-07,2023-11-21
2821,1159,2024-08-01,RC autoveicoli terrestri,unilaterale,Sardegna,8840.56,,in_contenzioso,2024-08-14,,
2822,450,2026-06-28,RC autoveicoli terrestri,unilaterale,Marche,5910.47,5771.04,liquidato,2026-07-27,2026-08-02,2026-08-16
2823,202,2025-12-13,Incendio ed elementi naturali,,Trentino-Alto Adige,5436.95,4504.13,liquidato,2026-02-04,2026-02-17,2026-02-21
2824,2111,2025-02-13,Altri danni ai beni,,Veneto,717.08,617.16,liquidato,2025-03-24,2025-03-25,2025-03-30
2825,1174,2024-07-16,RC generale,,Calabria,6731.81,6361.02,liquidato,2024-08-15,2024-09-02,2024-09-09
2826,510,2026-05-19,RC generale,,Veneto,12217.61,11912.05,liquidato,2026-06-27,2026-07-10,2026-07-25
2827,2778,2024-02-09,Incendio ed elementi naturali,,Piemonte,12387.27,12470.22,liquidato,2024-03-08,2024-03-12,2024-03-23
2828,306,2025-12-06,Corpi di veicoli terrestri,,Marche,3783.29,3707.17,liquidato,2025-12-28,2026-01-09,2026-01-13
2829,2022,2024-07-04,Corpi di veicoli terrestri,,Lombardia,2550.51,,respinto,,,
2830,2645,2026-08-22,Altri danni ai beni,,Calabria,2336.02,2126.49,liquidato,2026-09-01,2026-09-20,2026-09-26
2831,2325,2024-06-20,RC autoveicoli terrestri,unilaterale,Calabria,200,50.29,liquidato,2024-08-14,2024-08-27,2024-09-11
2832,2128,2023-12-21,RC generale,,Sardegna,11744.59,,respinto,,,
2833,1309,2024-06-15,Incendio ed elementi naturali,,Toscana,16058.46,,aperto,,,
2834,183,2025-03-09,RC generale,,Lombardia,11856.06,11432.07,liquidato,2025-03-19,2025-03-20,2025-03-24
2835,3101,2025-10-02,Corpi di veicoli terrestri,,Trentino-Alto Adige,6016.71,,aperto,,,
2836,247,2023-12-04,RC autoveicoli terrestri,unilaterale,Emilia-Romagna,7683.98,,respinto,,,
2837,4,2026-01-14,Corpi di veicoli terrestri,,Basilicata,2648.58,2559.23,liquidato,2026-01-28,2026-02-12,2026-02-17
2838,3984,2026-07-05,Altri danni ai beni,,Friuli-Venezia Giulia,914.27,669.44,liquidato,2026-09-01,2026-09-07,2026-09-20
2839,2050,2026-01-01,Altri danni ai beni,,Liguria,1438.55,1257.87,liquidato,2026-02-20,2026-03-08,2026-03-15
2840,2658,2024-01-25,Incendio ed elementi naturali,,Marche,23018.58,23000.49,liquidato,2024-02-23,2024-02-28,2024-03-03
2841,1679,2025-09-16,Incendio ed elementi naturali,,Sicilia,12165.52,,respinto,,,
2842,1790,2026-08-23,RC generale,,Veneto,10957.07,10245.36,liquidato,2026-10-21,2026-11-03,2026-11-13
2843,2023,2023-12-21,Altri danni ai beni,,Basilicata,2211.88,2049.74,liquidato,2024-01-31,2024-02-13,2024-02-18
2844,1227,2024-08-14,Corpi di veicoli terrestri,,Abruzzo,2684.83,,in_contenzioso,2024-09-27,,
2845,2107,2023-07-27,RC generale,,Molise,5927.35,5392.16,liquidato,2023-08-27,2023-09-06,2023-09-16
2846,3528,2025-10-15,RC autoveicoli terrestri,congiunto,Trentino-Alto Adige,4894.59,4876.01,liquidato,2025-10-26,2025-11-09,2025-11-21
2847,2133,2024-09-07,Altri danni ai beni,,Campania,2327.77,,respinto,,,
2848,2448,2025-11-01,Incendio ed elementi naturali,,Trentino-Alto Adige,16568.8,,aperto,,,
2849,667,2025-07-06,Incendio ed elementi naturali,,Umbria,6819.52,6411.97,liquidato,2025-08-13,2025-08-21,2025-09-04
2850,4023,2024-02-29,RC autoveicoli terrestri,unilaterale,Basilicata,11535.07,11497.25,liquidato,2024-04-24,2024-04-26,2024-05-06
2851,3044,2023-10-03,Corpi di veicoli terrestri,,Liguria,200,50.35,liquidato,2023-11-25,2023-12-12,2023-12-24
2852,1221,2024-02-14,Incendio ed elementi naturali,,Toscana,2290.02,,in_contenzioso,2024-04-01,,
2853,476,2025-02-13,Corpi di veicoli terrestri,,Friuli-Venezia Giulia,4432.51,,in_contenzioso,2025-03-28,,
2854,3355,2025-07-11,RC autoveicoli terrestri,unilaterale,Abruzzo,4653.77,4528.72,liquidato,2025-08-31,2025-09-18,2025-07-10
2855,1943,2025-06-30,RC generale,,Sardegna,14091.76,,respinto,,,
2856,791,2024-01-07,Corpi di veicoli terrestri,,Campania,2942.96,,respinto,,,
2857,167,2026-06-27,Incendio ed elementi naturali,,Piemonte,19065.79,18047.67,liquidato,2026-07-19,2026-07-29,2026-08-11
2858,2316,2025-06-10,RC generale,,Valle d'Aosta,9687.54,9301.88,liquidato,2025-07-18,2025-08-01,2025-08-06
2859,1991,2023-11-25,Altri danni ai beni,,Molise,1769.12,1559.03,liquidato,2023-12-09,2023-12-18,2023-12-30
2860,3617,2026-04-23,RC autoveicoli terrestri,congiunto,Valle d'Aosta,3652.18,3559.59,liquidato,2026-05-17,2026-05-27,2026-04-16
2861,2339,2025-08-08,Corpi di veicoli terrestri,,Veneto,4521.45,4123.5,liquidato,2025-10-01,2025-10-05,2025-10-20
2862,3811,2025-01-30,RC autoveicoli terrestri,congiunto,Friuli-Venezia Giulia,3787.78,,respinto,,,
2863,620,2026-06-17,Altri danni ai beni,,Sardegna,2938.18,2753.89,liquidato,2026-07-02,2026-07-21,2026-07-27
2864,999,2025-10-07,RC generale,,Umbria,5675.34,5512.78,liquidato,2025-10-30,2025-11-06,2025-11-10
2865,2539,2026-08-18,Altri danni ai beni,,Trentino-Alto Adige,1030.24,943.4,liquidato,2026-09-20,2026-10-06,2026-10-21
2866,737,2024-12-12,Altri danni ai beni,,Campania,2706.99,2530.1,liquidato,2025-01-24,2025-02-04,2025-02-10
2867,3626,2023-03-03,RC generale,,Campania,6427.09,,aperto,,,
2868,1095,2024-09-05,Incendio ed elementi naturali,,Friuli-Venezia Giulia,14832.79,14204.57,liquidato,2024-09-28,2024-10-09,2024-10-23
2869,1381,2023-08-16,Altri danni ai beni,,Trentino-Alto Adige,1697.24,,aperto,,,
2870,1312,2025-11-26,Altri danni ai beni,,Abruzzo,2364.61,2303.16,liquidato,2026-01-22,2026-02-10,2026-02-14
2871,2545,2026-08-18,RC autoveicoli terrestri,unilaterale,Piemonte,8830.35,8322.23,liquidato,2026-09-08,2026-09-19,2026-10-01
2872,2404,2026-04-28,Incendio ed elementi naturali,,Veneto,9680.31,8805.15,liquidato,2026-05-21,2026-05-27,2026-06-01
2873,3822,2025-07-07,RC autoveicoli terrestri,congiunto,Veneto,3184.9,,aperto,,,
2874,2212,2026-03-30,Incendio ed elementi naturali,,Calabria,23078.64,22118.93,liquidato,2026-05-08,2026-05-15,2026-05-24
2875,3050,2024-08-17,Corpi di veicoli terrestri,,Marche,3848.73,3306.27,liquidato,2024-09-09,2024-09-16,2024-09-24
2876,2339,2026-02-04,Corpi di veicoli terrestri,,Veneto,5157.55,4799.74,liquidato,2026-03-25,2026-03-29,2026-04-08
2877,2615,2026-04-20,RC autoveicoli terrestri,unilaterale,Friuli-Venezia Giulia,9220.09,8993.06,liquidato,2026-05-20,2026-05-21,2026-05-24
2878,2432,2026-03-14,RC autoveicoli terrestri,congiunto,Liguria,9068.26,,aperto,,,
2879,1347,2023-06-16,RC autoveicoli terrestri,unilaterale,Lombardia,6780.64,6726.04,liquidato,2023-07-03,2023-07-22,2023-08-01
2880,2354,2025-11-08,Corpi di veicoli terrestri,,Basilicata,1774.44,,respinto,,,
2881,3711,2026-01-31,Corpi di veicoli terrestri,,Piemonte,2498.92,1962.59,liquidato,2026-02-20,2026-02-21,2026-03-08
2882,1708,2024-04-17,RC autoveicoli terrestri,unilaterale,Marche,4424.2,4291.92,liquidato,2024-05-07,2024-05-09,2024-05-24
2883,954,2025-10-30,RC autoveicoli terrestri,unilaterale,Trentino-Alto Adige,13003.14,,respinto,,,
2884,1238,2026-08-11,RC generale,,Emilia-Romagna,16092.59,15195.94,liquidato,2026-09-13,2026-09-15,2026-09-26
2885,3,2023-11-01,RC autoveicoli terrestri,congiunto,Trentino-Alto Adige,2044.21,2024.82,liquidato,2023-11-18,2023-11-22,2023-12-06
2886,480,2025-03-17,Corpi di veicoli terrestri,,Puglia,,5514.28,liquidato,2025-05-07,2025-05-25,2025-06-03
2887,1280,2024-09-23,RC generale,,Veneto,8452.45,,aperto,,,
2888,2721,2024-06-04,RC generale,,Sardegna,16191.54,16082.44,liquidato,2024-07-22,2024-08-10,2024-08-20
2889,1878,2024-11-04,RC autoveicoli terrestri,congiunto,Calabria,5276.17,5115.25,liquidato,2024-12-01,2024-12-04,2024-12-12
2890,2852,2026-05-24,Altri danni ai beni,,Marche,1643.51,,respinto,,,
2891,903,2026-07-09,Incendio ed elementi naturali,,Molise,200,0.0,liquidato,2026-07-20,2026-07-31,2026-08-09
2892,2825,2024-11-02,Altri danni ai beni,,Molise,2710.23,,in_contenzioso,2024-12-17,,
2893,3307,2024-04-12,Corpi di veicoli terrestri,,Piemonte,3553.75,3497.64,liquidato,2024-04-22,2024-05-04,2024-05-08
2894,1042,2025-06-14,Corpi di veicoli terrestri,,Friuli-Venezia Giulia,2302.37,,aperto,,,
2895,3142,2026-01-30,RC autoveicoli terrestri,unilaterale,Valle d'Aosta,9980.88,9779.91,liquidato,2026-03-23,2026-04-03,2026-04-17
2896,1586,2025-07-14,Corpi di veicoli terrestri,,Umbria,7095.51,6505.41,liquidato,2025-09-11,2025-09-23,2025-10-02
2897,1213,2024-02-13,Incendio ed elementi naturali,,Emilia-Romagna,12950.7,12793.5,liquidato,2024-04-07,2024-04-21,2024-05-06
2898,1813,2025-05-19,Incendio ed elementi naturali,,Toscana,5570.49,4930.37,liquidato,2025-07-09,2025-07-25,2025-08-08
2899,1436,2024-08-12,Incendio ed elementi naturali,,Veneto,14827.51,,respinto,,,
2900,2041,2025-02-01,Altri danni ai beni,,Marche,1110.28,891.66,liquidato,2025-03-18,2025-04-04,2025-04-11
2901,1510,2026-04-22,RC autoveicoli terrestri,unilaterale,Umbria,327.45,,in_contenzioso,2026-05-05,,
2902,3333,2023-10-05,RC generale,,Piemonte,9087.57,,in_contenzioso,2023-10-20,,
2903,3179,2025-08-13,RC generale,,Sardegna,11883.2,11294.98,liquidato,2025-09-24,2025-10-10,2025-10-25
2904,3897,2026-03-25,Incendio ed elementi naturali,,Lombardia,17213.73,16457.39,liquidato,2026-04-14,2026-04-20,2026-05-01
2905,1028,2025-12-02,RC autoveicoli terrestri,unilaterale,Liguria,3839.35,3886.84,liquidato,2026-01-30,2026-02-19,2026-03-06
2906,1203,2026-07-22,Incendio ed elementi naturali,,Friuli-Venezia Giulia,16764.12,16457.87,liquidato,2026-09-16,2026-10-06,2026-10-16
2907,3298,2026-02-18,Incendio ed elementi naturali,,Friuli-Venezia Giulia,5036.07,4618.86,liquidato,2026-03-20,2026-04-06,2026-04-15
2908,1266,2026-08-04,RC generale,,Umbria,7693.95,7247.93,liquidato,2026-08-21,2026-09-06,2026-09-10
2909,1396,2025-01-21,RC autoveicoli terrestri,unilaterale,Valle d'Aosta,8262.78,8089.46,liquidato,2025-03-22,2025-04-02,2025-04-10
2910,2157,2026-05-02,RC autoveicoli terrestri,unilaterale,Toscana,6420.74,6454.66,liquidato,2026-05-24,2026-06-13,2026-06-25
2911,1875,2024-05-22,Altri danni ai beni,,Trentino-Alto Adige,2821.25,2680.21,liquidato,2024-07-14,2024-07-25,2024-08-07
2912,3118,2023-10-08,RC autoveicoli terrestri,congiunto,Basilicata,9395.62,9138.82,liquidato,2023-11-04,2023-11-20,2023-11-24
2913,4038,2026-07-28,Incendio ed elementi naturali,,Liguria,3228.4,2700.27,liquidato,2026-09-23,2026-10-07,2026-10-16
2914,3886,2025-10-18,Altri danni ai beni,,Basilicata,1689.14,1455.65,liquidato,2025-12-13,2025-12-15,2025-12-27
2915,2873,2025-04-07,RC generale,,Umbria,4579.37,,aperto,,,
2916,3855,2026-04-20,Incendio ed elementi naturali,,Abruzzo,3368.54,,aperto,,,
2917,398,2023-08-01,RC autoveicoli terrestri,congiunto,Liguria,6194.07,,respinto,,,
2918,65,2025-12-26,Corpi di veicoli terrestri,,Calabria,3319.48,,respinto,,,
2919,1954,2023-07-16,Corpi di veicoli terrestri,,Liguria,2783.46,,respinto,,,
2920,4184,2023-04-20,Corpi di veicoli terrestri,,Toscana,3380.91,2950.06,liquidato,2023-05-01,2023-05-10,2023-05-21
2921,2033,2024-11-19,RC generale,,Molise,14066.13,13182.57,liquidato,2024-12-29,2025-01-05,2025-01-08
2922,717,2025-06-16,Altri danni ai beni,,Valle d'Aosta,1671.66,,aperto,,,
2923,3535,2024-09-08,Altri danni ai beni,,Abruzzo,2506.06,2397.55,liquidato,2024-10-27,2024-11-10,2024-11-17
2924,3272,2025-08-19,RC generale,,Marche,15156.76,,aperto,,,
2925,1384,2026-05-01,Corpi di veicoli terrestri,,Marche,3732.21,3262.06,liquidato,2026-06-13,2026-06-27,2026-06-30
2926,1517,2024-06-11,RC autoveicoli terrestri,unilaterale,Sardegna,6603.81,,aperto,,,
2927,3933,2026-07-26,RC generale,,Calabria,2019.22,1560.36,liquidato,2026-08-14,2026-08-28,2026-09-03
2928,2861,2026-07-26,Altri danni ai beni,,Emilia-Romagna,1004.16,781.64,liquidato,2026-09-23,2026-10-09,2026-10-21
2929,1207,2025-02-26,RC autoveicoli terrestri,congiunto,Basilicata,10610.66,10485.87,liquidato,2025-03-18,2025-03-19,2025-03-29
2930,2147,2023-09-22,Altri danni ai beni,,Calabria,3767.54,3538.71,liquidato,2023-10-11,2023-10-15,2023-10-28
2931,1657,2023-11-11,Altri danni ai beni,,Valle d'Aosta,2009.56,,aperto,,,
2932,699,2026-05-09,RC autoveicoli terrestri,congiunto,Lazio,3005.06,3045.93,liquidato,2026-05-29,2026-06-15,2026-06-22
2933,4237,2024-10-21,Corpi di veicoli terrestri,,Lazio,2794.49,2304.48,liquidato,2024-12-11,2024-12-19,2024-12-28
2934,802,2024-07-12,RC autoveicoli terrestri,unilaterale,Trentino-Alto Adige,6666.79,6328.4,liquidato,2024-08-31,2024-09-03,2024-09-18
2935,959,2026-06-13,RC autoveicoli terrestri,congiunto,Trentino-Alto Adige,4556.05,4496.45,liquidato,2026-06-23,2026-06-24,2026-06-28
2936,1554,2025-04-25,RC generale,,Friuli-Venezia Giulia,5951.04,,in_contenzioso,2025-05-11,,
2937,3448,2023-10-14,RC autoveicoli terrestri,unilaterale,Piemonte,2057.42,2006.86,liquidato,2023-10-26,2023-10-27,2023-10-31
2938,3032,2026-06-09,RC generale,,Puglia,8385.75,8050.28,liquidato,2026-07-04,2026-07-09,2026-07-17
2939,113,2024-02-11,Altri danni ai beni,,Lazio,,746.89,liquidato,2024-03-12,2024-03-21,2024-03-28
2940,99,2023-11-27,Incendio ed elementi naturali,,Trentino-Alto Adige,17423.5,17341.51,liquidato,2024-01-17,2024-01-22,2024-01-26
2941,2512,2025-10-25,Corpi di veicoli terrestri,,Umbria,2810.43,,in_contenzioso,2025-12-06,,
2942,3922,2025-07-08,Corpi di veicoli terrestri,,Friuli-Venezia Giulia,1789.68,1680.1,liquidato,2025-08-21,2025-08-29,2025-09-04
2943,2749,2023-10-31,RC generale,,Molise,11814.83,11596.44,liquidato,2023-12-18,2024-01-01,2024-01-08
2944,3016,2025-12-20,RC autoveicoli terrestri,unilaterale,Abruzzo,6368.93,6140.71,liquidato,2026-01-19,2026-01-26,2026-02-06
2945,1396,2025-02-06,RC autoveicoli terrestri,congiunto,Valle d'Aosta,7114.96,6741.63,liquidato,2025-03-06,2025-03-22,2025-03-29
2946,1182,2026-03-02,Altri danni ai beni,,Sardegna,1961.42,1870.42,liquidato,2026-04-03,2026-04-20,2026-04-30
2947,361,2025-10-09,RC generale,,Abruzzo,13051.21,,respinto,,,
2948,3580,2024-06-08,Corpi di veicoli terrestri,,Lazio,3961.76,3811.9,liquidato,2024-07-28,2024-08-04,2024-08-11
2949,3977,2024-06-02,RC autoveicoli terrestri,congiunto,Puglia,8212.87,,respinto,,,
2950,606,2026-02-13,Altri danni ai beni,,Abruzzo,2453.03,2282.67,liquidato,2026-03-28,2026-04-05,2026-04-16
2951,244,2023-08-28,RC generale,,Emilia-Romagna,8109.1,7753.24,liquidato,2023-10-06,2023-10-23,2023-11-06
2952,696,2023-04-11,Altri danni ai beni,,Valle d'Aosta,,,respinto,,,
2953,429,2026-07-24,Altri danni ai beni,,Sardegna,1615.42,1505.66,liquidato,2026-09-05,2026-09-10,2026-09-17
2954,4034,2025-03-16,Incendio ed elementi naturali,,Sicilia,14430.83,14594.52,liquidato,2025-05-13,2025-05-15,2025-05-20
2955,2481,2026-05-11,RC generale,,Lombardia,5436.39,,aperto,,,
2956,3308,2024-08-10,Corpi di veicoli terrestri,,Emilia-Romagna,5201.2,,aperto,,,
2957,684,2025-08-15,RC generale,,Toscana,1673.77,1186.06,liquidato,2025-09-25,2025-10-13,2025-10-19
2958,3553,2024-11-24,RC autoveicoli terrestri,congiunto,Sardegna,4495.19,,respinto,,,
2959,2059,2024-04-19,Corpi di veicoli terrestri,,Emilia-Romagna,3591.7,3218.61,liquidato,2024-05-07,2024-05-21,2024-05-26
2960,253,2026-07-09,RC generale,,Calabria,13929.21,13956.07,liquidato,2026-08-09,2026-08-21,2026-08-30
2961,1045,2026-08-15,Incendio ed elementi naturali,,Calabria,16332.31,,in_contenzioso,2026-09-12,,
2962,428,2025-10-12,Altri danni ai beni,,Veneto,1614.14,1442.25,liquidato,2025-11-28,2025-12-10,2025-12-13
2963,1727,2025-05-24,Corpi di veicoli terrestri,,Abruzzo,2833.1,,aperto,,,
2964,3056,2025-10-05,Incendio ed elementi naturali,,Abruzzo,15236.84,10040.97,liquidato,2025-12-03,2025-12-14,2025-12-28
2965,1327,2025-05-31,RC generale,,Piemonte,6689.83,6498.12,liquidato,2025-07-14,2025-07-20,2025-08-02
2966,263,2025-03-04,Corpi di veicoli terrestri,,Liguria,4499.81,,respinto,,,
2967,1395,2026-08-19,Altri danni ai beni,,Lombardia,1202.04,,aperto,,,
2968,2373,2023-05-29,Altri danni ai beni,,Veneto,506.99,309.77,liquidato,2023-07-04,2023-07-05,2023-07-15
2969,3433,2024-07-03,RC autoveicoli terrestri,unilaterale,Lombardia,5312.61,5444.26,liquidato,2024-07-13,2024-07-15,2024-07-25
2970,1895,2024-09-07,RC autoveicoli terrestri,unilaterale,Umbria,11047.64,,respinto,,,
2971,722,2025-03-09,Corpi di veicoli terrestri,,Sardegna,3194.86,,respinto,,,
2972,23,2024-07-25,RC generale,,Veneto,10773.57,,aperto,,,
2973,3090,2024-12-02,Incendio ed elementi naturali,,Toscana,11070.46,10504.13,liquidato,2024-12-29,2025-01-14,2025-01-21
2974,2667,2024-01-17,Corpi di veicoli terrestri,,Basilicata,5581.35,5207.44,liquidato,2024-03-03,2024-03-12,2024-03-17
2975,4107,2023-06-13,Altri danni ai beni,,Emilia-Romagna,2608.86,,respinto,,,
2976,2953,2023-06-21,RC generale,,Liguria,7585.08,7493.9,liquidato,2023-07-24,2023-07-25,2023-08-07
2977,3039,2024-04-17,RC autoveicoli terrestri,congiunto,Molise,,7635.96,liquidato,2024-04-27,2024-05-02,2024-05-11
2978,3932,2024-06-25,Corpi di veicoli terrestri,,Valle d'Aosta,4319.11,,respinto,,,
2979,2644,2026-05-09,Corpi di veicoli terrestri,,Trentino-Alto Adige,1048.18,912.12,liquidato,2026-06-01,2026-06-07,2026-06-10
2980,3722,2026-01-01,Corpi di veicoli terrestri,,Valle d'Aosta,2624.91,,aperto,,,
2981,3547,2026-03-10,RC generale,,Sicilia,13250.35,12999.65,liquidato,2026-05-05,2026-05-17,2026-05-23
2982,628,2025-12-31,Altri danni ai beni,,Toscana,200,100.71,liquidato,2026-02-08,2026-02-12,2026-02-25
2983,660,2026-07-28,Incendio ed elementi naturali,,Toscana,14247.93,,respinto,,,
2984,989,2024-09-23,Corpi di veicoli terrestri,,Valle d'Aosta,4601.9,,aperto,,,
2985,2068,2024-07-07,Incendio ed elementi naturali,,Marche,4519.47,4059.03,liquidato,2024-08-20,2024-09-06,2024-09-10
2986,3969,2024-07-06,Altri danni ai beni,,Veneto,1755.97,,respinto,,,
2987,337,2024-03-26,RC autoveicoli terrestri,congiunto,Veneto,6919.23,,in_contenzioso,2024-04-07,,
2988,4176,2026-07-24,Altri danni ai beni,,Lombardia,3066.69,,respinto,,,
2989,1576,2024-11-11,RC generale,,Puglia,11720.58,,aperto,,,
2990,853,2023-12-26,Corpi di veicoli terrestri,,Molise,1670.46,1154.75,liquidato,2024-01-30,2024-02-08,2024-02-17
2991,2718,2025-06-19,Incendio ed elementi naturali,,Umbria,,14804.31,liquidato,2025-07-05,2025-07-12,2025-07-26
2992,1538,2025-08-24,RC autoveicoli terrestri,congiunto,Lombardia,,,aperto,,,
2993,1565,2025-06-24,Altri danni ai beni,,Molise,2114.82,2039.28,liquidato,2025-07-25,2025-08-14,2025-08-26
2994,3919,2025-12-08,Incendio ed elementi naturali,,Emilia-Romagna,10109.36,9355.14,liquidato,2026-01-05,2026-01-08,2026-01-23
2995,1458,2024-07-28,RC autoveicoli terrestri,unilaterale,Trentino-Alto Adige,5955.57,5945.8,liquidato,2024-09-10,2024-09-11,2024-09-22
2996,1594,2026-02-15,RC generale,,Marche,15145.76,,in_contenzioso,2026-03-24,,
2997,1647,2025-05-10,Altri danni ai beni,,Umbria,2699.4,2528.59,liquidato,2025-07-02,2025-07-08,2025-04-18
2998,1958,2025-05-09,RC autoveicoli terrestri,congiunto,Sicilia,9048.17,9027.15,liquidato,2025-05-21,2025-05-23,2025-05-31
2999,4085,2026-07-04,RC autoveicoli terrestri,congiunto,Sicilia,5702.64,5696.54,liquidato,2026-07-29,2026-07-31,2026-08-04
3000,3532,2024-12-30,Corpi di veicoli terrestri,,Umbria,4574.45,4104.03,liquidato,2025-02-23,2025-03-06,2025-03-17
3001,1539,2025-02-07,Corpi di veicoli terrestri,,Valle d'Aosta,2692.44,,in_contenzioso,2025-04-01,,
3002,3275,2023-10-28,Corpi di veicoli terrestri,,Sardegna,3776.31,3445.57,liquidato,2023-11-23,2023-12-01,2023-12-06
3003,1012,2025-02-18,Incendio ed elementi naturali,,Toscana,17982.06,18075.83,liquidato,2025-03-16,2025-04-01,2025-04-08
3004,2690,2026-07-31,Incendio ed elementi naturali,,Valle d'Aosta,7063.69,6744.5,liquidato,2026-08-29,2026-09-16,2026-09-21
3005,1778,2024-12-10,RC generale,,Trentino-Alto Adige,13031.21,12930.68,liquidato,2025-01-27,2025-02-02,2025-02-09
3006,2624,2024-11-24,RC autoveicoli terrestri,unilaterale,Liguria,9047.43,8841.14,liquidato,2024-12-05,2024-12-06,2024-12-17
3007,3267,2026-08-11,Corpi di veicoli terrestri,,Molise,5741.01,,in_contenzioso,2026-09-03,,
3008,430,2026-05-26,RC generale,,Umbria,8961.13,8774.66,liquidato,2026-06-25,2026-07-15,2026-07-20
3009,4047,2025-10-03,Incendio ed elementi naturali,,Sardegna,10455.57,9993.69,liquidato,2025-11-04,2025-11-07,2025-11-22
3010,4024,2023-07-11,RC autoveicoli terrestri,congiunto,Friuli-Venezia Giulia,4788.64,,aperto,,,
3011,3644,2025-01-21,Incendio ed elementi naturali,,Umbria,17775.41,,aperto,,,
3012,2303,2025-12-20,RC autoveicoli terrestri,congiunto,Liguria,7364.21,,aperto,,,
3013,1542,2026-06-05,Incendio ed elementi naturali,,Piemonte,6454.95,5294.66,liquidato,2026-06-28,2026-07-05,2026-07-08
3014,3105,2026-08-14,Corpi di veicoli terrestri,,Calabria,2525.25,2284.14,liquidato,2026-09-30,2026-10-16,2026-10-23
3015,3715,2023-06-19,Incendio ed elementi naturali,,Emilia-Romagna,19842.5,,in_contenzioso,2023-07-05,,
3016,1999,2026-08-02,Altri danni ai beni,,Veneto,1108.14,,aperto,,,
3017,4032,2026-01-23,Incendio ed elementi naturali,,Piemonte,12631.22,,in_contenzioso,2026-03-18,,
3018,818,2025-06-16,RC autoveicoli terrestri,congiunto,Piemonte,6365.85,6205.59,liquidato,2025-07-05,2025-07-08,2025-07-12
3019,4139,2026-08-04,Corpi di veicoli terrestri,,Umbria,4362.05,3845.61,liquidato,2026-08-29,2026-09-04,2026-09-15
3020,3026,2023-03-18,Incendio ed elementi naturali,,Marche,6631.68,6527.94,liquidato,2023-05-14,2023-05-28,2023-06-07
3021,3406,2026-03-02,Altri danni ai beni,,Trentino-Alto Adige,1873.67,1816.19,liquidato,2026-04-07,2026-04-21,2026-05-03
3022,1673,2025-10-25,Incendio ed elementi naturali,,Friuli-Venezia Giulia,11343.62,11377.69,liquidato,2025-12-20,2026-01-03,2026-01-12
3023,169,2026-01-09,Incendio ed elementi naturali,,Liguria,15219.27,,aperto,,,
3024,586,2026-08-05,Incendio ed elementi naturali,,Trentino-Alto Adige,13447.52,13310.29,liquidato,2026-10-02,2026-10-04,2026-10-17
3025,1068,2025-01-22,Incendio ed elementi naturali,,Toscana,6999.07,6786.65,liquidato,2025-02-07,2025-02-16,2025-02-28
3026,3658,2024-06-02,Incendio ed elementi naturali,,Sicilia,4332.5,4172.8,liquidato,2024-06-18,2024-06-25,2024-07-08
3027,2889,2026-08-10,Incendio ed elementi naturali,,Veneto,8094.64,,aperto,,,
3028,896,2023-12-01,Altri danni ai beni,,Valle d'Aosta,569.0,,respinto,,,
3029,1418,2023-09-22,RC generale,,Piemonte,5099.56,,respinto,,,
3030,863,2025-12-18,RC generale,,Sardegna,7153.77,,aperto,,,
3031,4134,2026-05-12,Incendio ed elementi naturali,,Sicilia,5902.57,5317.85,liquidato,2026-06-08,2026-06-26,2026-07-08
3032,3051,2025-01-09,RC autoveicoli terrestri,congiunto,Puglia,5731.3,,in_contenzioso,2025-01-20,,
3033,343,2025-03-07,Incendio ed elementi naturali,,Lazio,10081.58,9826.87,liquidato,2025-04-02,2025-04-08,2025-04-14
3034,1714,2025-05-13,RC autoveicoli terrestri,unilaterale,Friuli-Venezia Giulia,7629.49,7398.59,liquidato,2025-06-25,2025-07-05,2025-07-18
3035,2750,2025-06-09,Incendio ed elementi naturali,,Emilia-Romagna,17852.56,,respinto,,,
3036,838,2026-06-06,RC autoveicoli terrestri,unilaterale,Veneto,6882.7,6854.06,liquidato,2026-07-25,2026-07-27,2026-08-02
3037,2964,2024-09-25,Altri danni ai beni,,Lombardia,577.96,382.41,liquidato,2024-11-22,2024-12-06,2024-12-12
3038,1084,2024-01-07,Incendio ed elementi naturali,,Emilia-Romagna,5405.85,,in_contenzioso,2024-02-24,,
3039,2756,2024-10-07,RC generale,,Lombardia,6943.72,,aperto,,,
3040,4078,2023-11-05,Altri danni ai beni,,Emilia-Romagna,1245.01,,in_contenzioso,2023-12-12,,
3041,1832,2026-08-22,Altri danni ai beni,,Trentino-Alto Adige,1642.37,1452.22,liquidato,2026-09-08,2026-09-24,2026-10-05
3042,660,2026-05-29,Incendio ed elementi naturali,,Toscana,3424.45,2951.58,liquidato,2026-07-02,2026-07-21,2026-07-27
3043,720,2024-04-06,RC generale,,Molise,3360.33,3198.26,liquidato,2024-04-24,2024-05-03,2024-05-08
3044,3628,2026-04-28,Altri danni ai beni,,Umbria,2834.73,,aperto,,,
3045,3788,2025-06-07,Altri danni ai beni,,Basilicata,2692.12,2640.57,liquidato,2025-07-12,2025-07-30,2025-08-08
3046,922,2025-03-06,Corpi di veicoli terrestri,,Liguria,4230.03,,in_contenzioso,2025-04-21,,
3047,3074,2026-04-30,Incendio ed elementi naturali,,Campania,23611.56,23627.42,liquidato,2026-06-09,2026-06-10,2026-06-13
3048,3021,2025-08-08,RC autoveicoli terrestri,unilaterale,Marche,4106.53,3848.58,liquidato,2025-09-12,2025-09-23,2025-09-29
3049,2388,2026-04-30,RC autoveicoli terrestri,unilaterale,Sicilia,6899.75,6722.32,liquidato,2026-05-18,2026-05-19,2026-06-01
3050,1144,2024-06-09,RC generale,,Emilia-Romagna,,,in_contenzioso,2024-07-18,,
3051,3990,2023-07-01,RC autoveicoli terrestri,congiunto,Trentino-Alto Adige,200,0.0,liquidato,2023-07-12,2023-07-13,2023-07-18
3052,1395,2026-04-21,Altri danni ai beni,,Lombardia,1009.37,884.32,liquidato,2026-05-01,2026-05-06,2026-05-11
3053,3959,2023-11-29,RC autoveicoli terrestri,congiunto,Calabria,1760.54,1760.93,liquidato,2023-12-25,2023-12-31,2024-01-07
3054,3559,2024-07-07,RC generale,,Campania,13705.18,12947.59,liquidato,2024-09-02,2024-09-15,2024-09-27
3055,178,2023-04-17,RC autoveicoli terrestri,unilaterale,Liguria,4554.77,4513.61,liquidato,2023-06-06,2023-06-20,2023-07-04
3056,1085,2025-04-27,RC autoveicoli terrestri,unilaterale,Sardegna,2830.81,2898.08,liquidato,2025-06-23,2025-06-30,2025-07-12
3057,4013,2026-03-15,Altri danni ai beni,,Sicilia,3211.99,3159.31,liquidato,2026-04-11,2026-04-13,2026-04-24
3058,2397,2026-05-23,RC generale,,Lazio,11409.62,,aperto,,,
3059,1857,2026-02-24,Incendio ed elementi naturali,,Puglia,12718.99,,aperto,,,
3060,3681,2023-11-06,Incendio ed elementi naturali,,Lazio,22231.87,,in_contenzioso,2024-01-04,,
3061,3697,2026-08-05,Incendio ed elementi naturali,,Piemonte,10569.88,,aperto,,,
3062,3572,2025-02-19,RC generale,,Abruzzo,10984.69,10529.99,liquidato,2025-03-24,2025-03-26,2025-04-08
3063,554,2023-08-02,RC autoveicoli terrestri,unilaterale,Trentino-Alto Adige,11057.48,10675.03,liquidato,2023-09-02,2023-09-03,2023-09-10
3064,1211,2026-07-27,RC autoveicoli terrestri,congiunto,Sicilia,5736.28,5339.0,liquidato,2026-08-21,2026-09-07,2026-09-19
3065,3700,2024-01-10,RC autoveicoli terrestri,congiunto,Trentino-Alto Adige,4549.09,,respinto,,,
3066,2771,2023-05-29,Altri danni ai beni,,Friuli-Venezia Giulia,354.03,259.79,liquidato,2023-06-18,2023-07-02,2023-07-17
3067,3429,2024-12-19,RC autoveicoli terrestri,congiunto,Molise,8597.7,,respinto,,,
3068,170,2026-07-15,Corpi di veicoli terrestri,,Trentino-Alto Adige,1815.68,,aperto,,,
3069,481,2026-08-20,Corpi di veicoli terrestri,,Valle d'Aosta,637.29,474.1,liquidato,2026-10-04,2026-10-23,2026-10-28
3070,1379,2024-08-15,Altri danni ai beni,,Campania,896.54,812.96,liquidato,2024-09-28,2024-10-15,2024-10-25
3071,2739,2026-07-24,RC autoveicoli terrestri,congiunto,Calabria,8380.65,8378.2,liquidato,2026-08-04,2026-08-17,2026-08-22
3072,1143,2025-09-05,Altri danni ai beni,,Marche,1008.46,909.01,liquidato,2025-09-29,2025-10-01,2025-10-13
3073,732,2026-02-26,RC generale,,Emilia-Romagna,15516.11,15414.46,liquidato,2026-04-12,2026-04-17,2026-05-01
3074,3847,2025-08-05,RC generale,,Valle d'Aosta,5424.87,,aperto,,,
3075,2085,2026-03-18,RC autoveicoli terrestri,congiunto,Lombardia,13866.22,13413.24,liquidato,2026-03-29,2026-04-04,2026-04-16
3076,2187,2026-06-17,RC generale,,Basilicata,8845.12,8487.81,liquidato,2026-08-13,2026-08-17,2026-08-20
3077,3555,2024-05-20,Incendio ed elementi naturali,,Umbria,11475.23,11053.0,liquidato,2024-07-15,2024-07-21,2024-07-28
3078,1765,2024-06-17,Incendio ed elementi naturali,,Piemonte,5368.42,4782.2,liquidato,2024-07-08,2024-07-20,2024-07-30
3079,2917,2025-08-11,Altri danni ai beni,,Trentino-Alto Adige,1801.91,1619.7,liquidato,2025-09-01,2025-09-18,2025-09-22
3080,2289,2026-07-20,Corpi di veicoli terrestri,,Sicilia,200,,respinto,,,
3081,2670,2026-01-14,Corpi di veicoli terrestri,,Valle d'Aosta,2991.01,2438.62,liquidato,2026-02-24,2026-03-12,2026-03-21
3082,815,2025-08-04,Altri danni ai beni,,Puglia,506.77,,respinto,,,
3083,943,2023-11-27,Altri danni ai beni,,Friuli-Venezia Giulia,2210.61,2019.69,liquidato,2023-12-14,2023-12-29,2024-01-11
3084,2619,2026-03-13,Corpi di veicoli terrestri,,Friuli-Venezia Giulia,4497.41,,aperto,,,
3085,232,2026-01-21,Corpi di veicoli terrestri,,Valle d'Aosta,1492.39,1188.35,liquidato,2026-02-11,2026-02-12,2026-02-27
3086,3201,2025-05-31,RC generale,,Lombardia,13501.79,12685.66,liquidato,2025-07-06,2025-07-08,2025-07-19
3087,2452,2023-05-19,Altri danni ai beni,,Marche,280.36,185.45,liquidato,2023-07-05,2023-07-24,2023-08-02
3088,1289,2026-06-29,Incendio ed elementi naturali,,Liguria,200,0.0,liquidato,2026-07-21,2026-08-10,2026-08-23
3089,4266,2025-12-29,Corpi di veicoli terrestri,,Calabria,2164.19,1671.23,liquidato,2026-01-27,2026-02-09,2026-02-23
3090,1366,2024-12-23,Incendio ed elementi naturali,,Liguria,21684.32,21696.58,liquidato,2025-01-17,2025-01-28,2025-02-03
3091,2746,2023-02-10,Corpi di veicoli terrestri,,Liguria,4300.02,4151.59,liquidato,2023-04-07,2023-04-23,2023-05-01
3092,2192,2025-04-21,Incendio ed elementi naturali,,Marche,23298.96,23643.33,liquidato,2025-05-12,2025-05-26,2025-05-31
3093,3667,2025-05-26,Incendio ed elementi naturali,,Toscana,10024.3,9410.92,liquidato,2025-06-28,2025-07-09,2025-07-20
3094,3218,2026-05-23,Corpi di veicoli terrestri,,Emilia-Romagna,5330.44,,in_contenzioso,2026-07-16,,
3095,3472,2024-09-23,Corpi di veicoli terrestri,,Piemonte,3030.41,2904.49,liquidato,2024-10-22,2024-11-09,2024-11-18
3096,2703,2026-07-31,RC generale,,Veneto,12895.59,12836.18,liquidato,2026-09-19,2026-10-07,2026-10-10
3097,1595,2026-07-13,Corpi di veicoli terrestri,,Lombardia,7506.25,7200.83,liquidato,2026-08-21,2026-08-23,2026-08-29
3098,857,2025-10-31,RC generale,,Abruzzo,15863.29,15996.06,liquidato,2025-11-18,2025-12-03,2025-12-07
3099,1621,2025-06-07,Corpi di veicoli terrestri,,Piemonte,3705.33,3598.62,liquidato,2025-07-22,2025-08-07,2025-08-19
3100,535,2026-08-07,Corpi di veicoli terrestri,,Basilicata,3382.8,3147.73,liquidato,2026-10-03,2026-10-22,2026-11-04
3101,2656,2025-07-30,RC generale,,Sardegna,10512.41,,respinto,,,
3102,3884,2025-08-19,Altri danni ai beni,,Friuli-Venezia Giulia,1052.9,868.49,liquidato,2025-09-22,2025-09-26,2025-10-04
3103,3206,2024-01-19,RC autoveicoli terrestri,unilaterale,Emilia-Romagna,6789.75,6443.11,liquidato,2024-02-13,2024-02-23,2024-03-07
3104,1397,2025-02-08,RC generale,,Friuli-Venezia Giulia,9670.11,9103.39,liquidato,2025-03-29,2025-04-16,2025-04-30
3105,1887,2026-08-13,RC autoveicoli terrestri,congiunto,Emilia-Romagna,3672.24,3622.52,liquidato,2026-08-31,2026-09-05,2026-09-09
3106,548,2024-05-26,Corpi di veicoli terrestri,,Veneto,4443.65,4304.62,liquidato,2024-07-06,2024-07-25,2024-08-01
3107,3381,2023-12-11,Incendio ed elementi naturali,,Liguria,21573.28,20711.15,liquidato,2024-01-26,2024-02-15,2024-02-19
3108,1118,2025-11-16,RC autoveicoli terrestri,congiunto,Friuli-Venezia Giulia,6730.33,,respinto,,,
3109,833,2023-08-18,RC generale,,Lombardia,1280.91,,aperto,,,
3110,2139,2025-02-06,RC autoveicoli terrestri,unilaterale,Sardegna,2942.99,2879.8,liquidato,2025-04-01,2025-04-15,2025-04-25
3111,1469,2024-10-15,Altri danni ai beni,,Lazio,2342.99,2309.31,liquidato,2024-12-02,2024-12-13,2024-12-21
3112,15,2025-07-16,RC generale,,Lazio,11063.17,,respinto,,,
3113,3415,2025-07-07,Incendio ed elementi naturali,,Calabria,13309.1,13205.64,liquidato,2025-08-11,2025-08-18,2025-08-21
3114,317,2026-01-08,Incendio ed elementi naturali,,Molise,17842.81,17660.58,liquidato,2026-02-13,2026-02-28,2026-03-09
3115,1920,2026-06-08,RC generale,,Lombardia,10261.25,,in_contenzioso,2026-07-03,,
3116,2058,2025-01-24,Corpi di veicoli terrestri,,Friuli-Venezia Giulia,4810.35,4468.89,liquidato,2025-02-03,2025-02-10,2025-02-22
3117,2336,2024-03-18,RC generale,,Trentino-Alto Adige,9655.44,9167.93,liquidato,2024-04-02,2024-04-19,2024-04-26
3118,3371,2023-12-03,RC generale,,Basilicata,200,,aperto,,,
3119,1103,2023-09-08,Altri danni ai beni,,Calabria,2043.56,1804.04,liquidato,2023-10-18,2023-10-31,2023-11-13
3120,2911,2026-07-29,Altri danni ai beni,,Sardegna,2104.05,1968.74,liquidato,2026-09-10,2026-09-11,2026-09-17
3121,2538,2023-03-07,Corpi di veicoli terrestri,,Basilicata,4726.56,4515.87,liquidato,2023-04-18,2023-04-24,2023-04-27
3122,3887,2026-05-25,Incendio ed elementi naturali,,Abruzzo,9514.17,9246.76,liquidato,2026-06-13,2026-06-30,2026-07-11
3123,3,2024-08-20,RC autoveicoli terrestri,congiunto,Friuli-Venezia Giulia,5218.56,,aperto,,,
3124,3439,2025-03-11,RC generale,,Liguria,8226.59,7820.27,liquidato,2025-04-13,2025-04-14,2025-04-20
3125,2764,2025-04-09,RC generale,,Abruzzo,10483.57,10060.86,liquidato,2025-05-02,2025-05-12,2025-03-10
3126,158,2025-04-02,RC generale,,Basilicata,3429.26,,aperto,,,
3127,2414,2025-01-04,Incendio ed elementi naturali,,Liguria,14723.33,14495.35,liquidato,2025-02-27,2025-03-17,2025-03-22
3128,250,2025-05-20,RC autoveicoli terrestri,congiunto,Piemonte,7886.82,7577.29,liquidato,2025-06-12,2025-06-30,2025-07-14
3129,3893,2026-08-11,Altri danni ai beni,,Trentino-Alto Adige,1624.02,,aperto,,,
3130,2979,2025-07-02,Altri danni ai beni,,Marche,1389.83,1170.0,liquidato,2025-08-31,2025-09-03,2025-09-16
3131,3835,2025-07-07,RC generale,,Emilia-Romagna,11361.92,,in_contenzioso,2025-08-16,,
3132,344,2025-03-22,Altri danni ai beni,,Lazio,1092.26,976.75,liquidato,2025-04-16,2025-05-02,2025-05-08
3133,941,2025-12-23,Incendio ed elementi naturali,,Liguria,18452.98,17474.74,liquidato,2026-01-07,2026-01-24,2026-01-30
3134,4290,2024-01-23,Corpi di veicoli terrestri,,Trentino-Alto Adige,2166.66,,respinto,,,
3135,3217,2025-06-12,Corpi di veicoli terrestri,,Molise,3575.87,2991.37,liquidato,2025-06-25,2025-06-29,2025-07-10
3136,3907,2026-01-06,RC generale,,Friuli-Venezia Giulia,10664.46,10492.79,liquidato,2026-03-06,2026-03-10,2026-03-17
3137,525,2026-03-10,Incendio ed elementi naturali,,Sicilia,17890.29,18044.2,liquidato,2026-05-02,2026-05-17,2026-06-01
3138,2563,2025-05-01,Altri danni ai beni,,Campania,1146.25,970.97,liquidato,2025-06-26,2025-07-09,2025-07-20
3139,218,2025-12-22,Incendio ed elementi naturali,,Lazio,19768.19,,aperto,,,
3140,1557,2026-08-05,Corpi di veicoli terrestri,,Campania,3230.54,3088.11,liquidato,2026-09-27,2026-09-30,2026-10-12
3141,741,2024-09-03,Corpi di veicoli terrestri,,Basilicata,4080.01,3556.22,liquidato,2024-10-01,2024-10-20,2024-10-29
3142,2118,2024-09-13,Incendio ed elementi naturali,,Piemonte,11651.62,11404.79,liquidato,2024-10-05,2024-10-24,2024-10-29
3143,2185,2023-08-13,RC generale,,Abruzzo,7702.61,7558.86,liquidato,2023-09-14,2023-09-23,2023-10-06
3144,241,2026-05-14,Corpi di veicoli terrestri,,Emilia-Romagna,200,0.0,liquidato,2026-06-01,2026-06-11,2026-06-25
3145,1974,2026-06-24,Corpi di veicoli terrestri,,Puglia,3477.77,3250.52,liquidato,2026-08-10,2026-08-30,2026-06-11
3146,2140,2024-07-14,RC generale,,Trentino-Alto Adige,4830.36,4795.39,liquidato,2024-08-24,2024-09-11,2024-09-24
3147,1529,2023-11-23,Altri danni ai beni,,Friuli-Venezia Giulia,2076.52,1948.82,liquidato,2024-01-11,2024-01-16,2024-01-28
3148,2719,2026-05-19,RC autoveicoli terrestri,congiunto,Sardegna,12844.77,12624.78,liquidato,2026-06-04,2026-06-09,2026-06-15
3149,228,2025-07-24,RC generale,,Piemonte,11860.67,,in_contenzioso,2025-09-02,,
3150,1028,2026-01-06,RC autoveicoli terrestri,congiunto,Liguria,9041.04,9142.75,liquidato,2026-02-02,2026-02-04,2026-02-19
3151,3965,2026-04-23,Incendio ed elementi naturali,,Marche,4548.87,,aperto,,,
3152,987,2024-07-11,Incendio ed elementi naturali,,Emilia-Romagna,8404.48,8098.23,liquidato,2024-08-01,2024-08-07,2024-08-22
3153,1871,2026-05-13,Incendio ed elementi naturali,,Campania,10060.02,9508.26,liquidato,2026-06-15,2026-06-17,2026-06-20
3154,1466,2025-12-06,Incendio ed elementi naturali,,Trentino-Alto Adige,12632.5,12198.37,liquidato,2026-01-04,2026-01-11,2026-01-19
3155,1738,2024-11-22,Corpi di veicoli terrestri,,Puglia,200,49.93,liquidato,2024-12-27,2025-01-16,2025-01-22
3156,1015,2026-06-02,Altri danni ai beni,,Emilia-Romagna,2031.54,1909.31,liquidato,2026-07-15,2026-07-23,2026-07-30
3157,3832,2026-04-07,Corpi di veicoli terrestri,,Veneto,3561.22,3370.8,liquidato,2026-04-30,2026-05-10,2026-05-24
3158,297,2024-04-14,Altri danni ai beni,,Valle d'Aosta,847.42,734.01,liquidato,2024-05-13,2024-06-01,2024-06-08
3159,1193,2024-11-04,Altri danni ai beni,,Sardegna,1461.54,1334.25,liquidato,2024-12-13,2024-12-25,2025-01-03
3160,1401,2025-07-29,Altri danni ai beni,,Veneto,1797.87,1594.42,liquidato,2025-08-09,2025-08-11,2025-08-24
3161,3171,2024-01-31,Corpi di veicoli terrestri,,Valle d'Aosta,5154.2,,respinto,,,
3162,3513,2024-07-25,Incendio ed elementi naturali,,Molise,7328.89,,respinto,,,
3163,1054,2025-09-20,RC generale,,Lombardia,3609.51,3196.81,liquidato,2025-11-12,2025-11-27,2025-12-02
3164,2770,2025-12-21,RC autoveicoli terrestri,congiunto,Toscana,3003.27,,aperto,,,
3165,3547,2026-06-06,RC generale,,Sicilia,200,0.0,liquidato,2026-06-27,2026-07-16,2026-07-31
3166,3705,2025-12-08,Altri danni ai beni,,Marche,1818.41,1747.77,liquidato,2026-01-09,2026-01-21,2026-01-25
3167,4202,2025-11-27,RC autoveicoli terrestri,congiunto,Molise,3069.73,2985.1,liquidato,2025-12-10,2025-12-25,2026-01-02
3168,637,2023-05-16,RC generale,,Piemonte,5059.58,4783.46,liquidato,2023-05-31,2023-06-01,2023-06-15
3169,888,2024-12-03,RC autoveicoli terrestri,congiunto,Veneto,8449.8,8250.72,liquidato,2024-12-14,2024-12-17,2024-12-25
3170,2323,2025-04-18,Incendio ed elementi naturali,,Lazio,14565.07,14708.96,liquidato,2025-05-25,2025-05-27,2025-05-30
3171,3764,2026-08-03,Altri danni ai beni,,Veneto,2834.14,2692.63,liquidato,2026-08-18,2026-09-06,2026-09-17
3172,1632,2024-01-05,RC autoveicoli terrestri,congiunto,Sardegna,2794.03,2833.17,liquidato,2024-01-23,2024-01-28,2024-02-11
3173,2518,2026-05-21,RC autoveicoli terrestri,congiunto,Toscana,4011.64,3758.13,liquidato,2026-06-01,2026-06-21,2026-06-26
3174,156,2026-05-07,RC generale,,Molise,5843.92,5651.92,liquidato,2026-06-20,2026-06-27,2026-06-30
3175,2798,2025-08-22,Altri danni ai beni,,Campania,1610.26,1543.6,liquidato,2025-10-04,2025-10-15,2025-10-18
3176,2296,2026-06-27,Corpi di veicoli terrestri,,Lazio,3828.55,3531.96,liquidato,2026-08-02,2026-08-22,2026-09-01
3177,610,2026-06-07,Altri danni ai beni,,Puglia,2689.21,2523.78,liquidato,2026-07-31,2026-08-04,2026-08-18
3178,2371,2024-08-11,RC generale,,Lombardia,1372.67,851.93,liquidato,2024-10-02,2024-10-03,2024-10-07
3179,4089,2024-03-06,Incendio ed elementi naturali,,Trentino-Alto Adige,789.38,0.0,liquidato,2024-03-21,2024-04-01,2024-04-04
3180,3789,2023-12-26,RC autoveicoli terrestri,unilaterale,Abruzzo,12519.76,12653.04,liquidato,2024-02-24,2024-03-01,2024-03-10
3181,2607,2025-04-16,Altri danni ai beni,,Emilia-Romagna,2162.08,1925.6,liquidato,2025-05-27,2025-06-08,2025-06-19
3182,1201,2024-07-26,RC generale,,Lazio,7754.82,7410.47,liquidato,2024-08-05,2024-08-22,2024-08-30
3183,1381,2023-07-26,Altri danni ai beni,,Trentino-Alto Adige,1830.22,,respinto,,,
3184,2777,2026-08-20,Incendio ed elementi naturali,,Piemonte,14480.48,,aperto,,,
3185,2814,2025-08-01,Altri danni ai beni,,Toscana,1335.85,,in_contenzioso,2025-09-24,,
3186,423,2026-03-07,RC generale,,Liguria,12833.53,,aperto,,,
3187,1165,2025-09-01,Corpi di veicoli terrestri,,Lombardia,2693.45,,aperto,,,
3188,1961,2024-01-14,RC generale,,Marche,7535.79,,in_contenzioso,2024-02-04,,
3189,1449,2026-03-26,Altri danni ai beni,,Molise,1943.37,1848.74,liquidato,2026-05-16,2026-05-18,2026-05-21
3190,4280,2026-03-23,Incendio ed elementi naturali,,Sardegna,20382.58,,aperto,,,
3191,1349,2024-05-19,Incendio ed elementi naturali,,Marche,17905.84,,respinto,,,
3192,2523,2026-05-28,RC generale,,Lombardia,16920.57,16982.78,liquidato,2026-07-06,2026-07-23,2026-07-30
3193,1862,2026-04-14,Incendio ed elementi naturali,,Sicilia,15131.41,14937.27,liquidato,2026-04-26,2026-05-03,2026-05-11
3194,3827,2026-01-12,RC generale,,Calabria,9229.54,8607.66,liquidato,2026-03-07,2026-03-11,2026-03-18
3195,2595,2024-02-20,RC generale,,Sardegna,10549.33,,respinto,,,
3196,40,2024-07-01,RC generale,,Molise,10700.2,10205.93,liquidato,2024-07-18,2024-07-28,2024-08-04
3197,3981,2025-09-24,RC autoveicoli terrestri,unilaterale,Calabria,5721.83,,respinto,,,
3198,108,2024-12-08,Altri danni ai beni,,Molise,1093.3,882.9,liquidato,2025-01-25,2025-02-06,2025-02-16
3199,2109,2025-11-08,Incendio ed elementi naturali,,Molise,,6995.35,liquidato,2025-11-26,2025-12-07,2025-12-15
3200,2989,2025-07-24,RC generale,,Calabria,15890.88,15774.76,liquidato,2025-09-03,2025-09-06,2025-09-14
3201,1389,2024-10-21,Corpi di veicoli terrestri,,Sardegna,4106.75,3875.93,liquidato,2024-11-28,2024-12-08,2024-12-19
3202,2249,2026-06-12,Corpi di veicoli terrestri,,Veneto,5189.88,4869.78,liquidato,2026-07-03,2026-07-13,2026-07-24
3203,2751,2025-10-26,RC generale,,Emilia-Romagna,10364.63,10172.32,liquidato,2025-11-15,2025-11-28,2025-12-11
3204,1294,2024-07-01,RC generale,,Molise,2988.13,2709.81,liquidato,2024-08-12,2024-08-13,2024-08-20
3205,1047,2024-08-18,RC generale,,Friuli-Venezia Giulia,9665.06,,aperto,,,
3206,141,2026-07-31,RC generale,,Umbria,6875.92,,respinto,,,
3207,2001,2024-07-24,Incendio ed elementi naturali,,Piemonte,5782.87,5253.71,liquidato,2024-09-09,2024-09-23,2024-10-04
3208,1646,2025-05-09,RC autoveicoli terrestri,congiunto,Puglia,4126.26,,respinto,,,
3209,707,2026-05-09,RC autoveicoli terrestri,congiunto,Puglia,6370.53,,respinto,,,
3210,266,2023-03-28,Altri danni ai beni,,Sardegna,3193.97,2978.34,liquidato,2023-04-22,2023-05-02,2023-05-16
3211,2108,2026-08-14,Corpi di veicoli terrestri,,Lazio,1725.98,1534.95,liquidato,2026-10-04,2026-10-07,2026-10-10
3212,117,2024-08-02,RC autoveicoli terrestri,unilaterale,Liguria,9564.53,9114.06,liquidato,2024-08-14,2024-08-28,2024-09-12
3213,735,2025-06-09,RC autoveicoli terrestri,congiunto,Calabria,6277.36,6039.73,liquidato,2025-07-02,2025-07-15,2025-07-21
3214,1242,2024-04-23,Corpi di veicoli terrestri,,Calabria,6126.36,,in_contenzioso,2024-06-18,,
3215,3976,2026-04-21,Incendio ed elementi naturali,,Toscana,8299.95,7802.98,liquidato,2026-05-21,2026-06-01,2026-06-08
3216,1993,2023-12-12,Incendio ed elementi naturali,,Umbria,17942.87,,aperto,,,
3217,2927,2025-05-03,Corpi di veicoli terrestri,,Valle d'Aosta,200,,in_contenzioso,2025-05-19,,
3218,204,2026-08-16,Corpi di veicoli terrestri,,Marche,1469.89,996.94,liquidato,2026-09-21,2026-10-07,2026-10-21
3219,2337,2025-11-02,Incendio ed elementi naturali,,Veneto,14877.51,,in_contenzioso,2025-12-10,,
3220,451,2025-10-15,Altri danni ai beni,,Liguria,1633.98,,aperto,,,
3221,1926,2026-08-11,Corpi di veicoli terrestri,,Valle d'Aosta,4461.15,4245.97,liquidato,2026-08-27,2026-08-30,2026-07-23
3222,2331,2024-01-13,Incendio ed elementi naturali,,Sardegna,14561.1,14059.21,liquidato,2024-01-27,2024-01-31,2024-02-03
3223,223,2024-10-04,Incendio ed elementi naturali,,Sicilia,19690.15,,respinto,,,
3224,2728,2025-12-27,Incendio ed elementi naturali,,Valle d'Aosta,17474.17,17191.82,liquidato,2026-01-07,2026-01-20,2026-02-01
3225,53,2024-05-02,Altri danni ai beni,,Toscana,2139.35,,aperto,,,
3226,1988,2025-03-23,RC generale,,Emilia-Romagna,10651.86,10684.07,liquidato,2025-05-17,2025-06-02,2025-06-13
3227,581,2025-01-18,RC generale,,Piemonte,5273.46,4827.88,liquidato,2025-03-11,2025-03-25,2025-04-09
3228,4100,2023-05-17,Altri danni ai beni,,Basilicata,1788.21,1683.97,liquidato,2023-06-22,2023-07-08,2023-07-19
3229,23,2024-08-18,RC generale,,Veneto,12993.32,,respinto,,,
3230,768,2026-08-21,Incendio ed elementi naturali,,Molise,8639.31,8630.53,liquidato,2026-10-10,2026-10-21,2026-10-26
3231,1138,2024-09-02,Corpi di veicoli terrestri,,Umbria,3709.18,,in_contenzioso,2024-11-01,,
3232,3655,2025-06-19,RC autoveicoli terrestri,unilaterale,Calabria,3175.69,3186.67,liquidato,2025-07-28,2025-08-14,2025-08-29
3233,3279,2024-11-13,RC autoveicoli terrestri,unilaterale,Trentino-Alto Adige,2192.18,1986.02,liquidato,2025-01-04,2025-01-23,2025-02-02
3234,1925,2024-08-20,Altri danni ai beni,,Lombardia,1040.51,839.74,liquidato,2024-09-21,2024-10-07,2024-10-10
3235,1822,2023-10-11,RC autoveicoli terrestri,unilaterale,Sicilia,,,in_contenzioso,2023-11-14,,
3236,2373,2023-03-20,Altri danni ai beni,,Veneto,1762.38,1607.38,liquidato,2023-04-11,2023-04-16,2023-05-01
3237,1052,2024-01-25,Corpi di veicoli terrestri,,Basilicata,2678.22,2123.57,liquidato,2024-03-03,2024-03-10,2024-03-25
3238,2064,2026-08-02,Altri danni ai beni,,Sardegna,1221.93,1095.76,liquidato,2026-10-01,2026-10-14,2026-10-27
3239,2568,2026-05-07,RC autoveicoli terrestri,unilaterale,Toscana,9694.31,9974.38,liquidato,2026-06-04,2026-06-17,2026-06-20
3240,3551,2025-02-18,Altri danni ai beni,,Sicilia,200,97.54,liquidato,2025-03-31,2025-04-09,2025-04-15
3241,3317,2026-04-29,RC autoveicoli terrestri,congiunto,Trentino-Alto Adige,4474.04,4258.33,liquidato,2026-05-19,2026-06-08,2026-06-19
3242,204,2026-05-09,Corpi di veicoli terrestri,,Valle d'Aosta,5576.73,5067.96,liquidato,2026-06-25,2026-07-03,2026-07-12
3243,1900,2023-09-07,Incendio ed elementi naturali,,Emilia-Romagna,200,0.0,liquidato,2023-09-26,2023-09-29,2023-10-13
3244,2758,2026-05-27,Corpi di veicoli terrestri,,Sicilia,4893.82,,aperto,,,
3245,1912,2025-03-29,Corpi di veicoli terrestri,,Lazio,1909.16,,aperto,,,
3246,619,2026-01-11,RC autoveicoli terrestri,unilaterale,Abruzzo,9441.83,9529.11,liquidato,2026-02-10,2026-02-17,2026-02-28
3247,1401,2025-04-06,Altri danni ai beni,,Sicilia,1206.42,1019.68,liquidato,2025-05-03,2025-05-23,2025-06-04
3248,389,2024-12-23,RC generale,,Toscana,11824.61,11844.02,liquidato,2025-01-11,2025-01-16,2025-01-25
3249,3824,2025-09-04,Corpi di veicoli terrestri,,Liguria,2735.18,2206.35,liquidato,2025-10-20,2025-10-22,2025-11-03
3250,4217,2024-03-27,Corpi di veicoli terrestri,,Basilicata,3494.98,3213.24,liquidato,2024-04-14,2024-04-17,2024-04-30
3251,49,2023-07-21,RC generale,,Friuli-Venezia Giulia,200,0.0,liquidato,2023-09-14,2023-09-15,2023-09-28
3252,3501,2023-09-04,RC autoveicoli terrestri,congiunto,Abruzzo,10109.82,,in_contenzioso,2023-09-27,,
3253,1207,2025-09-08,RC autoveicoli terrestri,congiunto,Liguria,4580.78,4199.22,liquidato,2025-10-02,2025-10-13,2025-10-25
3254,2918,2024-12-18,Altri danni ai beni,,Emilia-Romagna,1398.1,,respinto,,,
3255,2597,2023-09-23,RC autoveicoli terrestri,congiunto,Sardegna,6438.4,6342.0,liquidato,2023-10-21,2023-11-03,2023-11-13
3256,3273,2023-03-06,Incendio ed elementi naturali,,Sardegna,13642.24,12782.55,liquidato,2023-03-21,2023-03-30,2023-04-12
3257,231,2023-06-15,RC generale,,Campania,9381.61,8854.26,liquidato,2023-07-13,2023-07-23,2023-08-06
3258,3574,2024-05-11,RC autoveicoli terrestri,unilaterale,Liguria,4530.9,4267.03,liquidato,2024-05-25,2024-06-11,2024-06-18
3259,846,2026-02-16,RC autoveicoli terrestri,congiunto,Lazio,7477.6,,in_contenzioso,2026-03-02,,
3260,2491,2026-05-31,Corpi di veicoli terrestri,,Lombardia,4169.13,3737.96,liquidato,2026-06-22,2026-06-30,2026-07-06
3261,2982,2025-04-09,Incendio ed elementi naturali,,Piemonte,12300.18,11440.19,liquidato,2025-04-27,2025-04-28,2025-05-12
3262,1058,2025-01-02,Incendio ed elementi naturali,,Trentino-Alto Adige,9743.23,8720.67,liquidato,2025-02-12,2025-02-13,2025-02-16
3263,1411,2026-07-04,RC autoveicoli terrestri,unilaterale,Piemonte,5206.03,5070.0,liquidato,2026-07-31,2026-08-20,2026-08-31
3264,944,2025-12-03,Incendio ed elementi naturali,,Sardegna,5859.32,4801.68,liquidato,2026-01-05,2026-01-17,2026-01-22
3265,3250,2025-11-05,RC autoveicoli terrestri,congiunto,Abruzzo,928.22,,aperto,,,
3266,89,2025-10-23,RC generale,,Marche,14878.9,,aperto,,,
3267,4092,2024-01-02,Altri danni ai beni,,Toscana,3347.94,,respinto,,,
3268,3384,2026-08-23,RC autoveicoli terrestri,unilaterale,Basilicata,6610.11,,respinto,,,
3269,2832,2023-08-23,Corpi di veicoli terrestri,,Trentino-Alto Adige,4461.98,4209.94,liquidato,2023-10-05,2023-10-10,2023-10-13
3270,765,2025-07-10,Altri danni ai beni,,Valle d'Aosta,2128.96,,respinto,,,
3271,363,2024-12-29,Corpi di veicoli terrestri,,Calabria,2019.02,1715.75,liquidato,2025-02-14,2025-03-01,2025-03-07
3272,1985,2026-08-02,RC generale,,Valle d'Aosta,15255.03,,aperto,,,
3273,4176,2026-07-09,Incendio ed elementi naturali,,Lombardia,16867.38,10017.28,liquidato,2026-08-01,2026-08-12,2026-08-27
3274,3756,2026-06-20,RC generale,,Abruzzo,4714.93,,aperto,,,
3275,3522,2026-04-14,Incendio ed elementi naturali,,Friuli-Venezia Giulia,16623.08,,aperto,,,
3276,1555,2026-08-22,RC autoveicoli terrestri,unilaterale,Campania,4156.47,3869.68,liquidato,2026-10-17,2026-11-02,2026-11-16
3277,2702,2024-05-16,Altri danni ai beni,,Marche,1870.02,1667.67,liquidato,2024-07-07,2024-07-09,2024-05-11
3278,741,2024-07-10,Corpi di veicoli terrestri,,Basilicata,4944.31,,respinto,,,
3279,1792,2025-09-15,Incendio ed elementi naturali,,Trentino-Alto Adige,10949.57,,respinto,,,
3280,2292,2024-07-25,Incendio ed elementi naturali,,Puglia,13932.84,13552.93,liquidato,2024-08-27,2024-09-01,2024-09-10
3281,2095,2024-10-26,RC autoveicoli terrestri,unilaterale,Valle d'Aosta,8605.09,,respinto,,,
3282,1573,2024-07-24,RC autoveicoli terrestri,congiunto,Abruzzo,6394.0,6282.76,liquidato,2024-08-18,2024-08-23,2024-09-07
3283,2482,2023-02-02,RC generale,,Piemonte,8539.16,8190.33,liquidato,2023-03-09,2023-03-15,2023-03-20
3284,1093,2026-07-27,Incendio ed elementi naturali,,Liguria,16149.14,15653.32,liquidato,2026-09-24,2026-10-03,2026-10-13
3285,173,2025-07-19,Corpi di veicoli terrestri,,Piemonte,3390.88,,aperto,,,
3286,1194,2024-07-25,RC autoveicoli terrestri,congiunto,Sicilia,8897.2,9056.2,liquidato,2024-08-13,2024-08-23,2024-09-03
3287,4065,2026-06-21,Corpi di veicoli terrestri,,Sardegna,1817.22,,respinto,,,
3288,2051,2024-11-26,RC generale,,Emilia-Romagna,6044.77,5604.87,liquidato,2025-01-23,2025-02-07,2025-02-11
3289,1203,2026-08-13,Incendio ed elementi naturali,,Friuli-Venezia Giulia,17968.39,,respinto,,,
3290,2162,2026-06-27,Altri danni ai beni,,Umbria,2536.45,,aperto,,,
3291,2355,2026-01-10,Incendio ed elementi naturali,,Valle d'Aosta,16361.28,15767.98,liquidato,2026-02-10,2026-02-24,2026-02-27
3292,230,2024-06-11,Altri danni ai beni,,Veneto,1203.86,,aperto,,,
3293,1948,2023-11-24,RC autoveicoli terrestri,congiunto,Marche,4246.97,,respinto,,,
3294,3939,2026-04-07,RC generale,,Veneto,9793.77,,in_contenzioso,2026-05-06,,
3295,2367,2025-07-11,Corpi di veicoli terrestri,,Lombardia,2462.1,2013.24,liquidato,2025-08-18,2025-08-30,2025-09-09
3296,2879,2023-07-23,Corpi di veicoli terrestri,,Lazio,1437.2,924.35,liquidato,2023-08-21,2023-08-25,2023-09-02
3297,1419,2026-02-28,Incendio ed elementi naturali,,Puglia,18864.04,18723.05,liquidato,2026-04-14,2026-04-27,2026-05-08
3298,3114,2026-08-01,RC generale,,Toscana,11314.45,,aperto,,,
3299,926,2025-07-04,RC autoveicoli terrestri,congiunto,Basilicata,1044.39,755.78,liquidato,2025-07-31,2025-08-01,2025-08-04
3300,4133,2025-07-11,Corpi di veicoli terrestri,,Umbria,2245.01,2033.82,liquidato,2025-09-01,2025-09-06,2025-09-15
3301,4213,2024-02-18,RC generale,,Valle d'Aosta,8367.05,,in_contenzioso,2024-03-18,,
3302,4095,2024-06-08,Corpi di veicoli terrestri,,Valle d'Aosta,1135.75,966.27,liquidato,2024-07-08,2024-07-25,2024-08-09
3303,2765,2024-06-01,Corpi di veicoli terrestri,,Sardegna,2776.42,,respinto,,,
3304,2586,2025-11-27,Corpi di veicoli terrestri,,Campania,5811.25,,aperto,,,
3305,283,2025-06-14,Altri danni ai beni,,Abruzzo,1392.9,,aperto,,,
3306,4050,2025-01-06,Altri danni ai beni,,Basilicata,3451.94,,respinto,,,
3307,4150,2023-12-22,RC generale,,Sardegna,200,0.0,liquidato,2024-01-02,2024-01-13,2024-01-23
3308,3863,2026-07-30,RC generale,,Umbria,8399.66,,in_contenzioso,2026-09-14,,
3309,677,2025-12-22,Incendio ed elementi naturali,,Sardegna,7715.46,6715.76,liquidato,2026-01-18,2026-01-27,2026-02-05
3310,1414,2024-03-18,RC generale,,Calabria,3611.34,,in_contenzioso,2024-04-20,,
3311,2993,2025-03-26,Altri danni ai beni,,Puglia,951.14,871.77,liquidato,2025-04-05,2025-04-14,2025-04-19
3312,1159,2023-11-11,RC autoveicoli terrestri,unilaterale,Sardegna,9188.32,9021.96,liquidato,2023-12-05,2023-12-22,2023-12-29
3313,1262,2026-08-02,Altri danni ai beni,,Piemonte,2089.81,,in_contenzioso,2026-09-27,,
3314,2978,2024-04-25,Corpi di veicoli terrestri,,Umbria,1789.37,,aperto,,,
3315,2597,2023-08-14,RC autoveicoli terrestri,unilaterale,Sardegna,2907.61,2964.2,liquidato,2023-08-27,2023-09-10,2023-09-15
3316,270,2024-05-17,RC autoveicoli terrestri,congiunto,Piemonte,10255.02,10535.14,liquidato,2024-05-31,2024-06-17,2024-06-28
3317,361,2025-09-04,RC generale,,Abruzzo,10749.12,10782.61,liquidato,2025-09-24,2025-09-25,2025-09-29
3318,4113,2026-06-05,Altri danni ai beni,,Trentino-Alto Adige,2203.83,2037.14,liquidato,2026-07-18,2026-07-23,2026-08-02
3319,3087,2024-03-05,Corpi di veicoli terrestri,,Sicilia,4814.58,4425.67,liquidato,2024-04-09,2024-04-18,2024-04-21
3320,899,2026-08-01,RC generale,,Molise,12471.97,,respinto,,,
3321,91,2026-06-21,Altri danni ai beni,,Liguria,3027.28,2767.52,liquidato,2026-07-01,2026-07-08,2026-07-16
3322,919,2025-03-05,RC generale,,Puglia,17066.25,16525.64,liquidato,2025-04-23,2025-05-04,2025-05-14
3323,2325,2024-10-22,RC autoveicoli terrestri,unilaterale,Calabria,4170.29,,respinto,,,
3324,579,2024-03-29,RC generale,,Lazio,5937.16,,respinto,,,
3325,2115,2025-03-24,Incendio ed elementi naturali,,Molise,13329.51,13011.28,liquidato,2025-05-18,2025-06-04,2025-06-15
3326,3606,2023-09-30,Incendio ed elementi naturali,,Friuli-Venezia Giulia,18276.83,18379.73,liquidato,2023-11-23,2023-12-03,2023-12-11
3327,2482,2023-08-16,RC generale,,Sicilia,6415.2,,in_contenzioso,2023-09-09,,
3328,2652,2023-05-30,RC autoveicoli terrestri,congiunto,Sicilia,7374.88,7281.91,liquidato,2023-06-20,2023-06-24,2023-07-03
3329,1615,2026-06-11,Corpi di veicoli terrestri,,Sicilia,4641.59,,respinto,,,
3330,1945,2023-11-25,Corpi di veicoli terrestri,,Liguria,5840.34,5484.52,liquidato,2023-12-25,2024-01-03,2024-01-06
3331,2424,2024-04-19,RC generale,,Friuli-Venezia Giulia,11359.45,,in_contenzioso,2024-06-15,,
3332,1305,2025-04-04,RC autoveicoli terrestri,congiunto,Molise,16752.77,16931.74,liquidato,2025-04-26,2025-05-10,2025-05-14
3333,2005,2026-07-22,Incendio ed elementi naturali,,Sardegna,7555.68,6486.99,liquidato,2026-09-04,2026-09-09,2026-09-21
3334,4207,2025-12-20,Corpi di veicoli terrestri,,Valle d'Aosta,6976.04,6994.49,liquidato,2026-02-15,2026-03-03,2026-03-17
3335,4200,2026-08-17,RC autoveicoli terrestri,unilaterale,Puglia,,5435.5,liquidato,2026-09-27,2026-10-15,2026-10-18
3336,4101,2025-02-12,Altri danni ai beni,,Sicilia,1534.87,1299.19,liquidato,2025-03-09,2025-03-19,2025-04-03
3337,3085,2023-04-28,Incendio ed elementi naturali,,Liguria,11916.65,11847.27,liquidato,2023-06-17,2023-06-19,2023-07-04
3338,1542,2026-07-25,Incendio ed elementi naturali,,Piemonte,6917.77,5864.73,liquidato,2026-08-12,2026-08-13,2026-08-18
3339,372,2026-08-14,Incendio ed elementi naturali,,Piemonte,13739.48,,respinto,,,
3340,2232,2026-05-14,RC autoveicoli terrestri,unilaterale,Lombardia,11009.16,10891.15,liquidato,2026-06-05,2026-06-14,2026-06-18
3341,964,2024-12-13,Altri danni ai beni,,Liguria,2246.86,,in_contenzioso,2025-01-30,,
3342,678,2026-06-30,RC generale,,Abruzzo,11800.32,11796.63,liquidato,2026-07-22,2026-07-26,2026-08-03
3343,3120,2025-12-20,Altri danni ai beni,,Campania,1309.01,1124.61,liquidato,2026-01-03,2026-01-18,2026-01-29
3344,2805,2026-02-22,Corpi di veicoli terrestri,,Liguria,4643.86,4549.5,liquidato,2026-04-20,2026-04-26,2026-05-04
3345,3499,2026-07-27,RC autoveicoli terrestri,unilaterale,Sardegna,6751.03,,aperto,,,
3346,3015,2026-01-15,Corpi di veicoli terrestri,,Liguria,4717.87,4246.98,liquidato,2026-02-02,2026-02-20,2025-12-24
3347,2040,2023-08-27,Altri danni ai beni,,Emilia-Romagna,2227.54,2081.53,liquidato,2023-09-20,2023-10-06,2023-08-22
3348,4042,2025-06-04,RC generale,,Umbria,6247.98,6125.59,liquidato,2025-07-24,2025-08-08,2025-08-21
3349,4031,2024-03-03,Incendio ed elementi naturali,,Sicilia,8528.27,7810.31,liquidato,2024-03-13,2024-03-20,2024-03-24
3350,1712,2024-12-24,RC generale,,Trentino-Alto Adige,8862.07,8518.24,liquidato,2025-01-13,2025-02-02,2025-02-11
3351,1724,2025-02-07,RC autoveicoli terrestri,unilaterale,Puglia,7743.65,7303.44,liquidato,2025-03-11,2025-03-18,2025-04-02
3352,1918,2026-07-09,Incendio ed elementi naturali,,Veneto,12077.6,,in_contenzioso,2026-08-31,,
3353,288,2026-05-14,Corpi di veicoli terrestri,,Marche,971.22,460.62,liquidato,2026-07-13,2026-07-30,2026-08-03
3354,915,2025-05-29,Incendio ed elementi naturali,,Campania,200,,aperto,,,
3355,2732,2026-07-30,Corpi di veicoli terrestri,,Lazio,4729.09,4477.03,liquidato,2026-08-23,2026-08-25,2026-08-31
3356,3239,2026-05-30,Incendio ed elementi naturali,,Toscana,4901.77,,in_contenzioso,2026-06-13,,
3357,3293,2025-10-11,Corpi di veicoli terrestri,,Veneto,5332.66,5287.68,liquidato,2025-11-08,2025-11-22,2025-12-04
3358,19,2025-06-26,Corpi di veicoli terrestri,,Sicilia,4229.81,3991.81,liquidato,2025-08-11,2025-08-26,2025-09-07
3359,4135,2026-08-16,Corpi di veicoli terrestri,,Toscana,3350.06,,in_contenzioso,2026-08-31,,
3360,2069,2025-01-06,Corpi di veicoli terrestri,,Marche,3604.24,,respinto,,,
3361,493,2026-08-18,Incendio ed elementi naturali,,Lazio,12518.39,11693.55,liquidato,2026-10-03,2026-10-19,2026-10-30
3362,2689,2025-05-12,Altri danni ai beni,,Umbria,1509.33,1278.25,liquidato,2025-05-28,2025-05-31,2025-06-13
3363,3987,2026-03-22,Altri danni ai beni,,Sardegna,1679.1,1157.7,liquidato,2026-04-21,2026-05-01,2026-05-14
3364,2017,2026-08-12,Altri danni ai beni,,Basilicata,1515.77,1418.53,liquidato,2026-09-14,2026-10-04,2026-10-08
3365,1469,2024-05-30,Altri danni ai beni,,Lazio,1673.49,,aperto,,,
3366,3266,2026-08-24,RC autoveicoli terrestri,unilaterale,Emilia-Romagna,7760.98,7388.6,liquidato,2026-10-07,2026-10-22,2026-10-28
3367,1984,2023-06-30,Corpi di veicoli terrestri,,Molise,7776.48,,in_contenzioso,2023-07-19,,
3368,3098,2025-08-01,Incendio ed elementi naturali,,Trentino-Alto Adige,9296.55,8973.28,liquidato,2025-08-31,2025-09-01,2025-09-11
3369,1039,2026-06-10,RC generale,,Marche,10728.8,10521.88,liquidato,2026-07-19,2026-07-26,2026-07-29
3370,2578,2024-05-24,Altri danni ai beni,,Lazio,1530.74,,respinto,,,
3371,2256,2025-09-05,Incendio ed elementi naturali,,Trentino-Alto Adige,15941.46,,respinto,,,
3372,1024,2026-03-01,RC generale,,Trentino-Alto Adige,12866.39,12530.03,liquidato,2026-03-20,2026-03-28,2026-04-02
3373,214,2025-01-03,Altri danni ai beni,,Veneto,3261.43,2841.81,liquidato,2025-03-04,2025-03-19,2025-03-31
3374,3882,2024-08-31,Altri danni ai beni,,Molise,1103.06,,respinto,,,
3375,1006,2025-02-06,Corpi di veicoli terrestri,,Puglia,4429.25,4022.16,liquidato,2025-02-21,2025-03-03,2025-03-06
3376,3021,2025-09-01,RC autoveicoli terrestri,unilaterale,Marche,7520.46,7216.4,liquidato,2025-10-31,2025-11-03,2025-11-12
3377,3447,2023-10-28,Altri danni ai beni,,Liguria,966.99,861.58,liquidato,2023-11-26,2023-12-14,2023-12-24
3378,4126,2024-07-05,Incendio ed elementi naturali,,Veneto,9151.31,9022.93,liquidato,2024-08-05,2024-08-10,2024-08-13
3379,3871,2024-12-02,RC autoveicoli terrestri,unilaterale,Lazio,7298.18,6911.01,liquidato,2025-01-29,2025-02-14,2025-02-23
3380,920,2026-05-29,Altri danni ai beni,,Basilicata,1505.22,1341.38,liquidato,2026-07-23,2026-08-07,2026-08-14
3381,1195,2026-05-16,Corpi di veicoli terrestri,,Toscana,4802.82,4784.83,liquidato,2026-06-09,2026-06-25,2026-07-03
3382,857,2025-12-27,RC generale,,Abruzzo,13736.53,,aperto,,,
3383,3483,2023-11-22,Corpi di veicoli terrestri,,Valle d'Aosta,3470.11,,in_contenzioso,2023-12-08,,
3384,3012,2023-12-16,Altri danni ai beni,,Liguria,1605.35,1419.05,liquidato,2024-01-02,2024-01-07,2024-01-18
3385,1892,2026-03-09,Incendio ed elementi naturali,,Trentino-Alto Adige,17989.92,18265.49,liquidato,2026-03-27,2026-04-04,2026-04-17
3386,1885,2024-12-06,RC generale,,Liguria,10770.88,10058.82,liquidato,2025-01-26,2025-02-13,2025-02-22
3387,4042,2025-11-17,RC generale,,Umbria,9788.22,,aperto,,,
3388,3179,2025-12-29,RC generale,,Puglia,12932.76,,in_contenzioso,2026-02-26,,
3389,4049,2024-06-15,RC generale,,Toscana,12280.2,12201.09,liquidato,2024-07-04,2024-07-06,2024-07-21
3390,816,2026-06-10,Incendio ed elementi naturali,,Veneto,10960.42,9924.09,liquidato,2026-06-24,2026-07-13,2026-07-16
3391,4009,2025-06-27,Corpi di veicoli terrestri,,Friuli-Venezia Giulia,1554.36,,respinto,,,
3392,2047,2025-11-20,Incendio ed elementi naturali,,Piemonte,8042.25,,aperto,,,
3393,114,2025-07-18,Incendio ed elementi naturali,,Trentino-Alto Adige,14899.63,13983.84,liquidato,2025-09-10,2025-09-27,2025-10-11
3394,3580,2023-10-03,Corpi di veicoli terrestri,,Lazio,2567.64,,aperto,,,
3395,3965,2026-05-12,Incendio ed elementi naturali,,Marche,7603.85,,in_contenzioso,2026-06-18,,
3396,4178,2026-06-09,RC generale,,Lazio,12061.52,,respinto,,,
3397,3616,2023-10-01,RC autoveicoli terrestri,congiunto,Valle d'Aosta,2005.53,,aperto,,,
3398,2964,2024-09-26,Altri danni ai beni,,Lombardia,2512.75,,respinto,,,
3399,1120,2025-07-17,Incendio ed elementi naturali,,Sardegna,12915.97,11749.95,liquidato,2025-08-21,2025-08-22,2025-09-05
3400,523,2024-06-03,RC generale,,Campania,8354.66,7726.78,liquidato,2024-07-19,2024-07-29,2024-08-09
3401,190,2024-04-23,RC autoveicoli terrestri,congiunto,Trentino-Alto Adige,6425.57,6353.47,liquidato,2024-05-13,2024-05-31,2024-06-04
3402,1590,2024-11-04,RC autoveicoli terrestri,unilaterale,Valle d'Aosta,7277.63,7025.07,liquidato,2024-12-02,2024-12-19,2024-12-25
3403,1944,2026-05-13,RC generale,,Veneto,2323.38,1823.86,liquidato,2026-06-01,2026-06-17,2026-06-25
3404,2597,2024-03-30,RC autoveicoli terrestri,congiunto,Sardegna,9746.93,9691.83,liquidato,2024-04-14,2024-04-22,2024-05-02
3405,4071,2026-07-24,Incendio ed elementi naturali,,Umbria,6568.26,5922.66,liquidato,2026-08-11,2026-08-26,2026-08-30
3406,976,2026-03-29,Incendio ed elementi naturali,,Veneto,12283.54,,aperto,,,
3407,1402,2026-04-03,RC generale,,Marche,7681.39,,in_contenzioso,2026-05-22,,
3408,348,2025-01-23,RC autoveicoli terrestri,congiunto,Valle d'Aosta,3961.36,,in_contenzioso,2025-02-22,,
3409,450,2026-06-12,RC autoveicoli terrestri,unilaterale,Marche,6109.36,6128.56,liquidato,2026-06-22,2026-07-10,2026-07-20
3410,1374,2026-05-19,RC generale,,Calabria,6867.45,,aperto,,,
3411,3684,2024-01-01,Altri danni ai beni,,Puglia,2411.31,,respinto,,,
3412,3064,2026-01-16,RC autoveicoli terrestri,unilaterale,Puglia,8756.19,8896.13,liquidato,2026-02-07,2026-02-08,2026-02-14
3413,4057,2026-08-09,Altri danni ai beni,,Campania,3301.21,3123.95,liquidato,2026-09-05,2026-09-21,2026-09-24
3414,783,2026-08-18,Incendio ed elementi naturali,,Umbria,11706.38,11153.96,liquidato,2026-09-16,2026-09-21,2026-10-02
3415,2049,2023-09-08,RC generale,,Lombardia,11965.05,11616.51,liquidato,2023-10-21,2023-10-30,2023-11-09
3416,1152,2026-07-04,Altri danni ai beni,,Campania,1498.13,1429.97,liquidato,2026-07-25,2026-07-31,2026-08-15
3417,403,2023-12-25,Altri danni ai beni,,Valle d'Aosta,200,101.57,liquidato,2024-02-13,2024-02-15,2024-02-24
3418,380,2025-04-10,Incendio ed elementi naturali,,Toscana,16312.28,,in_contenzioso,2025-05-26,,
3419,3335,2025-08-11,Incendio ed elementi naturali,,Campania,22435.42,22122.4,liquidato,2025-09-13,2025-09-29,2025-10-11
3420,1567,2024-12-20,Altri danni ai beni,,Calabria,1308.58,1242.14,liquidato,2024-12-31,2025-01-20,2025-02-04
3421,1784,2025-05-10,Corpi di veicoli terrestri,,Piemonte,4294.16,4105.63,liquidato,2025-07-08,2025-07-14,2025-07-19
3422,3583,2025-10-08,RC generale,,Toscana,4201.97,3741.17,liquidato,2025-11-24,2025-12-13,2025-12-27
3423,1290,2023-07-28,Altri danni ai beni,,Piemonte,742.75,529.04,liquidato,2023-09-01,2023-09-16,2023-09-29
3424,4166,2025-05-17,Altri danni ai beni,,Valle d'Aosta,1268.96,,respinto,,,
3425,4186,2025-11-15,RC generale,,Marche,8082.49,,aperto,,,
3426,691,2024-10-06,RC autoveicoli terrestri,congiunto,Lazio,623.79,318.23,liquidato,2024-10-22,2024-10-29,2024-11-05
3427,2338,2024-12-28,Incendio ed elementi naturali,,Molise,14562.18,,in_contenzioso,2025-01-22,,
3428,3569,2024-05-13,Incendio ed elementi naturali,,Sicilia,18653.01,17650.85,liquidato,2024-07-05,2024-07-15,2024-07-28
3429,3270,2023-12-26,RC generale,,Molise,5098.55,4593.26,liquidato,2024-01-28,2024-01-30,2024-02-09
3430,156,2026-05-22,RC generale,,Veneto,1571.7,1324.16,liquidato,2026-07-01,2026-07-07,2026-07-17
3431,2187,2026-07-28,RC generale,,Molise,10553.52,,respinto,,,
3432,3811,2025-02-26,RC autoveicoli terrestri,congiunto,Calabria,9421.61,9375.71,liquidato,2025-03-15,2025-03-19,2025-03-29
3433,3076,2025-04-23,Incendio ed elementi naturali,,Marche,13105.8,,aperto,,,
3434,860,2025-07-24,Incendio ed elementi naturali,,Lombardia,4557.83,,aperto,,,
3435,3882,2024-08-15,Altri danni ai beni,,Molise,2067.73,1911.21,liquidato,2024-09-23,2024-09-30,2024-10-09
3436,923,2024-01-08,Corpi di veicoli terrestri,,Friuli-Venezia Giulia,,5055.84,liquidato,2024-02-09,2024-02-15,2024-02-29
3437,2226,2026-05-12,Altri danni ai beni,,Emilia-Romagna,3075.28,2877.06,liquidato,2026-06-24,2026-07-01,2026-07-13
3438,2394,2023-12-03,RC generale,,Valle d'Aosta,12504.14,,in_contenzioso,2023-12-17,,
3439,574,2025-12-11,RC generale,,Umbria,7863.5,7426.32,liquidato,2026-01-29,2026-02-04,2025-11-24
3440,3320,2024-01-12,RC generale,,Calabria,5268.3,4844.6,liquidato,2024-01-25,2024-01-28,2024-02-02
3441,1137,2025-05-13,RC autoveicoli terrestri,unilaterale,Sicilia,557.13,563.89,liquidato,2025-06-08,2025-06-17,2025-06-25
3442,3438,2026-08-10,Altri danni ai beni,,Marche,1198.02,1123.35,liquidato,2026-09-16,2026-09-19,2026-09-26
3443,3997,2025-06-18,RC autoveicoli terrestri,unilaterale,Lombardia,10187.87,9856.69,liquidato,2025-07-18,2025-07-23,2025-08-07
3444,809,2026-02-01,RC generale,,Friuli-Venezia Giulia,13847.81,,in_contenzioso,2026-03-08,,
3445,4284,2024-09-17,Altri danni ai beni,,Calabria,3616.12,3416.01,liquidato,2024-09-30,2024-10-15,2024-10-25
3446,1947,2024-09-23,Incendio ed elementi naturali,,Lombardia,11745.01,10500.57,liquidato,2024-10-12,2024-10-13,2024-10-18
3447,2871,2026-06-20,Altri danni ai beni,,Valle d'Aosta,2150.14,1973.96,liquidato,2026-08-14,2026-08-18,2026-08-30
3448,1335,2023-12-12,Incendio ed elementi naturali,,Friuli-Venezia Giulia,7448.25,7204.68,liquidato,2023-12-27,2023-12-29,2024-01-07
3449,3727,2025-11-03,RC autoveicoli terrestri,congiunto,Friuli-Venezia Giulia,10202.57,,aperto,,,
3450,4284,2024-09-18,Altri danni ai beni,,Calabria,1881.77,,in_contenzioso,2024-10-31,,
3451,2277,2026-01-16,RC generale,,Basilicata,3203.14,2885.56,liquidato,2026-02-08,2026-02-18,2026-02-22
3452,823,2024-02-23,Altri danni ai beni,,Lombardia,200,98.12,liquidato,2024-03-17,2024-03-25,2024-04-06
3453,4033,2023-05-07,Altri danni ai beni,,Basilicata,2012.28,,respinto,,,
3454,2957,2025-10-10,Incendio ed elementi naturali,,Emilia-Romagna,12453.9,11334.65,liquidato,2025-12-03,2025-12-20,2025-12-31
3455,518,2026-07-20,RC generale,,Piemonte,,5895.98,liquidato,2026-08-10,2026-08-19,2026-08-27
3456,2954,2026-07-28,RC generale,,Campania,9155.25,8426.03,liquidato,2026-08-19,2026-09-02,2026-09-07
3457,3627,2023-05-01,Incendio ed elementi naturali,,Lazio,4177.71,3883.13,liquidato,2023-05-28,2023-06-15,2023-06-26
3458,2757,2026-07-14,Corpi di veicoli terrestri,,Sicilia,3831.09,,in_contenzioso,2026-09-10,,
3459,2366,2025-09-23,Altri danni ai beni,,Valle d'Aosta,2055.6,1897.92,liquidato,2025-10-16,2025-11-01,2025-11-11
3460,3201,2025-12-04,RC generale,,Lombardia,8887.53,8602.03,liquidato,2025-12-17,2025-12-29,2026-01-04
3461,1201,2024-07-19,RC generale,,Lazio,10748.02,10380.26,liquidato,2024-09-10,2024-09-12,2024-09-17
3462,3763,2026-05-20,RC autoveicoli terrestri,unilaterale,Sicilia,4047.99,4161.26,liquidato,2026-07-07,2026-07-12,2026-07-20
3463,239,2024-02-09,Incendio ed elementi naturali,,Piemonte,15139.59,,respinto,,,
3464,3026,2023-11-10,Incendio ed elementi naturali,,Marche,13882.22,13411.66,liquidato,2023-12-10,2023-12-19,2023-12-27
3465,2837,2024-08-11,RC generale,,Lazio,8837.61,8369.7,liquidato,2024-08-28,2024-08-31,2024-09-03
3466,3019,2025-09-10,RC generale,,Emilia-Romagna,6264.5,,respinto,,,
3467,1401,2025-05-17,Altri danni ai beni,,Sicilia,2200.89,2050.13,liquidato,2025-07-10,2025-07-27,2025-08-08
3468,1740,2025-07-14,Incendio ed elementi naturali,,Emilia-Romagna,14054.24,13373.01,liquidato,2025-09-07,2025-09-21,2025-09-24
3469,3310,2024-03-02,Incendio ed elementi naturali,,Molise,4558.13,,aperto,,,
3470,3921,2026-06-30,Altri danni ai beni,,Trentino-Alto Adige,1223.26,1112.4,liquidato,2026-08-21,2026-08-22,2026-09-01
3471,2176,2026-07-24,Corpi di veicoli terrestri,,Basilicata,4114.57,3935.15,liquidato,2026-08-27,2026-09-12,2026-09-15
3472,3376,2025-04-05,Corpi di veicoli terrestri,,Trentino-Alto Adige,5059.28,4898.04,liquidato,2025-04-19,2025-04-24,2025-05-08
3473,3792,2026-03-30,Altri danni ai beni,,Valle d'Aosta,1208.92,984.47,liquidato,2026-05-10,2026-05-11,2026-05-26
3474,1308,2024-10-08,Incendio ed elementi naturali,,Liguria,10623.33,10350.81,liquidato,2024-10-31,2024-11-07,2024-11-12
3475,328,2026-04-13,RC generale,,Abruzzo,10714.87,10453.43,liquidato,2026-05-04,2026-05-14,2026-05-19
3476,3277,2023-06-03,Incendio ed elementi naturali,,Marche,17833.95,,aperto,,,
3477,635,2025-02-11,Incendio ed elementi naturali,,Marche,18561.1,,in_contenzioso,2025-03-26,,
3478,2097,2023-10-10,Incendio ed elementi naturali,,Trentino-Alto Adige,11113.34,11173.65,liquidato,2023-11-17,2023-11-26,2023-12-07
3479,4135,2026-06-15,Corpi di veicoli terrestri,,Toscana,3676.63,3519.14,liquidato,2026-07-14,2026-07-24,2026-08-06
3480,4283,2025-07-15,RC autoveicoli terrestri,congiunto,Puglia,6913.16,6013.92,liquidato,2025-08-06,2025-08-26,2025-09-02
3481,4210,2024-02-15,Altri danni ai beni,,Marche,974.73,872.82,liquidato,2024-03-14,2024-03-26,2024-04-03
3482,3476,2026-02-06,Corpi di veicoli terrestri,,Piemonte,2070.42,1523.82,liquidato,2026-03-13,2026-03-24,2026-04-05
3483,1553,2023-07-07,Altri danni ai beni,,Valle d'Aosta,1400.43,,respinto,,,
3484,1865,2025-02-03,Corpi di veicoli terrestri,,Valle d'Aosta,5151.72,4882.53,liquidato,2025-02-27,2025-03-05,2025-03-17
3485,4300,2025-10-29,Altri danni ai beni,,Toscana,2082.57,1831.2,liquidato,2025-12-25,2026-01-07,2026-01-17
3486,716,2025-03-12,Incendio ed elementi naturali,,Campania,17011.86,,respinto,,,
3487,3151,2023-02-26,Corpi di veicoli terrestri,,Abruzzo,5461.11,,respinto,,,
3488,1432,2024-04-29,Altri danni ai beni,,Sardegna,1894.36,,aperto,,,
3489,1464,2026-01-07,Corpi di veicoli terrestri,,Puglia,2067.98,1534.1,liquidato,2026-02-18,2026-02-26,2026-03-05
3490,4288,2026-06-29,Altri danni ai beni,,Veneto,1589.18,1409.75,liquidato,2026-08-12,2026-08-31,2026-09-05
3491,2918,2025-04-08,Altri danni ai beni,,Emilia-Romagna,2378.35,2194.86,liquidato,2025-04-30,2025-05-14,2025-05-29
3492,364,2023-11-12,Altri danni ai beni,,Friuli-Venezia Giulia,200,101.47,liquidato,2023-12-30,2024-01-17,2024-01-25
3493,2836,2026-05-28,Altri danni ai beni,,Emilia-Romagna,1644.16,1557.34,liquidato,2026-07-03,2026-07-20,2026-07-27
3494,1191,2024-09-07,Altri danni ai beni,,Valle d'Aosta,980.63,,respinto,,,
3495,135,2026-05-23,Altri danni ai beni,,Valle d'Aosta,3051.01,2965.31,liquidato,2026-06-16,2026-07-03,2026-07-17
3496,3873,2026-06-04,Altri danni ai beni,,Abruzzo,1626.29,1436.61,liquidato,2026-07-02,2026-07-08,2026-07-13
3497,1606,2026-07-31,RC generale,,Sicilia,10223.34,9784.4,liquidato,2026-09-14,2026-09-17,2026-10-02
3498,2545,2026-08-21,RC autoveicoli terrestri,congiunto,Piemonte,4778.22,4353.83,liquidato,2026-09-08,2026-09-15,2026-09-25
3499,1731,2025-01-18,Incendio ed elementi naturali,,Emilia-Romagna,16277.21,15457.67,liquidato,2025-03-04,2025-03-13,2025-03-25
3500,4276,2024-02-24,Altri danni ai beni,,Sardegna,2384.1,2197.3,liquidato,2024-03-31,2024-04-03,2024-04-13
3501,3010,2025-09-15,RC generale,,Marche,10133.52,9628.06,liquidato,2025-09-29,2025-10-07,2025-10-10
3502,330,2023-12-07,Corpi di veicoli terrestri,,Basilicata,5557.18,5130.11,liquidato,2024-01-24,2024-01-28,2024-02-12
3503,2095,2024-08-11,RC autoveicoli terrestri,unilaterale,Valle d'Aosta,6469.2,6561.03,liquidato,2024-09-11,2024-09-15,2024-09-21
3504,2527,2024-12-13,RC generale,,Emilia-Romagna,15637.66,15423.16,liquidato,2025-01-04,2025-01-19,2025-01-27
3505,3432,2024-04-18,RC autoveicoli terrestri,unilaterale,Sicilia,8390.76,8346.16,liquidato,2024-06-07,2024-06-08,2024-06-15
3506,589,2024-10-26,RC autoveicoli terrestri,unilaterale,Trentino-Alto Adige,200,51.02,liquidato,2024-12-24,2025-01-05,2025-01-08
3507,3749,2024-05-13,Incendio ed elementi naturali,,Basilicata,11616.67,11267.08,liquidato,2024-07-06,2024-07-12,2024-07-22
3508,3886,2025-12-09,Altri danni ai beni,,Basilicata,2564.23,,respinto,,,
3509,592,2024-01-15,Altri danni ai beni,,Toscana,1218.96,,respinto,,,
3510,2590,2026-05-11,RC autoveicoli terrestri,congiunto,Liguria,7140.69,,aperto,,,
3511,2578,2024-04-14,Altri danni ai beni,,Sardegna,369.69,169.37,liquidato,2024-04-28,2024-05-16,2024-05-31
3512,3602,2025-08-02,Altri danni ai beni,,Veneto,3608.55,3368.92,liquidato,2025-08-19,2025-08-23,2025-09-02
3513,4278,2023-11-26,Incendio ed elementi naturali,,Campania,14153.45,13352.15,liquidato,2023-12-22,2023-12-27,2024-01-02
3514,2105,2026-01-09,RC generale,,Toscana,17403.16,,aperto,,,
3515,1189,2025-10-15,Incendio ed elementi naturali,,Toscana,12792.33,12769.21,liquidato,2025-10-25,2025-11-10,2025-11-15
3516,1207,2025-07-06,RC autoveicoli terrestri,unilaterale,Basilicata,4285.43,,aperto,,,
3517,2779,2026-05-13,Incendio ed elementi naturali,,Calabria,17819.27,17419.23,liquidato,2026-05-26,2026-06-04,2026-06-19
3518,99,2023-05-03,RC autoveicoli terrestri,unilaterale,Trentino-Alto Adige,3150.78,,aperto,,,
3519,2079,2026-03-12,RC autoveicoli terrestri,unilaterale,Veneto,1914.26,,aperto,,,
3520,1150,2023-12-15,Altri danni ai beni,,Puglia,1206.18,1022.81,liquidato,2024-01-05,2024-01-12,2024-01-18
3521,400,2023-04-29,RC generale,,Calabria,16497.18,16382.47,liquidato,2023-06-03,2023-06-15,2023-06-24
3522,4215,2024-09-06,RC generale,,Umbria,8230.04,7995.14,liquidato,2024-09-20,2024-10-08,2024-10-15
3523,504,2026-07-26,RC autoveicoli terrestri,unilaterale,Marche,6164.95,6135.84,liquidato,2026-08-08,2026-08-16,2026-08-27
3524,3023,2025-09-22,Corpi di veicoli terrestri,,Veneto,5925.79,5778.71,liquidato,2025-10-24,2025-11-08,2025-11-21
3525,3736,2025-07-28,Corpi di veicoli terrestri,,Abruzzo,3144.1,3078.99,liquidato,2025-09-17,2025-09-18,2025-10-03
3526,1546,2023-09-09,RC autoveicoli terrestri,congiunto,Umbria,3618.37,3646.03,liquidato,2023-10-07,2023-10-27,2023-10-30
3527,3591,2025-12-15,Altri danni ai beni,,Emilia-Romagna,2918.27,2652.87,liquidato,2026-01-27,2026-02-07,2026-02-13
3528,849,2023-06-14,RC generale,,Molise,3713.79,3196.04,liquidato,2023-07-30,2023-08-04,2023-08-09
3529,900,2026-06-26,RC generale,,Marche,7630.89,7282.45,liquidato,2026-07-20,2026-08-06,2026-08-10
3530,812,2026-05-25,Corpi di veicoli terrestri,,Trentino-Alto Adige,4787.0,,in_contenzioso,2026-06-07,,
3531,1483,2026-05-05,Incendio ed elementi naturali,,Trentino-Alto Adige,12668.26,11385.29,liquidato,2026-06-17,2026-07-04,2026-07-11
3532,3112,2023-04-24,Corpi di veicoli terrestri,,Valle d'Aosta,2854.84,2405.67,liquidato,2023-06-10,2023-06-29,2023-07-05
3533,1325,2025-10-26,RC autoveicoli terrestri,unilaterale,Calabria,7821.44,7539.58,liquidato,2025-11-28,2025-12-03,2025-12-14
3534,687,2024-07-08,RC generale,,Piemonte,6480.41,6099.86,liquidato,2024-08-28,2024-08-29,2024-09-10
3535,92,2025-11-20,Altri danni ai beni,,Emilia-Romagna,1015.01,917.33,liquidato,2026-01-09,2026-01-25,2026-01-31
3536,3732,2025-08-29,Altri danni ai beni,,Lazio,1961.84,,respinto,,,
3537,1674,2025-04-03,RC autoveicoli terrestri,congiunto,Friuli-Venezia Giulia,5896.83,5752.71,liquidato,2025-05-03,2025-05-20,2025-05-29
3538,3860,2026-01-13,Altri danni ai beni,,Marche,896.88,783.97,liquidato,2026-02-11,2026-03-01,2026-03-16
3539,1270,2023-08-21,Corpi di veicoli terrestri,,Veneto,3552.44,3274.63,liquidato,2023-10-06,2023-10-10,2023-10-14
3540,3452,2025-01-29,RC autoveicoli terrestri,unilaterale,Valle d'Aosta,4669.99,4410.55,liquidato,2025-02-15,2025-02-23,2025-03-05
3541,3511,2024-05-23,Altri danni ai beni,,Toscana,2830.61,,aperto,,,
3542,1636,2023-10-04,Altri danni ai beni,,Toscana,2021.57,1974.38,liquidato,2023-11-08,2023-11-27,2023-12-10
3543,2368,2025-02-01,RC generale,,Lombardia,11573.68,11051.95,liquidato,2025-02-11,2025-02-15,2025-03-02
3544,2107,2023-04-25,RC generale,,Molise,7071.86,6600.28,liquidato,2023-05-15,2023-05-23,2023-06-04
3545,2793,2024-01-23,Incendio ed elementi naturali,,Liguria,14770.53,13545.29,liquidato,2024-02-14,2024-03-05,2024-03-10
3546,1910,2026-08-12,Corpi di veicoli terrestri,,Umbria,704.79,,aperto,,,
3547,346,2024-04-15,Corpi di veicoli terrestri,,Sicilia,3464.93,3087.35,liquidato,2024-05-15,2024-05-28,2024-06-03
3548,2999,2023-11-18,Incendio ed elementi naturali,,Sardegna,13695.01,13288.88,liquidato,2024-01-05,2024-01-24,2024-01-29
3549,552,2024-03-07,Altri danni ai beni,,Lazio,3325.84,3234.12,liquidato,2024-03-27,2024-04-15,2024-04-23
3550,776,2026-07-31,Corpi di veicoli terrestri,,Sicilia,4465.7,4426.34,liquidato,2026-09-02,2026-09-15,2026-07-12
3551,2337,2025-12-09,Incendio ed elementi naturali,,Veneto,6680.76,,respinto,,,
3552,2955,2025-05-09,Incendio ed elementi naturali,,Veneto,2752.5,2238.82,liquidato,2025-05-31,2025-06-12,2025-06-19
3553,1021,2024-06-29,Incendio ed elementi naturali,,Friuli-Venezia Giulia,9487.72,8556.89,liquidato,2024-07-27,2024-08-01,2024-08-11
3554,1264,2023-09-01,Corpi di veicoli terrestri,,Valle d'Aosta,5724.2,5464.72,liquidato,2023-09-26,2023-10-10,2023-10-14
3555,1260,2023-12-21,Altri danni ai beni,,Umbria,1719.26,1505.59,liquidato,2024-02-17,2024-03-06,2024-03-13
3556,3786,2024-05-16,Corpi di veicoli terrestri,,Basilicata,4701.71,4153.2,liquidato,2024-06-23,2024-06-25,2024-07-07
3557,3616,2023-04-25,RC autoveicoli terrestri,unilaterale,Valle d'Aosta,11029.86,10740.9,liquidato,2023-05-31,2023-06-02,2023-06-15
3558,3979,2024-05-24,RC generale,,Liguria,6220.86,5779.55,liquidato,2024-06-07,2024-06-23,2024-07-03
3559,2510,2026-01-10,Incendio ed elementi naturali,,Puglia,19385.22,19138.93,liquidato,2026-03-02,2026-03-18,2026-03-29
3560,551,2026-08-03,RC generale,,Veneto,10578.7,10323.7,liquidato,2026-09-24,2026-10-09,2026-10-17
3561,647,2026-08-10,Altri danni ai beni,,Lazio,1598.69,,respinto,,,
3562,3029,2024-12-08,RC generale,,Liguria,8130.94,7826.19,liquidato,2025-02-06,2025-02-24,2025-03-08
3563,3562,2023-08-31,RC autoveicoli terrestri,congiunto,Lombardia,11981.51,11739.08,liquidato,2023-09-10,2023-09-30,2023-10-07
3564,2359,2026-04-27,RC autoveicoli terrestri,congiunto,Lazio,4474.64,,aperto,,,
3565,3987,2026-07-13,Incendio ed elementi naturali,,Sardegna,9169.42,8488.24,liquidato,2026-08-25,2026-09-06,2026-06-14
3566,2958,2025-09-25,Incendio ed elementi naturali,,Piemonte,15093.03,,respinto,,,
3567,3301,2023-08-12,Corpi di veicoli terrestri,,Piemonte,1960.08,1779.7,liquidato,2023-09-09,2023-09-23,2023-10-08
3568,2299,2025-03-10,Corpi di veicoli terrestri,,Trentino-Alto Adige,3435.64,3146.33,liquidato,2025-05-03,2025-05-19,2025-06-02
3569,3520,2026-08-23,Incendio ed elementi naturali,,Lazio,12431.12,,respinto,,,
3570,805,2026-07-20,Altri danni ai beni,,Lazio,459.22,364.5,liquidato,2026-08-24,2026-08-29,2026-09-09
3571,2477,2024-01-03,RC generale,,Molise,8164.62,,in_contenzioso,2024-02-25,,
3572,3448,2023-09-27,RC autoveicoli terrestri,congiunto,Piemonte,3618.26,,aperto,,,
3573,436,2024-02-23,RC generale,,Calabria,10355.87,9908.19,liquidato,2024-04-02,2024-04-03,2024-04-08
3574,917,2025-05-02,RC generale,,Molise,4797.19,4628.03,liquidato,2025-05-17,2025-05-26,2025-06-03
3575,3545,2023-08-16,RC autoveicoli terrestri,unilaterale,Trentino-Alto Adige,12312.65,11989.5,liquidato,2023-09-09,2023-09-14,2023-09-21
3576,2479,2026-06-19,RC autoveicoli terrestri,congiunto,Marche,6503.87,,aperto,,,
3577,162,2026-02-01,Incendio ed elementi naturali,,Sardegna,17070.84,16136.72,liquidato,2026-03-12,2026-03-18,2026-03-31
3578,3218,2026-06-11,Incendio ed elementi naturali,,Emilia-Romagna,,0.0,liquidato,2026-07-07,2026-07-12,2026-07-21
3579,942,2023-12-23,Corpi di veicoli terrestri,,Lazio,,5235.51,liquidato,2024-01-09,2024-01-12,2024-01-24
3580,346,2024-03-08,Corpi di veicoli terrestri,,Sicilia,3281.47,2995.89,liquidato,2024-04-06,2024-04-08,2024-04-16
3581,3054,2025-10-20,Incendio ed elementi naturali,,Veneto,200,0.0,liquidato,2025-12-13,2025-12-19,2026-01-03
3582,1529,2024-07-28,Altri danni ai beni,,Friuli-Venezia Giulia,1713.24,,aperto,,,
3583,2265,2023-11-24,RC autoveicoli terrestri,congiunto,Marche,4434.58,4067.49,liquidato,2023-12-07,2023-12-25,2024-01-02
3584,3071,2026-07-24,Corpi di veicoli terrestri,,Umbria,5031.28,4855.26,liquidato,2026-08-28,2026-09-12,2026-09-16
3585,367,2026-01-16,Corpi di veicoli terrestri,,Lombardia,2780.87,,aperto,,,
3586,508,2024-09-03,RC generale,,Friuli-Venezia Giulia,10763.99,10348.23,liquidato,2024-10-14,2024-10-24,2024-11-03
3587,442,2026-04-08,Altri danni ai beni,,Basilicata,2689.8,2495.66,liquidato,2026-04-20,2026-04-28,2026-05-10
3588,3745,2026-07-11,Incendio ed elementi naturali,,Friuli-Venezia Giulia,15728.79,15499.21,liquidato,2026-08-06,2026-08-13,2026-08-17
3589,2352,2024-03-21,Incendio ed elementi naturali,,Lazio,23837.87,,aperto,,,
3590,2057,2023-08-04,RC autoveicoli terrestri,unilaterale,Emilia-Romagna,6247.65,5810.8,liquidato,2023-09-01,2023-09-18,2023-09-26
3591,3472,2024-08-07,RC autoveicoli terrestri,unilaterale,Piemonte,8256.22,,respinto,,,
3592,3572,2025-07-05,RC generale,,Abruzzo,6528.02,,respinto,,,
3593,3661,2024-11-05,RC generale,,Trentino-Alto Adige,14521.1,,aperto,,,
3594,698,2025-07-25,RC autoveicoli terrestri,unilaterale,Puglia,7109.51,,aperto,,,
3595,3159,2024-10-18,RC autoveicoli terrestri,unilaterale,Umbria,6212.66,,aperto,,,
3596,428,2025-08-13,Altri danni ai beni,,Umbria,2457.13,,aperto,,,
3597,2685,2024-04-20,Altri danni ai beni,,Basilicata,1806.75,1736.47,liquidato,2024-05-26,2024-06-07,2024-06-12
3598,1901,2025-07-27,Corpi di veicoli terrestri,,Marche,3573.37,3049.53,liquidato,2025-08-25,2025-09-07,2025-09-14
3599,1746,2025-02-01,RC generale,,Puglia,8238.24,7944.7,liquidato,2025-02-20,2025-02-21,2025-02-25
3600,2783,2026-04-15,RC generale,,Marche,5062.41,,aperto,,,
3601,3443,2026-03-22,RC generale,,Marche,9531.76,9203.1,liquidato,2026-05-16,2026-05-21,2026-05-26
3602,1358,2026-07-07,Incendio ed elementi naturali,,Friuli-Venezia Giulia,11343.15,,aperto,,,
3603,1836,2026-06-09,Incendio ed elementi naturali,,Calabria,5860.1,5553.21,liquidato,2026-07-28,2026-08-08,2026-08-12
3604,2261,2024-09-22,RC autoveicoli terrestri,congiunto,Sardegna,3223.17,,respinto,,,
3605,39,2025-07-02,RC generale,,Veneto,6250.0,6162.96,liquidato,2025-07-16,2025-07-21,2025-07-24
3606,885,2025-01-29,Corpi di veicoli terrestri,,Liguria,380.99,,respinto,,,
3607,1200,2024-03-25,Corpi di veicoli terrestri,,Basilicata,5049.29,,respinto,,,
3608,43,2025-01-21,RC generale,,Sicilia,10209.73,,in_contenzioso,2025-03-15,,
3609,79,2024-01-07,RC generale,,Molise,,8545.9,liquidato,2024-02-05,2024-02-11,2024-02-15
3610,2693,2026-04-04,Corpi di veicoli terrestri,,Emilia-Romagna,318.85,0.0,liquidato,2026-05-24,2026-06-09,2026-06-23
3611,1362,2024-09-30,Altri danni ai beni,,Emilia-Romagna,2831.25,2797.71,liquidato,2024-11-18,2024-12-07,2024-12-22
3612,2230,2024-10-31,RC autoveicoli terrestri,congiunto,Trentino-Alto Adige,8002.03,,respinto,,,
3613,1088,2024-12-08,RC autoveicoli terrestri,congiunto,Trentino-Alto Adige,10716.2,10640.07,liquidato,2024-12-21,2024-12-28,2024-12-31
3614,2483,2026-01-24,RC autoveicoli terrestri,unilaterale,Puglia,6643.92,6628.27,liquidato,2026-02-09,2026-02-22,2026-03-09
3615,1267,2026-01-02,Incendio ed elementi naturali,,Calabria,16055.09,15027.75,liquidato,2026-01-23,2026-02-09,2026-02-14
3616,841,2026-07-05,Corpi di veicoli terrestri,,Toscana,7330.38,7066.73,liquidato,2026-08-09,2026-08-20,2026-09-04
3617,3765,2024-10-25,Altri danni ai beni,,Umbria,2449.95,2298.67,liquidato,2024-11-29,2024-12-19,2024-12-23
3618,3524,2024-01-02,Incendio ed elementi naturali,,Liguria,18693.07,,in_contenzioso,2024-02-15,,
3619,1088,2025-06-09,Corpi di veicoli terrestri,,Liguria,2637.59,2419.94,liquidato,2025-07-19,2025-08-03,2025-08-12
3620,100,2024-07-04,Incendio ed elementi naturali,,Piemonte,21921.43,20812.4,liquidato,2024-08-07,2024-08-12,2024-08-21
3621,1534,2025-01-28,RC generale,,Molise,17465.82,,in_contenzioso,2025-03-01,,
3622,4220,2025-01-17,RC generale,,Emilia-Romagna,7187.75,6870.89,liquidato,2025-02-10,2025-02-19,2025-03-01
3623,1142,2024-11-01,RC generale,,Veneto,15235.46,14750.91,liquidato,2024-12-18,2025-01-01,2025-01-12
3624,1076,2026-07-13,Incendio ed elementi naturali,,Basilicata,11033.95,10551.03,liquidato,2026-08-22,2026-08-27,2026-09-02
3625,4281,2025-10-07,Corpi di veicoli terrestri,,Toscana,3942.32,3864.92,liquidato,2025-11-24,2025-12-11,2025-12-20
3626,3934,2025-03-22,Altri danni ai beni,,Piemonte,2376.37,2144.33,liquidato,2025-05-02,2025-05-20,2025-06-04
3627,1424,2025-01-11,Altri danni ai beni,,Liguria,1888.94,1730.22,liquidato,2025-02-27,2025-03-18,2025-03-30
3628,777,2024-02-04,Altri danni ai beni,,Lazio,1445.28,,aperto,,,
3629,862,2026-06-04,Corpi di veicoli terrestri,,Emilia-Romagna,2395.98,2087.15,liquidato,2026-07-24,2026-07-28,2026-08-11
3630,3730,2023-10-31,RC generale,,Sicilia,1007.69,751.88,liquidato,2023-12-19,2024-01-02,2024-01-06
3631,4011,2025-10-17,Incendio ed elementi naturali,,Liguria,12164.06,11694.94,liquidato,2025-12-06,2025-12-09,2025-12-15
3632,1652,2024-10-08,RC autoveicoli terrestri,congiunto,Friuli-Venezia Giulia,8973.75,8840.93,liquidato,2024-10-27,2024-11-09,2024-11-19
3633,767,2025-12-12,Altri danni ai beni,,Friuli-Venezia Giulia,3147.32,,in_contenzioso,2026-01-04,,
3634,530,2024-04-13,Altri danni ai beni,,Friuli-Venezia Giulia,1424.0,1334.37,liquidato,2024-04-26,2024-04-28,2024-05-10
3635,312,2024-08-30,Altri danni ai beni,,Sicilia,1279.76,,respinto,,,
3636,1921,2025-12-30,RC generale,,Marche,14899.86,,aperto,,,
3637,2035,2025-05-19,RC generale,,Veneto,999.19,738.98,liquidato,2025-07-15,2025-07-26,2025-08-05
3638,3478,2026-02-12,Incendio ed elementi naturali,,Molise,4218.34,3737.7,liquidato,2026-03-12,2026-03-17,2026-03-25
3639,3333,2023-09-19,RC generale,,Piemonte,11531.66,,aperto,,,
3640,4028,2025-02-06,Incendio ed elementi naturali,,Puglia,13772.87,13129.32,liquidato,2025-04-03,2025-04-22,2025-04-25
3641,3563,2025-01-06,Incendio ed elementi naturali,,Basilicata,14370.25,13384.47,liquidato,2025-03-07,2025-03-16,2025-03-25
3642,4247,2025-03-29,Altri danni ai beni,,Puglia,2111.09,2041.74,liquidato,2025-05-24,2025-05-31,2025-06-07
3643,3501,2023-11-07,RC autoveicoli terrestri,congiunto,Veneto,4736.98,4698.21,liquidato,2023-11-30,2023-12-12,2023-12-23
3644,1244,2023-03-05,Altri danni ai beni,,Sicilia,1472.72,1264.02,liquidato,2023-04-01,2023-04-11,2023-04-22
3645,3415,2026-04-02,Incendio ed elementi naturali,,Calabria,8268.74,,aperto,,,
3646,662,2024-08-21,Corpi di veicoli terrestri,,Piemonte,2026.14,,respinto,,,
3647,1037,2024-09-25,Corpi di veicoli terrestri,,Valle d'Aosta,3488.66,,respinto,,,
3648,1784,2025-08-20,Corpi di veicoli terrestri,,Piemonte,3222.17,3042.35,liquidato,2025-09-23,2025-10-09,2025-10-22
3649,3138,2026-02-18,RC autoveicoli terrestri,congiunto,Umbria,200,204.66,liquidato,2026-03-20,2026-03-21,2026-04-03
3650,3455,2026-07-25,Incendio ed elementi naturali,,Emilia-Romagna,6385.6,5449.5,liquidato,2026-08-11,2026-08-16,2026-08-29
3651,4124,2026-06-05,Corpi di veicoli terrestri,,Valle d'Aosta,4644.95,,in_contenzioso,2026-06-19,,
3652,2930,2026-04-08,RC generale,,Trentino-Alto Adige,6544.65,6215.4,liquidato,2026-05-05,2026-05-18,2026-05-29
3653,3108,2023-10-02,Incendio ed elementi naturali,,Friuli-Venezia Giulia,13667.16,13175.21,liquidato,2023-11-28,2023-12-09,2023-12-12
3654,4251,2025-02-13,RC autoveicoli terrestri,congiunto,Valle d'Aosta,11279.34,10801.03,liquidato,2025-02-24,2025-02-27,2025-03-07
3655,2099,2026-06-08,Incendio ed elementi naturali,,Calabria,17727.71,,aperto,,,
3656,36,2025-09-19,Altri danni ai beni,,Lazio,4307.3,4179.68,liquidato,2025-11-13,2025-11-20,2025-11-27
3657,58,2026-06-13,Altri danni ai beni,,Umbria,1109.36,,aperto,,,
3658,3052,2024-05-19,RC autoveicoli terrestri,unilaterale,Friuli-Venezia Giulia,3097.59,2954.82,liquidato,2024-06-08,2024-06-10,2024-06-17
3659,3353,2026-03-19,RC generale,,Liguria,6310.26,5744.38,liquidato,2026-04-22,2026-05-11,2026-05-23
3660,3959,2023-12-25,RC autoveicoli terrestri,unilaterale,Calabria,4985.87,,respinto,,,
3661,1285,2025-10-23,Incendio ed elementi naturali,,Valle d'Aosta,20055.39,19505.74,liquidato,2025-12-08,2025-12-10,2025-12-19
3662,2927,2024-11-23,RC autoveicoli terrestri,unilaterale,Valle d'Aosta,4191.36,,in_contenzioso,2024-12-05,,
3663,3503,2026-03-24,Corpi di veicoli terrestri,,Basilicata,3128.87,,aperto,,,
3664,63,2025-02-08,RC generale,,Molise,9313.88,9029.29,liquidato,2025-03-31,2025-04-07,2025-04-17
3665,1496,2026-06-30,RC generale,,Calabria,200,,in_contenzioso,2026-08-28,,
3666,2207,2023-12-03,RC generale,,Umbria,20253.06,19906.98,liquidato,2023-12-27,2024-01-02,2024-01-13
3667,190,2024-10-31,RC autoveicoli terrestri,congiunto,Trentino-Alto Adige,2812.92,,in_contenzioso,2024-11-28,,
3668,2385,2025-09-11,Altri danni ai beni,,Piemonte,1594.81,1483.16,liquidato,2025-11-02,2025-11-10,2025-11-18
3669,3489,2026-05-18,RC generale,,Molise,6169.09,5719.89,liquidato,2026-07-05,2026-07-16,2026-07-24
3670,4175,2024-04-15,Corpi di veicoli terrestri,,Piemonte,5207.09,,respinto,,,
3671,3198,2023-08-24,Altri danni ai beni,,Umbria,827.83,634.3,liquidato,2023-09-29,2023-10-06,2023-10-09
3672,3593,2026-03-02,Altri danni ai beni,,Umbria,772.13,586.63,liquidato,2026-04-09,2026-04-24,2026-05-04
3673,3138,2025-09-13,RC autoveicoli terrestri,unilaterale,Umbria,7566.73,,respinto,,,
3674,3811,2025-01-20,RC autoveicoli terrestri,congiunto,Calabria,8444.95,,in_contenzioso,2025-02-09,,
3675,2790,2025-07-26,Corpi di veicoli terrestri,,Friuli-Venezia Giulia,4632.24,,in_contenzioso,2025-08-08,,
3676,693,2024-10-29,RC autoveicoli terrestri,unilaterale,Valle d'Aosta,5254.21,4991.28,liquidato,2024-12-05,2024-12-20,2024-12-30
3677,2334,2026-07-08,Incendio ed elementi naturali,,Molise,10159.83,9364.36,liquidato,2026-07-20,2026-07-22,2026-07-28
3678,1430,2024-08-06,Incendio ed elementi naturali,,Veneto,19841.59,,respinto,,,
3679,1432,2025-02-28,Altri danni ai beni,,Sardegna,430.26,,respinto,,,
3680,680,2025-08-31,Altri danni ai beni,,Trentino-Alto Adige,2451.11,,aperto,,,
3681,2269,2025-10-24,Corpi di veicoli terrestri,,Sardegna,3353.71,2987.81,liquidato,2025-12-10,2025-12-25,2026-01-05
3682,3855,2026-07-08,Incendio ed elementi naturali,,Abruzzo,10043.41,9051.07,liquidato,2026-09-04,2026-09-23,2026-09-26
3683,250,2025-12-15,RC autoveicoli terrestri,congiunto,Piemonte,8547.43,8196.89,liquidato,2026-01-13,2026-01-27,2026-02-10
3684,762,2024-01-19,RC generale,,Umbria,5053.13,4680.34,liquidato,2024-03-12,2024-03-16,2024-01-04
3685,1651,2026-08-02,RC autoveicoli terrestri,congiunto,Sardegna,3402.48,3297.7,liquidato,2026-08-26,2026-08-29,2026-09-01
3686,1792,2025-10-03,Incendio ed elementi naturali,,Trentino-Alto Adige,11490.03,11359.84,liquidato,2025-11-21,2025-12-06,2025-12-19
3687,2225,2025-06-18,Altri danni ai beni,,Umbria,836.7,,respinto,,,
3688,4147,2025-12-16,Incendio ed elementi naturali,,Friuli-Venezia Giulia,12980.82,12653.81,liquidato,2026-02-08,2026-02-27,2026-03-08
3689,2037,2025-07-04,RC autoveicoli terrestri,unilaterale,Lombardia,5130.44,4973.46,liquidato,2025-08-14,2025-08-16,2025-08-29
3690,496,2025-12-16,RC autoveicoli terrestri,congiunto,Basilicata,2858.23,2700.55,liquidato,2026-01-04,2026-01-20,2026-01-24
3691,1636,2023-12-30,Altri danni ai beni,,Toscana,200,100.34,liquidato,2024-01-24,2024-02-02,2024-02-11
3692,3646,2023-09-19,RC generale,,Umbria,6517.04,,respinto,,,
3693,1835,2024-10-25,Altri danni ai beni,,Puglia,1440.59,,aperto,,,
3694,707,2026-06-01,RC autoveicoli terrestri,congiunto,Puglia,6755.78,,in_contenzioso,2026-07-01,,
3695,1150,2024-01-07,Altri danni ai beni,,Puglia,1592.98,1433.47,liquidato,2024-02-24,2024-03-05,2024-03-13
3696,1322,2025-08-07,Incendio ed elementi naturali,,Puglia,14668.79,13908.4,liquidato,2025-08-21,2025-08-22,2025-09-02
3697,4234,2025-10-15,Incendio ed elementi naturali,,Lombardia,22764.15,,aperto,,,
3698,2674,2023-10-31,Altri danni ai beni,,Friuli-Venezia Giulia,1633.59,,aperto,,,
3699,1726,2026-06-06,RC autoveicoli terrestri,congiunto,Toscana,1039.42,1015.43,liquidato,2026-07-01,2026-07-09,2026-07-21
3700,839,2025-10-30,Corpi di veicoli terrestri,,Piemonte,5380.72,4880.37,liquidato,2025-12-16,2025-12-29,2026-01-09
3701,4194,2026-06-21,RC autoveicoli terrestri,congiunto,Lazio,7749.58,7810.09,liquidato,2026-07-21,2026-07-28,2026-08-06
3702,2757,2026-08-01,Corpi di veicoli terrestri,,Sicilia,5423.78,,aperto,,,
3703,3825,2026-07-20,RC generale,,Marche,15227.51,,aperto,,,
3704,1663,2025-08-31,Corpi di veicoli terrestri,,Abruzzo,2429.95,,aperto,,,
3705,75,2024-12-27,Corpi di veicoli terrestri,,Abruzzo,4999.33,4376.43,liquidato,2025-01-19,2025-02-03,2025-02-13
3706,978,2024-01-21,Corpi di veicoli terrestri,,Lombardia,4288.99,4230.15,liquidato,2024-02-20,2024-03-07,2024-03-18
3707,1889,2026-07-11,Incendio ed elementi naturali,,Molise,9044.22,8193.87,liquidato,2026-07-28,2026-08-02,2026-08-08
3708,2131,2026-08-22,Incendio ed elementi naturali,,Puglia,12534.49,,aperto,,,
3709,1852,2026-04-27,RC autoveicoli terrestri,congiunto,Lombardia,13874.43,,aperto,,,
3710,390,2026-06-28,RC generale,,Lombardia,8937.0,,aperto,,,
3711,663,2025-05-02,RC autoveicoli terrestri,unilaterale,Molise,2747.42,2800.27,liquidato,2025-06-12,2025-06-26,2025-07-09
3712,3131,2025-04-11,RC autoveicoli terrestri,congiunto,Lombardia,1616.23,1609.99,liquidato,2025-05-06,2025-05-14,2025-05-24
3713,2042,2023-08-09,RC generale,,Molise,6523.44,6034.93,liquidato,2023-09-19,2023-10-07,2023-10-19
3714,1837,2026-06-09,Incendio ed elementi naturali,,Lombardia,12333.97,,respinto,,,
3715,2147,2023-09-06,Altri danni ai beni,,Calabria,1462.24,1269.57,liquidato,2023-10-26,2023-11-04,2023-11-15
3716,809,2026-08-16,RC generale,,Sicilia,3623.4,,aperto,,,
3717,793,2025-08-23,Incendio ed elementi naturali,,Lazio,3434.1,3313.42,liquidato,2025-09-21,2025-10-03,2025-10-15
3718,2196,2026-04-16,Corpi di veicoli terrestri,,Emilia-Romagna,3420.09,,aperto,,,
3719,3082,2026-08-22,RC generale,,Toscana,8165.22,,aperto,,,
3720,4103,2026-08-23,Incendio ed elementi naturali,,Marche,8794.88,7985.58,liquidato,2026-09-06,2026-09-16,2026-09-19
3721,1743,2025-05-29,Altri danni ai beni,,Marche,2414.2,2154.04,liquidato,2025-07-25,2025-08-12,2025-08-22
3722,1863,2023-06-09,RC generale,,Valle d'Aosta,200,0.0,liquidato,2023-07-10,2023-07-24,2023-08-08
3723,30,2026-06-27,Incendio ed elementi naturali,,Trentino-Alto Adige,7590.44,,in_contenzioso,2026-08-12,,
3724,3055,2025-04-08,Corpi di veicoli terrestri,,Valle d'Aosta,3480.45,3386.55,liquidato,2025-06-02,2025-06-17,2025-06-22
3725,2894,2026-03-12,RC generale,,Sardegna,7781.81,,respinto,,,
3726,4078,2023-11-29,Altri danni ai beni,,Emilia-Romagna,822.79,609.29,liquidato,2024-01-16,2024-01-29,2024-02-05
3727,948,2024-12-12,RC generale,,Friuli-Venezia Giulia,11360.98,10655.73,liquidato,2024-12-25,2024-12-28,2024-12-31
3728,3416,2025-11-29,RC autoveicoli terrestri,congiunto,Molise,7452.51,,in_contenzioso,2025-12-09,,
3729,112,2024-10-12,RC generale,,Lombardia,11436.1,,aperto,,,
3730,2910,2025-07-29,RC generale,,Marche,15904.78,,respinto,,,
3731,1062,2025-01-29,Altri danni ai beni,,Emilia-Romagna,1969.56,1841.45,liquidato,2025-03-21,2025-04-07,2025-04-18
3732,2762,2024-10-08,Incendio ed elementi naturali,,Veneto,6696.79,,in_contenzioso,2024-11-22,,
3733,3914,2024-01-11,RC autoveicoli terrestri,unilaterale,Lombardia,12207.07,12204.68,liquidato,2024-02-23,2024-03-07,2024-03-10
3734,43,2024-06-11,RC autoveicoli terrestri,congiunto,Sicilia,4168.88,,respinto,,,
3735,777,2024-02-10,Altri danni ai beni,,Molise,2927.08,,aperto,,,
3736,1651,2026-07-28,RC autoveicoli terrestri,unilaterale,Trentino-Alto Adige,12804.59,12379.06,liquidato,2026-09-12,2026-09-29,2026-10-12
3737,2852,2026-06-19,Altri danni ai beni,,Veneto,2030.58,1828.8,liquidato,2026-08-12,2026-08-13,2026-08-27
3738,3480,2026-08-16,Corpi di veicoli terrestri,,Veneto,3488.15,3357.86,liquidato,2026-09-12,2026-09-23,2026-09-30
3739,3383,2023-12-11,Incendio ed elementi naturali,,Liguria,15034.23,,respinto,,,
3740,972,2024-08-04,Corpi di veicoli terrestri,,Trentino-Alto Adige,1790.18,1514.95,liquidato,2024-09-16,2024-10-02,2024-10-11
3741,1045,2026-08-22,Incendio ed elementi naturali,,Calabria,20871.11,,respinto,,,
3742,3149,2025-10-16,Altri danni ai beni,,Trentino-Alto Adige,1806.6,1677.54,liquidato,2025-11-03,2025-11-18,2025-11-30
3743,738,2023-03-09,Altri danni ai beni,,Emilia-Romagna,2654.63,2487.22,liquidato,2023-03-31,2023-04-11,2023-04-25
3744,2161,2023-11-20,Corpi di veicoli terrestri,,Lombardia,5952.5,5633.93,liquidato,2023-12-18,2023-12-26,2024-01-06
3745,4223,2025-08-21,RC autoveicoli terrestri,unilaterale,Marche,7065.32,6925.85,liquidato,2025-10-19,2025-10-20,2025-10-25
3746,2967,2026-01-30,Altri danni ai beni,,Campania,1464.76,1258.74,liquidato,2026-02-27,2026-03-07,2026-03-21
3747,1406,2023-09-21,RC autoveicoli terrestri,congiunto,Toscana,7363.98,,aperto,,,
3748,1949,2026-07-22,RC generale,,Lombardia,7759.09,,in_contenzioso,2026-09-15,,
3749,137,2024-06-30,Incendio ed elementi naturali,,Lombardia,17142.78,16296.01,liquidato,2024-08-06,2024-08-22,2024-09-02
3750,3492,2026-07-03,RC autoveicoli terrestri,unilaterale,Abruzzo,2799.6,2499.27,liquidato,2026-08-09,2026-08-19,2026-09-03
3751,276,2025-02-20,RC generale,,Piemonte,17473.85,17218.51,liquidato,2025-03-12,2025-03-27,2025-04-02
3752,4266,2025-12-28,Corpi di veicoli terrestri,,Calabria,3210.03,2677.05,liquidato,2026-01-31,2026-02-14,2026-02-21
3753,3185,2026-07-14,RC autoveicoli terrestri,congiunto,Sicilia,7668.13,7250.59,liquidato,2026-07-28,2026-07-31,2026-08-10
3754,1893,2024-01-29,Corpi di veicoli terrestri,,Trentino-Alto Adige,6770.26,6505.15,liquidato,2024-02-23,2024-03-03,2024-03-12
3755,3877,2026-05-28,RC autoveicoli terrestri,unilaterale,Liguria,2020.31,2026.03,liquidato,2026-07-18,2026-07-31,2026-08-09
3756,3096,2025-07-29,RC autoveicoli terrestri,unilaterale,Abruzzo,7206.97,,respinto,,,
3757,212,2026-05-09,RC autoveicoli terrestri,unilaterale,Molise,1404.53,1408.97,liquidato,2026-06-22,2026-06-25,2026-07-10
3758,372,2026-08-08,Incendio ed elementi naturali,,Campania,9873.63,,in_contenzioso,2026-09-21,,
3759,2242,2026-07-14,Altri danni ai beni,,Lombardia,1651.24,1423.44,liquidato,2026-09-06,2026-09-13,2026-09-26
3760,1262,2026-06-04,Altri danni ai beni,,Piemonte,1542.97,,in_contenzioso,2026-06-19,,
3761,2344,2024-02-10,Incendio ed elementi naturali,,Emilia-Romagna,9700.27,9425.65,liquidato,2024-03-17,2024-04-01,2024-04-04
3762,1670,2026-06-24,Incendio ed elementi naturali,,Puglia,10083.45,,aperto,,,
3763,333,2026-06-16,Altri danni ai beni,,Valle d'Aosta,707.29,501.32,liquidato,2026-08-13,2026-08-16,2026-08-25
3764,4083,2026-04-26,Incendio ed elementi naturali,,Liguria,3487.83,,aperto,,,
3765,1887,2026-05-26,RC autoveicoli terrestri,unilaterale,Toscana,8235.71,8436.6,liquidato,2026-06-13,2026-06-16,2026-06-20
3766,1000,2023-12-15,Incendio ed elementi naturali,,Emilia-Romagna,2695.0,,in_contenzioso,2023-12-31,,
3767,3590,2024-12-24,Altri danni ai beni,,Lombardia,818.85,727.73,liquidato,2025-01-29,2025-02-15,2025-02-26
3768,3851,2023-12-21,Incendio ed elementi naturali,,Valle d'Aosta,1835.85,841.54,liquidato,2024-01-10,2024-01-26,2024-02-06
3769,170,2026-08-15,Corpi di veicoli terrestri,,Trentino-Alto Adige,4213.42,,in_contenzioso,2026-09-05,,
3770,1656,2025-12-05,Altri danni ai beni,,Umbria,1720.42,1553.87,liquidato,2026-01-22,2026-01-24,2026-02-07
3771,2883,2025-05-25,RC autoveicoli terrestri,congiunto,Abruzzo,2857.95,2734.2,liquidato,2025-06-15,2025-06-17,2025-06-23
3772,747,2023-06-28,RC autoveicoli terrestri,congiunto,Sardegna,6579.8,,aperto,,,
3773,3343,2025-04-04,Corpi di veicoli terrestri,,Molise,1491.96,1198.78,liquidato,2025-06-01,2025-06-17,2025-06-25
3774,2061,2026-08-08,RC autoveicoli terrestri,unilaterale,Trentino-Alto Adige,12505.46,12088.22,liquidato,2026-09-03,2026-09-15,2026-09-22
3775,3399,2025-09-19,Altri danni ai beni,,Lazio,1407.03,,respinto,,,
3776,108,2024-10-10,Altri danni ai beni,,Valle d'Aosta,1913.05,1697.1,liquidato,2024-12-04,2024-12-20,2024-12-24
3777,4082,2024-07-15,Incendio ed elementi naturali,,Sicilia,12866.62,10043.43,liquidato,2024-08-02,2024-08-14,2024-08-22
3778,3560,2025-11-03,RC autoveicoli terrestri,congiunto,Emilia-Romagna,2703.61,2556.7,liquidato,2025-11-22,2025-12-12,2025-12-19
3779,3705,2026-02-22,Altri danni ai beni,,Marche,2979.67,2964.51,liquidato,2026-03-12,2026-03-26,2026-04-07
3780,3139,2025-09-01,RC generale,,Friuli-Venezia Giulia,10933.19,10665.47,liquidato,2025-09-24,2025-10-02,2025-10-09
3781,1907,2026-07-21,Corpi di veicoli terrestri,,Campania,2296.52,2137.73,liquidato,2026-08-16,2026-08-23,2026-09-02
3782,4098,2026-04-06,RC autoveicoli terrestri,congiunto,Toscana,4608.24,4722.67,liquidato,2026-04-26,2026-05-05,2026-05-11
3783,2012,2024-09-14,RC generale,,Molise,14308.94,14478.64,liquidato,2024-10-26,2024-11-12,2024-11-27
3784,2255,2026-07-12,Incendio ed elementi naturali,,Campania,9861.27,9341.94,liquidato,2026-08-25,2026-09-03,2026-09-14
3785,1562,2024-04-18,RC generale,,Veneto,12570.34,12680.74,liquidato,2024-06-03,2024-06-11,2024-06-17
3786,1541,2024-11-27,Corpi di veicoli terrestri,,Liguria,6525.16,,aperto,,,
3787,3039,2024-05-03,RC autoveicoli terrestri,congiunto,Molise,7115.46,,respinto,,,
3788,2177,2025-03-23,RC autoveicoli terrestri,congiunto,Lazio,7395.51,7608.78,liquidato,2025-04-11,2025-04-12,2025-04-18
3789,1575,2026-07-29,RC generale,,Abruzzo,10435.75,10201.89,liquidato,2026-09-15,2026-09-21,2026-10-02
3790,4132,2025-11-10,Corpi di veicoli terrestri,,Toscana,1821.09,1329.9,liquidato,2025-12-12,2025-12-29,2026-01-07
3791,1025,2026-04-14,Corpi di veicoli terrestri,,Piemonte,2915.28,2827.57,liquidato,2026-06-10,2026-06-11,2026-06-14
3792,1127,2024-09-23,RC autoveicoli terrestri,congiunto,Liguria,5964.04,,in_contenzioso,2024-10-22,,
3793,2496,2025-04-11,Corpi di veicoli terrestri,,Liguria,5504.17,5117.62,liquidato,2025-06-08,2025-06-21,2025-06-25
3794,1028,2026-06-22,RC autoveicoli terrestri,congiunto,Liguria,7008.28,7063.06,liquidato,2026-07-21,2026-08-04,2026-08-18
3795,359,2026-04-29,Corpi di veicoli terrestri,,Liguria,9301.05,,respinto,,,
3796,803,2025-03-12,Corpi di veicoli terrestri,,Umbria,1797.54,1508.58,liquidato,2025-04-04,2025-04-08,2025-04-11
3797,1608,2025-01-26,Incendio ed elementi naturali,,Piemonte,14674.73,14180.33,liquidato,2025-03-06,2025-03-20,2025-03-30
3798,1560,2023-03-13,Altri danni ai beni,,Piemonte,1372.03,,in_contenzioso,2023-04-21,,
3799,2254,2025-05-23,Altri danni ai beni,,Emilia-Romagna,2038.31,1948.08,liquidato,2025-06-17,2025-06-18,2025-06-28
3800,1717,2026-05-08,Altri danni ai beni,,Sicilia,2401.63,2255.2,liquidato,2026-06-27,2026-06-29,2026-07-08
3801,1673,2026-05-15,Incendio ed elementi naturali,,Friuli-Venezia Giulia,23999.38,,respinto,,,
3802,923,2023-12-26,RC generale,,Friuli-Venezia Giulia,7731.82,,aperto,,,
3803,2940,2025-04-21,Corpi di veicoli terrestri,,Puglia,2002.78,1838.51,liquidato,2025-06-15,2025-06-16,2025-06-21
3804,1505,2024-06-05,Corpi di veicoli terrestri,,Friuli-Venezia Giulia,3947.21,3712.86,liquidato,2024-07-09,2024-07-26,2024-08-07
3805,1536,2025-05-06,RC autoveicoli terrestri,congiunto,Basilicata,5907.52,,aperto,,,
3806,4197,2023-07-10,Altri danni ai beni,,Marche,1586.71,1422.04,liquidato,2023-08-25,2023-09-08,2023-09-16
3807,1778,2025-07-09,RC generale,,Trentino-Alto Adige,200,0.0,liquidato,2025-09-05,2025-09-16,2025-09-27
3808,1126,2026-06-21,Altri danni ai beni,,Lombardia,2447.16,2199.97,liquidato,2026-08-20,2026-09-04,2026-09-08
3809,2671,2023-10-14,RC generale,,Umbria,7910.3,7523.23,liquidato,2023-11-15,2023-12-03,2023-12-06
3810,122,2024-01-21,RC autoveicoli terrestri,congiunto,Toscana,3807.59,3909.44,liquidato,2024-02-18,2024-03-07,2024-03-12
3811,754,2024-03-18,Altri danni ai beni,,Campania,1520.1,,respinto,,,
3812,762,2024-09-26,RC generale,,Liguria,3636.7,3051.18,liquidato,2024-10-27,2024-10-29,2024-11-07
3813,3105,2026-08-05,Corpi di veicoli terrestri,,Piemonte,3988.67,3734.22,liquidato,2026-08-31,2026-09-05,2026-09-11
3814,697,2024-03-26,RC autoveicoli terrestri,congiunto,Abruzzo,3681.81,3600.12,liquidato,2024-04-09,2024-04-27,2024-05-01
3815,39,2025-01-20,RC generale,,Veneto,10360.59,10160.27,liquidato,2025-03-11,2025-03-23,2025-03-26
3816,2095,2024-08-26,RC autoveicoli terrestri,unilaterale,Valle d'Aosta,10065.92,,respinto,,,
3817,3180,2024-12-19,Corpi di veicoli terrestri,,Molise,3138.4,2960.55,liquidato,2025-01-30,2025-02-18,2025-02-23
3818,3848,2025-12-05,Corpi di veicoli terrestri,,Piemonte,4396.37,3917.94,liquidato,2026-01-25,2026-02-02,2026-02-15
3819,1886,2024-05-01,Altri danni ai beni,,Liguria,1944.41,,aperto,,,
3820,2449,2025-01-28,RC autoveicoli terrestri,congiunto,Veneto,4610.34,4403.72,liquidato,2025-02-10,2025-02-23,2025-03-09
3821,2024,2024-12-24,RC generale,,Friuli-Venezia Giulia,13846.53,13988.06,liquidato,2025-01-30,2025-02-10,2025-02-17
3822,3956,2026-07-28,Altri danni ai beni,,Trentino-Alto Adige,926.63,,aperto,,,
3823,218,2025-03-01,Incendio ed elementi naturali,,Lazio,14758.67,,aperto,,,
3824,1367,2026-08-03,Corpi di veicoli terrestri,,Abruzzo,200,,aperto,,,
3825,2671,2023-03-05,RC generale,,Umbria,9455.02,8873.83,liquidato,2023-04-02,2023-04-15,2023-04-23
3826,429,2026-02-18,Altri danni ai beni,,Sardegna,336.61,240.44,liquidato,2026-03-31,2026-04-07,2026-04-17
3827,2294,2026-07-02,Corpi di veicoli terrestri,,Molise,4941.33,4725.67,liquidato,2026-07-19,2026-07-21,2026-07-25
3828,3197,2026-08-20,Incendio ed elementi naturali,,Liguria,22243.28,22173.62,liquidato,2026-09-06,2026-09-26,2026-10-01
3829,3207,2026-04-09,Altri danni ai beni,,Veneto,2205.59,2123.25,liquidato,2026-05-04,2026-05-10,2026-05-20
3830,1950,2025-10-22,Altri danni ai beni,,Lombardia,200,,in_contenzioso,2025-12-07,,
3831,3,2023-11-22,RC autoveicoli terrestri,unilaterale,Trentino-Alto Adige,5926.74,6012.09,liquidato,2024-01-04,2024-01-17,2024-01-30
3832,947,2026-05-12,Incendio ed elementi naturali,,Molise,9632.04,8603.6,liquidato,2026-05-31,2026-06-17,2026-06-21
3833,1809,2026-08-13,Corpi di veicoli terrestri,,Piemonte,200,51.41,liquidato,2026-09-05,2026-09-21,2026-09-26
3834,1081,2026-07-06,RC autoveicoli terrestri,congiunto,Trentino-Alto Adige,4990.27,,aperto,,,
3835,3352,2026-02-18,RC generale,,Emilia-Romagna,10612.46,10581.61,liquidato,2026-03-19,2026-03-23,2026-04-02
3836,2886,2024-12-20,RC autoveicoli terrestri,unilaterale,Trentino-Alto Adige,5944.09,,aperto,,,
3837,223,2024-01-22,Incendio ed elementi naturali,,Sicilia,10276.44,9597.99,liquidato,2024-03-22,2024-04-07,2024-04-21
3838,3022,2025-06-08,Corpi di veicoli terrestri,,Emilia-Romagna,4689.54,,aperto,,,
3839,1585,2023-11-09,RC generale,,Piemonte,5912.19,,aperto,,,
3840,2982,2024-11-21,Incendio ed elementi naturali,,Piemonte,11391.65,,respinto,,,
3841,2350,2026-05-08,Incendio ed elementi naturali,,Abruzzo,8595.69,7907.79,liquidato,2026-06-25,2026-07-10,2026-04-20
3842,353,2024-02-20,RC autoveicoli terrestri,congiunto,Veneto,7706.47,7530.37,liquidato,2024-03-06,2024-03-17,2024-03-26
3843,1903,2025-08-06,Altri danni ai beni,,Veneto,1092.23,990.5,liquidato,2025-10-02,2025-10-13,2025-10-27
3844,1664,2023-09-25,RC autoveicoli terrestri,congiunto,Basilicata,7909.41,7901.73,liquidato,2023-10-18,2023-10-29,2023-11-04
3845,2575,2023-05-22,Corpi di veicoli terrestri,,Toscana,7242.89,7084.77,liquidato,2023-06-11,2023-06-14,2023-06-17
3846,1608,2025-03-29,Incendio ed elementi naturali,,Campania,12559.73,,respinto,,,
3847,312,2024-07-26,Altri danni ai beni,,Basilicata,1143.32,962.84,liquidato,2024-08-28,2024-09-07,2024-09-20
3848,464,2023-08-11,RC autoveicoli terrestri,unilaterale,Basilicata,9206.99,,respinto,,,
3849,287,2026-06-03,RC autoveicoli terrestri,congiunto,Basilicata,10266.98,10079.39,liquidato,2026-06-25,2026-07-09,2026-07-12
3850,4,2025-11-05,Corpi di veicoli terrestri,,Basilicata,1623.84,,in_contenzioso,2025-12-30,,
3851,3950,2025-08-09,Altri danni ai beni,,Friuli-Venezia Giulia,200,0.0,liquidato,2025-09-20,2025-09-23,2025-10-01
3852,1968,2025-01-11,Incendio ed elementi naturali,,Trentino-Alto Adige,5782.03,,in_contenzioso,2025-01-23,,
3853,1027,2024-07-07,Altri danni ai beni,,Calabria,1611.54,,respinto,,,
3854,3957,2026-07-05,Corpi di veicoli terrestri,,Trentino-Alto Adige,5732.46,,respinto,,,
3855,2528,2024-11-18,Altri danni ai beni,,Toscana,3051.98,,aperto,,,
3856,1840,2026-07-02,RC generale,,Piemonte,18488.87,18428.51,liquidato,2026-08-13,2026-08-17,2026-08-27
3857,1842,2026-08-17,RC autoveicoli terrestri,congiunto,Trentino-Alto Adige,7654.81,7373.39,liquidato,2026-09-11,2026-09-21,2026-10-05
3858,4053,2023-12-21,RC autoveicoli terrestri,congiunto,Liguria,7145.22,6886.99,liquidato,2024-01-14,2024-01-24,2024-01-30
3859,1444,2026-05-06,RC autoveicoli terrestri,congiunto,Veneto,8731.75,8019.07,liquidato,2026-06-02,2026-06-10,2026-06-24
3860,3690,2024-05-13,RC autoveicoli terrestri,unilaterale,Lazio,7630.45,7794.99,liquidato,2024-07-03,2024-07-13,2024-07-22
3861,1015,2026-06-20,Altri danni ai beni,,Emilia-Romagna,1823.92,1757.92,liquidato,2026-08-06,2026-08-20,2026-09-04
3862,3502,2025-10-22,Altri danni ai beni,,Liguria,3530.07,3233.6,liquidato,2025-11-03,2025-11-18,2025-12-02
3863,1659,2026-03-16,RC autoveicoli terrestri,congiunto,Valle d'Aosta,1859.29,1759.37,liquidato,2026-04-11,2026-04-19,2026-04-23
3864,2196,2026-08-12,Corpi di veicoli terrestri,,Emilia-Romagna,1110.51,789.67,liquidato,2026-09-26,2026-09-29,2026-10-02
3865,1019,2025-04-03,Corpi di veicoli terrestri,,Veneto,2934.32,2816.88,liquidato,2025-05-26,2025-06-05,2025-06-12
3866,3585,2025-02-16,Altri danni ai beni,,Piemonte,2414.18,2340.92,liquidato,2025-03-13,2025-03-26,2025-04-03
3867,2896,2025-05-16,RC generale,,Abruzzo,12564.15,,aperto,,,
3868,2576,2024-03-26,RC generale,,Puglia,3176.32,2643.88,liquidato,2024-04-20,2024-05-06,2024-05-10
3869,1483,2025-10-21,Incendio ed elementi naturali,,Trentino-Alto Adige,10927.82,10156.62,liquidato,2025-11-06,2025-11-08,2025-11-20
3870,2550,2023-08-14,Altri danni ai beni,,Sardegna,1927.55,,aperto,,,
3871,3911,2026-05-19,RC autoveicoli terrestri,unilaterale,Sardegna,5443.89,5579.9,liquidato,2026-06-07,2026-06-16,2026-06-22
3872,2173,2023-04-23,RC autoveicoli terrestri,unilaterale,Trentino-Alto Adige,2612.0,,aperto,,,
3873,2390,2025-06-01,RC autoveicoli terrestri,unilaterale,Basilicata,7819.92,7874.99,liquidato,2025-06-28,2025-07-06,2025-07-13
3874,3991,2025-02-11,Altri danni ai beni,,Trentino-Alto Adige,2875.43,2765.01,liquidato,2025-02-22,2025-03-12,2025-03-20
3875,3126,2025-04-23,Incendio ed elementi naturali,,Trentino-Alto Adige,6251.45,5318.02,liquidato,2025-05-13,2025-05-31,2025-06-10
3876,3842,2025-11-28,RC generale,,Trentino-Alto Adige,7898.0,7609.29,liquidato,2026-01-08,2026-01-13,2026-01-25
3877,4094,2023-11-28,RC autoveicoli terrestri,congiunto,Campania,200,196.73,liquidato,2023-12-19,2024-01-03,2024-01-08
3878,1262,2026-07-26,Corpi di veicoli terrestri,,Piemonte,2349.09,,respinto,,,
3879,3387,2026-02-17,Altri danni ai beni,,Emilia-Romagna,1854.59,,in_contenzioso,2026-03-29,,
3880,3754,2026-07-15,RC generale,,Emilia-Romagna,9406.32,9017.71,liquidato,2026-08-28,2026-09-03,2026-09-08
3881,1688,2024-04-14,Incendio ed elementi naturali,,Marche,10332.7,9159.94,liquidato,2024-05-13,2024-06-02,2024-06-16
3882,3789,2023-11-04,RC autoveicoli terrestri,unilaterale,Abruzzo,7620.06,7529.25,liquidato,2023-11-27,2023-12-01,2023-12-14
3883,1233,2024-01-30,Corpi di veicoli terrestri,,Piemonte,3084.75,2586.63,liquidato,2024-03-23,2024-03-25,2024-04-02
3884,128,2023-03-20,Incendio ed elementi naturali,,Toscana,11433.12,11013.69,liquidato,2023-04-16,2023-04-25,2023-04-28
3885,246,2026-07-16,RC autoveicoli terrestri,congiunto,Campania,5946.32,5727.07,liquidato,2026-08-15,2026-08-20,2026-08-30
3886,2117,2024-10-14,RC generale,,Puglia,12719.32,12668.85,liquidato,2024-11-07,2024-11-22,2024-11-30
3887,1104,2025-05-20,Corpi di veicoli terrestri,,Lazio,5438.41,5411.81,liquidato,2025-07-18,2025-08-04,2025-08-12
3888,1631,2025-09-13,RC generale,,Calabria,6985.52,6856.35,liquidato,2025-11-12,2025-11-16,2025-11-28
3889,3546,2024-04-20,RC generale,,Veneto,7976.0,7900.72,liquidato,2024-05-31,2024-06-09,2024-06-24
3890,971,2023-11-14,Altri danni ai beni,,Puglia,715.44,513.67,liquidato,2023-12-31,2024-01-09,2024-01-21
3891,3671,2024-06-04,RC generale,,Trentino-Alto Adige,11358.75,11135.0,liquidato,2024-07-28,2024-08-11,2024-08-26
3892,2013,2024-01-20,Altri danni ai beni,,Valle d'Aosta,327.29,,respinto,,,
3893,2940,2025-08-23,Corpi di veicoli terrestri,,Puglia,2788.32,2590.98,liquidato,2025-09-08,2025-09-15,2025-09-29
3894,3968,2025-02-15,Corpi di veicoli terrestri,,Umbria,4375.97,4136.17,liquidato,2025-03-16,2025-04-05,2025-04-16
3895,3209,2026-07-24,Incendio ed elementi naturali,,Lombardia,5490.16,5391.64,liquidato,2026-09-04,2026-09-14,2026-09-21
3896,1335,2023-05-02,Incendio ed elementi naturali,,Friuli-Venezia Giulia,14603.9,14761.28,liquidato,2023-05-14,2023-05-17,2023-05-26
3897,2510,2026-03-06,Incendio ed elementi naturali,,Puglia,8684.02,8330.68,liquidato,2026-03-24,2026-04-07,2026-04-18
3898,1708,2025-02-07,RC autoveicoli terrestri,unilaterale,Marche,10019.12,9655.84,liquidato,2025-04-07,2025-04-16,2025-04-25
3899,2232,2026-07-28,RC autoveicoli terrestri,congiunto,Lombardia,831.93,544.38,liquidato,2026-08-17,2026-08-24,2026-09-04
3900,1961,2024-08-10,RC generale,,Marche,9927.42,9731.13,liquidato,2024-09-17,2024-09-18,2024-09-30
3901,1480,2024-04-15,RC generale,,Valle d'Aosta,9356.46,8784.41,liquidato,2024-05-31,2024-06-06,2024-06-19
3902,3865,2024-07-24,Altri danni ai beni,,Veneto,1703.07,1529.08,liquidato,2024-09-08,2024-09-14,2024-09-22
3903,2443,2026-02-23,Corpi di veicoli terrestri,,Friuli-Venezia Giulia,6430.13,6364.46,liquidato,2026-03-19,2026-03-23,2026-03-29
3904,3597,2025-07-21,Corpi di veicoli terrestri,,Liguria,5599.3,5384.42,liquidato,2025-09-08,2025-09-13,2025-09-21
3905,2046,2025-09-08,Incendio ed elementi naturali,,Abruzzo,18272.91,17444.98,liquidato,2025-09-30,2025-10-04,2025-10-11
3906,1789,2025-11-27,Altri danni ai beni,,Sardegna,1722.76,,respinto,,,
3907,4059,2024-01-01,Corpi di veicoli terrestri,,Valle d'Aosta,793.76,289.3,liquidato,2024-02-07,2024-02-11,2023-12-15
3908,2547,2023-07-10,Corpi di veicoli terrestri,,Umbria,1519.25,,in_contenzioso,2023-09-02,,
3909,1552,2024-09-11,Corpi di veicoli terrestri,,Lazio,5199.57,,respinto,,,
3910,961,2023-09-25,RC autoveicoli terrestri,congiunto,Toscana,7789.6,7487.26,liquidato,2023-10-17,2023-11-05,2023-11-08
3911,112,2024-02-22,RC generale,,Lombardia,7993.62,,in_contenzioso,2024-03-10,,
3912,16,2023-06-14,Altri danni ai beni,,Molise,2355.83,2137.9,liquidato,2023-07-05,2023-07-13,2023-07-22
3913,3133,2024-09-13,RC generale,,Friuli-Venezia Giulia,8283.56,,in_contenzioso,2024-10-06,,
3914,1897,2025-03-04,Incendio ed elementi naturali,,Lombardia,10191.6,9073.93,liquidato,2025-04-14,2025-05-04,2025-05-12
3915,3620,2026-03-16,RC generale,,Basilicata,4592.21,3991.11,liquidato,2026-04-09,2026-04-15,2026-04-23
3916,3072,2023-06-12,Altri danni ai beni,,Puglia,2080.59,1900.94,liquidato,2023-07-06,2023-07-19,2023-07-24
3917,1007,2026-06-18,Altri danni ai beni,,Friuli-Venezia Giulia,1388.42,1274.07,liquidato,2026-07-07,2026-07-23,2026-08-07
3918,2626,2024-10-09,Corpi di veicoli terrestri,,Toscana,,3081.93,liquidato,2024-10-19,2024-10-25,2024-11-09
3919,3905,2026-08-06,RC generale,,Emilia-Romagna,5224.64,,aperto,,,
3920,2087,2025-03-25,Incendio ed elementi naturali,,Lazio,2828.07,2546.91,liquidato,2025-04-09,2025-04-26,2025-05-02
3921,2518,2026-07-21,RC autoveicoli terrestri,unilaterale,Toscana,4756.28,4451.39,liquidato,2026-09-10,2026-09-17,2026-09-28
3922,1278,2026-08-15,Corpi di veicoli terrestri,,Piemonte,1167.09,,aperto,,,
3923,282,2023-12-19,RC autoveicoli terrestri,unilaterale,Veneto,9139.76,,in_contenzioso,2024-01-08,,
3924,3124,2024-01-26,RC autoveicoli terrestri,congiunto,Molise,4469.1,4481.89,liquidato,2024-02-13,2024-02-15,2024-02-27
3925,945,2026-07-08,RC autoveicoli terrestri,unilaterale,Friuli-Venezia Giulia,5068.21,4965.1,liquidato,2026-07-30,2026-08-01,2026-08-16
3926,3596,2026-07-22,RC generale,,Molise,4012.13,3609.31,liquidato,2026-08-04,2026-08-07,2026-08-12
3927,694,2026-03-23,RC autoveicoli terrestri,congiunto,Lombardia,5839.23,,in_contenzioso,2026-04-07,,
3928,2479,2026-08-15,RC autoveicoli terrestri,congiunto,Marche,200,,aperto,,,
3929,1169,2023-11-27,RC generale,,Valle d'Aosta,15633.2,,in_contenzioso,2023-12-10,,
3930,2731,2026-08-22,RC autoveicoli terrestri,congiunto,Calabria,5833.72,5753.61,liquidato,2026-09-19,2026-09-25,2026-10-10
3931,1047,2025-02-12,RC generale,,Friuli-Venezia Giulia,4887.85,,in_contenzioso,2025-03-03,,
3932,4211,2026-08-14,RC generale,,Umbria,10277.82,9976.32,liquidato,2026-08-31,2026-09-13,2026-09-27
3933,817,2023-03-30,RC autoveicoli terrestri,congiunto,Basilicata,7411.66,,respinto,,,
3934,646,2026-08-05,RC generale,,Basilicata,10440.56,9879.05,liquidato,2026-10-04,2026-10-11,2026-07-09
3935,3605,2026-07-28,RC generale,,Umbria,11804.12,11723.69,liquidato,2026-09-06,2026-09-18,2026-09-27
3936,1121,2025-06-01,Incendio ed elementi naturali,,Lombardia,8244.69,7900.13,liquidato,2025-07-23,2025-07-27,2025-08-07
3937,2567,2026-05-13,Corpi di veicoli terrestri,,Marche,4003.13,3455.47,liquidato,2026-06-27,2026-07-06,2026-07-14
3938,4229,2024-10-29,RC autoveicoli terrestri,congiunto,Liguria,6499.82,6467.27,liquidato,2024-11-19,2024-11-21,2024-11-29
3939,1735,2024-10-09,RC generale,,Trentino-Alto Adige,7151.64,6842.09,liquidato,2024-10-26,2024-11-12,2024-11-16
3940,2019,2023-09-19,Altri danni ai beni,,Lombardia,2250.7,2214.99,liquidato,2023-11-17,2023-11-23,2023-11-26
3941,4180,2025-03-27,Altri danni ai beni,,Lombardia,2299.48,2136.42,liquidato,2025-05-05,2025-05-13,2025-05-28
3942,4010,2026-08-05,RC autoveicoli terrestri,congiunto,Emilia-Romagna,8182.58,,aperto,,,
3943,1981,2026-07-20,RC generale,,Marche,7675.26,7300.47,liquidato,2026-08-14,2026-08-16,2026-08-30
3944,588,2026-08-23,Corpi di veicoli terrestri,,Puglia,2223.88,2096.51,liquidato,2026-10-01,2026-10-06,2026-10-13
3945,563,2024-05-29,Altri danni ai beni,,Veneto,1322.04,,aperto,,,
3946,2814,2025-07-06,Altri danni ai beni,,Piemonte,1001.59,915.16,liquidato,2025-08-26,2025-09-03,2025-09-16
3947,334,2025-08-21,Altri danni ai beni,,Friuli-Venezia Giulia,785.04,677.39,liquidato,2025-10-01,2025-10-08,2025-10-15
3948,2625,2025-01-28,Corpi di veicoli terrestri,,Piemonte,200,51.18,liquidato,2025-03-18,2025-04-05,2025-04-20
3949,3570,2026-04-01,Corpi di veicoli terrestri,,Umbria,4490.69,4102.87,liquidato,2026-05-17,2026-05-26,2026-06-08
3950,1269,2025-12-24,RC autoveicoli terrestri,unilaterale,Campania,3607.92,,aperto,,,
3951,3477,2026-02-27,RC generale,,Toscana,200,,aperto,,,
3952,1161,2026-08-11,RC autoveicoli terrestri,unilaterale,Trentino-Alto Adige,10798.55,,respinto,,,
3953,495,2025-07-09,RC generale,,Lombardia,1681.64,1467.7,liquidato,2025-07-19,2025-08-04,2025-08-17
3954,1516,2026-04-18,Altri danni ai beni,,Emilia-Romagna,2741.56,,respinto,,,
3955,282,2024-09-03,RC autoveicoli terrestri,unilaterale,Veneto,6920.57,6725.6,liquidato,2024-10-11,2024-10-30,2024-11-05
3956,2208,2024-01-16,RC autoveicoli terrestri,congiunto,Emilia-Romagna,4337.63,4076.08,liquidato,2024-02-09,2024-02-23,2024-03-04
3957,1615,2026-07-02,Corpi di veicoli terrestri,,Sicilia,5441.14,5058.59,liquidato,2026-08-14,2026-08-29,2026-09-10
3958,1032,2025-04-29,Corpi di veicoli terrestri,,Liguria,1704.35,1537.74,liquidato,2025-05-19,2025-05-27,2025-06-09
3959,289,2023-11-11,Altri danni ai beni,,Basilicata,,,respinto,,,
3960,411,2024-03-03,RC autoveicoli terrestri,congiunto,Sicilia,2233.47,2279.7,liquidato,2024-03-26,2024-04-09,2024-04-23
3961,3318,2023-10-02,Incendio ed elementi naturali,,Puglia,7012.76,6848.14,liquidato,2023-11-29,2023-12-13,2023-12-19
3962,37,2026-08-07,Corpi di veicoli terrestri,,Puglia,4813.45,4651.44,liquidato,2026-09-30,2026-10-02,2026-10-12
3963,3642,2025-09-19,Altri danni ai beni,,Sardegna,2402.66,,respinto,,,
3964,4005,2025-11-26,Incendio ed elementi naturali,,Liguria,11412.33,11179.17,liquidato,2025-12-22,2026-01-11,2026-01-24
3965,4138,2026-08-22,Altri danni ai beni,,Friuli-Venezia Giulia,1410.31,,respinto,,,
3966,2929,2025-10-13,RC autoveicoli terrestri,congiunto,Friuli-Venezia Giulia,7416.77,,aperto,,,
3967,3295,2024-05-03,RC autoveicoli terrestri,congiunto,Molise,6225.11,,aperto,,,
3968,588,2026-06-19,Corpi di veicoli terrestri,,Lazio,2924.09,2771.66,liquidato,2026-08-06,2026-08-11,2026-08-26
3969,3738,2024-02-06,Altri danni ai beni,,Basilicata,2083.71,2041.12,liquidato,2024-03-09,2024-03-21,2024-04-01
3970,2683,2024-08-17,RC autoveicoli terrestri,congiunto,Basilicata,7298.68,7009.7,liquidato,2024-08-29,2024-08-31,2024-09-12
3971,3312,2026-04-16,Altri danni ai beni,,Campania,200,0.0,liquidato,2026-05-24,2026-06-04,2026-06-07
3972,1717,2026-05-14,Altri danni ai beni,,Trentino-Alto Adige,,3140.61,liquidato,2026-06-25,2026-07-11,2026-07-17
3973,1478,2024-06-09,Altri danni ai beni,,Abruzzo,2921.54,2827.09,liquidato,2024-07-06,2024-07-11,2024-07-16
3974,3782,2024-11-18,Incendio ed elementi naturali,,Toscana,10280.46,,respinto,,,
3975,2765,2024-03-29,Corpi di veicoli terrestri,,Sardegna,4471.81,,respinto,,,
3976,4282,2026-07-16,RC autoveicoli terrestri,unilaterale,Sardegna,4550.22,4481.89,liquidato,2026-09-02,2026-09-03,2026-09-08
3977,1793,2023-02-21,RC autoveicoli terrestri,unilaterale,Sardegna,3387.75,,in_contenzioso,2023-04-18,,
3978,1920,2026-08-15,RC generale,,Lombardia,4158.15,,aperto,,,
3979,4017,2025-07-14,Incendio ed elementi naturali,,Campania,3951.44,3407.33,liquidato,2025-08-03,2025-08-20,2025-08-25
3980,3131,2024-12-31,RC autoveicoli terrestri,congiunto,Lombardia,200,201.66,liquidato,2025-01-16,2025-01-23,2025-01-26
3981,274,2025-12-30,RC generale,,Valle d'Aosta,3134.85,2837.47,liquidato,2026-02-24,2026-02-26,2026-03-05
3982,2304,2023-09-15,RC generale,,Molise,4767.86,4211.71,liquidato,2023-10-02,2023-10-15,2023-10-25
3983,405,2026-01-10,RC generale,,Abruzzo,10635.12,9876.47,liquidato,2026-03-09,2026-03-27,2026-04-10
3984,319,2025-01-06,RC generale,,Liguria,8318.0,7619.86,liquidato,2025-01-31,2025-02-19,2025-02-26
3985,1274,2024-08-07,Altri danni ai beni,,Sicilia,2093.27,1844.95,liquidato,2024-09-12,2024-09-25,2024-10-03
3986,4164,2025-08-18,RC autoveicoli terrestri,unilaterale,Sicilia,7603.44,7729.3,liquidato,2025-10-08,2025-10-22,2025-10-27
3987,3416,2026-06-16,RC autoveicoli terrestri,unilaterale,Molise,9163.99,9357.3,liquidato,2026-07-19,2026-07-26,2026-08-03
3988,1374,2026-07-03,RC generale,,Calabria,1233.62,,aperto,,,
3989,3242,2024-05-31,RC autoveicoli terrestri,unilaterale,Lazio,6653.45,,aperto,,,
3990,1360,2025-09-25,Altri danni ai beni,,Piemonte,200,0.0,liquidato,2025-10-26,2025-10-29,2025-11-08
3991,2434,2024-01-06,Corpi di veicoli terrestri,,Marche,3618.99,3550.83,liquidato,2024-02-19,2024-03-08,2024-03-23
3992,609,2026-03-24,Corpi di veicoli terrestri,,Calabria,5498.75,5455.72,liquidato,2026-05-07,2026-05-23,2026-05-26
3993,318,2023-12-23,Corpi di veicoli terrestri,,Abruzzo,4233.49,4183.25,liquidato,2024-01-11,2024-01-28,2024-02-05
3994,448,2025-01-12,RC autoveicoli terrestri,congiunto,Abruzzo,6139.57,,aperto,,,
3995,3298,2025-07-30,Incendio ed elementi naturali,,Trentino-Alto Adige,4851.32,4355.89,liquidato,2025-09-04,2025-09-20,2025-10-01
3996,733,2024-09-30,Corpi di veicoli terrestri,,Trentino-Alto Adige,3139.69,2791.16,liquidato,2024-11-18,2024-12-08,2024-12-23
3997,683,2026-08-19,RC generale,,Calabria,814.57,581.19,liquidato,2026-09-24,2026-10-01,2026-10-15
3998,4074,2023-12-30,RC autoveicoli terrestri,unilaterale,Campania,7637.72,,aperto,,,
3999,1287,2025-02-14,RC autoveicoli terrestri,unilaterale,Liguria,2560.45,,respinto,,,
4000,4188,2024-12-04,Corpi di veicoli terrestri,,Calabria,2359.65,2036.08,liquidato,2025-01-12,2025-01-25,2025-02-06
4001,2363,2026-05-16,RC generale,,Basilicata,9519.36,9111.9,liquidato,2026-07-10,2026-07-28,2026-08-04
4002,4201,2025-04-28,Corpi di veicoli terrestri,,Lazio,3065.26,2920.6,liquidato,2025-05-12,2025-05-26,2025-06-08
4003,415,2024-01-07,Corpi di veicoli terrestri,,Piemonte,1412.88,1117.7,liquidato,2024-02-23,2024-03-06,2024-03-19
4004,179,2024-03-25,RC autoveicoli terrestri,unilaterale,Liguria,6702.87,6748.27,liquidato,2024-04-22,2024-05-09,2024-05-22
4005,365,2026-04-03,Corpi di veicoli terrestri,,Marche,4714.91,4310.13,liquidato,2026-04-15,2026-05-05,2026-05-15
4006,3668,2026-05-28,RC generale,,Marche,13561.29,13251.66,liquidato,2026-07-11,2026-07-15,2026-07-21
4007,3595,2025-01-24,Altri danni ai beni,,Umbria,2399.27,2213.2,liquidato,2025-03-12,2025-03-25,2025-03-30
4008,1676,2025-06-08,Corpi di veicoli terrestri,,Piemonte,3646.36,3100.89,liquidato,2025-06-23,2025-06-28,2025-07-11
4009,1208,2026-05-15,RC generale,,Lazio,7314.61,,respinto,,,
4010,76,2025-05-02,Corpi di veicoli terrestri,,Marche,2734.73,2385.38,liquidato,2025-06-04,2025-06-14,2025-06-24
4011,2146,2024-11-06,RC autoveicoli terrestri,congiunto,Molise,9672.55,,aperto,,,
4012,4251,2024-04-08,RC autoveicoli terrestri,congiunto,Valle d'Aosta,9050.95,,in_contenzioso,2024-04-29,,
4013,806,2026-08-24,Corpi di veicoli terrestri,,Friuli-Venezia Giulia,1650.04,1312.95,liquidato,2026-10-04,2026-10-19,2026-10-26
4014,3157,2025-09-27,Altri danni ai beni,,Sardegna,1611.67,1378.53,liquidato,2025-10-31,2025-11-09,2025-11-15
4015,3111,2025-12-31,Altri danni ai beni,,Friuli-Venezia Giulia,2001.94,1917.85,liquidato,2026-01-21,2026-01-24,2026-01-28
4016,2736,2026-08-06,Incendio ed elementi naturali,,Calabria,11900.12,,respinto,,,
4017,3438,2026-07-08,Altri danni ai beni,,Marche,2355.45,2294.87,liquidato,2026-09-05,2026-09-17,2026-09-27
4018,2225,2025-07-23,Altri danni ai beni,,Umbria,2098.32,1880.55,liquidato,2025-08-17,2025-09-04,2025-09-14
4019,2617,2024-04-06,Altri danni ai beni,,Piemonte,576.6,,aperto,,,
4020,2186,2026-03-21,RC autoveicoli terrestri,congiunto,Friuli-Venezia Giulia,10326.7,10071.23,liquidato,2026-04-02,2026-04-14,2026-04-24
4021,3021,2025-04-11,RC autoveicoli terrestri,unilaterale,Marche,8388.14,,aperto,,,
4022,4076,2025-03-31,Incendio ed elementi naturali,,Umbria,22755.52,,in_contenzioso,2025-04-23,,
4023,3373,2025-05-26,Altri danni ai beni,,Puglia,1371.07,,aperto,,,
4024,3815,2023-09-01,Altri danni ai beni,,Puglia,1606.51,1494.83,liquidato,2023-10-23,2023-11-01,2023-11-11
4025,490,2025-11-20,RC autoveicoli terrestri,congiunto,Umbria,6366.61,6041.64,liquidato,2025-12-10,2025-12-14,2025-12-27
4026,2925,2023-07-03,Corpi di veicoli terrestri,,Basilicata,4398.87,,aperto,,,
4027,598,2023-09-07,RC generale,,Umbria,6205.03,,aperto,,,
4028,2485,2026-02-20,RC autoveicoli terrestri,unilaterale,Puglia,7937.99,7901.71,liquidato,2026-03-07,2026-03-08,2026-03-19
4029,3999,2026-07-27,Incendio ed elementi naturali,,Liguria,27403.0,26167.31,liquidato,2026-08-16,2026-08-26,2026-09-09
4030,977,2023-12-30,Altri danni ai beni,,Veneto,1710.41,,aperto,,,
4031,2736,2026-08-16,RC autoveicoli terrestri,congiunto,Calabria,8977.06,8688.37,liquidato,2026-08-26,2026-09-08,2026-09-13
4032,1848,2023-11-26,Incendio ed elementi naturali,,Veneto,16460.38,,in_contenzioso,2023-12-11,,
4033,2322,2026-07-14,RC generale,,Toscana,6492.64,6217.58,liquidato,2026-09-06,2026-09-09,2026-09-14
4034,2202,2024-11-06,RC generale,,Veneto,4660.57,4458.09,liquidato,2024-11-23,2024-12-06,2024-12-13
4035,3879,2026-03-28,Corpi di veicoli terrestri,,Friuli-Venezia Giulia,1912.18,1583.96,liquidato,2026-05-13,2026-05-31,2026-06-13
4036,1139,2026-03-10,Altri danni ai beni,,Liguria,,,respinto,,,
4037,2300,2025-11-12,Corpi di veicoli terrestri,,Abruzzo,2683.81,,aperto,,,
4038,3750,2024-01-30,RC autoveicoli terrestri,congiunto,Toscana,4743.74,,respinto,,,
4039,1461,2026-08-17,RC autoveicoli terrestri,congiunto,Sardegna,7708.41,7458.99,liquidato,2026-08-29,2026-08-30,2026-09-11
4040,4142,2025-01-03,RC generale,,Abruzzo,3390.0,2956.13,liquidato,2025-02-26,2025-03-04,2025-03-19
4041,2729,2025-07-05,Corpi di veicoli terrestri,,Calabria,3769.48,,respinto,,,
4042,1153,2024-10-02,RC generale,,Liguria,8644.74,,aperto,,,
4043,2551,2026-04-28,Incendio ed elementi naturali,,Abruzzo,8786.37,8205.82,liquidato,2026-05-25,2026-06-04,2026-06-15
4044,241,2026-08-13,Corpi di veicoli terrestri,,Sicilia,2063.02,,aperto,,,
4045,2899,2025-01-10,Corpi di veicoli terrestri,,Calabria,5787.72,5210.66,liquidato,2025-03-08,2025-03-21,2025-03-26
4046,797,2025-01-16,RC generale,,Emilia-Romagna,8120.82,7500.75,liquidato,2025-03-13,2025-03-26,2025-03-29
4047,1591,2025-09-30,Altri danni ai beni,,Toscana,464.54,,respinto,,,
4048,1060,2023-12-20,Corpi di veicoli terrestri,,Friuli-Venezia Giulia,4623.37,4289.95,liquidato,2024-01-23,2024-02-08,2024-02-14
4049,3516,2024-05-05,RC generale,,Molise,13401.87,13212.13,liquidato,2024-06-27,2024-07-11,2024-07-16
4050,1208,2026-05-31,RC generale,,Lazio,9227.27,,respinto,,,
4051,1213,2024-07-29,Incendio ed elementi naturali,,Emilia-Romagna,23340.66,,in_contenzioso,2024-09-23,,
4052,3589,2023-12-05,Altri danni ai beni,,Abruzzo,1582.3,1497.0,liquidato,2023-12-15,2024-01-01,2024-01-08
4053,1718,2026-05-05,Incendio ed elementi naturali,,Campania,18775.96,17830.65,liquidato,2026-07-04,2026-07-08,2026-07-14
4054,1367,2026-08-21,Corpi di veicoli terrestri,,Abruzzo,5301.47,4924.92,liquidato,2026-09-12,2026-09-18,2026-09-30
4055,1537,2025-07-19,Incendio ed elementi naturali,,Emilia-Romagna,10390.51,9798.11,liquidato,2025-07-29,2025-08-09,2025-08-20
4056,1489,2026-01-28,Incendio ed elementi naturali,,Friuli-Venezia Giulia,15940.25,,respinto,,,
4057,2357,2025-06-07,RC autoveicoli terrestri,congiunto,Umbria,5714.66,,in_contenzioso,2025-06-24,,
4058,1457,2026-04-19,Corpi di veicoli terrestri,,Molise,5319.74,4987.06,liquidato,2026-05-23,2026-05-26,2026-06-03
4059,3983,2024-09-01,Corpi di veicoli terrestri,,Friuli-Venezia Giulia,1713.79,1587.74,liquidato,2024-10-25,2024-10-27,2024-11-02
4060,3107,2026-08-21,Corpi di veicoli terrestri,,Trentino-Alto Adige,4029.91,3547.23,liquidato,2026-10-04,2026-10-16,2026-10-19
4061,3899,2025-05-17,RC generale,,Sicilia,12283.66,,in_contenzioso,2025-07-05,,
4062,992,2023-08-14,RC autoveicoli terrestri,congiunto,Campania,9137.13,9299.22,liquidato,2023-09-10,2023-09-29,2023-10-04
4063,27,2024-04-21,Incendio ed elementi naturali,,Emilia-Romagna,6081.03,5221.94,liquidato,2024-05-08,2024-05-21,2024-05-29
4064,3102,2025-12-01,Corpi di veicoli terrestri,,Basilicata,1604.87,1487.43,liquidato,2026-01-10,2026-01-19,2026-02-01
4065,665,2025-07-08,Altri danni ai beni,,Abruzzo,1357.99,1220.62,liquidato,2025-08-11,2025-08-28,2025-09-03
4066,3899,2024-12-22,RC generale,,Sicilia,4647.71,,respinto,,,
4067,3945,2026-08-19,RC generale,,Lazio,14927.91,14487.76,liquidato,2026-08-29,2026-09-17,2026-09-25
4068,3877,2026-04-16,RC autoveicoli terrestri,congiunto,Liguria,1559.11,1553.14,liquidato,2026-05-09,2026-05-18,2026-06-01
4069,2944,2024-05-12,Incendio ed elementi naturali,,Toscana,5977.87,,aperto,,,
4070,2290,2026-04-26,Corpi di veicoli terrestri,,Toscana,1826.97,,in_contenzioso,2026-06-08,,
4071,624,2025-08-22,RC autoveicoli terrestri,congiunto,Calabria,7469.43,7243.74,liquidato,2025-09-07,2025-09-26,2025-10-03
4072,2717,2024-04-22,Altri danni ai beni,,Trentino-Alto Adige,624.21,,in_contenzioso,2024-06-13,,
4073,730,2025-05-23,Corpi di veicoli terrestri,,Molise,629.19,,respinto,,,
4074,2976,2025-03-21,Incendio ed elementi naturali,,Liguria,18112.72,17356.56,liquidato,2025-04-26,2025-05-03,2025-05-17
4075,3247,2025-07-28,Incendio ed elementi naturali,,Molise,6512.02,6301.41,liquidato,2025-08-19,2025-08-27,2025-09-01
4076,1029,2026-03-10,RC generale,,Valle d'Aosta,5755.88,5389.14,liquidato,2026-05-05,2026-05-14,2026-05-22
4077,4271,2025-07-31,Corpi di veicoli terrestri,,Basilicata,3244.48,3101.43,liquidato,2025-08-12,2025-08-18,2025-08-21
4078,3552,2024-01-28,Incendio ed elementi naturali,,Marche,2962.52,1982.6,liquidato,2024-02-07,2024-02-11,2024-02-26
4079,2245,2026-04-14,Altri danni ai beni,,Lazio,700.97,614.1,liquidato,2026-05-26,2026-05-27,2026-06-07
4080,3350,2023-10-17,Corpi di veicoli terrestri,,Sardegna,4189.82,3868.64,liquidato,2023-12-12,2023-12-30,2024-01-08
4081,3508,2023-05-29,Corpi di veicoli terrestri,,Trentino-Alto Adige,6526.92,,aperto,,,
4082,4070,2024-03-12,Incendio ed elementi naturali,,Liguria,12243.68,11655.58,liquidato,2024-04-26,2024-05-09,2024-05-20
4083,3426,2024-01-04,Altri danni ai beni,,Umbria,764.78,574.99,liquidato,2024-02-25,2024-03-13,2024-03-17
4084,158,2025-09-19,RC generale,,Basilicata,10600.78,,respinto,,,
4085,2966,2025-04-01,Altri danni ai beni,,Valle d'Aosta,1000.15,803.52,liquidato,2025-04-23,2025-05-02,2025-05-09
4086,389,2025-04-19,RC generale,,Toscana,6212.02,5787.34,liquidato,2025-05-16,2025-05-31,2025-06-04
4087,4290,2023-12-28,Corpi di veicoli terrestri,,Trentino-Alto Adige,,5271.0,liquidato,2024-01-25,2024-02-06,2024-02-11
4088,1528,2026-03-09,RC generale,,Marche,1696.1,1487.02,liquidato,2026-03-27,2026-04-15,2026-04-26
4089,719,2023-12-19,Corpi di veicoli terrestri,,Abruzzo,200,0.0,liquidato,2024-02-08,2024-02-23,2024-03-06
4090,3268,2025-06-16,Corpi di veicoli terrestri,,Lombardia,2736.85,,aperto,,,
4091,1098,2026-02-04,RC autoveicoli terrestri,congiunto,Trentino-Alto Adige,7580.0,7433.35,liquidato,2026-02-21,2026-02-22,2026-03-05
4092,3974,2023-12-15,RC generale,,Lombardia,8404.36,8075.4,liquidato,2023-12-25,2024-01-01,2024-01-11
4093,2621,2024-12-01,Altri danni ai beni,,Sicilia,2316.35,2188.21,liquidato,2025-01-01,2025-01-03,2025-01-12
4094,4003,2026-04-24,RC generale,,Emilia-Romagna,8825.42,8762.93,liquidato,2026-06-10,2026-06-29,2026-07-02
4095,1801,2026-02-15,Altri danni ai beni,,Valle d'Aosta,2398.6,2243.29,liquidato,2026-02-25,2026-03-09,2026-03-23
4096,3177,2025-11-07,Incendio ed elementi naturali,,Trentino-Alto Adige,15517.94,15273.95,liquidato,2025-12-24,2025-12-31,2026-01-05
4097,2025,2025-05-09,Altri danni ai beni,,Veneto,1535.9,1454.24,liquidato,2025-06-14,2025-06-21,2025-07-01
4098,3712,2026-07-15,Incendio ed elementi naturali,,Marche,16012.97,,respinto,,,
4099,1889,2026-05-02,Incendio ed elementi naturali,,Basilicata,15800.33,,respinto,,,
4100,4263,2025-11-05,Corpi di veicoli terrestri,,Trentino-Alto Adige,4844.52,4428.57,liquidato,2026-01-01,2026-01-10,2026-01-17
4101,3684,2024-01-08,Altri danni ai beni,,Puglia,923.82,738.76,liquidato,2024-02-02,2024-02-13,2024-02-27
4102,3102,2025-05-13,Altri danni ai beni,,Basilicata,3944.98,3834.61,liquidato,2025-06-14,2025-06-19,2025-06-30
4103,286,2026-05-10,RC autoveicoli terrestri,unilaterale,Lazio,5198.6,5195.55,liquidato,2026-06-04,2026-06-22,2026-06-29
4104,807,2024-01-28,Altri danni ai beni,,Sicilia,2351.82,2269.11,liquidato,2024-03-09,2024-03-15,2024-03-24
4105,3366,2023-11-24,RC autoveicoli terrestri,unilaterale,Veneto,11176.24,11441.39,liquidato,2023-12-19,2023-12-29,2024-01-05
4106,2474,2024-08-25,Incendio ed elementi naturali,,Abruzzo,8926.61,8534.9,liquidato,2024-09-06,2024-09-16,2024-09-27
4107,2893,2024-11-30,RC autoveicoli terrestri,unilaterale,Lazio,3162.34,3064.69,liquidato,2024-12-25,2025-01-12,2025-01-17
4108,3481,2026-03-14,Corpi di veicoli terrestri,,Piemonte,987.82,681.32,liquidato,2026-05-13,2026-05-20,2026-05-31
4109,2731,2026-08-24,RC autoveicoli terrestri,congiunto,Sardegna,4373.78,4372.04,liquidato,2026-09-15,2026-09-16,2026-09-21
4110,2322,2026-05-07,RC generale,,Umbria,3445.05,3154.54,liquidato,2026-07-04,2026-07-10,2026-07-25
4111,2222,2023-10-04,Incendio ed elementi naturali,,Emilia-Romagna,19551.73,19075.96,liquidato,2023-11-18,2023-12-03,2023-12-14
4112,632,2023-05-23,RC generale,,Trentino-Alto Adige,18458.99,18469.37,liquidato,2023-07-07,2023-07-12,2023-07-23
4113,3204,2024-03-06,RC autoveicoli terrestri,unilaterale,Campania,6474.73,6277.53,liquidato,2024-04-17,2024-04-29,2024-05-07
4114,1303,2024-01-20,RC generale,,Umbria,13041.62,12982.6,liquidato,2024-03-01,2024-03-02,2024-03-16
4115,3830,2025-07-17,RC autoveicoli terrestri,unilaterale,Valle d'Aosta,3544.12,3327.43,liquidato,2025-08-15,2025-09-03,2025-09-12
4116,1879,2026-08-20,Incendio ed elementi naturali,,Calabria,17461.72,17298.59,liquidato,2026-09-05,2026-09-11,2026-09-15
4117,2608,2024-10-31,Altri danni ai beni,,Umbria,840.87,,aperto,,,
4118,4063,2026-03-09,Corpi di veicoli terrestri,,Puglia,3808.78,3587.46,liquidato,2026-03-21,2026-04-01,2026-04-08
4119,2504,2026-03-29,RC autoveicoli terrestri,unilaterale,Marche,10008.15,9688.13,liquidato,2026-04-21,2026-04-22,2026-04-27
4120,135,2026-08-13,Altri danni ai beni,,Molise,1710.47,1575.79,liquidato,2026-10-12,2026-10-27,2026-11-04
4121,2768,2024-12-17,Incendio ed elementi naturali,,Abruzzo,18986.21,18933.63,liquidato,2025-01-18,2025-01-22,2025-02-05
4122,2456,2025-06-10,Altri danni ai beni,,Sardegna,3235.68,3194.81,liquidato,2025-07-27,2025-08-16,2025-08-25
4123,737,2024-07-06,Altri danni ai beni,,Campania,943.6,,respinto,,,
4124,521,2024-05-26,RC generale,,Toscana,12607.1,12341.89,liquidato,2024-07-03,2024-07-12,2024-07-17
4125,2216,2024-04-04,Corpi di veicoli terrestri,,Lombardia,,2525.8,liquidato,2024-05-11,2024-05-19,2024-05-30
4126,236,2026-07-22,Altri danni ai beni,,Valle d'Aosta,1232.48,1007.07,liquidato,2026-08-31,2026-09-02,2026-09-08
4127,1710,2026-03-16,Corpi di veicoli terrestri,,Lazio,2542.94,,respinto,,,
4128,1810,2024-10-27,RC generale,,Valle d'Aosta,9813.09,9096.91,liquidato,2024-12-16,2024-12-19,2024-12-30
4129,273,2025-09-28,Incendio ed elementi naturali,,Sardegna,10129.79,,aperto,,,
4130,4295,2025-01-27,Corpi di veicoli terrestri,,Emilia-Romagna,7016.31,6948.98,liquidato,2025-02-08,2025-02-09,2025-02-23
4131,1879,2026-07-08,Incendio ed elementi naturali,,Calabria,200,0.0,liquidato,2026-07-19,2026-07-22,2026-07-27
4132,4109,2024-03-04,Altri danni ai beni,,Friuli-Venezia Giulia,1637.46,1543.99,liquidato,2024-03-30,2024-04-12,2024-04-18
4133,2726,2026-01-15,RC generale,,Basilicata,6773.92,,in_contenzioso,2026-03-01,,
4134,508,2024-06-04,RC generale,,Friuli-Venezia Giulia,6894.94,,aperto,,,
4135,454,2024-08-23,Altri danni ai beni,,Sicilia,1770.78,1607.44,liquidato,2024-10-05,2024-10-08,2024-10-21
4136,297,2024-09-29,Altri danni ai beni,,Valle d'Aosta,4059.39,3971.04,liquidato,2024-10-29,2024-11-02,2024-11-08
4137,3970,2025-06-13,Incendio ed elementi naturali,,Liguria,14373.01,13462.06,liquidato,2025-07-07,2025-07-12,2025-07-18
4138,2349,2024-06-02,Altri danni ai beni,,Sicilia,761.93,,aperto,,,
4139,2233,2023-09-26,Incendio ed elementi naturali,,Molise,13331.86,,aperto,,,
4140,2598,2024-01-03,RC generale,,Lombardia,,,aperto,,,
4141,4133,2024-11-17,Corpi di veicoli terrestri,,Umbria,2340.2,2203.88,liquidato,2024-12-06,2024-12-15,2024-12-18
4142,1036,2026-05-03,Altri danni ai beni,,Trentino-Alto Adige,1981.6,1785.29,liquidato,2026-07-02,2026-07-04,2026-07-13
4143,2739,2026-06-15,RC autoveicoli terrestri,unilaterale,Calabria,7418.92,,in_contenzioso,2026-07-26,,
4144,3875,2025-09-10,Altri danni ai beni,,Campania,4012.24,3723.7,liquidato,2025-10-12,2025-10-26,2025-08-22
4145,3040,2023-09-29,Incendio ed elementi naturali,,Veneto,12754.23,,in_contenzioso,2023-11-10,,
4146,3742,2025-01-11,Incendio ed elementi naturali,,Abruzzo,11200.11,10593.89,liquidato,2025-01-28,2025-02-08,2025-02-14
4147,948,2025-11-22,RC generale,,Friuli-Venezia Giulia,3189.01,,respinto,,,
4148,784,2023-08-12,RC autoveicoli terrestri,unilaterale,Piemonte,6116.05,,in_contenzioso,2023-08-24,,
4149,1396,2024-10-03,RC autoveicoli terrestri,unilaterale,Valle d'Aosta,200,,in_contenzioso,2024-11-27,,
4150,1661,2024-05-15,RC autoveicoli terrestri,congiunto,Lombardia,3969.91,4046.5,liquidato,2024-06-11,2024-06-12,2024-06-23
4151,3620,2026-02-14,RC generale,,Basilicata,4717.71,,respinto,,,
4152,3308,2025-02-12,Corpi di veicoli terrestri,,Emilia-Romagna,2883.78,2320.79,liquidato,2025-03-02,2025-03-15,2025-03-21
4153,3112,2023-04-07,Corpi di veicoli terrestri,,Valle d'Aosta,6000.74,5533.31,liquidato,2023-05-29,2023-06-01,2023-06-10
4154,2918,2024-11-29,Altri danni ai beni,,Emilia-Romagna,1897.53,,in_contenzioso,2024-12-31,,
4155,949,2026-06-22,Incendio ed elementi naturali,,Trentino-Alto Adige,15310.18,15027.54,liquidato,2026-08-07,2026-08-15,2026-08-18
4156,4152,2025-04-08,Corpi di veicoli terrestri,,Abruzzo,6244.03,6164.43,liquidato,2025-05-16,2025-05-26,2025-05-31
4157,998,2025-10-30,Incendio ed elementi naturali,,Lombardia,13330.19,,aperto,,,
4158,3450,2026-01-15,Corpi di veicoli terrestri,,Liguria,3634.05,3215.93,liquidato,2026-03-07,2026-03-17,2026-03-25
4159,4027,2025-10-27,RC autoveicoli terrestri,unilaterale,Molise,4977.05,4700.59,liquidato,2025-11-27,2025-11-28,2025-12-03
4160,869,2026-02-26,RC generale,,Liguria,12012.16,11457.57,liquidato,2026-03-25,2026-04-01,2026-04-12
4161,1481,2026-07-12,RC autoveicoli terrestri,unilaterale,Friuli-Venezia Giulia,7052.84,6739.5,liquidato,2026-07-29,2026-08-06,2026-08-21
4162,604,2023-09-29,RC generale,,Veneto,12179.4,11714.72,liquidato,2023-10-30,2023-11-05,2023-11-16
4163,2222,2023-09-02,Incendio ed elementi naturali,,Trentino-Alto Adige,10620.53,9851.37,liquidato,2023-09-16,2023-09-23,2023-10-07
4164,174,2024-04-13,Altri danni ai beni,,Veneto,2895.17,2808.18,liquidato,2024-05-08,2024-05-27,2024-06-10
4165,308,2025-08-25,Corpi di veicoli terrestri,,Friuli-Venezia Giulia,3107.64,2848.66,liquidato,2025-09-27,2025-10-16,2025-10-28
4166,4100,2023-05-18,Altri danni ai beni,,Abruzzo,2431.46,,aperto,,,
4167,2048,2026-05-12,Incendio ed elementi naturali,,Abruzzo,2071.67,,respinto,,,
4168,888,2024-04-03,RC autoveicoli terrestri,congiunto,Veneto,6347.82,,in_contenzioso,2024-04-21,,
4169,3169,2024-09-02,RC autoveicoli terrestri,congiunto,Emilia-Romagna,3007.64,,aperto,,,
4170,3608,2023-12-12,Altri danni ai beni,,Basilicata,200,0.0,liquidato,2023-12-27,2023-12-29,2024-01-09
4171,2461,2023-09-19,RC generale,,Liguria,1829.45,1552.37,liquidato,2023-10-26,2023-11-06,2023-11-17
4172,3731,2026-02-13,Incendio ed elementi naturali,,Lombardia,10614.87,9525.33,liquidato,2026-04-01,2026-04-03,2026-04-09
4173,2827,2026-03-08,RC generale,,Lombardia,7040.02,6538.31,liquidato,2026-04-08,2026-04-28,2026-05-08
4174,3978,2025-08-05,RC autoveicoli terrestri,unilaterale,Veneto,4710.65,4467.7,liquidato,2025-08-17,2025-08-26,2025-09-10
4175,4281,2025-11-01,Corpi di veicoli terrestri,,Toscana,3054.01,2982.48,liquidato,2025-11-19,2025-11-28,2025-12-01
4176,2128,2024-04-04,RC generale,,Sardegna,3896.39,3393.1,liquidato,2024-05-18,2024-05-29,2024-06-10
4177,1248,2026-07-21,Incendio ed elementi naturali,,Sicilia,10818.92,10314.86,liquidato,2026-08-27,2026-08-31,2026-09-07
4178,641,2026-06-03,Incendio ed elementi naturali,,Basilicata,2940.24,,in_contenzioso,2026-06-13,,
4179,2673,2025-06-22,Altri danni ai beni,,Calabria,4085.87,3804.04,liquidato,2025-08-14,2025-08-20,2025-08-29
4180,2579,2025-07-23,Altri danni ai beni,,Lazio,3505.97,3317.97,liquidato,2025-08-10,2025-08-14,2025-08-27
4181,2935,2025-05-26,RC generale,,Veneto,9851.56,9613.27,liquidato,2025-06-26,2025-07-16,2025-07-20
4182,3641,2025-02-23,RC autoveicoli terrestri,unilaterale,Puglia,7358.65,,aperto,,,
4183,3640,2024-08-14,RC generale,,Trentino-Alto Adige,8268.14,,aperto,,,
4184,3034,2025-12-04,Incendio ed elementi naturali,,Calabria,8687.36,,respinto,,,
4185,2622,2025-01-02,Corpi di veicoli terrestri,,Veneto,4976.3,4513.43,liquidato,2025-01-15,2025-02-01,2025-02-10
4186,2381,2026-08-11,Corpi di veicoli terrestri,,Veneto,4803.92,4582.48,liquidato,2026-09-28,2026-10-03,2026-10-17
4187,1420,2023-09-18,Corpi di veicoli terrestri,,Trentino-Alto Adige,1228.71,721.23,liquidato,2023-10-28,2023-11-05,2023-11-08
4188,228,2025-08-11,RC generale,,Piemonte,10807.61,10515.97,liquidato,2025-09-29,2025-10-09,2025-10-16
4189,715,2024-12-21,Incendio ed elementi naturali,,Emilia-Romagna,12240.46,11900.64,liquidato,2025-01-24,2025-02-10,2025-02-20
4190,2006,2026-07-31,RC generale,,Marche,7787.63,,aperto,,,
4191,358,2024-01-14,RC generale,,Piemonte,7940.46,,aperto,,,
4192,1071,2026-08-07,Corpi di veicoli terrestri,,Trentino-Alto Adige,5681.89,,aperto,,,
4193,2681,2024-04-18,Altri danni ai beni,,Marche,,1703.05,liquidato,2024-05-05,2024-05-23,2024-06-03
4194,2502,2024-04-16,RC generale,,Sardegna,14425.43,13860.87,liquidato,2024-05-25,2024-06-09,2024-06-23
4195,3201,2026-03-20,RC generale,,Lombardia,16526.93,16149.54,liquidato,2026-05-08,2026-05-18,2026-05-23
4196,569,2024-06-28,RC autoveicoli terrestri,unilaterale,Trentino-Alto Adige,5859.85,,aperto,,,
4197,685,2025-11-05,RC autoveicoli terrestri,congiunto,Emilia-Romagna,6400.89,6180.93,liquidato,2025-12-01,2025-12-15,2025-12-29
4198,4141,2024-12-31,RC autoveicoli terrestri,unilaterale,Friuli-Venezia Giulia,7308.27,7287.71,liquidato,2025-01-31,2025-02-13,2025-02-17
4199,1548,2026-07-15,RC autoveicoli terrestri,congiunto,Umbria,6940.92,,in_contenzioso,2026-07-30,,
4200,3849,2025-05-17,RC autoveicoli terrestri,unilaterale,Calabria,6005.04,5704.99,liquidato,2025-06-06,2025-06-20,2025-07-02
4201,1725,2023-12-01,RC autoveicoli terrestri,unilaterale,Trentino-Alto Adige,13055.09,12583.56,liquidato,2023-12-27,2024-01-11,2024-01-14
4202,1987,2025-09-10,Incendio ed elementi naturali,,Sicilia,2905.79,2592.77,liquidato,2025-09-26,2025-10-02,2025-10-10
4203,1188,2025-12-06,Altri danni ai beni,,Lazio,1248.08,1127.09,liquidato,2026-01-28,2026-02-07,2026-02-11
4204,1275,2023-11-17,Altri danni ai beni,,Trentino-Alto Adige,784.82,600.32,liquidato,2024-01-12,2024-01-25,2024-02-02
4205,2239,2023-10-21,Corpi di veicoli terrestri,,Veneto,4665.75,4570.33,liquidato,2023-11-08,2023-11-10,2023-11-14
4206,1498,2026-04-12,Incendio ed elementi naturali,,Piemonte,17083.85,,in_contenzioso,2026-05-06,,
4207,3681,2023-11-30,Incendio ed elementi naturali,,Campania,13895.67,13153.64,liquidato,2024-01-27,2024-02-05,2024-02-17
4208,1512,2024-05-24,RC autoveicoli terrestri,congiunto,Calabria,8703.61,8574.15,liquidato,2024-06-09,2024-06-19,2024-06-26
4209,3525,2025-04-01,Corpi di veicoli terrestri,,Trentino-Alto Adige,3538.28,3180.68,liquidato,2025-05-31,2025-06-20,2025-06-28
4210,4228,2025-01-31,Altri danni ai beni,,Veneto,1165.22,952.23,liquidato,2025-02-13,2025-03-02,2025-03-10
4211,1561,2025-04-03,Altri danni ai beni,,Lombardia,3462.7,,in_contenzioso,2025-05-28,,
4212,3119,2023-11-14,Corpi di veicoli terrestri,,Piemonte,411.22,0.0,liquidato,2023-12-26,2024-01-13,2024-01-24
4213,4042,2025-08-18,RC generale,,Umbria,11672.48,11537.91,liquidato,2025-09-19,2025-10-09,2025-10-21
4214,61,2023-10-23,Altri danni ai beni,,Trentino-Alto Adige,1884.33,1667.62,liquidato,2023-12-08,2023-12-09,2023-12-17
4215,2749,2024-01-16,RC generale,,Molise,8763.42,8481.6,liquidato,2024-01-26,2024-01-29,2024-02-11
4216,3920,2026-08-13,Incendio ed elementi naturali,,Emilia-Romagna,10234.59,9769.95,liquidato,2026-08-25,2026-09-10,2026-09-17
4217,1994,2025-02-20,RC autoveicoli terrestri,unilaterale,Veneto,10658.72,10554.85,liquidato,2025-03-04,2025-03-06,2025-03-15
4218,3073,2026-02-02,Altri danni ai beni,,Umbria,3813.84,3702.85,liquidato,2026-02-21,2026-03-02,2026-03-15
4219,721,2026-08-20,Incendio ed elementi naturali,,Marche,14769.53,,in_contenzioso,2026-09-02,,
4220,214,2025-04-12,Corpi di veicoli terrestri,,Calabria,5293.2,4740.32,liquidato,2025-06-06,2025-06-11,2025-06-15
4221,1766,2026-01-25,RC generale,,Friuli-Venezia Giulia,6867.67,,in_contenzioso,2026-03-03,,
4222,3350,2023-07-27,Corpi di veicoli terrestri,,Sardegna,2703.57,,aperto,,,
4223,864,2024-06-15,RC generale,,Trentino-Alto Adige,7662.4,,respinto,,,
4224,1957,2025-01-11,Incendio ed elementi naturali,,Campania,14093.43,13050.79,liquidato,2025-01-23,2025-01-29,2025-02-12
4225,4240,2025-12-26,RC generale,,Liguria,9243.65,9398.58,liquidato,2026-01-24,2026-02-03,2026-02-06
4226,2418,2025-05-20,Corpi di veicoli terrestri,,Lazio,3170.31,2955.7,liquidato,2025-06-01,2025-06-12,2025-06-26
4227,3389,2025-05-09,RC generale,,Emilia-Romagna,200,0.0,liquidato,2025-06-05,2025-06-10,2025-06-17
4228,1583,2024-05-17,Corpi di veicoli terrestri,,Piemonte,1904.52,,aperto,,,
4229,3233,2024-04-02,Altri danni ai beni,,Friuli-Venezia Giulia,2011.67,,respinto,,,
4230,3814,2024-05-08,RC generale,,Veneto,13777.96,13766.21,liquidato,2024-05-24,2024-06-11,2024-06-16
4231,878,2023-07-26,Incendio ed elementi naturali,,Friuli-Venezia Giulia,12015.49,11278.73,liquidato,2023-09-10,2023-09-26,2023-10-03
4232,1130,2026-03-22,Corpi di veicoli terrestri,,Molise,5209.1,5021.26,liquidato,2026-04-20,2026-04-28,2026-05-10
4233,1602,2026-05-31,Corpi di veicoli terrestri,,Friuli-Venezia Giulia,2929.65,2626.87,liquidato,2026-07-18,2026-08-06,2026-08-15
4234,1608,2024-11-15,Altri danni ai beni,,Piemonte,971.53,,respinto,,,
4235,2119,2023-09-21,Corpi di veicoli terrestri,,Marche,3000.41,2669.84,liquidato,2023-11-20,2023-11-24,2023-12-08
4236,4074,2024-08-23,RC autoveicoli terrestri,unilaterale,Basilicata,4169.28,3824.28,liquidato,2024-09-29,2024-10-17,2024-10-23
4237,160,2025-05-05,Corpi di veicoli terrestri,,Trentino-Alto Adige,3529.2,3412.55,liquidato,2025-05-18,2025-05-28,2025-05-31
4238,1764,2026-07-14,Corpi di veicoli terrestri,,Valle d'Aosta,1287.81,1132.87,liquidato,2026-08-03,2026-08-13,2026-08-26
4239,2890,2026-07-08,RC autoveicoli terrestri,unilaterale,Puglia,11082.3,10694.98,liquidato,2026-08-16,2026-08-22,2026-09-02
4240,284,2024-02-26,Incendio ed elementi naturali,,Veneto,17408.18,16790.72,liquidato,2024-03-15,2024-03-18,2024-03-27
4241,3754,2026-05-07,RC generale,,Emilia-Romagna,5317.38,,respinto,,,
4242,1801,2025-07-23,Altri danni ai beni,,Valle d'Aosta,1291.68,1222.37,liquidato,2025-09-02,2025-09-21,2025-09-29
4243,3490,2025-12-29,Corpi di veicoli terrestri,,Lazio,2239.92,2128.2,liquidato,2026-01-16,2026-01-22,2026-01-29
4244,928,2023-08-04,Altri danni ai beni,,Veneto,2294.24,2050.34,liquidato,2023-09-07,2023-09-14,2023-09-26
4245,2034,2023-09-11,RC autoveicoli terrestri,unilaterale,Liguria,4554.58,4377.43,liquidato,2023-11-03,2023-11-13,2023-11-24
4246,445,2025-10-09,RC autoveicoli terrestri,congiunto,Liguria,4003.24,3893.3,liquidato,2025-10-23,2025-10-27,2025-11-06
4247,1970,2025-04-05,RC autoveicoli terrestri,unilaterale,Lazio,10076.62,9888.96,liquidato,2025-05-14,2025-05-26,2025-05-29
4248,575,2023-06-12,Corpi di veicoli terrestri,,Trentino-Alto Adige,3899.97,3609.91,liquidato,2023-08-08,2023-08-12,2023-08-18
4249,1425,2026-06-24,RC generale,,Basilicata,8997.09,8255.72,liquidato,2026-08-10,2026-08-22,2026-08-31
4250,562,2026-03-27,RC autoveicoli terrestri,unilaterale,Piemonte,8357.17,8122.13,liquidato,2026-04-08,2026-04-17,2026-04-24
4251,536,2026-08-12,Corpi di veicoli terrestri,,Campania,3600.57,3335.72,liquidato,2026-09-11,2026-09-27,2026-10-08
4252,4031,2023-12-23,Incendio ed elementi naturali,,Sicilia,10784.55,10361.0,liquidato,2024-01-10,2024-01-19,2024-01-25
4253,2930,2026-06-10,RC generale,,Trentino-Alto Adige,3376.07,3172.97,liquidato,2026-07-01,2026-07-08,2026-07-11
4254,3957,2026-06-17,Corpi di veicoli terrestri,,Trentino-Alto Adige,4717.6,,aperto,,,
4255,3966,2026-05-09,RC generale,,Marche,3459.99,,in_contenzioso,2026-06-29,,
4256,30,2026-08-09,Incendio ed elementi naturali,,Trentino-Alto Adige,12813.49,12632.09,liquidato,2026-09-25,2026-10-10,2026-10-18
4257,1277,2026-06-22,RC autoveicoli terrestri,congiunto,Basilicata,6238.7,,aperto,,,
4258,2385,2025-09-11,Altri danni ai beni,,Piemonte,922.2,819.03,liquidato,2025-10-16,2025-10-20,2025-11-02
4259,3646,2023-07-23,RC generale,,Veneto,16375.04,16260.65,liquidato,2023-08-11,2023-08-30,2023-09-10
4260,761,2025-08-18,RC autoveicoli terrestri,congiunto,Sardegna,8445.26,8135.54,liquidato,2025-09-08,2025-09-14,2025-09-19
4261,1451,2026-04-26,RC generale,,Valle d'Aosta,15899.7,,in_contenzioso,2026-06-20,,
4262,1761,2023-11-25,Corpi di veicoli terrestri,,Sardegna,5966.16,5821.73,liquidato,2023-12-28,2024-01-07,2024-01-15
4263,2928,2024-01-23,Incendio ed elementi naturali,,Trentino-Alto Adige,16475.7,16033.51,liquidato,2024-02-29,2024-03-02,2024-03-16
4264,2782,2024-03-08,RC autoveicoli terrestri,congiunto,Basilicata,5336.84,5275.11,liquidato,2024-03-21,2024-04-07,2024-04-19
4265,119,2024-03-07,Incendio ed elementi naturali,,Sicilia,14166.02,13455.62,liquidato,2024-05-06,2024-05-08,2024-05-12
4266,1377,2025-09-26,Corpi di veicoli terrestri,,Abruzzo,5573.73,,aperto,,,
4267,1210,2025-01-31,Altri danni ai beni,,Valle d'Aosta,2109.77,1904.18,liquidato,2025-03-05,2025-03-10,2025-03-22
4268,236,2026-07-24,Altri danni ai beni,,Valle d'Aosta,3386.46,,aperto,,,
4269,2133,2025-06-10,RC generale,,Campania,4425.36,,in_contenzioso,2025-07-04,,
4270,2149,2026-03-04,RC autoveicoli terrestri,congiunto,Puglia,,9394.43,liquidato,2026-03-19,2026-04-03,2026-04-15
4271,3976,2026-05-20,Incendio ed elementi naturali,,Toscana,15250.28,,respinto,,,
4272,2927,2025-02-16,RC autoveicoli terrestri,unilaterale,Valle d'Aosta,10756.73,10656.8,liquidato,2025-04-14,2025-04-26,2025-05-07
4273,940,2026-05-04,RC autoveicoli terrestri,congiunto,Lazio,4048.55,3914.34,liquidato,2026-05-30,2026-06-10,2026-06-16
4274,3312,2025-10-25,Altri danni ai beni,,Campania,2270.83,2120.34,liquidato,2025-11-14,2025-11-25,2025-12-04
4275,1367,2026-08-03,Corpi di veicoli terrestri,,Abruzzo,3488.45,,aperto,,,
4276,2321,2024-09-14,Incendio ed elementi naturali,,Lazio,4189.47,3622.3,liquidato,2024-11-03,2024-11-08,2024-11-18
4277,2221,2024-07-28,Incendio ed elementi naturali,,Emilia-Romagna,10919.97,,aperto,,,
4278,2146,2024-05-27,RC autoveicoli terrestri,congiunto,Molise,7220.12,6847.51,liquidato,2024-06-25,2024-07-05,2024-07-12
4279,3954,2025-04-23,Incendio ed elementi naturali,,Valle d'Aosta,4177.29,,in_contenzioso,2025-06-19,,
4280,1022,2026-04-29,RC generale,,Calabria,9684.42,9340.03,liquidato,2026-06-12,2026-06-19,2026-07-01
4281,1337,2024-01-16,RC autoveicoli terrestri,unilaterale,Molise,7990.81,7767.89,liquidato,2024-03-04,2024-03-09,2024-03-17
4282,1743,2024-07-18,Altri danni ai beni,,Marche,1079.26,,aperto,,,
4283,900,2026-07-03,RC autoveicoli terrestri,congiunto,Marche,5913.4,,aperto,,,
4284,1831,2026-08-17,Corpi di veicoli terrestri,,Marche,3051.56,2917.98,liquidato,2026-09-05,2026-09-25,2026-10-08
4285,2305,2026-06-04,RC autoveicoli terrestri,unilaterale,Campania,9788.24,,aperto,,,
4286,289,2023-08-24,RC autoveicoli terrestri,congiunto,Basilicata,6077.57,6041.21,liquidato,2023-09-19,2023-09-27,2023-10-04
4287,2984,2026-07-22,RC autoveicoli terrestri,congiunto,Piemonte,10177.32,9765.2,liquidato,2026-08-12,2026-08-27,2026-08-31
4288,4283,2025-11-16,Incendio ed elementi naturali,,Emilia-Romagna,6913.21,5764.44,liquidato,2025-12-02,2025-12-16,2025-12-21
4289,2749,2024-01-18,RC generale,,Molise,12426.43,12352.92,liquidato,2024-02-11,2024-02-15,2024-02-23
4290,2985,2023-11-22,Altri danni ai beni,,Molise,2194.93,,respinto,,,
4291,749,2026-06-30,RC autoveicoli terrestri,unilaterale,Friuli-Venezia Giulia,4842.96,4721.3,liquidato,2026-08-29,2026-08-30,2026-09-13
4292,793,2025-05-31,Corpi di veicoli terrestri,,Lazio,5677.08,,respinto,,,
4293,4060,2024-11-20,Incendio ed elementi naturali,,Campania,11366.34,11201.93,liquidato,2025-01-13,2025-02-01,2025-02-14
4294,3257,2024-10-07,Corpi di veicoli terrestri,,Molise,6302.45,,in_contenzioso,2024-10-19,,
4295,1283,2023-10-03,Corpi di veicoli terrestri,,Liguria,6210.88,5725.52,liquidato,2023-10-28,2023-11-16,2023-11-20
4296,4166,2025-06-03,Altri danni ai beni,,Valle d'Aosta,2628.89,,aperto,,,
4297,549,2025-05-07,Altri danni ai beni,,Piemonte,,3942.83,liquidato,2025-05-24,2025-06-08,2025-06-18
4298,3691,2026-08-04,Incendio ed elementi naturali,,Campania,13635.17,,in_contenzioso,2026-09-23,,
4299,1167,2023-10-24,Altri danni ai beni,,Marche,1515.01,,aperto,,,
4300,2976,2025-12-31,Incendio ed elementi naturali,,Liguria,8267.72,,respinto,,,
4301,1311,2025-10-01,Altri danni ai beni,,Toscana,2254.24,,respinto,,,
4302,3030,2026-07-19,Altri danni ai beni,,Sardegna,1544.21,1425.68,liquidato,2026-09-16,2026-09-21,2026-10-05
4303,94,2026-06-22,RC autoveicoli terrestri,congiunto,Piemonte,7645.87,7311.5,liquidato,2026-07-20,2026-08-05,2026-08-16
4304,4049,2023-11-24,RC generale,,Toscana,6132.19,,aperto,,,
4305,3268,2026-02-06,Corpi di veicoli terrestri,,Lombardia,200,,in_contenzioso,2026-04-07,,
4306,1795,2026-08-07,Corpi di veicoli terrestri,,Lombardia,3092.16,2997.43,liquidato,2026-09-09,2026-09-20,2026-09-25
4307,4001,2025-03-04,RC autoveicoli terrestri,unilaterale,Friuli-Venezia Giulia,2968.48,3014.81,liquidato,2025-03-15,2025-03-17,2025-04-01
4308,3486,2026-06-06,Altri danni ai beni,,Marche,1376.11,,aperto,,,
4309,2261,2024-12-23,RC autoveicoli terrestri,unilaterale,Sardegna,12061.19,11943.74,liquidato,2025-01-06,2025-01-18,2025-01-22
4310,2850,2023-12-30,Altri danni ai beni,,Friuli-Venezia Giulia,1893.68,1790.44,liquidato,2024-01-30,2024-02-16,2024-02-25
4311,1251,2026-05-14,Corpi di veicoli terrestri,,Abruzzo,1747.96,1418.34,liquidato,2026-06-17,2026-07-07,2026-07-10
4312,699,2026-05-22,RC autoveicoli terrestri,congiunto,Lazio,200,198.48,liquidato,2026-06-06,2026-06-21,2026-07-02
4313,302,2026-08-11,RC autoveicoli terrestri,unilaterale,Liguria,3927.38,3789.52,liquidato,2026-09-25,2026-10-15,2026-10-25
4314,2007,2023-07-27,Altri danni ai beni,,Basilicata,415.91,213.39,liquidato,2023-09-02,2023-09-13,2023-09-24
4315,638,2023-02-10,RC generale,,Valle d'Aosta,5525.2,5020.06,liquidato,2023-02-23,2023-02-27,2023-03-13
4316,3425,2024-01-07,Corpi di veicoli terrestri,,Marche,6285.93,6050.21,liquidato,2024-01-27,2024-01-30,2024-02-14
4317,651,2026-06-08,Altri danni ai beni,,Umbria,1773.81,,aperto,,,
4318,633,2023-08-12,RC generale,,Calabria,8338.79,,aperto,,,
4319,687,2025-01-08,RC generale,,Piemonte,,,aperto,,,
4320,3140,2025-03-04,Incendio ed elementi naturali,,Lombardia,200,0.0,liquidato,2025-03-27,2025-04-02,2025-04-09
4321,1170,2026-06-29,RC generale,,Friuli-Venezia Giulia,12845.61,12399.37,liquidato,2026-08-01,2026-08-11,2026-08-15
4322,1447,2023-06-22,Corpi di veicoli terrestri,,Piemonte,1770.73,1262.72,liquidato,2023-08-17,2023-08-30,2023-09-08
4323,2207,2023-07-18,RC generale,,Umbria,10189.79,10191.65,liquidato,2023-08-23,2023-09-07,2023-09-17
4324,674,2025-06-23,Incendio ed elementi naturali,,Lombardia,21247.79,20341.84,liquidato,2025-07-11,2025-07-21,2025-08-05
4325,69,2024-04-09,Incendio ed elementi naturali,,Lazio,13637.84,13713.3,liquidato,2024-05-06,2024-05-24,2024-05-29
4326,4010,2026-08-10,RC autoveicoli terrestri,congiunto,Emilia-Romagna,14223.11,,respinto,,,
4327,2592,2026-06-20,RC autoveicoli terrestri,unilaterale,Umbria,4825.42,4738.2,liquidato,2026-07-21,2026-07-24,2026-08-05
4328,3687,2023-12-05,Altri danni ai beni,,Marche,2924.16,2669.53,liquidato,2024-01-11,2024-01-31,2024-02-06
4329,4027,2025-06-22,RC autoveicoli terrestri,unilaterale,Molise,10940.72,10561.28,liquidato,2025-08-10,2025-08-23,2025-08-26
4330,3357,2025-07-22,Altri danni ai beni,,Calabria,618.19,407.56,liquidato,2025-09-10,2025-09-22,2025-09-26
4331,2408,2026-01-29,RC generale,,Lombardia,200,0.0,liquidato,2026-03-27,2026-04-06,2026-04-14
4332,4230,2023-06-21,Incendio ed elementi naturali,,Trentino-Alto Adige,15724.21,,respinto,,,
4333,1620,2026-08-09,Corpi di veicoli terrestri,,Lombardia,1663.76,1174.84,liquidato,2026-10-07,2026-10-11,2026-10-14
4334,4211,2026-08-06,RC generale,,Umbria,14110.6,13634.29,liquidato,2026-09-15,2026-09-28,2026-10-13
4335,4257,2026-08-21,Corpi di veicoli terrestri,,Umbria,6872.6,,aperto,,,
4336,780,2024-08-19,Corpi di veicoli terrestri,,Trentino-Alto Adige,5840.61,5807.22,liquidato,2024-10-10,2024-10-16,2024-10-24
4337,2217,2024-04-17,RC generale,,Marche,8510.72,,aperto,,,
4338,728,2024-04-03,RC autoveicoli terrestri,unilaterale,Marche,9186.38,9402.63,liquidato,2024-05-07,2024-05-20,2024-06-04
4339,2892,2026-07-06,RC generale,,Emilia-Romagna,10513.15,9842.93,liquidato,2026-08-22,2026-09-04,2026-09-10
4340,2733,2023-12-13,Incendio ed elementi naturali,,Trentino-Alto Adige,17204.36,17057.13,liquidato,2024-01-24,2024-02-09,2024-02-24
4341,3165,2026-01-04,RC generale,,Puglia,2242.09,1951.45,liquidato,2026-02-21,2026-02-25,2026-02-28
4342,3357,2024-11-13,Altri danni ai beni,,Toscana,3427.34,3285.1,liquidato,2024-11-27,2024-12-05,2024-12-14
4343,1181,2024-09-22,RC autoveicoli terrestri,congiunto,Valle d'Aosta,6557.27,,respinto,,,
4344,929,2024-08-31,RC autoveicoli terrestri,unilaterale,Puglia,5168.0,5155.12,liquidato,2024-10-08,2024-10-11,2024-10-14
4345,255,2026-01-28,Altri danni ai beni,,Piemonte,1289.4,1161.93,liquidato,2026-03-03,2026-03-12,2026-03-20
4346,952,2024-10-01,Incendio ed elementi naturali,,Marche,17882.29,,in_contenzioso,2024-11-27,,
4347,1092,2024-02-21,RC autoveicoli terrestri,congiunto,Piemonte,7081.54,7062.44,liquidato,2024-03-03,2024-03-15,2024-03-24
4348,2418,2024-10-18,Corpi di veicoli terrestri,,Lazio,3249.36,3149.94,liquidato,2024-12-01,2024-12-10,2024-12-20
4349,1721,2024-06-27,RC autoveicoli terrestri,congiunto,Marche,3136.86,3030.35,liquidato,2024-07-12,2024-07-22,2024-07-28
4350,2703,2026-08-16,RC generale,,Veneto,15919.28,,respinto,,,
4351,3184,2025-01-15,Altri danni ai beni,,Veneto,1740.38,1551.09,liquidato,2025-02-26,2025-03-02,2025-03-06
4352,2524,2025-01-27,Altri danni ai beni,,Sicilia,2445.62,2298.41,liquidato,2025-02-10,2025-02-22,2025-03-01
4353,4162,2026-08-22,Altri danni ai beni,,Emilia-Romagna,200,98.84,liquidato,2026-09-22,2026-09-30,2026-10-15
4354,1385,2024-03-12,Incendio ed elementi naturali,,Emilia-Romagna,18385.37,,in_contenzioso,2024-04-21,,
4355,623,2025-12-26,Altri danni ai beni,,Valle d'Aosta,2154.13,2094.72,liquidato,2026-01-28,2026-02-12,2026-02-26
4356,2121,2026-03-03,Corpi di veicoli terrestri,,Molise,5776.83,5584.89,liquidato,2026-04-13,2026-04-22,2026-05-07
4357,2758,2026-08-01,Corpi di veicoli terrestri,,Sicilia,3900.37,3530.81,liquidato,2026-09-07,2026-09-23,2026-10-07
4358,2228,2026-08-23,RC generale,,Emilia-Romagna,3958.73,3744.79,liquidato,2026-10-02,2026-10-04,2026-10-12
4359,3891,2025-03-24,Incendio ed elementi naturali,,Campania,3337.07,2344.66,liquidato,2025-04-12,2025-04-26,2025-04-30
4360,898,2025-12-02,RC autoveicoli terrestri,congiunto,Valle d'Aosta,7058.15,6985.76,liquidato,2025-12-19,2025-12-20,2025-12-26
4361,3962,2024-06-27,Corpi di veicoli terrestri,,Friuli-Venezia Giulia,2982.22,,aperto,,,
4362,1817,2026-06-04,Incendio ed elementi naturali,,Sardegna,14592.34,,aperto,,,
4363,419,2025-01-24,Corpi di veicoli terrestri,,Calabria,1161.28,,aperto,,,
4364,868,2023-12-01,Altri danni ai beni,,Sardegna,1919.42,,respinto,,,
4365,650,2025-07-17,Altri danni ai beni,,Campania,1862.95,1666.94,liquidato,2025-07-27,2025-08-12,2025-08-23
4366,3639,2024-12-10,Altri danni ai beni,,Lombardia,852.39,745.94,liquidato,2025-01-19,2025-01-31,2025-02-15
4367,1308,2024-10-04,Incendio ed elementi naturali,,Valle d'Aosta,17657.06,17317.55,liquidato,2024-11-21,2024-12-08,2024-12-20
4368,2978,2024-06-09,Corpi di veicoli terrestri,,Liguria,1873.49,1374.89,liquidato,2024-07-10,2024-07-24,2024-07-29
4369,2839,2025-08-25,RC generale,,Umbria,18940.93,,aperto,,,
4370,3122,2025-07-28,Corpi di veicoli terrestri,,Calabria,262.05,0.0,liquidato,2025-08-20,2025-08-22,2025-08-25
4371,1350,2025-09-27,Incendio ed elementi naturali,,Sardegna,2767.37,1755.41,liquidato,2025-11-14,2025-11-16,2025-11-26
4372,925,2026-07-31,Altri danni ai beni,,Basilicata,379.7,286.16,liquidato,2026-08-26,2026-08-28,2026-09-06
4373,2164,2024-08-12,Corpi di veicoli terrestri,,Emilia-Romagna,1732.11,1462.07,liquidato,2024-09-06,2024-09-16,2024-09-29
4374,4059,2023-11-22,Corpi di veicoli terrestri,,Valle d'Aosta,2340.45,1807.02,liquidato,2023-12-11,2023-12-17,2023-12-28
4375,2405,2025-09-16,Altri danni ai beni,,Lazio,3369.92,3241.82,liquidato,2025-10-20,2025-11-01,2025-11-16
4376,1486,2026-07-05,Altri danni ai beni,,Friuli-Venezia Giulia,1075.97,,aperto,,,
4377,1347,2023-10-05,RC autoveicoli terrestri,unilaterale,Lombardia,4706.77,4797.93,liquidato,2023-11-03,2023-11-09,2023-11-21
4378,3452,2024-04-24,RC autoveicoli terrestri,congiunto,Valle d'Aosta,8744.41,8603.11,liquidato,2024-05-09,2024-05-24,2024-05-27
4379,3498,2026-06-01,Incendio ed elementi naturali,,Veneto,24262.9,,aperto,,,
4380,3543,2025-02-24,RC autoveicoli terrestri,congiunto,Friuli-Venezia Giulia,13423.87,12965.73,liquidato,2025-03-22,2025-04-05,2025-04-09
4381,4266,2026-05-07,Corpi di veicoli terrestri,,Calabria,4522.81,3970.09,liquidato,2026-06-24,2026-07-08,2026-07-17
4382,2108,2026-08-17,Corpi di veicoli terrestri,,Lazio,343.43,195.26,liquidato,2026-09-20,2026-10-09,2026-10-19
4383,3043,2026-01-14,RC autoveicoli terrestri,unilaterale,Friuli-Venezia Giulia,3447.4,3149.45,liquidato,2026-03-03,2026-03-07,2026-03-15
4384,1550,2026-07-06,Corpi di veicoli terrestri,,Trentino-Alto Adige,2606.06,2285.17,liquidato,2026-08-13,2026-08-21,2026-09-01
4385,1792,2025-09-16,Incendio ed elementi naturali,,Trentino-Alto Adige,5639.22,,in_contenzioso,2025-10-03,,
4386,1652,2024-01-15,RC autoveicoli terrestri,unilaterale,Friuli-Venezia Giulia,6632.72,,aperto,,,
4387,4105,2024-08-24,Incendio ed elementi naturali,,Valle d'Aosta,16784.48,,in_contenzioso,2024-10-03,,
4388,3661,2025-03-11,RC generale,,Trentino-Alto Adige,9054.21,8303.63,liquidato,2025-03-28,2025-04-11,2025-04-21
4389,3212,2024-12-14,Incendio ed elementi naturali,,Liguria,11158.62,11143.63,liquidato,2025-01-03,2025-01-06,2025-01-17
4390,1253,2026-06-11,RC autoveicoli terrestri,unilaterale,Calabria,5787.67,,aperto,,,
4391,456,2024-06-06,Corpi di veicoli terrestri,,Basilicata,1886.68,1719.13,liquidato,2024-07-12,2024-07-19,2024-07-24
4392,196,2026-01-14,RC generale,,Piemonte,8666.53,8265.67,liquidato,2026-01-24,2026-01-26,2026-02-06
4393,2770,2026-05-13,RC autoveicoli terrestri,congiunto,Toscana,5057.29,4881.98,liquidato,2026-06-07,2026-06-21,2026-07-06
4394,4109,2023-06-01,Altri danni ai beni,,Friuli-Venezia Giulia,2810.91,2771.43,liquidato,2023-07-29,2023-08-14,2023-08-27
4395,3255,2025-12-10,Incendio ed elementi naturali,,Sicilia,11964.12,11057.1,liquidato,2025-12-25,2026-01-12,2026-01-19
4396,438,2026-08-23,Incendio ed elementi naturali,,Lazio,21943.74,21467.14,liquidato,2026-09-24,2026-10-06,2026-10-10
4397,165,2026-05-06,Corpi di veicoli terrestri,,Emilia-Romagna,3581.93,,respinto,,,
4398,4223,2025-07-29,RC autoveicoli terrestri,congiunto,Toscana,6994.39,7089.19,liquidato,2025-08-10,2025-08-22,2025-09-05
4399,2110,2026-06-16,RC autoveicoli terrestri,unilaterale,Campania,14340.09,14453.9,liquidato,2026-08-04,2026-08-09,2026-08-17
4400,1832,2026-08-03,Altri danni ai beni,,Trentino-Alto Adige,2073.56,,respinto,,,
4401,767,2025-07-12,Altri danni ai beni,,Friuli-Venezia Giulia,2440.17,2273.57,liquidato,2025-07-22,2025-08-11,2025-08-25
4402,3652,2025-02-11,Incendio ed elementi naturali,,Valle d'Aosta,7496.33,6666.57,liquidato,2025-03-18,2025-03-20,2025-03-29
4403,3479,2024-01-15,Corpi di veicoli terrestri,,Emilia-Romagna,1495.04,1343.15,liquidato,2024-02-03,2024-02-21,2024-03-02
4404,1581,2025-05-27,RC autoveicoli terrestri,unilaterale,Umbria,7719.02,7396.13,liquidato,2025-06-10,2025-06-19,2025-06-27
4405,2383,2026-08-01,RC generale,,Toscana,12443.6,12303.22,liquidato,2026-08-26,2026-09-11,2026-09-18
4406,604,2023-02-25,RC generale,,Liguria,12187.29,11809.34,liquidato,2023-03-07,2023-03-22,2023-03-25
4407,3945,2026-08-20,RC generale,,Lazio,4072.22,3772.81,liquidato,2026-09-12,2026-09-18,2026-09-26
4408,3299,2024-10-16,Incendio ed elementi naturali,,Friuli-Venezia Giulia,4198.11,3282.54,liquidato,2024-11-27,2024-12-03,2024-12-14
4409,974,2025-02-08,RC generale,,Marche,6411.84,6037.13,liquidato,2025-03-06,2025-03-08,2025-03-18
4410,1137,2024-08-24,RC autoveicoli terrestri,unilaterale,Sicilia,5062.99,5152.8,liquidato,2024-09-13,2024-09-22,2024-10-07
4411,799,2024-05-06,Incendio ed elementi naturali,,Friuli-Venezia Giulia,16861.14,16323.34,liquidato,2024-05-30,2024-06-08,2024-06-16
4412,2446,2026-02-07,Altri danni ai beni,,Umbria,849.54,766.83,liquidato,2026-04-02,2026-04-22,2026-04-26
4413,1916,2023-07-18,RC autoveicoli terrestri,unilaterale,Abruzzo,11160.74,10693.94,liquidato,2023-08-25,2023-09-03,2023-09-10
4414,2243,2026-03-09,Altri danni ai beni,,Umbria,2254.21,2053.8,liquidato,2026-03-19,2026-03-31,2026-04-08
4415,295,2024-09-15,Altri danni ai beni,,Toscana,981.64,869.23,liquidato,2024-10-14,2024-10-19,2024-10-28
4416,2992,2024-12-09,Incendio ed elementi naturali,,Liguria,18431.25,18055.91,liquidato,2025-01-30,2025-02-08,2025-02-12
4417,3565,2025-03-21,RC autoveicoli terrestri,congiunto,Piemonte,7705.77,7281.36,liquidato,2025-04-10,2025-04-13,2025-04-20
4418,37,2026-07-02,Corpi di veicoli terrestri,,Friuli-Venezia Giulia,6911.92,6652.45,liquidato,2026-08-21,2026-08-26,2026-09-07
4419,679,2025-01-05,RC autoveicoli terrestri,congiunto,Sicilia,10818.88,10634.09,liquidato,2025-01-24,2025-02-13,2025-02-27
4420,293,2024-06-18,RC generale,,Sardegna,10640.48,10194.23,liquidato,2024-07-28,2024-07-31,2024-08-14
4421,341,2026-03-22,Incendio ed elementi naturali,,Lazio,26843.29,,respinto,,,
4422,2417,2025-10-20,Incendio ed elementi naturali,,Abruzzo,200,0.0,liquidato,2025-12-06,2025-12-21,2026-01-01
4423,2834,2024-12-10,RC autoveicoli terrestri,congiunto,Emilia-Romagna,9553.48,,respinto,,,
4424,3523,2023-05-14,RC generale,,Liguria,11793.2,11059.13,liquidato,2023-05-31,2023-06-03,2023-06-15
4425,491,2024-03-23,Incendio ed elementi naturali,,Molise,12726.15,12698.57,liquidato,2024-04-18,2024-05-02,2024-05-10
4426,2491,2025-08-11,Corpi di veicoli terrestri,,Lombardia,434.28,0.0,liquidato,2025-08-29,2025-09-05,2025-09-08
4427,3154,2025-06-11,Incendio ed elementi naturali,,Basilicata,15544.4,14605.96,liquidato,2025-06-26,2025-07-08,2025-07-13
4428,841,2026-08-13,Corpi di veicoli terrestri,,Veneto,4829.36,,respinto,,,
4429,4265,2025-02-27,Incendio ed elementi naturali,,Calabria,14374.4,,in_contenzioso,2025-04-11,,
4430,1402,2026-03-12,RC generale,,Liguria,7670.63,7574.95,liquidato,2026-03-29,2026-04-10,2026-04-17
4431,1953,2025-04-08,Incendio ed elementi naturali,,Piemonte,18130.66,17445.91,liquidato,2025-05-14,2025-05-18,2025-05-28
4432,721,2025-11-10,Incendio ed elementi naturali,,Marche,18718.5,18018.71,liquidato,2025-11-24,2025-11-26,2025-12-08
4433,4116,2024-08-26,Corpi di veicoli terrestri,,Marche,200,,aperto,,,
4434,4132,2026-06-03,Corpi di veicoli terrestri,,Lazio,4140.63,3666.65,liquidato,2026-07-14,2026-07-18,2026-07-29
4435,429,2026-01-09,Altri danni ai beni,,Sardegna,1263.2,1136.86,liquidato,2026-01-22,2026-02-04,2026-02-10
4436,789,2026-08-16,RC autoveicoli terrestri,unilaterale,Abruzzo,7603.94,7510.79,liquidato,2026-09-26,2026-10-14,2026-10-21
4437,4121,2026-08-12,Incendio ed elementi naturali,,Toscana,10303.31,9503.35,liquidato,2026-08-29,2026-09-07,2026-09-22
4438,3066,2025-05-09,Corpi di veicoli terrestri,,Toscana,4792.87,4774.15,liquidato,2025-07-06,2025-07-24,2025-08-06
4439,3795,2024-05-31,Altri danni ai beni,,Molise,2030.16,,in_contenzioso,2024-06-13,,
4440,2259,2024-11-19,RC generale,,Lazio,1820.19,1576.61,liquidato,2024-12-02,2024-12-11,2024-12-21
4441,1359,2024-02-09,Altri danni ai beni,,Lazio,1954.5,1845.73,liquidato,2024-04-08,2024-04-20,2024-04-30
4442,1821,2026-05-25,RC generale,,Umbria,7504.37,7045.89,liquidato,2026-07-24,2026-07-25,2026-07-29
4443,3148,2025-11-07,Incendio ed elementi naturali,,Veneto,17826.92,,aperto,,,
4444,1334,2026-08-21,RC autoveicoli terrestri,unilaterale,Veneto,3728.04,,aperto,,,
4445,1405,2024-07-12,Altri danni ai beni,,Valle d'Aosta,1744.49,,aperto,,,
4446,1209,2025-06-20,Altri danni ai beni,,Molise,554.68,441.93,liquidato,2025-08-05,2025-08-19,2025-08-25
4447,3554,2026-06-25,Corpi di veicoli terrestri,,Toscana,3706.45,,in_contenzioso,2026-08-13,,
4448,3742,2025-04-03,Incendio ed elementi naturali,,Abruzzo,3815.37,3297.01,liquidato,2025-04-15,2025-04-16,2025-04-19
4449,743,2026-03-20,Incendio ed elementi naturali,,Molise,17016.41,16828.86,liquidato,2026-05-04,2026-05-06,2026-05-09
4450,1320,2026-01-03,Altri danni ai beni,,Valle d'Aosta,1903.85,1693.63,liquidato,2026-01-27,2026-02-16,2026-03-02
4451,101,2023-12-24,RC generale,,Sicilia,10323.39,9956.44,liquidato,2024-02-08,2024-02-22,2024-03-03
4452,3919,2026-05-21,Incendio ed elementi naturali,,Emilia-Romagna,16010.41,15390.73,liquidato,2026-07-16,2026-07-25,2026-08-09
4453,2464,2024-04-10,Altri danni ai beni,,Liguria,2615.88,2456.39,liquidato,2024-05-24,2024-06-01,2024-06-07
4454,3255,2025-07-17,Incendio ed elementi naturali,,Sicilia,20408.6,19851.26,liquidato,2025-08-25,2025-09-06,2025-09-14
4455,3857,2026-06-02,RC autoveicoli terrestri,congiunto,Toscana,4643.32,4728.93,liquidato,2026-06-18,2026-07-04,2026-07-11
4456,3095,2025-01-22,RC autoveicoli terrestri,unilaterale,Sardegna,6460.38,6388.99,liquidato,2025-02-24,2025-03-12,2025-03-17
4457,1772,2023-12-22,Incendio ed elementi naturali,,Valle d'Aosta,11925.59,,respinto,,,
4458,371,2024-08-13,Corpi di veicoli terrestri,,Liguria,3560.17,3343.09,liquidato,2024-09-13,2024-09-26,2024-09-30
4459,411,2024-01-01,RC autoveicoli terrestri,congiunto,Sicilia,13231.91,,in_contenzioso,2024-01-27,,
4460,4039,2026-02-02,Corpi di veicoli terrestri,,Valle d'Aosta,4702.13,4495.01,liquidato,2026-02-15,2026-03-07,2026-03-14
4461,724,2025-03-30,RC generale,,Lombardia,9625.35,9268.32,liquidato,2025-04-21,2025-04-28,2025-05-04
4462,2671,2023-06-09,RC generale,,Umbria,13293.62,,aperto,,,
4463,1321,2025-11-13,RC autoveicoli terrestri,unilaterale,Lombardia,7461.84,7500.61,liquidato,2025-12-09,2025-12-28,2026-01-03
4464,2702,2024-07-29,Altri danni ai beni,,Marche,3370.88,3128.69,liquidato,2024-09-13,2024-10-01,2024-10-11
4465,3794,2025-11-26,Incendio ed elementi naturali,,Toscana,11149.22,10913.6,liquidato,2026-01-18,2026-01-30,2026-02-06
4466,3473,2026-03-11,Corpi di veicoli terrestri,,Lazio,3840.42,,in_contenzioso,2026-05-06,,
4467,2017,2026-07-22,Altri danni ai beni,,Basilicata,1038.56,934.33,liquidato,2026-08-07,2026-08-18,2026-08-31
4468,2788,2024-04-05,RC generale,,Liguria,12163.75,11705.66,liquidato,2024-05-06,2024-05-07,2024-05-18
4469,4169,2023-11-14,RC autoveicoli terrestri,unilaterale,Marche,2171.77,,aperto,,,
4470,4128,2026-01-24,RC autoveicoli terrestri,congiunto,Sardegna,9042.5,8687.75,liquidato,2026-02-21,2026-03-03,2026-03-09
4471,171,2026-05-30,Incendio ed elementi naturali,,Lazio,16817.64,16977.51,liquidato,2026-07-19,2026-08-03,2026-08-09
4472,1132,2024-08-03,RC generale,,Lombardia,4952.64,,aperto,,,
4473,1725,2024-03-17,RC autoveicoli terrestri,congiunto,Trentino-Alto Adige,4754.04,,aperto,,,
4474,1461,2026-07-15,RC autoveicoli terrestri,congiunto,Sardegna,4791.33,4471.02,liquidato,2026-07-27,2026-08-10,2026-08-23
4475,1709,2023-10-25,RC generale,,Basilicata,5038.41,,respinto,,,
4476,4236,2024-05-04,Incendio ed elementi naturali,,Sardegna,9513.25,8732.42,liquidato,2024-06-08,2024-06-17,2024-07-01
4477,972,2025-01-02,Corpi di veicoli terrestri,,Trentino-Alto Adige,4828.7,4509.59,liquidato,2025-01-29,2025-02-10,2025-02-22
4478,2724,2024-09-14,RC autoveicoli terrestri,unilaterale,Trentino-Alto Adige,,6629.04,liquidato,2024-11-01,2024-11-21,2024-11-27
4479,2618,2026-08-03,RC generale,,Emilia-Romagna,12773.29,12159.5,liquidato,2026-09-15,2026-09-24,2026-09-28
4480,2609,2024-06-08,Incendio ed elementi naturali,,Friuli-Venezia Giulia,12959.97,12589.39,liquidato,2024-07-09,2024-07-21,2024-08-03
4481,3505,2026-08-13,RC autoveicoli terrestri,congiunto,Abruzzo,7256.33,6896.85,liquidato,2026-09-12,2026-09-13,2026-09-23
4482,1262,2026-08-12,Altri danni ai beni,,Piemonte,2336.34,2115.27,liquidato,2026-09-14,2026-09-19,2026-09-23
4483,1407,2024-09-05,Altri danni ai beni,,Sardegna,691.36,586.57,liquidato,2024-10-06,2024-10-18,2024-10-30
4484,2135,2024-06-03,RC generale,,Emilia-Romagna,6886.24,,respinto,,,
4485,3814,2024-09-14,RC generale,,Veneto,8409.93,8362.07,liquidato,2024-11-11,2024-11-24,2024-12-06
4486,1045,2026-08-13,Incendio ed elementi naturali,,Calabria,11330.54,10835.62,liquidato,2026-10-10,2026-10-23,2026-11-05
4487,2695,2026-02-16,Corpi di veicoli terrestri,,Toscana,2495.57,,aperto,,,
4488,1023,2024-08-03,RC autoveicoli terrestri,unilaterale,Piemonte,3994.77,,aperto,,,
4489,2628,2025-09-13,RC autoveicoli terrestri,unilaterale,Toscana,1493.61,1305.37,liquidato,2025-10-02,2025-10-09,2025-10-17
4490,4159,2026-04-01,Incendio ed elementi naturali,,Basilicata,14015.17,13872.89,liquidato,2026-05-11,2026-05-28,2026-06-04
4491,3410,2024-10-05,Incendio ed elementi naturali,,Liguria,3780.06,3339.17,liquidato,2024-11-24,2024-11-30,2024-12-13
4492,50,2024-10-16,RC autoveicoli terrestri,unilaterale,Basilicata,11437.09,11134.08,liquidato,2024-12-03,2024-12-13,2024-12-21
4493,3127,2023-12-09,Altri danni ai beni,,Valle d'Aosta,1674.38,1537.15,liquidato,2024-01-22,2024-02-03,2024-02-15
4494,2799,2023-09-24,Incendio ed elementi naturali,,Sardegna,22196.12,21355.82,liquidato,2023-10-22,2023-10-25,2023-11-06
4495,510,2026-04-06,RC generale,,Emilia-Romagna,5984.08,5459.01,liquidato,2026-05-18,2026-05-27,2026-05-31
4496,1334,2026-06-24,RC autoveicoli terrestri,congiunto,Veneto,6265.99,6093.98,liquidato,2026-07-24,2026-07-28,2026-08-04
4497,2885,2026-03-14,Incendio ed elementi naturali,,Campania,12277.55,12042.81,liquidato,2026-04-18,2026-04-30,2026-05-11
4498,3524,2024-03-12,Incendio ed elementi naturali,,Umbria,19690.47,,aperto,,,
4499,1797,2025-07-03,Altri danni ai beni,,Marche,2998.57,,respinto,,,
4500,2057,2023-11-14,RC autoveicoli terrestri,congiunto,Emilia-Romagna,2957.87,,respinto,,,
4501,4233,2024-03-05,Corpi di veicoli terrestri,,Friuli-Venezia Giulia,3476.34,3304.74,liquidato,2024-04-27,2024-05-05,2024-05-17
4502,3159,2023-10-20,RC generale,,Umbria,3620.46,3227.43,liquidato,2023-12-02,2023-12-21,2024-01-02
4503,1792,2026-06-05,Incendio ed elementi naturali,,Trentino-Alto Adige,18387.02,18459.25,liquidato,2026-06-26,2026-07-07,2026-07-20
4504,3836,2024-12-23,RC autoveicoli terrestri,congiunto,Friuli-Venezia Giulia,1665.75,,aperto,,,
4505,1961,2024-07-28,RC generale,,Marche,4734.88,4391.58,liquidato,2024-08-23,2024-08-25,2024-08-29
4506,4137,2026-06-10,RC generale,,Trentino-Alto Adige,14129.4,13910.33,liquidato,2026-06-25,2026-07-07,2026-07-18
4507,419,2025-02-06,Corpi di veicoli terrestri,,Calabria,5208.59,5018.03,liquidato,2025-04-03,2025-04-05,2025-04-17
4508,2418,2024-12-04,Corpi di veicoli terrestri,,Lazio,7174.88,7088.44,liquidato,2024-12-17,2024-12-18,2024-12-21
4509,4243,2026-03-28,Altri danni ai beni,,Lombardia,1248.41,,respinto,,,
4510,2724,2024-12-24,RC autoveicoli terrestri,congiunto,Trentino-Alto Adige,8530.5,8301.85,liquidato,2025-01-07,2025-01-24,2025-01-29
4511,3663,2024-02-25,Altri danni ai beni,,Liguria,2343.35,2104.53,liquidato,2024-04-02,2024-04-11,2024-04-18
4512,4201,2025-08-03,Incendio ed elementi naturali,,Molise,4241.95,4197.33,liquidato,2025-09-08,2025-09-23,2025-10-07
4513,3517,2025-07-29,RC generale,,Marche,9558.5,9438.59,liquidato,2025-08-15,2025-09-04,2025-09-07
4514,4047,2025-12-20,RC generale,,Sardegna,547.57,,respinto,,,
4515,2399,2024-10-30,Incendio ed elementi naturali,,Abruzzo,11237.38,10974.81,liquidato,2024-12-16,2025-01-03,2025-01-15
4516,3842,2025-11-08,RC generale,,Molise,16671.54,16184.65,liquidato,2025-12-08,2025-12-28,2025-12-31
4517,173,2024-08-05,Corpi di veicoli terrestri,,Piemonte,1827.7,,aperto,,,
4518,1791,2026-08-10,Altri danni ai beni,,Lombardia,1858.47,,aperto,,,
4519,540,2025-02-24,RC generale,,Sicilia,704.13,456.36,liquidato,2025-03-06,2025-03-21,2025-03-25
4520,1036,2026-04-03,Altri danni ai beni,,Trentino-Alto Adige,1534.84,1303.98,liquidato,2026-05-26,2026-06-03,2026-06-08
4521,123,2024-04-16,Altri danni ai beni,,Sicilia,2448.37,2293.48,liquidato,2024-05-27,2024-06-03,2024-06-18
4522,3479,2024-02-22,Corpi di veicoli terrestri,,Emilia-Romagna,1827.09,1687.64,liquidato,2024-03-21,2024-04-01,2024-04-09
4523,1500,2024-01-14,Corpi di veicoli terrestri,,Liguria,1823.47,1495.91,liquidato,2024-01-25,2024-02-10,2024-02-18
4524,2973,2024-02-16,RC autoveicoli terrestri,congiunto,Friuli-Venezia Giulia,3946.63,3919.94,liquidato,2024-03-06,2024-03-26,2024-04-03
4525,1670,2026-08-06,Incendio ed elementi naturali,,Puglia,9541.0,,respinto,,,
4526,1563,2023-04-17,Altri danni ai beni,,Calabria,2442.84,,aperto,,,
4527,3062,2024-04-04,Corpi di veicoli terrestri,,Valle d'Aosta,4807.2,4388.48,liquidato,2024-06-03,2024-06-16,2024-06-20
4528,1200,2024-01-18,Corpi di veicoli terrestri,,Basilicata,1864.51,1365.16,liquidato,2024-03-10,2024-03-19,2024-03-31
4529,931,2024-04-07,Corpi di veicoli terrestri,,Basilicata,1907.67,,respinto,,,
4530,4252,2026-05-15,Corpi di veicoli terrestri,,Valle d'Aosta,4745.76,,in_contenzioso,2026-06-17,,
4531,4214,2026-06-23,RC autoveicoli terrestri,unilaterale,Toscana,8629.93,8816.34,liquidato,2026-08-13,2026-08-19,2026-09-03
4532,2069,2025-02-06,Corpi di veicoli terrestri,,Marche,5519.33,5350.61,liquidato,2025-02-19,2025-03-01,2025-03-08
4533,2410,2023-12-24,Corpi di veicoli terrestri,,Liguria,6092.11,5691.81,liquidato,2024-02-17,2024-03-03,2024-03-16
4534,2308,2025-07-20,RC generale,,Valle d'Aosta,8085.12,,aperto,,,
4535,2699,2024-04-09,Altri danni ai beni,,Piemonte,3254.62,3126.11,liquidato,2024-04-27,2024-05-03,2024-05-18
4536,3853,2023-09-15,RC autoveicoli terrestri,unilaterale,Trentino-Alto Adige,13228.99,,aperto,,,
4537,2111,2025-04-17,Altri danni ai beni,,Sicilia,2607.24,2441.64,liquidato,2025-05-21,2025-05-28,2025-06-08
4538,724,2025-01-13,RC generale,,Lombardia,8886.99,,in_contenzioso,2025-03-11,,
4539,231,2024-05-20,RC generale,,Campania,8058.23,7496.92,liquidato,2024-07-07,2024-07-13,2024-07-21
4540,2880,2024-12-11,Altri danni ai beni,,Sardegna,792.39,591.64,liquidato,2025-01-26,2025-02-04,2025-02-09
4541,515,2023-11-20,RC autoveicoli terrestri,congiunto,Sardegna,3478.49,,aperto,,,
4542,136,2023-06-24,Altri danni ai beni,,Basilicata,2140.52,1997.94,liquidato,2023-07-12,2023-07-18,2023-07-31
4543,3021,2025-03-16,RC autoveicoli terrestri,unilaterale,Marche,10146.44,10041.69,liquidato,2025-04-23,2025-05-03,2025-05-13
4544,234,2026-01-28,RC autoveicoli terrestri,congiunto,Molise,10091.26,,in_contenzioso,2026-02-07,,
4545,564,2025-09-01,Altri danni ai beni,,Sardegna,1892.8,1832.49,liquidato,2025-10-19,2025-10-28,2025-11-11
4546,1370,2024-05-13,RC autoveicoli terrestri,congiunto,Liguria,9706.96,9720.32,liquidato,2024-06-07,2024-06-22,2024-07-07
4547,577,2026-07-15,Incendio ed elementi naturali,,Lombardia,14436.69,,aperto,,,
4548,3827,2026-04-03,RC generale,,Calabria,7963.03,7494.58,liquidato,2026-05-05,2026-05-13,2026-05-18
4549,4151,2025-09-01,Incendio ed elementi naturali,,Friuli-Venezia Giulia,20028.42,19403.39,liquidato,2025-09-14,2025-09-23,2025-10-04
4550,945,2026-04-24,RC autoveicoli terrestri,unilaterale,Lombardia,8368.91,8377.31,liquidato,2026-06-11,2026-06-17,2026-06-28
4551,3822,2025-09-09,RC autoveicoli terrestri,unilaterale,Veneto,12466.68,12615.23,liquidato,2025-10-11,2025-10-23,2025-10-27
4552,1008,2024-09-12,RC generale,,Umbria,5458.36,,aperto,,,
4553,18,2024-07-12,RC generale,,Marche,1534.95,,respinto,,,
4554,1216,2024-02-09,Corpi di veicoli terrestri,,Valle d'Aosta,3174.0,2716.74,liquidato,2024-03-27,2024-03-30,2024-04-03
4555,3290,2024-02-13,RC generale,,Friuli-Venezia Giulia,9304.5,8681.83,liquidato,2024-03-16,2024-03-28,2024-03-31
4556,2006,2026-04-12,RC generale,,Piemonte,6778.17,6367.86,liquidato,2026-05-23,2026-06-02,2026-06-13
4557,269,2025-02-01,Corpi di veicoli terrestri,,Basilicata,2870.72,2529.74,liquidato,2025-03-02,2025-03-10,2025-03-13
4558,3462,2026-06-09,RC autoveicoli terrestri,unilaterale,Abruzzo,9889.63,,respinto,,,
4559,1104,2024-09-11,Corpi di veicoli terrestri,,Lazio,6989.47,6980.3,liquidato,2024-10-13,2024-10-31,2024-11-03
4560,2148,2023-10-30,RC autoveicoli terrestri,unilaterale,Toscana,8019.09,,aperto,,,
4561,3891,2025-02-25,Incendio ed elementi naturali,,Basilicata,16080.5,,aperto,,,
4562,4136,2024-02-06,Incendio ed elementi naturali,,Sardegna,5124.75,4199.24,liquidato,2024-03-20,2024-04-03,2024-04-18
4563,3539,2025-03-09,Incendio ed elementi naturali,,Toscana,2926.15,2710.58,liquidato,2025-04-18,2025-04-24,2025-04-28
4564,1314,2026-05-17,Corpi di veicoli terrestri,,Sardegna,6546.86,,in_contenzioso,2026-07-02,,
4565,1846,2023-10-01,Altri danni ai beni,,Abruzzo,991.11,810.26,liquidato,2023-10-25,2023-11-06,2023-11-21
4566,608,2026-06-24,RC autoveicoli terrestri,congiunto,Campania,2092.42,,aperto,,,
4567,3864,2023-07-23,RC autoveicoli terrestri,unilaterale,Campania,8607.79,8263.85,liquidato,2023-09-02,2023-09-19,2023-09-22
4568,1208,2026-06-07,Altri danni ai beni,,Lazio,2347.65,2146.52,liquidato,2026-07-16,2026-08-01,2026-08-09
4569,1273,2024-06-15,Altri danni ai beni,,Friuli-Venezia Giulia,1788.59,1554.47,liquidato,2024-08-04,2024-08-17,2024-08-26
4570,2080,2024-12-06,Incendio ed elementi naturali,,Lazio,16240.57,15018.51,liquidato,2025-01-28,2025-01-31,2025-02-10
4571,4250,2023-11-06,Corpi di veicoli terrestri,,Lazio,1552.61,1403.64,liquidato,2023-12-29,2024-01-11,2024-01-18
4572,1102,2024-11-21,Incendio ed elementi naturali,,Lazio,20543.62,,aperto,,,
4573,639,2026-02-14,RC autoveicoli terrestri,congiunto,Piemonte,8141.62,7803.46,liquidato,2026-03-13,2026-03-26,2026-04-09
4574,2750,2025-02-28,Incendio ed elementi naturali,,Molise,3464.25,2406.31,liquidato,2025-04-12,2025-04-30,2025-05-11
4575,2348,2026-03-17,Incendio ed elementi naturali,,Friuli-Venezia Giulia,9804.17,9284.63,liquidato,2026-04-12,2026-05-01,2026-05-07
4576,2681,2023-11-24,Altri danni ai beni,,Marche,1233.11,1025.13,liquidato,2024-01-20,2024-02-05,2024-02-19
4577,3994,2026-02-16,Altri danni ai beni,,Trentino-Alto Adige,697.01,,in_contenzioso,2026-04-03,,
4578,171,2026-02-10,Incendio ed elementi naturali,,Emilia-Romagna,15189.06,14635.67,liquidato,2026-04-05,2026-04-19,2026-04-24
4579,683,2026-08-23,RC generale,,Calabria,13774.42,13654.63,liquidato,2026-09-17,2026-10-07,2026-10-21
4580,3520,2026-07-09,Incendio ed elementi naturali,,Lazio,13458.64,,in_contenzioso,2026-07-21,,
4581,2897,2024-12-09,Corpi di veicoli terrestri,,Emilia-Romagna,4007.24,,aperto,,,
4582,3248,2026-07-25,Altri danni ai beni,,Lazio,2533.51,2298.09,liquidato,2026-08-05,2026-08-08,2026-08-23
4583,1665,2025-05-31,Incendio ed elementi naturali,,Basilicata,9511.5,8547.0,liquidato,2025-06-16,2025-07-04,2025-07-09
4584,1164,2026-07-07,RC autoveicoli terrestri,unilaterale,Liguria,11838.67,11494.28,liquidato,2026-08-28,2026-09-10,2026-09-18
4585,2463,2024-06-12,Incendio ed elementi naturali,,Sicilia,17984.28,,aperto,,,
4586,836,2024-05-16,RC generale,,Sardegna,11071.87,,respinto,,,
4587,1434,2026-03-13,Incendio ed elementi naturali,,Umbria,12383.62,12149.16,liquidato,2026-04-04,2026-04-23,2026-04-30
4588,1363,2024-10-18,RC generale,,Molise,16674.88,16525.18,liquidato,2024-11-17,2024-11-20,2024-11-26
4589,3684,2023-10-27,Altri danni ai beni,,Puglia,1262.77,,respinto,,,
4590,2762,2024-01-14,Incendio ed elementi naturali,,Veneto,9549.03,9421.2,liquidato,2024-01-30,2024-02-03,2024-02-18
4591,2548,2025-06-01,RC autoveicoli terrestri,congiunto,Abruzzo,8044.35,7669.77,liquidato,2025-06-23,2025-06-24,2025-06-30
4592,2235,2024-06-12,Incendio ed elementi naturali,,Lombardia,19279.93,18648.57,liquidato,2024-07-11,2024-07-30,2024-08-13
4593,1688,2024-05-02,Incendio ed elementi naturali,,Marche,7637.0,,respinto,,,
4594,401,2026-08-10,Incendio ed elementi naturali,,Basilicata,7457.56,6981.82,liquidato,2026-09-19,2026-09-27,2026-10-06
4595,1823,2024-02-26,Corpi di veicoli terrestri,,Lombardia,947.47,805.0,liquidato,2024-04-12,2024-04-26,2024-05-10
4596,4124,2026-04-25,Corpi di veicoli terrestri,,Abruzzo,200,0.0,liquidato,2026-06-12,2026-06-15,2026-06-20
4597,3592,2024-04-22,Incendio ed elementi naturali,,Veneto,12522.24,11701.7,liquidato,2024-05-20,2024-06-08,2024-06-12
4598,1252,2024-04-18,Incendio ed elementi naturali,,Campania,10556.9,10369.98,liquidato,2024-05-03,2024-05-14,2024-05-21
4599,1250,2024-01-05,RC autoveicoli terrestri,unilaterale,Liguria,6495.92,,aperto,,,
4600,3491,2026-08-01,Altri danni ai beni,,Sicilia,1932.72,1700.13,liquidato,2026-09-25,2026-10-12,2026-10-18
4601,457,2024-01-22,Incendio ed elementi naturali,,Friuli-Venezia Giulia,8301.01,8212.97,liquidato,2024-02-08,2024-02-22,2024-02-26
4602,699,2026-04-20,RC autoveicoli terrestri,congiunto,Lazio,9997.41,,aperto,,,
4603,3299,2025-04-19,Incendio ed elementi naturali,,Friuli-Venezia Giulia,11704.58,10429.76,liquidato,2025-05-25,2025-05-27,2025-06-06
4604,2154,2024-04-11,RC autoveicoli terrestri,unilaterale,Abruzzo,3242.46,3247.33,liquidato,2024-06-03,2024-06-05,2024-06-14
4605,2596,2024-08-08,Altri danni ai beni,,Sicilia,2277.63,,in_contenzioso,2024-08-22,,
4606,3288,2023-01-19,Altri danni ai beni,,Veneto,831.26,,respinto,,,
4607,3994,2025-04-15,Altri danni ai beni,,Trentino-Alto Adige,994.71,904.3,liquidato,2025-05-09,2025-05-13,2025-05-26
4608,3630,2026-06-12,RC generale,,Liguria,16516.52,16308.49,liquidato,2026-08-11,2026-08-19,2026-08-26
4609,3454,2026-06-15,Corpi di veicoli terrestri,,Valle d'Aosta,7064.02,6904.04,liquidato,2026-07-16,2026-07-17,2026-07-31
4610,1264,2023-05-07,Corpi di veicoli terrestri,,Valle d'Aosta,5228.66,,respinto,,,
4611,2232,2026-05-07,RC autoveicoli terrestri,unilaterale,Lombardia,9422.02,,respinto,,,
4612,2545,2026-08-08,RC autoveicoli terrestri,congiunto,Piemonte,5343.81,5193.12,liquidato,2026-08-30,2026-09-05,2026-09-16
4613,1296,2023-11-17,RC generale,,Friuli-Venezia Giulia,10870.6,10454.63,liquidato,2023-12-10,2023-12-13,2023-12-26
4614,1535,2024-06-29,Incendio ed elementi naturali,,Umbria,200,0.0,liquidato,2024-08-06,2024-08-25,2024-09-04
4615,3909,2026-07-25,Altri danni ai beni,,Emilia-Romagna,948.05,762.77,liquidato,2026-08-14,2026-08-19,2026-08-22
4616,3936,2026-04-16,Altri danni ai beni,,Piemonte,1032.85,942.37,liquidato,2026-05-13,2026-05-25,2026-06-02
4617,3900,2026-07-19,RC generale,,Basilicata,6221.9,5974.04,liquidato,2026-07-29,2026-08-01,2026-08-14
4618,1872,2023-07-25,Incendio ed elementi naturali,,Toscana,14315.91,13058.49,liquidato,2023-09-02,2023-09-17,2023-10-02
4619,4233,2024-08-24,Corpi di veicoli terrestri,,Friuli-Venezia Giulia,4146.38,3898.27,liquidato,2024-10-11,2024-10-16,2024-10-29
4620,4051,2023-10-16,Incendio ed elementi naturali,,Veneto,6328.83,5969.18,liquidato,2023-11-22,2023-12-10,2023-12-23
4621,1791,2026-06-06,Altri danni ai beni,,Calabria,2656.36,,aperto,,,
4622,92,2026-02-13,Altri danni ai beni,,Emilia-Romagna,1554.3,1447.53,liquidato,2026-03-05,2026-03-23,2026-04-06
4623,4266,2025-12-01,Corpi di veicoli terrestri,,Calabria,2159.2,1665.03,liquidato,2026-01-28,2026-02-11,2026-02-24
4624,3827,2026-03-06,RC generale,,Calabria,6888.57,6206.7,liquidato,2026-04-29,2026-05-03,2026-05-11
4625,2492,2023-06-24,Incendio ed elementi naturali,,Puglia,17519.61,,in_contenzioso,2023-08-05,,
4626,1465,2024-07-15,RC generale,,Toscana,17950.27,17819.22,liquidato,2024-07-28,2024-08-09,2024-08-19
4627,2336,2024-06-16,RC generale,,Trentino-Alto Adige,17342.31,16931.13,liquidato,2024-08-14,2024-08-16,2024-08-26
4628,2461,2024-04-21,RC generale,,Liguria,5101.31,4780.15,liquidato,2024-06-15,2024-06-27,2024-07-07
4629,800,2024-12-28,RC autoveicoli terrestri,congiunto,Veneto,6508.81,,aperto,,,
4630,387,2025-06-24,RC autoveicoli terrestri,congiunto,Sicilia,3978.67,,aperto,,,
4631,3460,2026-06-08,RC autoveicoli terrestri,unilaterale,Umbria,6505.6,6208.31,liquidato,2026-06-19,2026-07-09,2026-07-22
4632,1996,2025-02-18,Corpi di veicoli terrestri,,Marche,3078.21,2581.6,liquidato,2025-03-23,2025-04-01,2025-04-14
4633,3699,2024-06-06,RC autoveicoli terrestri,congiunto,Lombardia,6008.06,,aperto,,,
4634,3744,2025-01-05,RC autoveicoli terrestri,congiunto,Puglia,1086.81,1070.52,liquidato,2025-01-19,2025-01-30,2025-02-10
4635,482,2026-07-23,Corpi di veicoli terrestri,,Abruzzo,5876.56,5567.43,liquidato,2026-08-02,2026-08-12,2026-08-19
4636,916,2024-03-03,Incendio ed elementi naturali,,Marche,21897.39,19468.99,liquidato,2024-03-22,2024-03-31,2024-04-03
4637,356,2025-01-12,Altri danni ai beni,,Basilicata,1947.75,1757.93,liquidato,2025-03-13,2025-03-14,2025-03-21
4638,673,2026-08-01,Incendio ed elementi naturali,,Emilia-Romagna,17347.75,,aperto,,,
4639,3725,2026-01-30,Corpi di veicoli terrestri,,Lazio,2282.22,2011.06,liquidato,2026-03-05,2026-03-21,2026-03-24
4640,870,2025-03-11,Corpi di veicoli terrestri,,Molise,3089.31,2605.1,liquidato,2025-04-18,2025-04-21,2025-04-28
4641,4273,2025-12-26,RC autoveicoli terrestri,congiunto,Friuli-Venezia Giulia,5980.0,5748.78,liquidato,2026-01-06,2026-01-07,2026-01-11
4642,99,2023-12-16,Incendio ed elementi naturali,,Trentino-Alto Adige,18260.35,18358.55,liquidato,2024-02-07,2024-02-21,2024-02-29
4643,1837,2026-08-20,Incendio ed elementi naturali,,Lombardia,17193.92,15777.68,liquidato,2026-09-19,2026-09-26,2026-10-08
4644,785,2024-01-22,RC generale,,Abruzzo,3308.84,2726.71,liquidato,2024-03-12,2024-03-20,2024-03-25
4645,1096,2025-04-28,Corpi di veicoli terrestri,,Campania,883.42,753.28,liquidato,2025-06-27,2025-07-16,2025-07-31
4646,2150,2024-07-18,RC autoveicoli terrestri,congiunto,Lazio,679.88,,aperto,,,
4647,1193,2024-12-29,Altri danni ai beni,,Sardegna,2500.73,2391.8,liquidato,2025-02-06,2025-02-13,2025-02-21
4648,3411,2026-07-07,Incendio ed elementi naturali,,Emilia-Romagna,12115.96,,aperto,,,
4649,3115,2025-06-03,Incendio ed elementi naturali,,Umbria,6401.37,6071.17,liquidato,2025-07-13,2025-07-28,2025-08-12
4650,633,2023-11-02,RC generale,,Friuli-Venezia Giulia,11472.14,,aperto,,,
4651,872,2025-09-17,RC generale,,Sicilia,8545.56,8042.4,liquidato,2025-11-09,2025-11-20,2025-11-29
4652,3530,2023-12-31,RC generale,,Marche,9062.67,,aperto,,,
4653,3283,2025-07-27,Incendio ed elementi naturali,,Campania,16057.14,16040.17,liquidato,2025-08-17,2025-08-21,2025-09-02
4654,3281,2025-08-09,Incendio ed elementi naturali,,Basilicata,4373.06,,aperto,,,
4655,504,2026-06-27,RC autoveicoli terrestri,unilaterale,Marche,8764.9,8545.97,liquidato,2026-08-13,2026-08-26,2026-09-04
4656,204,2026-05-29,Corpi di veicoli terrestri,,Sicilia,2787.59,2309.44,liquidato,2026-06-28,2026-07-17,2026-07-31
4657,4221,2026-03-24,Altri danni ai beni,,Trentino-Alto Adige,2199.08,1980.07,liquidato,2026-05-05,2026-05-08,2026-05-15
4658,30,2026-05-30,Incendio ed elementi naturali,,Trentino-Alto Adige,14465.68,14494.21,liquidato,2026-07-09,2026-07-23,2026-08-02
4659,236,2026-06-18,Altri danni ai beni,,Valle d'Aosta,2244.03,2004.53,liquidato,2026-08-14,2026-08-28,2026-09-04
4660,3998,2023-09-10,Incendio ed elementi naturali,,Basilicata,8093.93,6910.21,liquidato,2023-10-15,2023-10-21,2023-11-04
4661,2840,2024-11-25,Incendio ed elementi naturali,,Friuli-Venezia Giulia,16212.61,16281.37,liquidato,2024-12-19,2024-12-28,2025-01-12
4662,3064,2026-03-31,RC autoveicoli terrestri,congiunto,Puglia,11845.62,11662.99,liquidato,2026-04-16,2026-04-20,2026-05-01
4663,3396,2026-05-18,RC autoveicoli terrestri,unilaterale,Marche,3745.24,3664.8,liquidato,2026-06-10,2026-06-11,2026-06-25
4664,484,2026-05-27,Incendio ed elementi naturali,,Veneto,11232.05,10791.35,liquidato,2026-07-22,2026-07-31,2026-08-09
4665,1484,2023-03-09,RC generale,,Abruzzo,498.7,0.0,liquidato,2023-05-07,2023-05-14,2023-05-17
4666,911,2025-09-19,Corpi di veicoli terrestri,,Umbria,2586.27,2069.43,liquidato,2025-11-16,2025-11-25,2025-12-07
4667,3272,2025-06-16,RC generale,,Marche,13761.93,13167.83,liquidato,2025-08-11,2025-08-24,2025-08-28
4668,123,2024-12-29,Altri danni ai beni,,Trentino-Alto Adige,1675.9,,respinto,,,
4669,510,2026-06-06,RC generale,,Veneto,10899.01,10367.82,liquidato,2026-08-05,2026-08-23,2026-09-04
4670,3419,2023-03-19,RC autoveicoli terrestri,unilaterale,Valle d'Aosta,7161.64,,aperto,,,
4671,1410,2025-05-20,RC generale,,Piemonte,8766.88,8334.38,liquidato,2025-07-06,2025-07-18,2025-08-01
4672,996,2024-03-14,RC generale,,Veneto,7587.44,,in_contenzioso,2024-05-07,,
4673,1175,2025-03-13,Corpi di veicoli terrestri,,Molise,3478.52,2955.46,liquidato,2025-04-08,2025-04-22,2025-05-07
4674,3393,2026-04-02,Altri danni ai beni,,Umbria,2340.41,2079.34,liquidato,2026-04-21,2026-05-11,2026-05-20
4675,518,2026-07-08,Altri danni ai beni,,Piemonte,964.75,,aperto,,,
4676,2068,2025-04-30,Incendio ed elementi naturali,,Marche,17178.49,16919.89,liquidato,2025-05-12,2025-05-13,2025-05-25
4677,3197,2025-12-21,RC autoveicoli terrestri,congiunto,Piemonte,6997.12,6807.73,liquidato,2026-01-09,2026-01-10,2026-01-15
4678,2755,2024-04-18,Altri danni ai beni,,Calabria,1143.41,,respinto,,,
4679,1730,2026-05-17,Corpi di veicoli terrestri,,Lazio,5924.35,5562.57,liquidato,2026-05-28,2026-06-10,2026-06-15
4680,2684,2026-02-10,Corpi di veicoli terrestri,,Lazio,2540.98,2451.65,liquidato,2026-03-30,2026-04-18,2026-04-26
4681,3687,2023-05-03,Altri danni ai beni,,Marche,1449.35,1219.72,liquidato,2023-05-27,2023-06-08,2023-06-20
4682,2797,2024-12-27,RC autoveicoli terrestri,congiunto,Molise,5829.36,5545.0,liquidato,2025-01-14,2025-01-17,2025-01-23
4683,1092,2024-01-09,RC autoveicoli terrestri,unilaterale,Piemonte,200,51.46,liquidato,2024-01-23,2024-01-27,2024-02-10
4684,1317,2026-07-12,Corpi di veicoli terrestri,,Piemonte,3938.12,3373.79,liquidato,2026-09-04,2026-09-05,2026-09-14
4685,1345,2024-06-22,RC generale,,Friuli-Venezia Giulia,6004.13,,aperto,,,
4686,593,2026-06-05,Incendio ed elementi naturali,,Campania,13941.51,13842.49,liquidato,2026-07-10,2026-07-27,2026-08-05
4687,4087,2024-08-14,Corpi di veicoli terrestri,,Molise,765.81,,respinto,,,
4688,807,2024-04-14,Altri danni ai beni,,Sicilia,1990.82,1868.71,liquidato,2024-05-02,2024-05-11,2024-05-22
4689,2678,2023-07-16,RC autoveicoli terrestri,congiunto,Veneto,8988.4,9220.75,liquidato,2023-08-03,2023-08-23,2023-08-27
4690,604,2023-06-03,RC generale,,Veneto,3809.02,,respinto,,,
4691,3604,2023-10-29,RC autoveicoli terrestri,unilaterale,Piemonte,8653.36,8621.56,liquidato,2023-11-09,2023-11-13,2023-11-28
4692,1784,2025-07-07,Corpi di veicoli terrestri,,Piemonte,2767.16,,aperto,,,
4693,1571,2024-11-12,Altri danni ai beni,,Emilia-Romagna,1471.28,1350.52,liquidato,2024-12-15,2024-12-30,2025-01-14
4694,2525,2026-05-21,Altri danni ai beni,,Liguria,,1885.95,liquidato,2026-06-16,2026-06-30,2026-07-12
4695,2246,2023-10-15,RC autoveicoli terrestri,unilaterale,Lombardia,5801.2,5507.3,liquidato,2023-11-23,2023-12-10,2023-12-22
4696,1023,2023-11-27,RC autoveicoli terrestri,unilaterale,Piemonte,5780.53,5664.34,liquidato,2023-12-28,2024-01-06,2024-01-17
4697,382,2024-04-28,Altri danni ai beni,,Abruzzo,2217.83,2063.82,liquidato,2024-05-29,2024-06-15,2024-06-24
4698,1225,2025-08-31,Incendio ed elementi naturali,,Marche,13837.42,13422.54,liquidato,2025-10-02,2025-10-17,2025-10-30
4699,2198,2024-12-28,Incendio ed elementi naturali,,Veneto,20779.11,19887.96,liquidato,2025-01-27,2025-02-05,2025-02-10
4700,3215,2025-03-18,Altri danni ai beni,,Molise,1425.84,,in_contenzioso,2025-05-04,,
4701,3625,2024-09-26,Corpi di veicoli terrestri,,Friuli-Venezia Giulia,1391.38,,aperto,,,
4702,3626,2023-11-10,RC generale,,Campania,9380.59,,aperto,,,
4703,1612,2026-08-14,Incendio ed elementi naturali,,Lombardia,29327.67,,respinto,,,
4704,931,2023-09-30,Corpi di veicoli terrestri,,Basilicata,4057.34,3579.54,liquidato,2023-10-27,2023-11-07,2023-11-18
4705,2108,2026-07-29,Corpi di veicoli terrestri,,Lazio,2910.57,,respinto,,,
4706,3968,2025-02-05,Corpi di veicoli terrestri,,Umbria,5452.95,,aperto,,,
4707,2012,2025-01-27,RC generale,,Puglia,8565.29,,aperto,,,
4708,2504,2026-05-31,RC autoveicoli terrestri,congiunto,Marche,9817.61,9641.57,liquidato,2026-06-26,2026-07-04,2026-07-11
4709,1179,2025-10-04,Corpi di veicoli terrestri,,Liguria,1086.17,,aperto,,,
4710,2472,2026-02-20,RC generale,,Marche,3853.22,3540.85,liquidato,2026-03-31,2026-04-12,2026-04-24
4711,4057,2026-08-05,Altri danni ai beni,,Campania,1453.41,,in_contenzioso,2026-09-26,,
4712,389,2025-02-08,RC generale,,Toscana,11841.49,,respinto,,,
4713,2123,2024-01-03,Corpi di veicoli terrestri,,Trentino-Alto Adige,1143.92,642.74,liquidato,2024-01-25,2024-02-09,2024-02-23
4714,1638,2025-10-28,Altri danni ai beni,,Trentino-Alto Adige,200,,aperto,,,
4715,1466,2025-04-25,Incendio ed elementi naturali,,Trentino-Alto Adige,20128.8,19709.45,liquidato,2025-05-26,2025-06-05,2025-06-10
4716,3142,2026-03-04,RC autoveicoli terrestri,congiunto,Valle d'Aosta,6415.23,6264.11,liquidato,2026-03-29,2026-03-30,2026-04-10
4717,859,2023-10-28,RC autoveicoli terrestri,congiunto,Molise,3629.23,3407.02,liquidato,2023-11-14,2023-12-02,2023-12-17
4718,584,2024-09-13,Corpi di veicoli terrestri,,Lombardia,4197.49,3947.56,liquidato,2024-10-26,2024-11-01,2024-11-08
4719,3611,2023-04-29,RC autoveicoli terrestri,congiunto,Trentino-Alto Adige,9524.22,9269.97,liquidato,2023-05-10,2023-05-11,2023-05-21
4720,1976,2024-07-24,RC autoveicoli terrestri,congiunto,Liguria,2044.07,1882.79,liquidato,2024-08-18,2024-08-20,2024-09-03
4721,1371,2025-08-09,Corpi di veicoli terrestri,,Sicilia,4066.61,3575.96,liquidato,2025-09-17,2025-10-04,2025-10-12
4722,2091,2024-02-22,Incendio ed elementi naturali,,Emilia-Romagna,22843.75,,in_contenzioso,2024-03-12,,
4723,3753,2025-02-01,RC generale,,Sardegna,15734.37,15413.13,liquidato,2025-02-17,2025-02-19,2025-03-02
4724,3045,2024-06-20,Corpi di veicoli terrestri,,Emilia-Romagna,6436.3,5986.91,liquidato,2024-07-08,2024-07-19,2024-07-23
4725,3827,2026-07-18,RC generale,,Calabria,8965.28,,aperto,,,
4726,988,2024-12-12,Altri danni ai beni,,Sicilia,2491.74,2347.77,liquidato,2025-02-01,2025-02-17,2025-02-23
4727,819,2025-10-12,Corpi di veicoli terrestri,,Veneto,825.02,516.21,liquidato,2025-11-24,2025-12-07,2025-12-22
4728,2193,2023-12-28,Altri danni ai beni,,Lombardia,3689.63,3690.93,liquidato,2024-02-11,2024-02-25,2024-03-02
4729,4240,2025-11-07,Altri danni ai beni,,Liguria,417.29,,aperto,,,
4730,1705,2025-07-03,Altri danni ai beni,,Lazio,2128.54,1896.57,liquidato,2025-08-21,2025-09-08,2025-09-18
4731,3492,2025-08-22,RC autoveicoli terrestri,congiunto,Abruzzo,7540.79,7372.23,liquidato,2025-09-06,2025-09-14,2025-09-20
4732,1336,2026-03-12,Altri danni ai beni,,Lombardia,,,aperto,,,
4733,4139,2026-08-16,Corpi di veicoli terrestri,,Valle d'Aosta,4889.81,4503.64,liquidato,2026-10-05,2026-10-20,2026-10-30
4734,4105,2024-01-29,Incendio ed elementi naturali,,Valle d'Aosta,13931.84,13537.83,liquidato,2024-03-04,2024-03-12,2024-03-20
4735,2599,2026-02-08,RC generale,,Marche,3333.3,2774.92,liquidato,2026-03-10,2026-03-23,2026-04-07
4736,3361,2026-04-20,RC autoveicoli terrestri,congiunto,Abruzzo,5358.83,5509.38,liquidato,2026-04-30,2026-05-19,2026-04-05
4737,2535,2023-08-17,Altri danni ai beni,,Sardegna,772.23,576.13,liquidato,2023-09-10,2023-09-19,2023-10-01
4738,2188,2024-09-12,Altri danni ai beni,,Trentino-Alto Adige,700.11,588.91,liquidato,2024-10-25,2024-11-09,2024-11-16
4739,2194,2026-06-28,Incendio ed elementi naturali,,Friuli-Venezia Giulia,19197.27,,aperto,,,
4740,3264,2025-07-12,RC generale,,Friuli-Venezia Giulia,12288.82,11924.42,liquidato,2025-08-28,2025-09-15,2025-09-19
4741,2129,2024-11-29,RC autoveicoli terrestri,congiunto,Basilicata,5356.92,5191.43,liquidato,2024-12-19,2025-01-08,2025-01-16
4742,374,2024-11-11,Incendio ed elementi naturali,,Umbria,11830.69,11328.12,liquidato,2025-01-01,2025-01-04,2025-01-13
4743,2016,2024-08-08,RC autoveicoli terrestri,congiunto,Basilicata,4451.63,4044.64,liquidato,2024-08-28,2024-09-16,2024-09-29
4744,3531,2026-08-16,Altri danni ai beni,,Valle d'Aosta,2190.46,,aperto,,,
4745,3223,2024-11-25,Incendio ed elementi naturali,,Toscana,,,aperto,,,
4746,858,2024-07-20,RC autoveicoli terrestri,congiunto,Liguria,6555.08,6147.49,liquidato,2024-08-19,2024-08-25,2024-09-05
4747,1660,2026-08-11,Altri danni ai beni,,Puglia,1863.34,1634.52,liquidato,2026-10-05,2026-10-09,2026-10-13
4748,4165,2025-01-31,RC generale,,Emilia-Romagna,,,in_contenzioso,2025-03-07,,
4749,2893,2025-06-26,RC autoveicoli terrestri,unilaterale,Molise,7487.15,,respinto,,,
4750,647,2026-07-22,Altri danni ai beni,,Lazio,2344.36,2221.76,liquidato,2026-09-16,2026-09-21,2026-10-02
4751,3609,2026-08-07,RC autoveicoli terrestri,unilaterale,Valle d'Aosta,6353.73,,aperto,,,
4752,2554,2023-12-04,RC autoveicoli terrestri,unilaterale,Sardegna,1844.62,1825.94,liquidato,2023-12-26,2024-01-07,2024-01-22
4753,3715,2023-08-21,Incendio ed elementi naturali,,Emilia-Romagna,18589.88,18023.56,liquidato,2023-09-15,2023-09-22,2023-09-27
4754,3896,2025-06-03,Corpi di veicoli terrestri,,Veneto,3853.56,,in_contenzioso,2025-06-28,,
4755,2020,2024-11-16,RC generale,,Sicilia,6132.99,,respinto,,,
4756,3685,2024-07-24,RC autoveicoli terrestri,unilaterale,Umbria,4898.59,,aperto,,,
4757,1860,2024-05-25,Incendio ed elementi naturali,,Marche,21134.25,20871.04,liquidato,2024-06-19,2024-06-25,2024-07-03
4758,4092,2024-03-30,Altri danni ai beni,,Toscana,2912.3,2652.1,liquidato,2024-05-24,2024-06-08,2024-06-16
4759,410,2025-10-09,Incendio ed elementi naturali,,Lazio,9246.8,,in_contenzioso,2025-11-07,,
4760,3353,2026-02-18,RC generale,,Liguria,13912.01,13224.76,liquidato,2026-03-17,2026-03-27,2026-04-07
4761,2166,2026-07-28,Incendio ed elementi naturali,,Friuli-Venezia Giulia,4252.23,3822.51,liquidato,2026-08-08,2026-08-24,2026-09-04
4762,4164,2025-12-27,RC autoveicoli terrestri,unilaterale,Sicilia,4674.89,4718.4,liquidato,2026-02-17,2026-03-06,2026-03-10
4763,1537,2025-09-12,Incendio ed elementi naturali,,Emilia-Romagna,200,0.0,liquidato,2025-10-25,2025-11-10,2025-11-21
4764,4065,2026-06-14,Corpi di veicoli terrestri,,Sardegna,2460.23,,aperto,,,
4765,3908,2024-12-18,Incendio ed elementi naturali,,Abruzzo,8122.06,7823.62,liquidato,2025-02-07,2025-02-14,2025-02-26
4766,4184,2023-05-26,Corpi di veicoli terrestri,,Toscana,200,,aperto,,,
4767,857,2025-09-30,RC generale,,Abruzzo,12423.79,12194.45,liquidato,2025-11-25,2025-12-08,2025-12-18
4768,1652,2024-04-11,RC autoveicoli terrestri,congiunto,Friuli-Venezia Giulia,4366.22,,aperto,,,
4769,3792,2026-07-21,Altri danni ai beni,,Veneto,656.03,443.29,liquidato,2026-08-30,2026-09-17,2026-09-20
4770,1701,2024-08-26,Altri danni ai beni,,Lazio,1884.21,1712.83,liquidato,2024-09-06,2024-09-17,2024-10-01
4771,3097,2026-06-17,Altri danni ai beni,,Campania,1907.03,1673.22,liquidato,2026-07-06,2026-07-10,2026-07-21
4772,158,2025-06-24,RC generale,,Basilicata,9178.63,8860.3,liquidato,2025-07-09,2025-07-17,2025-08-01
4773,403,2023-11-21,Altri danni ai beni,,Valle d'Aosta,927.17,832.45,liquidato,2023-12-11,2023-12-18,2023-12-22
4774,1345,2024-04-29,RC generale,,Friuli-Venezia Giulia,3630.97,3468.54,liquidato,2024-05-23,2024-05-30,2024-06-09
4775,2633,2026-08-20,Altri danni ai beni,,Sardegna,457.67,,in_contenzioso,2026-09-14,,
4776,3264,2024-11-18,RC generale,,Friuli-Venezia Giulia,8674.39,8309.41,liquidato,2025-01-02,2025-01-13,2025-01-28
4777,2091,2024-01-18,Incendio ed elementi naturali,,Emilia-Romagna,8880.93,7906.64,liquidato,2024-02-10,2024-02-12,2024-02-27
4778,3023,2025-01-11,Corpi di veicoli terrestri,,Veneto,2779.23,2496.33,liquidato,2025-02-13,2025-02-22,2025-03-09
4779,1018,2024-04-21,RC autoveicoli terrestri,unilaterale,Liguria,5567.43,5263.54,liquidato,2024-06-02,2024-06-12,2024-06-27
4780,809,2025-11-29,RC generale,,Friuli-Venezia Giulia,10874.56,10123.52,liquidato,2025-12-11,2025-12-14,2025-12-25
4781,2084,2025-04-27,Incendio ed elementi naturali,,Toscana,23038.97,22291.04,liquidato,2025-06-09,2025-06-11,2025-06-21
4782,2951,2026-01-06,Incendio ed elementi naturali,,Campania,6208.88,5623.07,liquidato,2026-02-15,2026-02-22,2026-03-06
4783,4116,2024-11-27,Corpi di veicoli terrestri,,Valle d'Aosta,3083.35,2827.3,liquidato,2024-12-22,2024-12-28,2025-01-02
4784,1625,2024-08-20,Altri danni ai beni,,Marche,1525.88,1453.11,liquidato,2024-10-03,2024-10-11,2024-10-21
4785,3975,2025-07-20,Corpi di veicoli terrestri,,Toscana,4138.1,4078.36,liquidato,2025-09-17,2025-10-01,2025-10-16
4786,854,2024-04-18,Incendio ed elementi naturali,,Puglia,13574.13,13536.42,liquidato,2024-06-05,2024-06-12,2024-06-18
4787,1865,2025-05-17,Corpi di veicoli terrestri,,Valle d'Aosta,2380.83,2178.72,liquidato,2025-06-20,2025-06-26,2025-07-03
4788,1203,2026-08-04,Incendio ed elementi naturali,,Friuli-Venezia Giulia,5803.27,,in_contenzioso,2026-09-04,,
4789,2414,2025-10-02,Incendio ed elementi naturali,,Liguria,21263.21,21240.78,liquidato,2025-10-27,2025-10-29,2025-11-09
4790,2496,2025-08-05,Corpi di veicoli terrestri,,Liguria,584.49,84.89,liquidato,2025-09-10,2025-09-28,2025-10-11
4791,1006,2025-10-06,Corpi di veicoli terrestri,,Puglia,2157.8,1663.8,liquidato,2025-11-11,2025-11-16,2025-11-27
4792,667,2025-03-04,Incendio ed elementi naturali,,Umbria,11500.77,11418.1,liquidato,2025-04-26,2025-04-29,2025-05-07
4793,4082,2023-12-23,Altri danni ai beni,,Sicilia,1968.97,1788.36,liquidato,2024-02-10,2024-03-01,2024-03-06
4794,3923,2025-06-05,Corpi di veicoli terrestri,,Lazio,2288.21,,aperto,,,
4795,104,2026-02-12,Altri danni ai beni,,Valle d'Aosta,811.88,606.04,liquidato,2026-03-17,2026-04-06,2026-04-20
4796,939,2026-07-08,Altri danni ai beni,,Liguria,2117.85,,aperto,,,
4797,785,2024-11-14,RC generale,,Sardegna,11041.16,10418.8,liquidato,2024-12-18,2024-12-28,2025-01-06
4798,2158,2023-10-01,RC autoveicoli terrestri,unilaterale,Emilia-Romagna,7379.32,,aperto,,,
4799,3325,2026-05-06,Corpi di veicoli terrestri,,Sicilia,2819.26,2646.17,liquidato,2026-07-05,2026-07-20,2026-07-28
4800,3717,2025-07-25,Corpi di veicoli terrestri,,Valle d'Aosta,544.19,387.09,liquidato,2025-08-30,2025-09-02,2025-09-08
4801,1816,2024-09-01,Corpi di veicoli terrestri,,Lazio,4953.53,4422.13,liquidato,2024-10-11,2024-10-24,2024-11-01
4802,2560,2025-01-10,Incendio ed elementi naturali,,Abruzzo,19111.81,18657.37,liquidato,2025-02-15,2025-02-16,2025-03-02
4803,3687,2023-12-21,Altri danni ai beni,,Marche,2296.98,2090.76,liquidato,2024-01-02,2024-01-15,2024-01-30
4804,2508,2026-04-30,Incendio ed elementi naturali,,Campania,19919.16,18881.12,liquidato,2026-06-04,2026-06-24,2026-07-03
4805,4002,2026-04-21,RC autoveicoli terrestri,congiunto,Basilicata,5515.24,5269.54,liquidato,2026-05-20,2026-06-06,2026-06-09
4806,3982,2025-04-05,Corpi di veicoli terrestri,,Trentino-Alto Adige,6593.24,6573.38,liquidato,2025-04-20,2025-05-05,2025-05-08
4807,3218,2026-04-24,Incendio ed elementi naturali,,Emilia-Romagna,13000.27,,aperto,,,
4808,948,2025-03-31,RC generale,,Friuli-Venezia Giulia,11838.94,,respinto,,,
4809,2452,2023-09-24,Altri danni ai beni,,Marche,3171.82,3016.6,liquidato,2023-11-06,2023-11-20,2023-12-01
4810,3136,2024-11-12,Incendio ed elementi naturali,,Toscana,12635.74,12744.05,liquidato,2024-11-22,2024-12-09,2024-12-18
4811,2996,2023-10-11,Altri danni ai beni,,Lombardia,1728.55,1569.39,liquidato,2023-10-23,2023-10-25,2023-11-05
4812,641,2026-07-13,Incendio ed elementi naturali,,Basilicata,7805.13,7445.92,liquidato,2026-08-23,2026-09-09,2026-09-21
4813,975,2026-04-03,Corpi di veicoli terrestri,,Piemonte,2305.73,,respinto,,,
4814,3416,2026-01-07,RC autoveicoli terrestri,congiunto,Molise,3375.13,3437.41,liquidato,2026-01-27,2026-02-08,2026-02-17
4815,3506,2025-01-16,Incendio ed elementi naturali,,Friuli-Venezia Giulia,13799.66,13383.31,liquidato,2025-01-29,2025-02-11,2025-02-23
4816,2057,2023-06-02,RC autoveicoli terrestri,unilaterale,Emilia-Romagna,4327.73,,aperto,,,
4817,2670,2026-05-02,Corpi di veicoli terrestri,,Valle d'Aosta,948.92,454.05,liquidato,2026-05-18,2026-05-29,2026-06-11
4818,3491,2026-08-18,Altri danni ai beni,,Abruzzo,1108.43,902.24,liquidato,2026-10-07,2026-10-09,2026-10-14
4819,1020,2024-07-06,RC autoveicoli terrestri,congiunto,Friuli-Venezia Giulia,7070.31,,aperto,,,
4820,2399,2023-11-13,Incendio ed elementi naturali,,Puglia,15777.49,15052.6,liquidato,2024-01-06,2024-01-20,2024-02-04
4821,2089,2023-09-17,Incendio ed elementi naturali,,Toscana,17573.93,16912.47,liquidato,2023-10-26,2023-11-03,2023-11-06
4822,384,2024-10-08,RC autoveicoli terrestri,congiunto,Abruzzo,4116.8,3760.65,liquidato,2024-10-21,2024-10-30,2024-11-12
4823,700,2025-10-20,RC generale,,Puglia,6210.09,,aperto,,,
4824,4073,2025-12-06,Incendio ed elementi naturali,,Lombardia,15768.82,15764.11,liquidato,2026-01-31,2026-02-17,2026-02-20
4825,1336,2025-08-21,Altri danni ai beni,,Lombardia,1832.85,,respinto,,,
4826,1027,2024-06-23,Altri danni ai beni,,Calabria,1628.78,1531.26,liquidato,2024-07-26,2024-08-02,2024-08-11
4827,3642,2026-04-13,Altri danni ai beni,,Sardegna,1677.35,,aperto,,,
4828,2288,2025-04-06,RC autoveicoli terrestri,congiunto,Veneto,10417.05,,in_contenzioso,2025-04-24,,
4829,472,2025-01-30,Incendio ed elementi naturali,,Trentino-Alto Adige,20149.85,,aperto,,,
4830,978,2023-11-03,Corpi di veicoli terrestri,,Lombardia,1507.41,,respinto,,,
4831,3047,2024-05-07,Incendio ed elementi naturali,,Toscana,16078.17,15252.58,liquidato,2024-07-05,2024-07-18,2024-08-01
4832,1780,2024-09-24,Altri danni ai beni,,Lombardia,4038.91,,aperto,,,
4833,3403,2023-11-27,Corpi di veicoli terrestri,,Lombardia,2505.73,,respinto,,,
4834,469,2023-11-04,Corpi di veicoli terrestri,,Trentino-Alto Adige,3367.83,3200.23,liquidato,2023-12-08,2023-12-28,2024-01-04
4835,3215,2025-06-26,Altri danni ai beni,,Molise,2146.17,1942.18,liquidato,2025-07-25,2025-08-05,2025-08-17
4836,2227,2026-02-23,Altri danni ai beni,,Sardegna,1568.5,,aperto,,,
4837,1862,2025-10-30,Incendio ed elementi naturali,,Sicilia,19060.91,18982.15,liquidato,2025-11-12,2025-11-14,2025-11-29
4838,1136,2025-01-23,RC autoveicoli terrestri,congiunto,Calabria,6419.23,6167.18,liquidato,2025-02-04,2025-02-15,2025-02-28
4839,2270,2024-10-23,Corpi di veicoli terrestri,,Calabria,4484.66,4326.94,liquidato,2024-11-05,2024-11-12,2024-11-18
4840,2071,2024-03-13,RC autoveicoli terrestri,unilaterale,Liguria,9768.97,9622.22,liquidato,2024-04-24,2024-04-30,2024-05-09
4841,1449,2026-02-24,Altri danni ai beni,,Molise,2015.22,,aperto,,,
4842,1297,2025-04-12,RC generale,,Abruzzo,14848.86,15172.46,liquidato,2025-06-09,2025-06-22,2025-07-05
4843,1887,2026-08-18,RC autoveicoli terrestri,unilaterale,Emilia-Romagna,9850.14,9947.63,liquidato,2026-09-05,2026-09-08,2026-09-22
4844,3540,2024-02-28,RC generale,,Basilicata,3743.75,3185.02,liquidato,2024-03-09,2024-03-22,2024-04-01
4845,785,2024-11-28,RC generale,,Abruzzo,200,0.0,liquidato,2025-01-18,2025-02-07,2025-02-10
4846,3144,2025-03-31,Incendio ed elementi naturali,,Toscana,16443.6,16125.29,liquidato,2025-05-02,2025-05-14,2025-05-19
4847,1457,2025-08-14,Corpi di veicoli terrestri,,Molise,2819.27,2513.86,liquidato,2025-08-25,2025-09-09,2025-09-19
4848,3190,2024-05-17,Altri danni ai beni,,Piemonte,3777.23,3596.97,liquidato,2024-06-02,2024-06-15,2024-06-25
4849,754,2024-01-14,Altri danni ai beni,,Campania,1932.91,1687.38,liquidato,2024-02-05,2024-02-24,2024-03-08
4850,191,2024-01-09,RC generale,,Veneto,5521.91,5027.03,liquidato,2024-01-31,2024-02-06,2024-02-17
4851,1518,2025-09-26,Incendio ed elementi naturali,,Toscana,12970.28,,aperto,,,
4852,1390,2026-07-31,RC autoveicoli terrestri,congiunto,Umbria,6626.54,,aperto,,,
4853,2639,2024-03-24,RC generale,,Marche,748.1,,aperto,,,
4854,319,2024-11-28,RC generale,,Veneto,5794.48,5204.15,liquidato,2025-01-08,2025-01-27,2025-02-07
4855,255,2025-09-25,Altri danni ai beni,,Molise,424.3,321.57,liquidato,2025-11-18,2025-11-22,2025-11-27
4856,3023,2025-08-27,Corpi di veicoli terrestri,,Veneto,3007.94,,in_contenzioso,2025-10-14,,
4857,3132,2026-04-09,RC generale,,Piemonte,3332.01,2864.01,liquidato,2026-05-29,2026-06-06,2026-06-20
4858,3741,2024-02-05,RC generale,,Puglia,1450.59,,aperto,,,
4859,768,2026-08-24,Incendio ed elementi naturali,,Molise,1065.47,,in_contenzioso,2026-10-23,,
4860,4097,2025-07-10,Altri danni ai beni,,Marche,2455.25,2373.39,liquidato,2025-08-02,2025-08-05,2025-08-12
4861,1958,2025-03-15,RC autoveicoli terrestri,unilaterale,Sicilia,200,,respinto,,,
4862,670,2026-04-11,RC autoveicoli terrestri,unilaterale,Lazio,9332.31,9322.4,liquidato,2026-06-06,2026-06-26,2026-07-01
4863,2593,2025-03-17,Corpi di veicoli terrestri,,Veneto,5404.58,,aperto,,,
4864,3108,2023-04-26,RC generale,,Friuli-Venezia Giulia,200,,respinto,,,
4865,1932,2026-08-19,RC autoveicoli terrestri,congiunto,Veneto,6609.89,,in_contenzioso,2026-09-17,,
4866,2842,2025-11-18,RC generale,,Sardegna,5316.21,4726.37,liquidato,2025-12-19,2025-12-26,2026-01-05
4867,2578,2024-01-01,Altri danni ai beni,,Sardegna,2633.77,2392.43,liquidato,2024-02-19,2024-03-01,2024-03-14
4868,3384,2026-08-11,RC autoveicoli terrestri,congiunto,Basilicata,10800.31,,in_contenzioso,2026-08-23,,
4869,383,2023-12-01,Incendio ed elementi naturali,,Lombardia,6223.39,6039.58,liquidato,2023-12-15,2023-12-29,2024-01-09
4870,4028,2024-11-13,Incendio ed elementi naturali,,Puglia,17387.6,16755.66,liquidato,2024-11-30,2024-12-03,2024-12-15
4871,1989,2025-03-10,RC generale,,Campania,,10937.92,liquidato,2025-05-02,2025-05-18,2025-05-24
4872,842,2023-03-22,RC generale,,Sicilia,3073.36,2575.46,liquidato,2023-04-03,2023-04-06,2023-04-16
4873,3636,2023-07-18,RC autoveicoli terrestri,congiunto,Abruzzo,200,204.14,liquidato,2023-08-14,2023-08-25,2023-08-31
4874,3548,2026-01-23,RC generale,,Emilia-Romagna,9913.36,,respinto,,,
4875,1171,2024-07-06,Incendio ed elementi naturali,,Liguria,4633.27,4443.94,liquidato,2024-07-24,2024-08-09,2024-08-21
4876,4026,2024-11-29,Incendio ed elementi naturali,,Veneto,6301.3,5851.54,liquidato,2025-01-28,2025-02-15,2025-02-22
4877,3853,2023-05-17,RC autoveicoli terrestri,unilaterale,Puglia,6735.49,,in_contenzioso,2023-07-13,,
4878,2278,2026-07-30,Incendio ed elementi naturali,,Liguria,24006.93,23091.63,liquidato,2026-09-12,2026-09-27,2026-10-02
4879,1151,2024-10-25,Incendio ed elementi naturali,,Basilicata,13075.52,12871.62,liquidato,2024-12-01,2024-12-15,2024-12-29
4880,1515,2025-11-16,Corpi di veicoli terrestri,,Molise,1384.21,1061.62,liquidato,2025-12-26,2026-01-04,2026-01-18
4881,775,2024-11-24,Incendio ed elementi naturali,,Lazio,14755.71,14458.14,liquidato,2024-12-19,2025-01-08,2025-01-11
4882,3384,2026-08-20,RC autoveicoli terrestri,unilaterale,Puglia,7577.09,7443.42,liquidato,2026-09-19,2026-10-06,2026-10-19
4883,461,2025-04-22,RC generale,,Marche,6774.6,,aperto,,,
4884,1238,2026-04-24,RC generale,,Emilia-Romagna,11998.67,11768.08,liquidato,2026-06-15,2026-06-30,2026-07-06
4885,2908,2025-09-13,Altri danni ai beni,,Campania,2775.84,2705.09,liquidato,2025-10-30,2025-11-03,2025-11-11
4886,1623,2024-03-08,RC autoveicoli terrestri,congiunto,Friuli-Venezia Giulia,7662.27,,aperto,,,
4887,3277,2023-09-22,Corpi di veicoli terrestri,,Marche,3497.85,2928.34,liquidato,2023-11-18,2023-12-08,2023-12-13
4888,3069,2026-08-24,Altri danni ai beni,,Piemonte,1585.91,1575.45,liquidato,2026-10-23,2026-10-24,2026-11-05
4889,3542,2026-08-11,Corpi di veicoli terrestri,,Trentino-Alto Adige,3894.58,3497.86,liquidato,2026-09-23,2026-10-05,2026-10-08
4890,2519,2025-07-02,Incendio ed elementi naturali,,Lazio,8276.16,,in_contenzioso,2025-07-20,,
4891,3168,2025-11-14,Corpi di veicoli terrestri,,Lombardia,3511.95,3171.71,liquidato,2025-12-21,2026-01-04,2026-01-16
4892,1461,2026-08-03,RC autoveicoli terrestri,congiunto,Sardegna,4211.2,3863.67,liquidato,2026-08-20,2026-09-08,2026-09-14
4893,1088,2024-12-10,Corpi di veicoli terrestri,,Trentino-Alto Adige,2555.19,,in_contenzioso,2024-12-22,,
4894,3713,2023-08-14,RC generale,,Campania,4258.17,3768.38,liquidato,2023-09-07,2023-09-27,2023-10-12
4895,969,2025-12-06,RC generale,,Sardegna,9536.11,9213.94,liquidato,2026-02-03,2026-02-06,2026-02-18
4896,1671,2023-06-16,RC generale,,Valle d'Aosta,7252.19,6587.18,liquidato,2023-07-03,2023-07-15,2023-07-26
4897,1127,2025-07-13,RC autoveicoli terrestri,congiunto,Liguria,6093.15,5924.62,liquidato,2025-08-12,2025-08-27,2025-09-10
4898,3016,2026-04-26,RC autoveicoli terrestri,unilaterale,Abruzzo,6638.31,,aperto,,,
4899,3081,2024-01-19,Incendio ed elementi naturali,,Abruzzo,20831.12,21108.21,liquidato,2024-02-24,2024-03-09,2024-03-13
4900,272,2025-12-09,Corpi di veicoli terrestri,,Abruzzo,4871.73,4482.02,liquidato,2026-01-05,2026-01-25,2026-02-02
4901,1191,2024-10-15,Altri danni ai beni,,Valle d'Aosta,2436.48,2281.34,liquidato,2024-11-06,2024-11-15,2024-11-28
4902,232,2025-11-16,Corpi di veicoli terrestri,,Valle d'Aosta,4454.43,,aperto,,,
4903,3974,2023-10-27,RC generale,,Lombardia,12307.37,11812.82,liquidato,2023-12-22,2024-01-10,2024-01-15
4904,35,2023-09-19,RC generale,,Piemonte,14325.94,13673.55,liquidato,2023-10-27,2023-11-07,2023-11-20
4905,789,2026-08-16,RC autoveicoli terrestri,congiunto,Abruzzo,6047.02,5648.69,liquidato,2026-08-31,2026-09-10,2026-09-23
4906,957,2025-10-04,RC autoveicoli terrestri,unilaterale,Piemonte,10505.02,10601.01,liquidato,2025-11-30,2025-12-14,2025-12-17
4907,390,2026-02-23,RC generale,,Lombardia,200,0.0,liquidato,2026-03-08,2026-03-16,2026-03-31
4908,1195,2026-03-08,Corpi di veicoli terrestri,,Toscana,,,aperto,,,
4909,3275,2024-08-27,Corpi di veicoli terrestri,,Sardegna,5943.27,5632.77,liquidato,2024-10-10,2024-10-11,2024-10-24
4910,1313,2023-09-11,Altri danni ai beni,,Lazio,1994.8,,respinto,,,
4911,2777,2026-07-23,Incendio ed elementi naturali,,Lazio,7398.59,7318.71,liquidato,2026-09-01,2026-09-13,2026-09-17
4912,1853,2024-04-11,RC autoveicoli terrestri,congiunto,Abruzzo,4693.22,4525.29,liquidato,2024-04-30,2024-05-05,2024-05-19
4913,2778,2024-05-30,Incendio ed elementi naturali,,Piemonte,7966.92,7574.4,liquidato,2024-06-29,2024-07-18,2024-08-02
4914,68,2024-09-28,RC generale,,Lombardia,10035.08,9816.84,liquidato,2024-11-04,2024-11-15,2024-11-18
4915,1933,2024-10-20,Corpi di veicoli terrestri,,Basilicata,5192.55,4685.33,liquidato,2024-11-03,2024-11-08,2024-11-21
4916,120,2024-05-04,Altri danni ai beni,,Liguria,2123.44,1875.63,liquidato,2024-05-28,2024-05-31,2024-06-03
4917,3785,2026-08-07,Altri danni ai beni,,Basilicata,414.66,,in_contenzioso,2026-09-27,,
4918,2428,2025-07-07,Incendio ed elementi naturali,,Marche,15977.73,,respinto,,,
4919,1176,2025-09-14,Incendio ed elementi naturali,,Umbria,16464.84,16097.61,liquidato,2025-10-21,2025-11-03,2025-11-16
4920,883,2024-03-31,Corpi di veicoli terrestri,,Liguria,6328.4,6062.05,liquidato,2024-04-17,2024-04-19,2024-04-28
4921,1418,2023-08-31,RC generale,,Piemonte,6830.3,6648.91,liquidato,2023-09-15,2023-09-20,2023-09-28
4922,337,2023-11-06,RC autoveicoli terrestri,unilaterale,Veneto,6228.68,6295.61,liquidato,2023-11-18,2023-11-22,2023-11-29
4923,2051,2024-12-25,RC generale,,Emilia-Romagna,6866.59,6199.51,liquidato,2025-01-18,2025-02-05,2025-02-20
4924,3819,2024-03-03,Incendio ed elementi naturali,,Veneto,21479.16,21038.51,liquidato,2024-04-10,2024-04-25,2024-05-03
4925,4092,2024-01-30,Altri danni ai beni,,Toscana,1649.73,,in_contenzioso,2024-03-02,,
4926,2907,2023-08-22,Incendio ed elementi naturali,,Puglia,15276.03,15210.89,liquidato,2023-09-20,2023-10-07,2023-10-13
4927,2084,2025-06-03,RC autoveicoli terrestri,congiunto,Molise,8438.32,8286.18,liquidato,2025-06-25,2025-07-14,2025-07-28
4928,1818,2025-06-16,Corpi di veicoli terrestri,,Basilicata,4464.87,4042.44,liquidato,2025-06-27,2025-07-04,2025-07-10
4929,3708,2025-11-20,Incendio ed elementi naturali,,Valle d'Aosta,10756.54,,in_contenzioso,2025-11-30,,
4930,4300,2026-07-07,Altri danni ai beni,,Toscana,1944.7,1713.45,liquidato,2026-08-04,2026-08-07,2026-08-16
4931,3060,2024-02-03,Corpi di veicoli terrestri,,Toscana,4326.02,3971.73,liquidato,2024-04-03,2024-04-21,2024-04-25
4932,3087,2023-07-05,Corpi di veicoli terrestri,,Sicilia,1796.6,,in_contenzioso,2023-07-25,,
4933,2906,2025-12-23,Altri danni ai beni,,Valle d'Aosta,2320.67,2237.23,liquidato,2026-02-12,2026-02-19,2026-02-22
4934,3516,2024-11-16,RC generale,,Sardegna,14460.32,13936.95,liquidato,2024-12-05,2024-12-06,2024-12-13
4935,3130,2023-10-04,RC generale,,Sardegna,13074.83,12660.2,liquidato,2023-11-01,2023-11-03,2023-11-07
4936,3117,2024-11-13,RC autoveicoli terrestri,congiunto,Lombardia,8690.64,8693.39,liquidato,2024-11-26,2024-11-27,2024-11-30
4937,192,2024-04-06,Altri danni ai beni,,Valle d'Aosta,2014.76,1904.19,liquidato,2024-06-01,2024-06-07,2024-06-10
4938,1899,2025-11-07,Incendio ed elementi naturali,,Trentino-Alto Adige,18298.4,18053.81,liquidato,2026-01-01,2026-01-13,2026-01-16
4939,2252,2024-10-19,RC autoveicoli terrestri,congiunto,Sicilia,10025.98,9938.02,liquidato,2024-10-30,2024-11-03,2024-11-08
4940,1673,2025-11-03,Incendio ed elementi naturali,,Friuli-Venezia Giulia,10406.2,9888.76,liquidato,2025-12-21,2025-12-31,2026-01-09
4941,974,2024-08-04,RC generale,,Marche,10547.23,10306.58,liquidato,2024-09-19,2024-09-23,2024-10-07
4942,580,2024-11-03,RC generale,,Friuli-Venezia Giulia,9783.78,,aperto,,,
4943,643,2024-05-16,Corpi di veicoli terrestri,,Calabria,3241.86,,aperto,,,
4944,3324,2024-05-14,RC autoveicoli terrestri,congiunto,Veneto,1360.05,1325.08,liquidato,2024-06-05,2024-06-13,2024-06-20
4945,561,2025-08-05,Altri danni ai beni,,Basilicata,2135.42,2069.72,liquidato,2025-09-18,2025-10-02,2025-10-17
4946,2416,2025-05-18,Incendio ed elementi naturali,,Basilicata,18196.51,,respinto,,,
4947,3922,2025-12-19,Corpi di veicoli terrestri,,Friuli-Venezia Giulia,4303.41,4148.08,liquidato,2026-01-05,2026-01-25,2026-02-03
4948,674,2026-02-24,Incendio ed elementi naturali,,Lombardia,16863.23,,aperto,,,
4949,4104,2025-02-07,Altri danni ai beni,,Molise,2319.69,2108.1,liquidato,2025-02-27,2025-03-17,2025-03-20
4950,3116,2025-05-26,RC generale,,Molise,14754.88,14470.97,liquidato,2025-07-18,2025-08-02,2025-08-08
4951,2442,2023-12-30,Incendio ed elementi naturali,,Molise,14186.08,,aperto,,,
4952,2450,2025-09-18,RC generale,,Lazio,945.63,435.8,liquidato,2025-10-23,2025-11-11,2025-11-17
4953,2754,2025-06-03,Altri danni ai beni,,Liguria,1386.17,1165.37,liquidato,2025-06-25,2025-07-08,2025-07-13
4954,3295,2024-01-24,RC autoveicoli terrestri,congiunto,Molise,10320.78,9780.18,liquidato,2024-02-10,2024-02-17,2024-02-20
4955,16,2023-05-26,Altri danni ai beni,,Molise,1735.49,1506.87,liquidato,2023-07-14,2023-07-15,2023-07-22
4956,1607,2026-04-09,Incendio ed elementi naturali,,Sardegna,7385.99,,respinto,,,
4957,307,2026-02-01,Incendio ed elementi naturali,,Abruzzo,17767.79,,in_contenzioso,2026-03-30,,
4958,3122,2026-04-08,Corpi di veicoli terrestri,,Calabria,8659.68,8579.84,liquidato,2026-06-06,2026-06-15,2026-06-29
4959,679,2024-12-14,RC autoveicoli terrestri,congiunto,Sardegna,7557.42,7411.41,liquidato,2024-12-29,2025-01-15,2024-12-02
4960,349,2024-07-16,Altri danni ai beni,,Sardegna,3603.41,,respinto,,,
4961,3203,2024-12-23,Corpi di veicoli terrestri,,Abruzzo,5078.6,4576.83,liquidato,2025-02-08,2025-02-11,2025-02-26
4962,3738,2024-04-09,Altri danni ai beni,,Basilicata,2072.43,,in_contenzioso,2024-06-05,,
4963,1918,2026-08-10,Incendio ed elementi naturali,,Veneto,15714.07,15908.38,liquidato,2026-09-18,2026-10-04,2026-10-12
4964,270,2024-09-11,RC autoveicoli terrestri,unilaterale,Piemonte,3827.18,3846.51,liquidato,2024-09-21,2024-10-01,2024-10-08
4965,2150,2024-01-29,RC autoveicoli terrestri,congiunto,Lazio,11665.13,11201.68,liquidato,2024-02-13,2024-03-01,2024-03-16
4966,2557,2024-02-22,Altri danni ai beni,,Marche,3095.98,2850.32,liquidato,2024-04-17,2024-05-05,2024-05-15
4967,3545,2023-05-21,RC autoveicoli terrestri,unilaterale,Trentino-Alto Adige,5465.24,5246.77,liquidato,2023-06-24,2023-06-29,2023-07-04
4968,890,2025-03-24,RC autoveicoli terrestri,unilaterale,Veneto,5892.4,,respinto,,,
4969,2339,2025-09-24,Corpi di veicoli terrestri,,Veneto,6314.63,5893.92,liquidato,2025-10-06,2025-10-12,2025-10-21
4970,4065,2026-06-28,Corpi di veicoli terrestri,,Sardegna,2483.68,2312.2,liquidato,2026-08-17,2026-08-27,2026-09-02
4971,2165,2026-04-09,Incendio ed elementi naturali,,Sardegna,10352.12,9585.08,liquidato,2026-05-18,2026-06-04,2026-06-07
4972,4048,2025-07-11,Altri danni ai beni,,Liguria,1148.62,654.82,liquidato,2025-08-04,2025-08-08,2025-08-16
4973,3722,2025-10-25,RC generale,,Toscana,6905.53,,aperto,,,
4974,4245,2024-05-09,RC autoveicoli terrestri,unilaterale,Trentino-Alto Adige,1730.4,1624.86,liquidato,2024-07-04,2024-07-17,2024-07-20
4975,815,2025-09-22,Altri danni ai beni,,Puglia,2603.24,,aperto,,,
4976,4286,2024-12-15,Incendio ed elementi naturali,,Abruzzo,11937.04,11031.85,liquidato,2025-01-11,2025-01-18,2025-01-24
4977,783,2026-08-15,Incendio ed elementi naturali,,Umbria,10710.8,10334.09,liquidato,2026-09-06,2026-09-15,2026-09-19
4978,4139,2026-07-25,Corpi di veicoli terrestri,,Valle d'Aosta,404.94,,aperto,,,
4979,2292,2025-01-13,Incendio ed elementi naturali,,Puglia,11974.85,11311.1,liquidato,2025-03-01,2025-03-18,2025-03-24
4980,1229,2024-09-23,Corpi di veicoli terrestri,,Umbria,6604.02,6113.62,liquidato,2024-10-13,2024-10-23,2024-11-05
4981,2312,2025-09-30,Altri danni ai beni,,Lazio,2079.4,2028.16,liquidato,2025-10-17,2025-10-26,2025-10-30
4982,327,2026-07-24,RC autoveicoli terrestri,congiunto,Campania,5070.51,4780.52,liquidato,2026-08-20,2026-09-01,2026-09-13
4983,2468,2026-03-08,Incendio ed elementi naturali,,Sardegna,13726.92,12440.25,liquidato,2026-04-08,2026-04-15,2026-04-26
4984,3577,2025-06-23,Incendio ed elementi naturali,,Umbria,15540.02,14505.49,liquidato,2025-07-07,2025-07-27,2025-08-03
4985,3286,2026-08-18,Corpi di veicoli terrestri,,Molise,6472.02,5871.65,liquidato,2026-10-14,2026-10-31,2026-11-08
4986,2922,2024-10-05,Incendio ed elementi naturali,,Liguria,19592.03,19388.1,liquidato,2024-10-15,2024-10-25,2024-11-08
4987,1058,2025-02-16,Incendio ed elementi naturali,,Trentino-Alto Adige,7341.22,6453.03,liquidato,2025-04-10,2025-04-21,2025-01-26
4988,1573,2024-09-20,RC autoveicoli terrestri,congiunto,Abruzzo,5585.06,,in_contenzioso,2024-10-19,,
4989,2786,2026-04-08,Corpi di veicoli terrestri,,Piemonte,1827.99,,in_contenzioso,2026-04-25,,
4990,3322,2023-08-27,Incendio ed elementi naturali,,Friuli-Venezia Giulia,13490.98,,aperto,,,
4991,3162,2026-07-24,Incendio ed elementi naturali,,Marche,,9855.04,liquidato,2026-08-28,2026-09-11,2026-09-17
4992,625,2023-09-23,Corpi di veicoli terrestri,,Liguria,1506.95,1340.94,liquidato,2023-11-16,2023-11-25,2023-11-30
4993,3136,2025-03-24,Incendio ed elementi naturali,,Toscana,27223.36,26256.36,liquidato,2025-04-22,2025-05-10,2025-05-24
4994,1570,2026-07-05,Incendio ed elementi naturali,,Umbria,15928.01,15088.51,liquidato,2026-09-01,2026-09-03,2026-09-14
4995,2765,2024-03-25,Corpi di veicoli terrestri,,Sardegna,4156.93,,in_contenzioso,2024-04-11,,
4996,1698,2026-08-07,RC autoveicoli terrestri,congiunto,Liguria,4711.15,,in_contenzioso,2026-09-01,,
4997,3934,2025-10-31,Altri danni ai beni,,Piemonte,1548.96,1386.26,liquidato,2025-12-02,2025-12-07,2025-12-19
4998,985,2026-01-07,Corpi di veicoli terrestri,,Friuli-Venezia Giulia,4742.05,,aperto,,,
4999,4038,2026-08-05,Incendio ed elementi naturali,,Toscana,19491.93,,aperto,,,
5000,2174,2025-10-29,RC generale,,Puglia,15933.71,15497.02,liquidato,2025-12-24,2025-12-26,2025-12-29
